"Rank","Player Id","Player GSIS","Player College GSIS","Player Sportradar Id","Name","Team","#","POS","Snaps","ATH PER","MAX SPD","AVG MAX","SPD PER","20+ MPH","15+ MPH","ACC PER","COD PER"
"","70767","","351692","","Damien Moore","LAMAR","28","HB","40","8.2","15.9","14.7","17.1","0","2","11.1","11.8"
"","72376","","338868","","Cam Davis","MINNESOTA","23","HB","157","63.4","18.1","17.6","35.2","0","10","66.2","75.9"
"","73289","","351917","","Ikaika Ragsdale","STNY BROOK","00","HB","98","61.7","18.1","16.6","69.4","0","10","60.4","43.8"
"","73621","","352078","","Elijah Gilliam","FRESNO ST","33","HB","113","70.4","19.9","18.6","70.5","0","9","74.0","66.0"
"","76606","","304710","","Jalynn Williams","PITTSBURGH","35","HB","20","1.3","14.5","13.1","4.4","0","0","6.2","2.5"
"","78573","","325746","","Solomon Vanhorse","INDIANA","18","HB","12","30.7","15.2","13.9","14.8","0","1","47.1","25.0"
"","86353","","362119","","Byron Cardwell Jr.","S DIEGO ST","21","HB","84","87.0","20.8","19.1","90.4","1","14","83.7","69.9"
"","97204","","382700","","Juwaun Price","UMASS","28","HB","110","72.2","18.4","16.3","8.1","0","7","43.7","96.7"
"","97303","","328073","","Enoch Nawahine","BYU","21","HB","144","26.2","17.2","16.5","14.4","0","6","3.1","64.4"
"","97403","","325956","","John Emery Jr.","UTSA","14","HB","5","37.9","16.6","9.7","26.1","0","1","28.5","25.0"
"","97815","","350782","","Dawaiian McNeely","VALPO","05","HB","24","53.2","17.0","15.5","41.1","0","3","43.5","63.3"
"","99481","","336503","","Tony Mathis Jr.","MARSHALL","24","HB","22","37.0","15.7","15.1","44.7","0","3","46.1","40.8"
"","99596","","387565","","Garrison Johnson Sr.","CITADEL","22","HB","276","76.5","22.0","19.4","56.3","2","25","50.9","88.5"
"","100221","","351572","","PaSean Wimberly","BOWL GREEN","30","HB","22","59.5","18.7","17.4","86.9","0","10","46.8","52.4"
"","100601","","338913","","Kenan Christon II","JACKSON ST","08","HB","1","22.3","11.3","11.3","26.1","0","0","28.5","25.0"
"","100835","","339690","","Oscar Adaway III","S CAROLINA","27","HB","168","62.3","16.2","16.0","44.2","0","11","47.8","82.0"
"","101649","","352237","","Julius Davis","MONTANA ST","32","HB","174","84.7","20.3","19.2","85.1","1","22","75.6","86.7"
"","101661","","350162","","Shadrick Byrd","PRVIEW A&M","15","HB","63","45.3","16.8","15.9","56.2","0","5","49.4","44.2"
"","103979","","340914","","Jobi Malary","JAMES MAD","28","HB","97","60.7","21.4","18.4","55.7","2","11","61.0","6.2"
"","103985","","336774","","Talmage Brown","SO UTAH","25","HB","3","28.1","16.3","11.5","26.1","0","1","28.5","25.0"
"","103994","","330479","","Dontae McMillan","E MICHIGAN","28","HB","524","98.5","21.1","19.4","96.2","2","78","93.8","98.1"
"","104840","","340320","","Jadon Turner","CENT CT ST","05","HB","18","41.1","15.6","15.0","59.5","0","3","53.6","8.8"
"","104982","","327202","","Marqui Johnson","BETH COOK","02","HB","75","60.5","18.3","16.7","76.6","0","9","54.0","61.3"
"","106016","","375799","","Du'Shaunte Holloway","SVANNAH ST","31","HB","1","22.3","10.6","10.6","26.1","0","0","28.5","25.0"
"","108690","","327534","","Lelan Wilhoite","TENN STATE","38","HB","2","16.9","11.7","10.0","26.1","0","0","28.5","25.0"
"","121347","","347684","","C.J. Evans","SAMFORD","00","HB","366","50.2","20.5","18.0","38.8","1","24","60.8","56.3"
"","121492","","386880","","Justin Jones","AUBURN","35","HB","36","41.5","16.2","15.3","58.0","0","3","46.7","13.5"
"","121537","","347925","","Lincoln Pare","TEXAS ST","07","HB","570","57.1","20.8","19.9","76.8","3","36","16.0","68.1"
"","121644","","347867","","Kyeandre Magloire","W GEORGIA","23","HB","4","28.1","13.8","10.6","26.1","0","0","28.5","25.0"
"","121677","","395881","","Darryle Evans","HOUCHR","10","HB","115","3.5","17.0","16.0","7.7","0","4","3.5","40.1"
"","121815","","382351","","Jalen Montgomery","E KENTUCKY","23","HB","34","5.0","19.2","15.6","13.5","0","2","39.8","36.4"
"","121817","","347833","","Frank Peasant","MEMPHIS","22","HB","163","40.2","17.4","16.6","43.7","0","9","8.3","68.2"
"","122056","","349310","","Miles Davis","UTAH ST","02","HB","472","99.6","21.9","20.7","99.2","4","85","97.2","99.0"
"","122234","","348414","","Anderson Castle","DUKE","04","HB","298","65.5","20.2","18.3","14.0","2","16","17.9","91.7"
"","122306","","348453","","Lamagea McDowell","PRVIEW A&M","23","HB","98","46.8","17.7","16.2","52.7","0","4","43.8","11.3"
"","122318","","348884","","Braydon Bennett","VA TECH","24","HB","28","13.1","15.1","14.8","58.2","0","1","7.7","9.4"
"","122425","","348322","","Darion Williamson","MIAMI OH","03","HB","2","32.6","0.2","0.2","26.1","0","0","28.5","25.0"
"","122562","","348328","","Daniel Hishaw Jr.","KANSAS","09","HB","270","55.2","18.6","18.0","56.0","0","19","10.0","67.0"
"","122614","","430307","","KJ Shankle","TXAMCO","00","HB","109","62.6","17.6","16.9","77.6","0","14","56.5","60.2"
"","122669","","349690","","Harlan Dixon","INCAR WORD","09","HB","36","33.3","15.4","14.8","49.5","0","2","6.2","53.3"
"","122836","","348154","","Elijah Green","SM HOUSTON","21","HB","169","89.2","20.2","18.5","77.9","1","23","91.2","89.2"
"","122936","","349387","","Seth McGowan","KENTUCKY","03","HB","379","94.7","19.9","19.4","93.8","0","49","96.0","88.9"
"","122985","","348619","","Dominic Richardson","TULSA","21","HB","543","94.4","19.7","18.4","77.3","0","60","79.4","98.8"
"","123342","","351894","","Jordan Brunson","MIAMI OH","06","HB","318","45.8","20.5","19.7","52.8","2","19","58.0","0.8"
"","123351","","387086","","Jalen Hampton","W KENTUCKY","23","HB","18","1.9","13.3","13.0","3.1","0","0","7.0","8.6"
"","123472","","348307","","Noah Whittington","OREGON","06","HB","328","85.2","20.9","19.9","91.6","2","34","85.6","73.9"
"","123539","","362244","","Andre Hines Jr.","WAGNER","05","HB","54","54.0","20.2","16.6","37.0","1","3","53.1","6.3"
"","123587","","348770","","Ethan Wright","YNGTOWN ST","02","HB","187","96.4","19.4","18.4","88.8","0","34","96.2","95.1"
"","123640","","349274","","Kejon Owens","FIU","05","HB","468","78.4","22.4","20.6","65.5","3","39","56.5","91.5"
"","123652","","349292","","E.J. Wilson","ABILENE CH","22","HB","180","42.6","19.7","18.3","9.2","0","15","59.9","9.0"
"","123680","","362514","","Stacy Sneed","HOUSTON","21","HB","119","92.8","18.6","18.0","93.5","0","22","92.3","87.8"
"","123939","","349220","","Roydell Williams","FLORIDA ST","05","HB","81","74.7","17.5","16.8","71.9","0","9","62.5","71.7"
"","124059","","349873","","Mike Drennen II","TOLEDO","25","HB","21","31.3","17.2","14.8","51.7","0","2","7.7","49.5"
"","124088","","351595","","Tre Bradford","GRAMBLING","07","HB","221","87.1","20.9","19.3","92.0","2","32","91.7","46.3"
"","124129","","350072","","Kentrel Bullock","S ALABAMA","03","HB","426","54.1","21.1","19.8","62.6","2","29","69.9","38.3"
"","124224","","350148","","Rashad Amos","GA STATE","30","HB","157","60.3","18.0","16.8","48.5","0","9","49.1","65.8"
"","124231","","360125","","Bradley Dunn","S CAROLINA","32","HB","7","22.3","14.6","10.9","26.1","0","0","28.5","25.0"
"","124320","","349893","","Darvon Hubbard","N ARIZONA","04","HB","161","67.3","17.4","16.4","2.9","0","9","58.9","91.3"
"","124350","","349329","","Rocko Griffin","UMASS","24","HB","183","97.5","19.7","18.5","88.3","0","26","98.9","95.9"
"","124595","","453764","","Briggs Bartosh","ARMY","29","HB","95","71.0","21.1","18.5","74.4","2","14","85.9","50.5"
"","124736","","407387","","Andrew Paul","JVILLE ST","00","HB","77","9.5","20.0","16.5","16.7","0","3","1.2","40.4"
"","126959","","386285","","Alex Broome","BOSTON COL","20","HB","42","35.8","15.8","15.2","51.1","0","3","9.0","55.9"
"","127173","","392371","","Preston Landis","TEXAS A&M","34","HB","5","22.3","14.0","9.3","26.1","0","0","28.5","25.0"
"","127306","","429282","","Owen Allen","AIR FORCE","02","HB","379","25.9","18.8","18.1","9.7","0","15","9.8","52.3"
"","127442","","361740","","AJ Green","ARKANSAS","20","HB","11","38.6","18.3","16.0","42.6","0","4","51.3","25.0"
"","127472","","0","","Chris Caldwell","E ILLINOIS","20","HB","11","6.4","15.7","12.0","8.4","0","1","17.4","5.7"
"","127560","","384046","","Cortaz Williams","CENT CT ST","34","HB","5","22.3","18.5","10.9","26.1","0","1","28.5","25.0"
"","128015","","395345","","Taj Butts","DUQUESNE","00","HB","121","51.7","20.9","18.6","60.6","1","12","57.4","47.3"
"","128189","","351973","","Malik Sherrod","BOISE ST","08","HB","295","95.9","22.0","20.2","80.6","2","33","92.8","97.6"
"","128199","","391615","","Kilohana Haasenritter","OREGON","25","HB","1","25.6","13.4","13.4","26.1","0","0","28.5","25.0"
"","128379","","350663","","John Gentry","TENN MARTN","01","HB","212","88.6","19.5","18.6","93.1","0","22","78.5","86.8"
"","129450","","367537","","Charlie Spegal","BUTLER","36","HB","60","7.7","15.5","14.5","4.4","0","1","8.4","2.2"
"","129487","","351480","","Leshon Williams","KANSAS","04","HB","260","84.6","19.8","19.2","93.8","0","35","69.4","81.3"
"","129518","","350450","","Isaiah Jacobs","UAB","03","HB","313","35.1","20.6","17.3","39.6","1","16","4.9","49.4"
"","129571","","349967","","Al Wooten II","TOWSON","04","HB","200","35.1","17.9","17.1","39.1","0","13","2.5","44.6"
"","129634","","350550","","Jordon Simmons","GA STATE","09","HB","324","81.3","18.6","18.0","54.5","0","23","63.6","96.0"
"","129707","","361372","","Will Nixon","SYRACUSE","24","HB","414","86.5","19.0","17.9","80.9","0","33","77.9","91.0"
"","129732","","350483","","Cam Porter","NWESTERN","04","HB","25","43.1","18.6","15.7","45.6","0","3","60.2","13.1"
"","129782","","350267","","Caziah Holmes","FLORIDA ST","26","HB","39","48.1","17.1","16.6","81.5","0","9","42.8","5.7"
"","129790","","350274","","Keyvone Lee","UNLV","02","HB","288","63.0","18.4","17.5","41.4","0","17","48.5","65.4"
"","129914","","351341","","Jalen Berger","UCLA","00","HB","220","72.5","19.4","18.3","75.4","0","24","69.3","71.8"
"","130340","","351787","","Donny Marcus","CENT CT ST","20","HB","89","70.7","18.8","15.8","13.3","0","3","54.8","92.5"
"","130386","","351199","","Terion Stewart","VA TECH","08","HB","188","84.3","19.4","18.7","85.9","0","27","75.3","74.5"
"","130401","","360754","","Kolbe Burrell","NWSTATE","03","HB","128","79.1","20.5","18.4","67.8","1","14","82.1","83.3"
"","130531","","351309","","Kenny Tracy","MIAMI OH","09","HB","149","12.5","19.6","18.4","66.5","0","12","42.9","0.1"
"","130550","","361804","","Jay Ducker","TEMPLE","20","HB","416","82.8","19.2","18.3","68.7","0","27","37.7","97.3"
"","130584","","351172","","Harrison Waylee","VIRGINIA","21","HB","239","86.4","20.5","18.1","68.8","1","25","68.4","95.8"
"","131443","","406664","","Jayden Becks","N TEXAS","05","HB","52","69.2","19.0","17.8","89.6","0","12","85.0","5.3"
"","131577","","351641","","Jalen John","COAST CAR","21","HB","118","58.8","16.7","16.2","40.5","0","5","65.1","68.7"
"","131631","","350981","","Chip Trayanum","TOLEDO","01","HB","467","93.7","21.6","20.8","81.6","3","49","88.4","90.0"
"","131668","","351700","","Chris Street","UTAHTC","03","HB","76","12.8","17.1","15.4","8.3","0","3","10.3","51.1"
"","131674","","351415","","Shaadie Clayton-Johnson","SMU","24","HB","33","31.8","19.8","16.6","53.6","0","4","49.1","2.7"
"","131782","","351839","","EJ Smith","TEXAS A&M","22","HB","129","36.6","18.2","16.6","7.2","0","6","41.6","57.6"
"","131822","","367965","","Matt Colombo","SAN DIEGO","05","HB","137","47.4","18.2","17.1","41.9","0","11","11.4","73.6"
"","131885","","387346","","Braedon Wissler","SO UTAH","08","HB","125","68.4","19.3","18.0","89.1","0","18","49.4","65.8"
"","131886","","395009","","Sam Adams II","SACRAMENTO","28","HB","130","82.3","19.5","18.6","59.1","0","18","71.2","88.2"
"","131991","","451248","","Ethan Lawrence","CAMPBELL","23","HB","276","34.0","20.3","17.7","54.7","1","15","19.2","37.4"
"","132720","","361425","","Tavierre Dunlap","E MICHIGAN","08","HB","289","97.8","20.0","19.6","87.4","1","34","97.0","97.7"
"","134081","","397860","","MJ Flowers","UCONN","24","HB","38","69.9","17.2","16.3","58.5","0","5","52.6","74.2"
"","134662","","369049","","Caleb Lewis","TARLETON","06","HB","141","0.2","16.7","15.7","0.5","0","3","2.7","2.3"
"","134974","","407261","","Donerio Davenport","JACKSON ST","10","HB","118","69.9","20.1","18.9","71.8","1","17","82.0","54.5"
"","136856","","352369","","Braelon Bridges","TARLETON","08","HB","27","44.4","17.6","15.2","40.2","0","2","76.2","4.2"
"","136907","","353012","","Deangelo Rosemond","TARLETON","39","HB","4","5.7","8.4","3.3","26.1","0","0","28.5","25.0"
"","137994","","359478","","Harrison Bey-Buie","N IOWA","32","HB","256","47.3","18.1","17.6","66.0","0","18","7.8","62.5"
"","138416","","352658","","Daniel Moyer","GARD-WEBB","08","HB","16","1.4","16.1","12.1","9.9","0","1","1.8","4.4"
"","138448","","352864","","Kaelon Black","INDIANA","08","HB","401","84.8","21.5","20.5","84.3","3","42","91.9","72.2"
"","138489","","408030","","Larenzo McMillan","NEW MEX ST","16","HB","11","45.6","17.3","15.2","64.9","0","2","50.2","25.0"
"","139121","","353432","","Rashad Raymond","WM & MARY","05","HB","330","4.7","19.6","18.3","2.3","0","11","10.8","46.5"
"","139148","","352699","","Ryan Ingram","CHATTNOOGA","00","HB","306","78.7","18.2","17.7","10.4","0","20","48.1","93.8"
"","139486","","397047","","Corey Warren Jr.","NICHOLLS","30","HB","6","43.8","13.3","11.5","26.1","0","0","28.5","25.0"
"","141787","","367435","","Kobe Dillon","INCAR WORD","24","HB","28","35.0","17.9","15.2","37.5","0","3","47.9","42.2"
"","141838","","353356","","Michael Mansaray","VALPO","07","HB","17","30.4","14.3","13.4","10.7","0","0","51.8","11.1"
"","141839","","354578","","Shomari Lawrence","MO STATE","02","HB","505","96.8","22.6","21.4","95.1","8","58","95.1","93.2"
"","142276","","353324","","Freddie Brock IV","OKLA STATE","25","HB","36","26.0","19.3","15.7","13.9","0","2","6.5","57.7"
"","142363","","395003","","Fonnae Webb","NORFOLK","10","HB","2","28.1","12.1","10.3","26.1","0","0","28.5","25.0"
"","142372","","353658","","Roland Dempster","STNY BROOK","04","HB","237","89.3","20.5","18.2","89.7","1","20","65.2","78.5"
"","142725","","358281","","Ryan Morrow","ALAB A&M","26","HB","165","24.9","21.1","18.2","10.5","1","10","8.3","53.2"
"","142986","","358439","","Coleman Bennett","KENNESAW","00","HB","503","75.6","22.2","20.1","67.1","3","41","66.8","84.3"
"","143016","","354811","","Jaedon Henry","SE LA","21","HB","93","45.7","18.4","17.3","55.9","0","8","13.9","62.4"
"","143557","","356610","","Colter May","WEBER ST","34","HB","146","10.9","19.6","17.1","3.8","0","14","12.3","48.9"
"","143822","","362228","","Xavier Coleman","LAMAR","00","HB","253","70.7","18.5","17.9","71.6","0","26","56.3","80.6"
"","143866","","362167","","Jaquez Moore","DUKE","09","HB","95","71.5","20.5","18.7","77.2","1","18","77.5","64.7"
"","143876","","367803","","CJ Campbell Jr.","RUTGERS","05","HB","44","38.5","16.4","15.3","36.4","0","3","37.5","54.2"
"","143915","","388514","","Daylon Gordon","GA TECH","21","HB","10","40.9","16.6","14.0","51.8","0","3","54.3","25.0"
"","143918","","362505","","Jamal Haynes","GA TECH","01","HB","442","99.5","19.9","19.4","98.8","0","92","97.9","99.1"
"","143940","","377258","","Thad Franklin Jr.","FL A&M","00","HB","141","51.7","18.1","17.4","39.8","0","9","51.0","45.8"
"","143964","","362385","","Caleb Hood","N CAROLINA","04","HB","80","75.8","19.5","17.2","76.1","0","8","74.0","64.2"
"","143994","","361656","","Julian Gray","LIBERTY","01","HB","211","95.6","21.4","19.4","99.7","1","53","99.7","37.9"
"","144001","","373307","","Jordan Poole","NICHOLLS","14","HB","26","52.9","15.3","14.8","37.7","0","2","57.1","12.4"
"","144024","","362532","","Rodney Hammond Jr.","SACRAMENTO","02","HB","279","84.5","21.4","20.1","64.2","3","25","78.4","92.9"
"","144072","","407103","","Kenji Christian","TOLEDO","10","HB","223","95.6","21.5","20.1","95.6","3","39","96.4","86.1"
"","144080","","362356","","Elijah Howard","CENT CT ST","07","HB","259","98.4","19.4","18.9","95.5","0","34","98.6","95.8"
"","144099","","396171","","P.J. Prioleau","VA TECH","20","HB","59","45.1","19.2","16.5","50.5","0","4","16.7","61.5"
"","144107","","377626","","Malachi Thomas","PURDUE","24","HB","192","10.9","19.1","16.7","4.2","0","8","4.0","44.2"
"","144232","","372101","","Myles Montgomery","UCF","22","HB","429","86.7","21.0","20.8","90.9","6","52","81.5","83.0"
"","144253","","362510","","Alton McCaskill","SM HOUSTON","22","HB","201","91.2","20.5","19.3","70.8","1","21","94.5","90.2"
"","144359","","360061","","Brandon Epton Jr.","SE MO ST","03","HB","310","73.3","21.8","19.3","71.0","1","27","66.6","79.5"
"","144448","","368303","","Bill Jackson","N IOWA","01","HB","315","77.0","19.8","18.1","80.2","0","26","55.7","87.3"
"","144472","","368345","","Anthony Williams Jr.","STF AUSTIN","08","HB","33","67.7","16.5","16.2","75.5","0","7","71.0","59.6"
"","144541","","366998","","Eli Sanders","USC","01","HB","129","81.7","20.3","19.1","88.5","1","32","96.4","47.4"
"","144592","","388824","","Shane Porter","SM HOUSTON","28","HB","18","31.9","16.0","14.3","37.2","0","1","14.1","52.5"
"","144652","","383345","","Jaden Nixon","UCF","05","HB","262","97.2","22.7","21.4","96.0","4","47","98.4","91.3"
"","144654","","386020","","Luke McEndoo","NEVADA","47","HB","3","85.8","11.5","9.9","26.1","0","0","28.5","25.0"
"","144683","","385937","","Trent Battle","TCU","06","HB","209","56.5","22.1","19.4","67.1","2","16","68.6","42.5"
"","144689","","397753","","Franklin Estrada II","TCU","40","HB","1","16.9","7.0","7.0","26.1","0","0","28.5","25.0"
"","144799","","361646","","Josh McCray","GEORGIA","02","HB","100","66.6","18.4","17.2","16.5","0","5","15.4","76.2"
"","144833","","362434","","Trent Howland","OKLA STATE","24","HB","175","82.0","19.2","18.1","64.7","0","18","81.4","64.9"
"","144851","","406810","","Max White","WYOMING","24","HB","56","53.0","17.5","15.2","36.2","0","2","15.4","78.2"
"","144891","","369221","","Roman Hemby","INDIANA","01","HB","506","63.6","22.6","19.6","47.8","1","38","54.4","78.0"
"","144892","","369225","","Antwain Littleton Jr.","RHODE ISLD","04","HB","580","77.0","21.1","19.7","53.9","2","40","44.4","88.2"
"","144983","","406514","","Jordan Nubin","KENT STATE","27","HB","149","48.3","18.4","16.5","47.2","0","9","54.2","48.3"
"","145057","","366321","","Evan Pryor","CINCINNATI","06","HB","268","82.2","20.2","18.7","81.7","1","29","80.4","82.5"
"","145108","","366767","","Ja'Quez Cross","ARK STATE","02","HB","31","26.5","16.6","14.9","36.8","0","3","7.2","54.5"
"","145111","","391560","","Devin Mockobee","PURDUE","45","HB","347","59.1","19.3","18.6","59.7","0","23","53.8","69.7"
"","145130","","391598","","Jordan Kinsler","LIUSHAR","15","HB","5","22.3","14.6","11.1","26.1","0","0","28.5","25.0"
"","145166","","383933","","Grover Bortolotti","WISCONSIN","43","HB","8","22.3","18.3","15.5","26.1","0","2","28.5","25.0"
"","145178","","423311","","Antwan Roberts","MARSHALL","44","HB","275","94.9","20.5","19.4","91.0","1","41","82.6","96.9"
"","145187","","384891","","Zuberi Mobley","TULANE","02","HB","108","85.4","18.9","17.9","65.3","0","14","88.3","89.5"
"","145241","","386081","","Marquis Crosby","OREGON ST","22","HB","10","3.8","15.4","11.8","17.2","0","1","2.5","25.0"
"","145270","","395193","","Arthur Rodgers","NC CENT","31","HB","158","53.7","20.1","19.3","62.7","1","15","67.8","40.0"
"","145320","","377159","","Ayo Adeyi","JAMES MAD","05","HB","47","65.8","19.3","17.0","66.7","0","5","72.5","62.3"
"","145353","","386389","","Tariq Sims","WM & MARY","01","HB","191","76.6","22.8","19.8","82.0","3","20","89.1","58.4"
"","145354","","367292","","Obie Sanni","TENN TECH","04","HB","48","37.7","19.6","16.7","38.3","0","4","18.9","55.8"
"","145514","","381655","","Kevorian Barnes","TCU","02","HB","235","11.3","21.1","17.9","5.9","1","10","10.5","8.0"
"","145530","","389047","","Tysean Jefferson","TENN STATE","23","HB","1","0.0","17.4","17.4","0.0","0","1","0.0","0.0"
"","145571","","380042","","Henry Rutledge","CHARLOTTE","21","HB","5","16.9","14.8","12.0","26.1","0","0","28.5","25.0"
"","145580","","386165","","Hahsaun Wilson","UTEP","14","HB","217","87.8","19.0","18.4","92.5","0","25","97.3","59.3"
"","145672","","361731","","Mike Washington Jr.","ARKANSAS","04","HB","550","99.3","22.0","21.2","96.7","7","97","98.8","93.5"
"","145676","","384820","","Al-Jay Henderson","BUFFALO","05","HB","406","33.8","20.7","19.4","5.0","2","20","7.5","70.3"
"","145711","","374471","","Nahree Biggins","C MICHIGAN","05","HB","293","77.5","22.6","20.4","84.4","2","37","78.6","68.0"
"","145783","","362734","","Shakhi Carson","STNY BROOK","20","HB","1","16.9","9.5","9.5","26.1","0","0","28.5","25.0"
"","145860","","361807","","Mason King","ILL STATE","03","HB","25","33.2","15.4","14.1","10.3","0","1","40.9","6.6"
"","145886","","380336","","Sieh Bangura","OHIO","05","HB","590","86.0","20.6","19.5","80.2","1","45","55.1","95.7"
"","145895","","387034","","Quintell Quinn","TENN TECH","28","HB","175","57.9","19.0","17.6","16.5","0","9","57.9","52.0"
"","145916","","384818","","Willie Shaw III","TOLEDO","32","HB","29","3.1","15.9","14.3","4.6","0","1","3.7","42.9"
"","146053","","412306","","Johnathan Arceneaux","FRESNO ST","00","HB","89","80.4","19.4","18.5","96.8","0","19","85.5","49.4"
"","146065","","375506","","Landon Sims","HAWAII","30","HB","528","91.7","19.4","17.9","49.8","0","26","70.3","97.8"
"","146071","","399529","","David Cordero","HAWAII","10","HB","53","64.8","19.6","16.9","49.4","0","5","62.0","76.9"
"","146087","","367864","","Jacques Badolato-Birdsell","PORTLAND","20","HB","32","51.6","17.4","15.7","45.1","0","3","62.1","53.5"
"","146242","","368820","","Stevie Rocker Jr.","MONTANA","21","HB","162","69.5","19.8","18.0","69.2","0","14","60.7","75.0"
"","146269","","377588","","George Hart III","W KENTUCKY","09","HB","325","55.4","20.1","17.9","69.4","1","22","45.1","57.1"
"","146362","","381048","","Brendon Barrow","RHODE ISLD","17","HB","196","88.7","20.8","19.8","74.0","3","40","92.5","89.7"
"","146414","","384821","","Brandon Campbell","PRVIEW A&M","26","HB","33","36.4","16.2","15.5","61.0","0","4","9.2","50.4"
"","146431","","368490","","Ricky Parks","FORDHAM","06","HB","227","58.2","18.3","16.9","44.8","0","15","46.6","76.6"
"","146736","","361705","","La'Vell Wright","W KENTUCKY","11","HB","215","75.7","20.2","19.4","88.2","1","20","74.5","63.8"
"","146764","","367816","","Armoni Goodwin","TENN MARTN","07","HB","36","7.3","14.5","13.8","4.8","0","0","6.4","51.2"
"","146805","","396192","","Matt Jones","SO MISS","05","HB","237","61.0","19.9","18.2","63.0","0","17","72.9","54.4"
"","146841","","367595","","Ke'Travion Hargrove","DOMINION","18","HB","169","82.4","22.2","18.8","84.7","1","17","70.0","87.1"
"","146843","","361008","","Simeon Price","COLORADO","26","HB","83","77.8","20.4","18.2","77.4","1","17","79.9","72.9"
"","146991","","373393","","Amari Daniels","TEXAS A&M","05","HB","102","42.2","18.7","17.2","39.7","0","7","57.8","44.5"
"","147003","","366954","","LJ Johnson Jr.","CAL","11","HB","95","40.6","15.8","15.2","15.9","0","3","14.8","65.3"
"","147143","","367606","","Dre Washington","ALABAMA","20","HB","34","31.9","15.6","14.8","13.2","0","3","47.4","38.6"
"","147249","","396215","","Jarris Williams","TROY","04","HB","102","59.3","18.8","16.8","51.9","0","8","19.5","80.8"
"","147252","","383941","","Damien Taylor","OLE MISS","12","HB","54","54.4","17.8","16.5","39.8","0","5","42.1","61.4"
"","147375","","359564","","Devontae Houston","E TENN ST","03","HB","346","81.2","22.4","21.3","91.2","6","37","88.7","68.6"
"","147449","","379123","","Tim Gans","NEW MEX ST","20","HB","2","16.9","11.7","11.4","26.1","0","0","28.5","25.0"
"","147475","","369043","","Logan Diggs","OLE MISS","22","HB","169","66.1","20.4","17.4","56.9","1","11","64.0","60.1"
"","147560","","367957","","Zion Hall","CAL POLY","19","HB","38","57.5","18.8","15.9","44.3","0","3","74.1","57.1"
"","147591","","380361","","Tuna Altahir","STANFORD","06","HB","49","42.4","17.9","16.5","9.4","0","5","5.1","59.9"
"","147611","","362361","","Elisha Cummings","IDAHO","20","HB","154","96.0","20.6","19.5","93.4","2","35","94.7","93.4"
"","147649","","367687","","Elijah Elliott","BRYANT","11","HB","414","98.7","20.8","19.3","93.2","1","48","93.1","99.8"
"","147784","","396299","","Michael Johnson","SACRAMENTO","24","HB","6","16.9","14.8","9.2","26.1","0","0","28.5","25.0"
"","147785","","383358","","Elijah Tau-Tolliver","MICH STATE","04","HB","220","83.9","21.6","19.8","75.3","3","30","94.8","71.3"
"","147854","","367967","","Damon Bankston","NEW MEXICO","01","HB","355","99.9","22.4","20.8","100.0","5","96","100.0","90.7"
"","148031","","383977","","Wenkers Wright","ILL STATE","32","HB","243","64.3","19.2","17.9","57.9","0","16","17.1","86.0"
"","148130","","382615","","Gaven Ziebarth","N DAKOTA","28","HB","117","78.3","22.2","20.1","76.3","2","20","85.6","72.7"
"","148156","","386981","","Barika Kpeenu","N DAK ST","08","HB","209","80.0","19.0","18.0","52.5","0","18","76.0","91.0"
"","148157","","386973","","Owen Johnson","N DAK ST","04","HB","36","41.8","19.3","16.8","44.4","0","4","54.5","39.9"
"","148204","","373583","","Nate Thomas","IDAHO","28","HB","197","72.7","18.1","17.3","62.0","0","25","67.0","82.3"
"","148226","","369657","","Angel Johnson","WASH STATE","01","HB","213","65.2","21.8","18.8","43.4","2","10","61.6","80.5"
"","148567","","376868","","Jamario Clements","WAKE","03","HB","65","47.8","16.2","15.4","41.5","0","4","13.8","72.5"
"","148591","","387461","","Jaylen Laudermilk","NORFOLK","01","HB","69","51.5","17.3","16.7","62.1","0","13","74.6","44.9"
"","148602","","361126","","Victor Dawson","ILL STATE","05","HB","391","70.0","19.5","18.7","48.5","0","22","13.9","89.0"
"","148792","","393282","","Robert Tucker III","CORNELL","05","HB","63","40.1","17.3","16.1","49.0","0","5","13.7","59.4"
"","148874","","396673","","Israel Benjamin","CITADEL","25","HB","59","7.4","15.4","14.3","1.4","0","2","5.3","63.8"
"","148953","","372875","","Julien Stokes","PENN","01","HB","142","77.1","19.8","18.6","82.2","0","17","82.3","68.6"
"","149110","","373514","","Jevon Jackson","UAB","04","HB","375","86.2","21.2","19.9","88.7","1","55","87.8","77.1"
"","149138","","363428","","Kam Thomas","UTEP","05","HB","65","63.7","19.9","17.9","76.5","0","10","83.5","11.6"
"","149203","","363497","","Jayvian Allen","N ALABAMA","06","HB","282","70.3","19.6","19.0","70.7","0","25","67.1","73.7"
"","149229","","371921","","Lem Wash","S ILLINOIS","24","HB","104","26.5","18.4","15.6","4.1","0","2","3.0","55.6"
"","149248","","380513","","Sam Franklin","USF","04","HB","224","8.4","20.8","19.1","65.9","1","15","44.0","0.2"
"","149290","","362381","","Brendan Cassamajor","COLGATE","24","HB","140","59.0","15.8","15.4","13.3","0","5","15.0","81.9"
"","149316","","385890","","Julius Loughridge","S DAK ST","15","HB","210","68.6","18.5","17.6","47.0","0","18","66.0","80.9"
"","149326","","366742","","Naieem Kearney","CAMPBELL","08","HB","228","62.3","16.6","16.3","68.3","0","18","50.7","70.6"
"","149373","","362277","","Nahjee Adams","ST FRANCIS","22","HB","51","58.5","19.2","17.1","56.3","0","7","76.4","49.8"
"","149418","","368804","","Jordan Fuller","JAMES MAD","23","HB","158","39.2","18.8","18.1","40.7","0","10","4.4","46.2"
"","149553","","379240","","Doe Boyland","OHIO","21","HB","11","37.1","18.9","13.1","11.6","0","1","40.4","25.0"
"","149651","","372397","","Tristan Shannon","MARIST","22","HB","32","30.3","16.7","15.1","38.7","0","1","9.5","52.7"
"","149713","","363134","","Kaderris Roberts","BOWL GREEN","00","HB","132","94.8","20.3","18.4","97.1","1","29","98.5","86.3"
"","149834","","384005","","Reggie Davis","ALCORN ST","02","HB","189","46.1","20.2","18.2","15.1","1","10","64.5","46.7"
"","149888","","373102","","Myion Hicks","NWSTATE","00","HB","107","45.0","20.9","18.5","36.0","2","7","47.3","55.5"
"","149893","","380456","","Grant Robinson","BRYANT","21","HB","140","83.3","18.1","17.2","83.7","0","20","86.1","78.1"
"","150005","","368977","","Branson Adams","W CAROLINA","02","HB","97","34.9","17.3","16.6","61.4","0","7","40.8","7.7"
"","150071","","373554","","Reggie Branch II","MO STATE","28","HB","17","37.3","18.2","15.9","47.3","0","3","52.2","12.2"
"","150117","","387361","","Jaylon Spears","INCAR WORD","01","HB","136","48.7","18.4","17.1","16.9","0","7","56.7","58.6"
"","150266","","393741","","Telly McCallister","E KENTUCKY","12","HB","10","2.9","14.9","12.5","5.2","0","0","4.6","25.0"
"","150270","","361320","","Zach Hrbacek","WEBER ST","27","HB","116","46.0","18.0","16.7","57.8","0","7","3.8","73.2"
"","150300","","419467","","Adrian Murdaugh","SM HOUSTON","38","HB","5","5.7","13.3","11.4","26.1","0","0","28.5","25.0"
"","150338","","368571","","Damashja Harris","WYOMING","04","HB","39","75.1","22.4","16.5","37.7","1","3","88.5","58.8"
"","150482","","363491","","J'Mari Taylor","VIRGINIA","03","HB","579","83.0","20.7","20.1","79.2","2","55","77.8","87.4"
"","150549","","363219","","Wesley Graves","NC A&T","35","HB","296","83.9","19.0","17.6","4.2","0","14","71.3","94.7"
"","150701","","385680","","Sam Scott","WYOMING","22","HB","230","81.5","21.5","19.6","46.8","1","15","56.4","91.1"
"","150705","","368428","","Jordon Vaughn","ABILENE CH","26","HB","209","82.5","21.4","19.2","55.1","1","19","90.0","59.0"
"","150750","","362346","","Trey Eberhart III","SACR HEART","13","HB","38","50.4","18.9","16.9","55.8","0","8","50.5","53.2"
"","150847","","367674","","Kam Ingram","LIUSHAR","10","HB","86","78.9","18.2","17.5","73.8","0","10","88.9","73.1"
"","150886","","384969","","D.K. Harris","ALCORN ST","35","HB","19","47.9","11.9","10.5","0.3","0","0","0.1","3.9"
"","151139","","376686","","Nathan Denney","TXRG","32","HB","290","91.9","19.8","18.9","93.9","0","57","94.1","81.5"
"","151215","","383511","","Q'Daryius Jennings","TENN TECH","27","HB","202","76.1","19.9","18.8","63.2","0","18","74.2","83.9"
"","151714","","363331","","Marquis Gillis","DELWARE ST","06","HB","182","73.1","18.9","18.6","57.5","0","19","76.8","76.4"
"","152103","","365289","","Jalen March","TXWSLY","21","HB","34","34.8","17.3","15.7","52.6","0","4","49.8","4.6"
"","153934","","382753","","Dae'Trell Cooper","ARKAPB","28","HB","35","12.9","17.6","16.5","59.5","0","5","44.0","1.0"
"","155193","","361652","","Matteo Perez","UC DAVIS","19","HB","18","50.8","16.2","14.9","56.4","0","2","42.9","60.9"
"","155211","","361942","","Cash Jones","GEORGIA","32","HB","181","97.1","18.8","18.5","94.6","0","30","93.6","97.1"
"","155249","","363459","","Isaiah Nwokenkwo","ALAB A&M","24","HB","140","74.8","20.8","18.7","79.5","1","17","85.7","60.4"
"","155505","","368864","","Jaylen White","NORFOLK","03","HB","14","34.0","16.8","14.4","14.1","0","1","55.2","25.0"
"","155556","","371849","","Hunter Smith","TEMPLE","29","HB","143","52.2","20.5","18.5","5.4","2","5","46.3","79.0"
"","155924","","382760","","Vershod Quinn","FL A&M","34","HB","6","25.6","14.9","12.1","26.1","0","0","28.5","25.0"
"","156043","","385560","","Tylan Hines","TARLETON","01","HB","103","0.0","19.9","18.4","0.0","0","15","0.0","0.0"
"","156207","","391816","","Jason Albritton","E TENN ST","21","HB","146","42.9","19.7","17.6","16.3","0","6","12.1","55.3"
"","156236","","393308","","Keith Adams","CLEMSON","19","HB","36","26.3","18.1","14.8","6.8","0","2","4.9","47.7"
"","156252","","407369","","Adam Randall","CLEMSON","08","HB","597","99.1","21.4","20.7","94.1","4","87","97.7","93.4"
"","156290","","385634","","Rodney Hill","ARKANSAS","01","HB","26","69.1","18.7","18.4","77.8","0","10","88.6","39.2"
"","156308","","429802","","Antonio Martin","KANSAS ST","22","HB","44","55.4","20.6","16.9","51.7","1","7","58.0","42.4"
"","156329","","393361","","Maurice Turner","TULANE","00","HB","81","73.2","21.4","18.5","74.7","1","11","77.0","69.4"
"","156351","","385498","","George Pettaway","JAMES MAD","06","HB","129","90.0","19.7","19.2","98.0","0","27","95.4","56.6"
"","156371","","386616","","Xavier Brown","VIRGINIA","20","HB","113","76.1","19.4","18.6","84.0","0","24","85.2","60.6"
"","156393","","407047","","Davis Lane","VIRGINIA","29","HB","27","62.1","17.7","16.8","73.9","0","4","70.8","48.1"
"","156396","","386300","","Jaylin Lucas","FLORIDA ST","12","HB","87","87.6","21.8","19.1","98.4","1","39","92.6","67.9"
"","156421","","393489","","Jaziun Patterson","IOWA","04","HB","114","61.5","18.6","17.1","47.9","0","13","61.7","71.4"
"","156470","","385717","","Ajay Allen","TULSA","02","HB","266","87.4","19.6","19.1","85.2","0","26","61.5","95.2"
"","156473","","399003","","Emmett Johnson","NEBRASKA","21","HB","612","89.3","21.6","20.4","64.9","3","50","56.6","99.3"
"","156624","","386490","","Dean Connors","HOUSTON","44","HB","605","94.6","21.6","20.7","87.7","5","72","95.1","94.1"
"","156690","","398826","","KZ Adams","SCAR STATE","17","HB","280","42.7","17.4","16.0","12.8","0","9","12.6","72.8"
"","156712","","386851","","Wayne Knight","JAMES MAD","03","HB","529","99.2","21.6","21.0","95.2","6","90","98.6","98.2"
"","156734","","397748","","Zylan Perry","LA LAFAYET","03","HB","385","80.1","21.4","20.7","68.4","4","28","69.5","90.1"
"","156790","","386319","","Isaiah Gordon","CHARLES SO","02","HB","102","71.1","16.9","16.0","4.6","0","5","38.3","93.9"
"","156791","","386564","","A.J. Turner","MINNESOTA","02","HB","21","37.5","16.0","14.8","38.0","0","1","58.1","13.8"
"","156793","","407803","","DeMarcus McElroy","MERRIMACK","06","HB","124","87.7","20.8","18.9","85.9","2","18","91.3","82.4"
"","156837","","393289","","Kenyon Clay","ARK STATE","05","HB","473","85.3","18.8","18.6","86.3","0","42","78.5","74.1"
"","156865","","425514","","Tae Meadows","TROY","22","HB","392","34.7","19.4","18.0","1.2","0","13","3.4","85.4"
"","156890","","400305","","Charles Kellom","E ILLINOIS","22","HB","242","63.2","20.5","18.4","65.2","1","18","54.9","71.1"
"","156916","","387174","","Gavin Garcia","KENT STATE","05","HB","260","85.6","21.6","20.3","75.5","3","23","74.6","92.8"
"","156926","","385668","","Star Thomas","TENNESSEE","09","HB","247","57.7","20.2","18.7","45.7","1","20","75.0","52.2"
"","156935","","399703","","Makhilyn Young","VANDERBILT","22","HB","212","90.6","23.1","21.2","86.5","4","30","85.3","90.8"
"","156963","","399714","","Gi'Bran Payne","NOTRE DAME","03","HB","13","8.0","18.0","12.7","8.9","0","1","16.9","7.0"
"","156985","","406075","","Jadarian Price","NOTRE DAME","24","HB","227","87.9","20.2","19.7","94.1","1","33","84.0","79.2"
"","157003","","386946","","Jam Miller","ALABAMA","26","HB","339","85.9","18.3","18.0","63.2","0","32","68.5","91.9"
"","157020","","386641","","Rashod Dubinion","APP STATE","07","HB","474","75.3","18.6","17.8","58.3","0","31","40.6","93.7"
"","157021","","398345","","James Jointer","E MICHIGAN","25","HB","20","4.0","14.9","13.4","12.4","0","0","4.8","6.6"
"","157037","","386835","","Damari Alston","AUBURN","00","HB","119","0.8","17.3","16.5","10.9","0","6","0.7","2.9"
"","157121","","412781","","Malachi Lane","LSU","30","HB","1","43.8","9.8","9.8","26.1","0","0","28.5","25.0"
"","157156","","428286","","Anthony Favrow","MISSOURI","31","HB","1","22.3","8.4","8.4","26.1","0","0","28.5","25.0"
"","157157","","393369","","Tavorus Jones","MISSOURI","22","HB","18","8.5","16.2","14.3","36.3","0","2","15.9","5.6"
"","157182","","450438","","Maurice Edwards IV","ALAB A&M","20","HB","40","42.3","19.1","16.4","46.9","0","3","74.7","2.7"
"","157190","","385891","","Javen Jacobs","UTAH ST","08","HB","493","99.8","20.7","19.9","99.5","2","139","96.7","99.7"
"","157328","","386151","","Bryson Donnell","UTSA","22","HB","40","36.1","19.2","15.9","43.6","0","2","43.5","41.1"
"","157345","","398823","","Djouvensky Schlenbaker","TXRG","34","HB","46","70.2","21.5","18.6","80.0","1","8","70.5","60.4"
"","157372","","386061","","CJ Donaldson","OHIO STATE","12","HB","263","67.7","18.9","17.6","56.0","0","16","82.6","10.7"
"","157382","","424611","","Jaylin Belford","LIBERTY","26","HB","4","5.7","12.4","9.0","26.1","0","0","28.5","25.0"
"","157405","","394942","","Michael Allen","MARSHALL","02","HB","239","75.5","20.9","20.3","82.9","4","21","68.8","75.1"
"","157474","","396651","","Ihson E. Jackson-Anderson","WOFFORD","02","HB","309","93.8","20.1","19.3","82.4","1","27","84.1","97.4"
"","157523","","386131","","Demond Claiborne","WAKE","01","HB","465","90.2","22.9","21.1","90.6","3","65","93.2","82.6"
"","157582","","387530","","Cartevious Norton","USF","05","HB","119","10.5","18.5","16.0","42.8","0","5","17.3","0.6"
"","157610","","386125","","Justin Williams-Thomas","MARSHALL","09","HB","124","92.3","18.2","17.7","85.8","0","16","85.1","94.5"
"","157656","","386450","","Bryce Duke","UTAH","25","HB","43","32.0","17.0","15.4","16.1","0","3","39.4","46.9"
"","157691","","394657","","Anthony Hankerson","OREGON ST","00","HB","580","73.0","21.1","19.0","61.4","1","33","46.3","90.8"
"","157762","","391406","","Anthony Frias II","UCLA","22","HB","164","61.9","21.4","17.3","54.9","1","5","2.1","81.7"
"","157765","","407449","","La'James White","ABILENE CH","00","HB","4","16.9","17.3","12.8","26.1","0","1","28.5","25.0"
"","157793","","386025","","Braylin Presley","TULSA","01","HB","121","96.4","20.6","19.8","99.4","2","45","99.8","63.5"
"","157835","","400014","","Jabari Bates","S JOSE ST","06","HB","82","29.3","21.4","17.2","8.1","1","6","8.9","61.7"
"","157876","","387272","","Bam McReynolds","LA MONROE","03","HB","232","90.4","19.8","19.4","88.0","0","28","81.1","92.1"
"","157984","","398507","","Micah Bell","MERCER","27","HB","54","56.5","20.0","17.0","58.0","1","8","55.9","63.6"
"","158048","","407819","","Terron Kellman","WYOMING","05","HB","133","41.3","20.2","19.0","38.9","1","8","37.6","59.7"
"","158085","","386671","","Jovantae Barnes","OKLAHOMA","02","HB","75","13.5","16.7","15.6","11.4","0","3","12.2","44.7"
"","158088","","395314","","Gavin Sawchuk","FLORIDA ST","27","HB","389","74.4","21.2","18.6","59.8","1","27","47.8","91.8"
"","158097","","386751","","Tawee Walker","CINCINNATI","03","HB","342","60.8","20.4","18.5","12.0","1","15","44.8","88.0"
"","158112","","470467","","Chase McCracken","S CAROLINA","35","HB","1","22.3","5.7","5.7","26.1","0","0","28.5","25.0"
"","158155","","407113","","Jamal Hailey","FL A&M","28","HB","72","67.3","18.9","18.4","78.5","0","10","67.1","63.1"
"","158212","","394227","","Aidan Laughery","ILLINOIS","21","HB","179","26.4","20.2","19.0","57.8","1","12","38.6","2.9"
"","158319","","395014","","Ashton Hayes","NEVADA","26","HB","8","22.3","13.5","11.8","26.1","0","0","28.5","25.0"
"","158325","","387671","","Jaydn Ott","OKLAHOMA","00","HB","65","45.2","18.2","16.6","58.4","0","6","69.0","3.2"
"","158336","","386853","","OJ Arnold","GA SOUTHRN","22","HB","403","76.2","21.3","19.4","87.9","2","38","78.8","63.0"
"","158348","","407951","","Terrance Gibbs","GA SOUTHRN","20","HB","76","57.8","18.0","17.1","78.3","0","11","54.7","51.6"
"","158354","","386960","","Tyler Jordan","W ILLINOIS","04","HB","3","43.8","14.7","11.0","26.1","0","0","28.5","25.0"
"","158417","","407695","","Makhi Hughes","OREGON","20","HB","40","52.5","16.8","16.0","71.2","0","5","48.7","44.4"
"","158449","","385969","","Jordan McDonald","BOSTON COL","05","HB","247","67.4","18.6","17.2","58.8","0","14","62.9","75.3"
"","158458","","386553","","Raleek Brown","ARIZONA ST","03","HB","607","95.7","22.9","21.8","92.7","7","82","94.6","93.6"
"","158484","","391441","","Jaylon Glover","UNLV","20","HB","167","64.7","20.1","19.0","72.2","1","19","64.9","63.4"
"","158512","","387183","","Jaylen Jenkins","TEXAS ST","05","HB","60","13.1","23.1","18.2","53.7","1","5","53.2","4.0"
"","158568","","386855","","Richard Reese","STF AUSTIN","29","HB","97","83.5","19.0","18.5","81.8","0","14","94.4","71.5"
"","158615","","398988","","Cam Edwards","UCONN","00","HB","531","98.4","22.4","20.9","87.1","4","62","95.9","99.5"
"","158629","","386526","","Victor Rosa","UCONN","22","HB","154","80.7","19.5","17.9","86.5","0","21","88.9","64.9"
"","158646","","426533","","AJ DiNota","TEXAS A&M","41","HB","4","28.1","11.1","8.6","26.1","0","0","28.5","25.0"
"","158664","","395331","","Le'Veon Moss","TEXAS A&M","08","HB","169","45.5","20.3","18.7","42.5","1","16","52.2","47.8"
"","158712","","406628","","Cade Yacamelli","WISCONSIN","25","HB","119","64.2","18.1","17.3","70.6","0","13","62.3","62.5"
"","158717","","386347","","Jonah Coleman","WASHINGTON","01","HB","457","60.2","19.1","18.9","66.8","0","40","46.9","45.1"
"","158732","","386368","","Rayshon Luke","FRESNO ST","02","HB","285","99.4","23.1","20.9","99.7","5","63","99.2","92.4"
"","158759","","374182","","Greg Desrosiers Jr.","MEMPHIS","13","HB","374","96.6","20.5","19.7","90.2","2","51","80.9","98.7"
"","158773","","443073","","Donta Whack","ROB MORRIS","05","HB","72","32.8","17.1","15.3","5.9","0","2","45.8","51.4"
"","158807","","400007","","Lucky Sutton","S DIEGO ST","07","HB","484","88.4","21.9","20.0","60.2","3","32","57.8","96.0"
"","158816","","393548","","Tye Edwards","W VIRGINIA","02","HB","64","67.2","19.0","17.4","65.6","0","6","47.7","61.6"
"","158924","","397854","","Paul Holyfield Jr.","CAL POLY","22","HB","110","82.4","17.4","16.8","90.5","0","20","78.9","74.8"
"","158925","","386249","","Troy Fletcher","CAL POLY","21","HB","28","49.5","18.0","15.6","60.3","0","2","52.0","47.5"
"","158969","","387176","","Anthony Woods","UCLA","06","HB","235","83.7","18.8","18.3","66.4","0","20","15.1","98.6"
"","158999","","408556","","Vincent Genatone","NEBRASKA","30","HB","1","43.8","8.8","8.8","26.1","0","0","28.5","25.0"
"","159007","","399790","","Eli Gillman","MONTANA","10","HB","338","90.8","21.7","20.7","86.7","4","43","79.3","93.1"
"","159032","","387030","","Aliou-Rocco Traore","N COLORADO","04","HB","152","79.6","18.6","17.2","68.2","0","20","78.7","87.4"
"","159061","","395629","","Quincy Craig","ARIZONA","24","HB","269","93.2","21.3","19.0","95.8","1","49","94.3","84.2"
"","159116","","445123","","Marcus McFarlane","ELON","33","HB","15","12.9","16.4","13.5","11.3","0","1","39.0","25.0"
"","159170","","391883","","Myles Thomason","NEW HAMP","23","HB","611","75.2","20.8","18.9","69.8","1","52","65.6","84.5"
"","159247","","396492","","Lucas Bullock","COLUMBIA","07","HB","188","69.3","20.6","18.2","54.5","1","13","62.6","80.4"
"","159276","","422429","","Johntu Reed","CORNELL","22","HB","33","64.6","18.0","16.3","50.6","0","5","79.0","8.3"
"","159278","","393266","","Gannon Carothers","CORNELL","02","HB","32","49.4","18.8","17.4","66.8","0","6","71.9","2.8"
"","159309","","437263","","Desmin Jackson","DARTMOUTH","10","HB","102","77.2","16.4","16.1","89.2","0","12","58.5","78.6"
"","159311","","397232","","D.J. Crowther","DARTMOUTH","15","HB","241","72.0","19.7","18.0","60.8","0","15","81.3","72.0"
"","159340","","415586","","Jordan Harris","HARVARD","20","HB","117","55.3","19.1","18.2","67.2","0","16","42.0","65.0"
"","159345","","415564","","Isaiah Abbey","HARVARD","27","HB","29","29.4","20.0","14.7","3.0","0","1","9.9","36.4"
"","159371","","398994","","Plez Lawrence","INDIANA ST","01","HB","153","59.9","20.0","18.6","55.6","1","9","38.1","82.2"
"","159446","","386017","","Pat Bowen","STTHOM","10","HB","18","33.5","16.1","14.0","46.1","0","2","18.3","43.6"
"","159507","","386118","","Quasean Holmes","GARD-WEBB","03","HB","397","58.1","20.2","18.9","13.4","1","18","70.3","67.7"
"","159550","","391640","","Zach Palmer-Smith","LA MONROE","06","HB","256","69.0","19.4","18.2","40.9","0","23","61.2","86.5"
"","159559","","419562","","David Lonergan","WAGNER","27","HB","3","22.3","15.4","11.2","26.1","0","1","28.5","25.0"
"","159593","","416218","","Jay Pearson","E ILLINOIS","01","HB","48","30.2","19.1","17.6","62.3","0","5","46.5","1.1"
"","159654","","400098","","Jordan Gant","AKRON","22","HB","570","6.7","20.4","18.2","2.3","1","19","1.4","68.8"
"","159655","","407020","","Craig Cunningham","MOREHEAD","11","HB","18","0.1","12.3","9.5","0.6","0","0","0.1","55.4"
"","159711","","431976","","Ed Osley","MILES","22","HB","18","1.2","13.6","12.4","9.3","0","0","9.3","1.0"
"","159713","","387383","","Terayon Sweet","W OREGON","19","HB","22","31.6","17.5","16.0","72.7","0","5","5.5","25.0"
"","159741","","388564","","Jamar Curtis","SACRAMENTO","01","HB","22","11.8","16.3","14.8","40.3","0","1","41.4","44.0"
"","159808","","398587","","Jayquan Smith","FURMAN","28","HB","110","34.2","17.9","16.5","11.3","0","7","12.9","58.9"
"","159830","","394690","","Ben Croasdale","FURMAN","25","HB","175","80.8","20.9","18.7","93.6","2","26","91.5","51.5"
"","159836","","385646","","CJ Miller","MERCER","22","HB","217","78.3","23.1","20.4","67.7","3","18","53.5","81.2"
"","159936","","387679","","Desmond Reid","PITTSBURGH","00","HB","219","88.9","21.4","19.8","90.3","2","37","93.9","88.0"
"","159991","","393719","","Camury Reid","W CAROLINA","20","HB","161","73.9","21.2","17.8","66.4","1","12","69.1","81.6"
"","159997","","387752","","Kyle Parsons","WOFFORD","05","HB","33","29.5","15.4","14.8","35.1","0","1","42.6","25.0"
"","160061","","420411","","EJ Oakmon","TXAMCO","06","HB","101","66.4","18.7","17.9","82.8","0","11","63.4","58.1"
"","160117","","391773","","Rodeo Graham Jr.","SE LA","16","HB","60","4.8","17.1","14.5","2.7","0","1","12.9","42.0"
"","160174","","398728","","Jo'Shon Barbie","MARSHALL","05","HB","198","82.7","20.3","18.7","72.9","1","23","73.1","90.5"
"","160261","","391462","","Marcus Harris","ALABAMA ST","26","HB","60","77.7","20.6","18.4","81.0","1","10","64.3","58.3"
"","160350","","392593","","NaQuari Rogers","UTAH","21","HB","306","2.7","19.1","17.8","45.2","0","15","11.9","0.4"
"","160363","","395216","","Qua Ashley","BALL ST","09","HB","402","85.5","20.6","20.2","76.9","4","40","72.6","92.8"
"","160375","","395217","","Alexander Diggs","KENNESAW","03","HB","189","83.3","18.6","17.8","94.3","0","18","91.6","56.3"
"","160438","","395585","","Julian Glantz","VILLANOVA","18","HB","1","37.9","9.5","9.5","26.1","0","0","28.5","25.0"
"","160452","","387431","","Eli Smith","VILLANOVA","02","HB","3","43.8","12.1","8.8","26.1","0","0","28.5","25.0"
"","160456","","466431","","Isaiah Wright","VILLANOVA","26","HB","21","9.6","14.9","14.1","12.6","0","0","39.1","6.0"
"","160469","","386817","","Marco Maldonado","COLGATE","04","HB","204","77.2","21.2","19.0","79.7","1","24","87.2","61.9"
"","160519","","400051","","Luke Woodson","DRAKE","20","HB","77","43.0","18.2","17.1","40.1","0","5","39.8","61.8"
"","160531","","385444","","Eden James","HOWARD","05","HB","18","4.9","16.4","14.7","46.1","0","2","5.8","4.5"
"","160588","","395069","","Lashaun Lester","S ILLINOIS","28","HB","77","0.3","18.9","15.8","5.8","0","3","1.7","0.7"
"","160768","","408456","","Emari Matthews","JACKSON ST","30","HB","23","4.4","18.9","13.6","8.6","0","1","6.6","13.3"
"","160917","","386323","","Luke Schalow","VA MILT IN","21","HB","98","29.5","17.5","16.3","42.2","0","6","2.3","62.3"
"","160968","","398763","","Jaden Meizinger","DRAKE","05","HB","94","70.3","18.1","16.9","65.3","0","8","61.7","79.8"
"","161150","","382854","","Cameren Smith","CHARLOTTE","25","HB","192","84.1","20.3","18.4","6.0","1","8","69.0","94.8"
"","161295","","416228","","Griffin Caldwell","BUTLER","27","HB","110","67.9","21.4","18.4","68.9","1","18","71.1","68.1"
"","161322","","392509","","Ershod Jasey II","BUTLER","09","HB","7","22.3","15.1","12.7","26.1","0","1","28.5","25.0"
"","161419","","386927","","Ismail Mahdi","ARIZONA","21","HB","368","92.1","23.0","20.7","95.4","3","53","90.4","85.6"
"","161499","","395587","","Jared Rhodes","LNDNWD","07","HB","218","70.5","18.9","17.9","73.1","0","19","59.7","74.7"
"","161505","","386210","","Kylan Galbreath","MURRAY ST","09","HB","39","55.2","18.4","17.1","90.0","0","7","51.9","45.3"
"","161659","","392401","","Torin Baker","TENN TECH","25","HB","73","81.8","19.3","18.7","90.2","0","29","93.4","62.1"
"","161681","","386543","","OJ Ross","LIUSHAR","05","HB","392","84.9","19.2","19.1","83.1","0","34","77.6","88.4"
"","161828","","419569","","Qwentin Brown","BROWN","01","HB","130","58.3","18.8","16.8","49.7","0","7","52.6","57.2"
"","161862","","395540","","Johnny Crawford III","CITADEL","04","HB","1","16.9","7.7","7.7","26.1","0","0","28.5","25.0"
"","161876","","418675","","Corey Ibrahim","CITADEL","20","HB","104","31.4","19.2","16.3","6.2","0","5","9.6","66.9"
"","161915","","409777","","Eddie Clark","MCKENDREE","01","HB","45","36.2","17.1","15.7","39.2","0","4","61.8","7.5"
"","162311","","362344","","Xavier Leigh","N DAKOTA","20","HB","172","90.0","20.6","20.0","92.9","3","31","96.0","72.9"
"","162332","","408604","","Curtis Whiting","SACR HEART","02","HB","32","9.9","14.7","14.1","7.3","0","0","48.2","4.7"
"","162457","","389059","","TJ Harden","SMU","27","HB","444","3.1","21.0","18.8","3.7","2","18","1.6","9.1"
"","162530","","393541","","Sutton Smith","MEMPHIS","05","HB","248","86.1","20.9","19.7","96.4","2","36","57.6","87.8"
"","162541","","406055","","Brandon Chatman","NAVY","24","HB","697","99.7","20.8","19.6","99.0","2","156","91.7","100.0"
"","162579","","428940","","Shane Reynolds","NAVY","37","HB","56","26.7","17.2","15.4","43.3","0","4","13.0","37.3"
"","162587","","406065","","Alex Tecza","NAVY","46","HB","638","94.2","21.6","20.0","87.4","3","73","70.7","98.5"
"","162642","","391687","","Marlon Gunn Jr.","E CAROLINA","21","HB","240","90.1","21.3","19.3","88.6","1","23","94.5","80.0"
"","162657","","386282","","Cam Barfield","HAWAII","00","HB","262","94.3","20.2","19.6","96.5","1","37","90.0","90.4"
"","162692","","395004","","Travis Bates","DUKE","13","HB","15","12.7","19.5","15.3","36.0","0","3","16.2","36.2"
"","162731","","428209","","Tre'Vonte Citizen","MCNEESE","07","HB","253","79.4","21.9","20.1","83.9","2","19","67.9","72.0"
"","162827","","386511","","CJ Stokes","CHARLOTTE","23","HB","118","61.2","18.0","16.4","35.6","0","9","58.4","80.7"
"","162843","","391126","","Joseph Himon II","NWESTERN","06","HB","220","98.3","20.4","19.7","96.0","3","41","99.9","83.7"
"","162862","","393501","","TC Caffey","YNGTOWN ST","20","HB","16","36.4","15.3","14.4","15.3","0","1","40.5","50.7"
"","162865","","391417","","Dallan Hayden","COLORADO","07","HB","211","68.0","20.8","18.8","44.9","1","14","73.0","77.5"
"","162899","","386403","","Sam Brown V","RUTGERS","27","HB","43","7.5","19.8","15.2","1.8","0","1","12.5","45.0"
"","163001","","400891","","Quinton Jackson","RICE","10","HB","424","87.6","20.6","19.6","85.4","1","53","91.9","89.7"
"","163009","","385999","","Lee Beebe Jr.","INDIANA","29","HB","43","49.1","18.2","17.1","53.4","0","7","61.1","39.8"
"","163012","","386008","","Taven Curry","AKRON","26","HB","13","8.7","15.6","13.0","12.7","0","1","9.8","25.0"
"","163031","","386757","","Torrance Burgess Jr.","TEXAS ST","04","HB","47","10.3","18.8","16.4","50.0","0","4","52.4","3.1"
"","163055","","385509","","LT Sanders","N ALABAMA","04","HB","69","24.7","16.7","15.7","43.9","0","3","38.9","6.8"
"","163107","","393512","","Jaylen Jennings","ARKAPB","25","HB","130","48.1","18.9","17.4","74.8","0","5","11.3","50.9"
"","163158","","396984","","Jalen Buckley","W MICHIGAN","06","HB","429","92.3","22.2","21.1","88.0","4","51","75.9","95.6"
"","163213","","387144","","Hayden Reed","ARMY","08","HB","349","43.1","19.2","18.5","50.9","0","18","0.3","74.4"
"","163220","","387152","","Noah Short","ARMY","15","HB","751","99.9","21.0","20.4","99.6","6","180","96.9","99.5"
"","163255","","395021","","Preston Rex","BYU","12","HB","74","74.6","17.5","16.7","66.3","0","10","68.1","83.3"
"","163362","","387108","","Christian Washington","S DIEGO ST","23","HB","205","89.0","20.8","19.3","90.0","1","22","84.7","87.9"
"","163378","","415633","","Seth Knothe","BOISE ST","28","HB","12","0.4","11.2","10.3","0.2","0","0","1.8","8.5"
"","163400","","431799","","Justin Guin","N COLORADO","06","HB","123","83.6","20.1","19.3","83.6","2","22","90.2","74.4"
"","163418","","447827","","Ryan Warkentin","FRESNO ST","27","HB","1","16.9","12.5","12.5","26.1","0","0","28.5","25.0"
"","163425","","385508","","Robert Briggs","SO MISS","14","HB","167","76.0","19.7","18.7","79.4","0","20","83.0","67.6"
"","163700","","434181","","Brinston Williams","W ILLINOIS","20","HB","65","70.6","18.8","17.6","64.8","0","11","58.6","69.4"
"","163723","","431968","","Dominic Rezac","VANDERBILT","43","HB","10","31.0","19.3","14.5","36.8","0","1","43.9","25.0"
"","163749","","386704","","Branson Robinson","GA STATE","22","HB","136","34.7","20.9","16.8","11.5","1","6","2.7","73.0"
"","163756","","393474","","Hunter Barnes","TENNESSEE","24","HB","1","22.3","7.1","7.1","26.1","0","0","28.5","25.0"
"","163855","","426743","","Colin Page","TEXAS","27","HB","1","22.3","0.0","0.0","26.1","0","0","28.5","25.0"
"","163857","","387214","","Savion Red","SACRAMENTO","00","HB","26","71.6","18.4","16.9","67.9","0","8","68.9","53.5"
"","163868","","423531","","Ky Woods","NEVADA","25","HB","79","93.8","19.7","19.0","98.6","0","36","96.6","83.0"
"","163890","","405960","","Mason Hatfield","Falcons","22","HB","2","22.3","16.8","16.6","26.1","0","2","28.5","25.0"
"","163930","","393562","","Sam Slade","HOLY CROSS","07","HB","107","39.0","20.0","17.3","56.7","0","6","18.9","46.0"
"","164060","","399100","","Dason Brooks","IDAHO ST","28","HB","375","2.0","18.5","17.2","5.1","0","12","0.3","4.9"
"","164117","","388802","","Jerrell Wimbley","STF AUSTIN","10","HB","235","63.2","22.6","19.8","56.8","2","17","89.9","38.7"
"","164158","","386127","","Kaytron Allen","PENN STATE","13","HB","434","86.9","21.4","20.4","90.8","3","58","87.6","75.4"
"","164173","","366231","","Tyler Holzworth","PENN STATE","34","HB","1","28.1","12.2","12.2","26.1","0","0","28.5","25.0"
"","164188","","386149","","Nicholas Singleton","PENN STATE","10","HB","348","95.8","21.0","20.3","98.5","3","53","98.2","59.5"
"","164280","","393463","","Jalyn Daniels","N ALABAMA","11","HB","53","87.5","19.9","19.0","97.9","0","27","86.7","65.1"
"","164350","","408326","","Hayden Kincheloe","IDAHO","37","HB","27","43.2","15.1","14.1","15.7","0","1","13.1","39.1"
"","164405","","387767","","Jared White","MONTANA ST","03","HB","35","50.0","18.1","16.5","54.3","0","5","41.5","62.2"
"","164410","","395626","","Chase Belcher","KENNESAW","04","HB","270","96.2","20.2","18.9","94.9","1","42","99.5","76.0"
"","164528","","405996","","Griffin Woodell","ALBANY","02","HB","204","79.6","19.9","19.1","94.5","0","38","84.6","57.3"
"","164549","","397849","","Jo Silver","DELAWARE","27","HB","491","92.1","20.5","19.9","86.4","3","45","83.9","94.1"
"","164564","","392488","","Makhi Green","MONMOUTH","06","HB","17","45.0","18.4","15.5","59.3","0","2","60.6","49.6"
"","164692","","399610","","Wilhelm Daal","YALE","28","HB","131","60.4","22.0","19.9","59.9","2","13","54.5","54.3"
"","164699","","393588","","Josh Pitsenberger","YALE","07","HB","419","81.3","22.3","19.4","45.0","1","27","63.3","92.7"
"","164700","","421299","","Cameron Price","YALE","04","HB","13","4.2","17.9","12.4","10.0","0","1","9.0","7.9"
"","164728","","391900","","Kevon King","NORFOLK","09","HB","164","88.0","22.2","20.5","80.5","3","27","88.0","89.1"
"","164768","","392444","","Chris Mosley","NC CENT","01","HB","288","93.0","22.6","19.8","83.4","1","42","89.3","95.3"
"","164776","","411271","","Jayden Jenkins","DELWARE ST","04","HB","70","87.4","19.8","18.9","75.9","0","17","89.1","88.7"
"","164844","","398550","","Charles Pierre Jr.","S DAKOTA","03","HB","43","59.1","16.6","15.2","11.1","0","3","67.7","73.5"
"","164924","","408479","","Da'Shaun Whatley","YNGTOWN ST","24","HB","4","16.9","15.3","12.5","26.1","0","1","28.5","25.0"
"","164938","","398582","","Seth Glatz","ILL STATE","21","HB","113","64.1","20.0","18.7","72.0","1","17","50.9","71.0"
"","165123","","389875","","Jarel Washington","STHLSK","08","HB","154","58.6","17.7","16.6","35.5","0","7","86.8","49.6"
"","165127","","389881","","Zavion Woodard","STHLSK","02","HB","115","49.4","16.0","15.8","12.9","0","6","40.5","73.3"
"","165194","","386217","","Jawaun Northington","MURRAY ST","30","HB","342","61.6","21.8","19.3","50.7","1","22","39.9","83.2"
"","165210","","392640","","Mari Adams","DAVIDSON","02","HB","58","4.1","15.2","14.0","1.0","0","2","1.0","66.1"
"","165230","","392660","","Mason Sheron","DAVIDSON","00","HB","79","50.7","18.7","16.4","46.2","0","5","41.1","48.5"
"","165266","","393728","","Adam Criter","SAN DIEGO","04","HB","65","44.8","17.4","16.2","72.3","0","6","37.4","6.8"
"","165294","","385772","","Gabriel Abel","STTHOM","01","HB","25","7.9","16.9","14.3","10.2","0","1","14.8","12.4"
"","165354","","399496","","Donovan Shepard","HAMPTON","23","HB","88","84.2","18.6","17.9","85.6","0","17","96.9","72.3"
"","165434","","395124","","Tyler Smith","SCAR STATE","10","HB","309","79.9","21.3","19.9","95.6","3","33","65.3","73.1"
"","165683","","388537","","Rovaughn Banks Jr.","ABILENE CH","03","HB","245","53.7","19.5","18.4","67.5","0","20","52.1","50.9"
"","165733","","392267","","Bretton Stone","UTAHTC","06","HB","95","49.1","16.9","16.5","79.6","0","12","19.1","43.5"
"","165740","","388574","","Major Bowden","LAMAR","02","HB","142","83.5","17.8","17.2","80.1","0","21","79.2","86.4"
"","166242","","408184","","Jermaine Land","W OREGON","23","HB","18","31.7","17.6","16.1","53.2","0","4","55.0","13.5"
"","166528","","419645","","Solomon Locke","CHATTNOOGA","20","HB","36","47.6","20.9","17.3","54.8","1","3","59.8","40.3"
"","166688","","397001","","Carter James","MARIST","09","HB","5","37.9","14.1","9.2","26.1","0","0","28.5","25.0"
"","166719","","364077","","Joraye Morrison","GARD-WEBB","37","HB","25","1.0","12.8","11.4","1.4","0","0","0.8","4.9"
"","166999","","399089","","Ness Davis","DUQUESNE","32","HB","161","73.1","20.0","18.8","71.1","1","18","75.7","72.7"
"","167023","","388743","","Kierstan Rogers","KY STATE","21","HB","1","26.0","13.2","13.2","26.1","0","0","28.5","25.0"
"","167089","","387306","","Chance Williams","CINCINNATI","07","HB","37","3.7","15.3","14.0","3.9","0","1","12.7","8.7"
"","167095","","387244","","Floyd Chalk IV","S JOSE ST","03","HB","121","0.7","18.4","16.3","0.5","0","6","1.6","42.6"
"","167130","","391765","","Kendric Rhymes","TENN STATE","01","HB","107","64.5","20.5","18.9","73.7","1","24","77.0","48.0"
"","167136","","391760","","Karl Ligon","ALABAMA ST","04","HB","50","67.8","21.1","19.5","86.9","1","12","89.6","10.2"
"","167571","","393734","","Tamaj Hoffman","NICHOLLS","35","HB","40","42.9","19.6","16.2","46.5","0","4","14.0","64.0"
"","167653","","395060","","Dareion Murphy","PRINCETON","05","HB","37","26.6","19.3","15.5","44.0","0","2","50.0","1.8"
"","168354","","395123","","Josh Shaw","SCAR STATE","32","HB","77","39.0","20.7","18.7","57.1","2","8","19.4","3.6"
"","168419","","390019","","DeKalon Taylor","COLORADO","20","HB","87","78.6","19.4","18.9","91.1","0","22","91.5","64.8"
"","168442","","390005","","Isaiah Robinson","INCAR WORD","04","HB","15","3.2","12.8","11.1","6.6","0","0","3.2","36.9"
"","168571","","387093","","Keith Jenkins Jr.","MORGAN ST","01","HB","71","84.8","18.2","17.6","89.5","0","13","83.2","77.4"
"","169019","","365243","","Da'Veon Ford","TEXAS STHN","03","HB","77","0.5","16.1","14.7","0.9","0","1","1.3","11.7"
"","169106","","422688","","Donovan Journey","KY STATE","20","HB","1","22.3","14.9","14.9","26.1","0","0","28.5","25.0"
"","169178","","395100","","Mel Brown","UCONN","07","HB","64","75.0","19.8","18.0","86.1","0","11","81.5","58.2"
"","169535","","398562","","Jacorian Sewell","ALCORN ST","28","HB","206","41.6","17.8","16.4","11.9","0","9","9.4","74.6"
"","169910","","453945","","Joshua Harriott","FAU","20","HB","8","16.9","13.3","11.3","26.1","0","0","28.5","25.0"
"","169923","","431499","","Gemari Sands","FAU","23","HB","380","74.4","20.0","18.4","68.1","1","41","73.3","78.4"
"","169927","","426450","","Xavier Terrell","FAU","25","HB","177","29.7","18.2","17.2","71.3","0","16","55.6","1.6"
"","169966","","416004","","Jaxson Lavender","SMU","15","HB","10","8.3","14.6","12.7","12.2","0","0","15.3","25.0"
"","169972","","412480","","Arnold Barnes III","TULANE","20","HB","164","63.1","18.5","17.8","63.7","0","12","73.5","53.4"
"","169975","","429874","","Trey Cornist","C MICHIGAN","06","HB","199","80.2","19.4","18.0","74.6","0","22","73.4","86.9"
"","170051","","407414","","Peyton Jones","DUKE","05","HB","34","59.3","17.7","16.5","56.5","0","7","62.7","66.7"
"","170066","","406234","","Evan Dickens","LIBERTY","23","HB","518","96.7","21.7","20.9","89.0","4","67","81.0","99.2"
"","170126","","428560","","Caleb Williams","PITTSBURGH","30","HB","20","30.1","16.0","14.4","36.2","0","1","18.5","43.7"
"","170168","","415833","","Kamari Moulton","IOWA","28","HB","341","88.2","18.5","18.2","53.2","0","31","70.7","98.0"
"","170178","","415841","","TJ Washington Jr.","IOWA","08","HB","89","86.3","19.4","18.6","89.3","0","12","84.1","82.2"
"","170203","","407236","","Nolan Ray","MARYLAND","02","HB","210","64.7","21.5","19.5","66.0","1","18","75.1","52.8"
"","170228","","425425","","Kwinten Ives","NEBRASKA","28","HB","43","55.7","19.3","18.0","57.3","0","7","64.7","38.8"
"","170288","","430287","","London Montgomery","E CAROLINA","07","HB","385","73.4","22.4","19.7","69.3","2","27","63.0","82.9"
"","170302","","428533","","Cam Wallace","PENN STATE","26","HB","15","35.5","16.4","14.8","43.7","0","2","47.4","39.0"
"","170306","","406835","","Ja'shon Benjamin","RUTGERS","20","HB","154","59.7","17.6","17.1","12.5","0","7","64.8","77.4"
"","170309","","450384","","Donovan Delaney Jr.","KENT STATE","25","HB","25","37.0","15.5","14.5","39.4","0","1","41.8","50.0"
"","170356","","426428","","Samuel Singleton Jr.","FLORIDA ST","28","HB","86","72.8","22.1","19.3","91.7","2","17","65.8","59.2"
"","170378","","412329","","Kendrick Raphael","CAL","01","HB","623","60.6","19.7","18.9","54.1","0","35","8.6","89.1"
"","170387","","434336","","Muwaffaq Parkman","ROB MORRIS","21","HB","1","16.9","9.6","9.6","26.1","0","0","28.5","25.0"
"","170487","","406499","","Jekail Middlebrook","MIDDLE TN","09","HB","533","96.9","20.6","19.4","91.9","1","58","83.3","98.8"
"","170530","","412929","","Landen Chambers","CENT ARK","00","HB","310","44.7","19.6","17.9","70.9","0","25","41.2","12.5"
"","170591","","407770","","Brayden Latham","E KENTUCKY","14","HB","417","95.3","21.3","18.7","78.6","1","38","76.1","97.9"
"","170655","","416395","","Kendric Sanders","CAL POLY","34","HB","175","71.2","18.1","17.6","75.1","0","17","63.5","76.5"
"","170714","","430365","","Ryan Fontaine","N ARIZONA","21","HB","23","40.1","17.9","15.4","49.9","0","3","45.5","44.8"
"","170759","","416510","","Delon Thompson","PORTLAND","24","HB","540","92.9","22.1","19.6","85.7","1","52","65.1","97.9"
"","170847","","426473","","Nick Laughlin","MAINE","20","HB","73","94.1","19.8","18.8","87.8","0","17","91.4","95.0"
"","170887","","418281","","Rodney Nelson","MONMOUTH","20","HB","549","80.9","21.1","20.5","74.9","4","47","86.2","80.2"
"","170897","","412529","","Jamaal Brown","RICHMOND","07","HB","285","84.6","19.4","18.3","80.3","0","23","92.2","77.3"
"","170904","","429441","","Aziz Foster-Powell","RICHMOND","03","HB","410","57.3","20.3","17.5","51.5","1","21","15.2","81.4"
"","170926","","421315","","Ja'briel Mace","VILLANOVA","04","HB","75","83.0","18.7","18.2","90.7","0","21","87.3","79.1"
"","170932","","418448","","Isaiah Ragland","VILLANOVA","20","HB","136","49.8","20.2","17.5","39.4","1","9","47.0","66.5"
"","170995","","429105","","Brady Mott","ARMY","18","HB","38","71.4","16.8","16.2","54.8","0","7","67.3","71.2"
"","171009","","423288","","Jake Rendina","ARMY","33","HB","221","34.4","15.7","15.6","0.8","0","6","0.2","79.4"
"","171016","","436489","","Carson Smith","ARMY","34","HB","212","67.0","17.8","16.6","35.7","0","11","2.2","88.4"
"","171024","","412183","","Kanye Udoh","ARIZONA ST","06","HB","121","61.9","17.9","16.8","41.8","0","9","53.0","68.4"
"","171060","","436506","","Danny Shaban","COLGATE","21","HB","220","66.8","18.3","17.8","63.6","0","16","17.2","86.3"
"","171078","","406069","","Dylan Devezin","NOTRE DAME","25","HB","1","34.4","0.1","0.1","26.1","0","0","28.5","25.0"
"","171090","","406074","","Jeremiyah Love","NOTRE DAME","04","HB","427","81.4","22.3","21.3","86.7","7","53","84.6","70.7"
"","171121","","437366","","Griffin Johnson","COLUMBIA","32","HB","135","34.5","19.1","16.5","0.4","0","8","38.8","74.2"
"","171155","","415892","","Ean Pope","CORNELL","04","HB","34","54.3","17.2","16.7","70.0","0","10","70.1","10.0"
"","171180","","437302","","Colin O'Garro","DARTMOUTH","20","HB","3","22.3","9.2","8.0","26.1","0","0","28.5","25.0"
"","171198","","428713","","Messiah Burch","BUFFALO","04","HB","18","44.8","18.6","16.1","72.5","0","4","42.5","25.0"
"","171203","","427768","","Dylan Kedzior","BRYANT","24","HB","74","67.1","20.4","17.9","64.7","1","10","88.4","43.1"
"","171214","","415644","","Lamar Sperling","BUFFALO","32","HB","61","51.9","20.6","17.4","65.7","1","5","18.4","63.4"
"","171225","","458773","","Jakivion Calip","C MICHIGAN","04","HB","9","22.3","14.5","11.5","26.1","0","0","28.5","25.0"
"","171234","","458778","","Mekhi Jenkins","C MICHIGAN","24","HB","1","16.9","9.9","9.9","26.1","0","0","28.5","25.0"
"","171243","","425381","","Germanuel Tanelus","C MICHIGAN","46","HB","1","22.3","9.8","9.8","26.1","0","0","28.5","25.0"
"","171260","","415675","","Jahzae Kimbrough","KENT STATE","84","HB","76","66.2","18.1","16.4","61.1","0","5","89.2","45.0"
"","171324","","426324","","Jaylen Poe","N ILLINOIS","28","HB","53","60.0","17.4","16.7","83.7","0","7","71.4","7.8"
"","171350","","418153","","Rickey Hunt Jr.","MIDDLE TN","28","HB","172","65.1","18.5","17.6","87.8","0","14","16.6","67.3"
"","171392","","408065","","Connor Walendzak","TOLEDO","24","HB","111","51.1","17.6","16.7","16.2","0","6","19.5","75.5"
"","171397","","420350","","Tre' Hartwell","W MICHIGAN","26","HB","25","56.0","17.6","15.2","58.2","0","3","17.8","49.8"
"","171436","","455847","","Angelo St. Louis","INDIANA ST","07","HB","14","31.2","14.3","13.5","6.8","0","0","39.0","54.1"
"","171449","","418434","","Ramone Green Jr.","MO STATE","22","HB","240","98.6","22.3","20.5","96.2","2","44","98.7","96.1"
"","171486","","463592","","Shakur Wright","N IOWA","24","HB","1","40.9","14.6","14.6","26.1","0","0","28.5","25.0"
"","171559","","407165","","Dorian Lewis","LA MONROE","28","HB","133","64.4","21.1","18.4","85.0","1","18","71.6","39.7"
"","171624","","424614","","Matthias Latham","MERRIMACK","34","HB","101","62.7","17.3","16.4","44.5","0","7","55.2","79.7"
"","171634","","408302","","Brendon Wyatt","MERRIMACK","01","HB","111","91.0","20.3","19.4","95.1","1","26","97.9","64.7"
"","171679","","452195","","Jordan Theodore","ST FRANCIS","21","HB","14","34.3","15.9","14.4","50.2","0","3","40.0","38.2"
"","171683","","407079","","Andrew Vines","ST FRANCIS","07","HB","8","16.9","16.3","14.3","26.1","0","1","28.5","25.0"
"","171713","","412612","","Sekou Kamau","WAGNER","00","HB","64","65.7","19.7","17.4","64.5","0","8","75.7","60.2"
"","171764","","428881","","Steve Hall","LNDNWD","22","HB","160","40.3","19.3","17.8","1.8","0","7","38.5","74.8"
"","171806","","424742","","Cole Ruble","SE MO ST","15","HB","160","78.2","19.1","18.3","78.2","0","17","79.2","76.3"
"","171854","","439396","","Brandon Johnson","N COLORADO","20","HB","106","55.6","19.5","18.2","66.6","0","14","69.7","41.0"
"","171893","","406848","","Dylan Edwards","KANSAS ST","03","HB","89","74.0","21.3","19.7","92.1","2","19","84.4","56.7"
"","171916","","450129","","Ryder Bumgarner","CENT WASH","06","HB","20","38.8","17.1","14.5","49.1","0","2","41.3","46.4"
"","171953","","419594","","Anthony DiLascio","BUCKNELL","28","HB","8","16.9","13.0","10.5","26.1","0","0","28.5","25.0"
"","172019","","408213","","Bryce Cox","GEORGETOWN","01","HB","61","33.1","15.0","13.3","0.1","0","1","15.5","70.5"
"","172022","","430375","","Udechukwu Enyeribe","GEORGETOWN","27","HB","65","80.0","18.9","16.9","61.7","0","10","69.6","92.3"
"","172045","","408552","","Kente Edwards","LAFAYETTE","26","HB","363","79.2","22.1","21.2","82.6","5","42","97.1","45.5"
"","172068","","408573","","Ethan Weber","LAFAYETTE","32","HB","216","68.1","21.7","20.0","71.4","3","21","62.4","73.3"
"","172094","","415885","","Luke Yoder","LEHIGH","06","HB","256","85.2","22.3","21.3","87.6","5","34","93.8","69.1"
"","172130","","416324","","Levi Moell","DAYTON","26","HB","25","13.0","17.9","15.7","40.9","0","4","14.6","25.0"
"","172140","","412984","","Jackson Lanier","MOREHEAD","28","HB","22","4.9","19.9","14.9","4.5","0","1","16.1","12.0"
"","172143","","411222","","Caleb Ramseur","NEVADA","41","HB","424","71.0","19.1","18.7","86.8","0","57","83.8","41.9"
"","172192","","406958","","Cedric Hawkins","ARK STATE","22","HB","19","48.2","17.0","15.8","63.5","0","4","56.8","36.8"
"","172220","","407858","","Durell Robinson","AUBURN","21","HB","9","22.3","19.9","15.2","26.1","0","3","28.5","25.0"
"","172238","","422354","","Ke'Marion Baldwin","CHARLES SO","04","HB","282","95.4","19.9","19.5","77.6","0","24","92.9","97.5"
"","172271","","407504","","Kadarius Calloway","NEW MEX ST","01","HB","341","92.5","23.0","20.5","93.6","3","39","95.8","78.7"
"","172284","","439722","","Alex Jreige","ALBANY","05","HB","148","71.4","18.9","16.9","67.3","0","16","66.4","78.7"
"","172294","","407537","","Devin Roche","DOMINION","03","HB","293","57.6","20.7","18.6","88.7","1","27","56.0","52.2"
"","172310","","412355","","PJ Martin","S ALABAMA","22","HB","132","60.8","20.0","18.5","58.7","0","10","70.4","60.5"
"","172356","","408099","","Jordan Lovett","TROY","01","HB","242","98.6","20.6","20.3","96.9","4","34","97.4","96.9"
"","172379","","406426","","Justice Haynes","MICHIGAN","22","HB","276","78.0","22.5","22.0","82.0","5","28","69.2","78.1"
"","172443","","406217","","Jeremiah Cobb","AUBURN","23","HB","570","88.1","21.4","20.3","93.0","4","68","90.6","77.6"
"","172478","","422385","","Trey Holly","SOUTHERN U","06","HB","52","6.6","15.6","15.2","7.0","0","4","3.8","51.8"
"","172483","","407528","","Kaleb Jackson","LSU","28","HB","32","44.9","16.2","15.6","36.6","0","4","10.2","48.3"
"","172525","","407513","","Kedrick Reescano","ARIZONA","03","HB","231","61.1","20.2","18.3","59.4","1","22","50.8","71.2"
"","172528","","429760","","Ali Scott Jr.","BETH COOK","11","HB","149","35.3","18.1","16.7","48.3","0","7","2.1","50.6"
"","172539","","407817","","Seth Davis","MISS STATE","23","HB","8","16.9","19.0","12.8","26.1","0","1","28.5","25.0"
"","172552","","407837","","Jeffery Pittman","SO MISS","00","HB","365","86.3","19.3","18.5","56.9","0","28","87.4","91.4"
"","172590","","407310","","Rueben Owens II","TEXAS A&M","04","HB","368","86.8","21.6","20.3","75.9","3","43","90.1","85.9"
"","172605","","406097","","Sedrick Alexander","VANDERBILT","28","HB","505","80.5","20.8","19.6","80.4","1","51","54.3","91.9"
"","172623","","423504","","AJ Newberry","VANDERBILT","23","HB","88","78.9","18.7","18.1","97.5","0","25","72.5","52.1"
"","172675","","407562","","Tyrell Coard","MERCER","25","HB","63","50.2","18.5","16.9","76.6","0","7","9.7","59.8"
"","172695","","407894","","Cooper Johns","CITADEL","30","HB","3","16.9","8.1","7.3","26.1","0","0","28.5","25.0"
"","172749","","373364","","Coleby Hamm","MCNEESE","20","HB","235","29.3","19.8","18.2","48.1","0","15","42.3","3.6"
"","172808","","407885","","Deantre Jackson","SE LA","03","HB","53","65.9","23.1","20.8","81.1","4","7","82.8","53.9"
"","172872","","428231","","Levontai Summersett","FL A&M","09","HB","36","51.1","16.3","15.5","50.1","0","3","62.3","48.8"
"","172895","","406145","","Ahmad Miller","JACKSON ST","27","HB","188","94.0","21.0","19.5","77.9","3","22","97.8","91.7"
"","172942","","407599","","Timothy Carter","INCAR WORD","20","HB","72","7.7","16.2","14.6","2.1","0","1","2.4","64.3"
"","173001","","408703","","Kona Crowell","UTAHTC","22","HB","10","25.1","16.1","13.7","43.8","0","2","15.7","25.0"
"","173029","","429596","","Manny Covey","CINCINNATI","29","HB","79","77.3","18.9","18.4","83.5","0","10","76.5","73.4"
"","173047","","407676","","Parker Jenkins","E CAROLINA","05","HB","192","51.8","18.6","16.4","45.0","0","9","56.7","58.4"
"","173055","","429299","","Re'Shaun Sanford II","HOUSTON","06","HB","4","16.9","0.3","0.3","26.1","0","0","28.5","25.0"
"","173080","","446318","","Carson Morgan","RICE","30","HB","13","24.7","15.2","13.9","17.0","0","1","40.7","7.5"
"","173087","","428857","","Johnny Thompson Jr.","KANSAS","20","HB","16","42.4","16.8","14.7","52.2","0","2","60.9","10.5"
"","173101","","445841","","Trey Engram","TOWSON","20","HB","10","46.4","18.3","15.0","55.8","0","3","81.7","7.4"
"","173106","","407404","","Joe Jackson","KANSAS ST","04","HB","465","88.0","21.6","20.8","81.1","5","48","88.0","88.7"
"","173133","","416001","","Cam Cook","JVILLE ST","04","HB","787","98.1","20.7","20.3","92.5","5","108","94.0","98.9"
"","173153","","406881","","CJ Baxter","TEXAS","04","HB","158","24.8","19.8","16.6","6.1","0","5","1.2","50.4"
"","173192","","412667","","Jahiem White","W VIRGINIA","01","HB","59","57.6","18.9","17.2","72.2","0","8","63.8","48.6"
"","173209","","430146","","Makenzie McGill II","N TEXAS","00","HB","192","85.9","19.3","17.9","81.9","0","26","96.1","70.8"
"","173224","","406771","","Daelen Alexander","RICE","20","HB","162","60.2","21.3","19.7","63.9","1","13","61.0","62.1"
"","173281","","412443","","Joquez Smith","TEMPLE","24","HB","25","51.9","16.6","15.6","53.0","0","4","68.1","42.8"
"","173409","","451281","","Cortez LeGrant","N DAK ST","28","HB","20","35.7","18.4","15.7","47.4","0","3","50.4","10.9"
"","173422","","406404","","Darius Taylor","MINNESOTA","01","HB","330","91.3","21.4","20.1","78.9","3","28","93.5","90.4"
"","173426","","428772","","Marquese Williams","AKRON","24","HB","50","53.3","18.3","17.3","71.6","0","8","59.1","41.6"
"","173460","","425507","","Justin Marshall","COLO STATE","20","HB","129","93.4","20.6","18.8","88.9","2","18","86.1","95.4"
"","173465","","419455","","Damian Henderson II","SACRAMENTO","04","HB","152","81.0","21.5","19.6","81.5","2","18","84.8","71.8"
"","173506","","406227","","Devon Rivers","FRESNO ST","20","HB","1","16.9","5.0","5.0","26.1","0","0","28.5","25.0"
"","173542","","407393","","Rod Robinson II","GEORGIA","00","HB","16","64.5","16.3","14.9","49.3","0","3","45.2","55.4"
"","173622","","407930","","Saeed St. Fleur","DELAWARE","28","HB","13","13.3","15.8","14.3","37.9","0","1","17.0","25.0"
"","173664","","426612","","Major Givens","WEBER ST","30","HB","1","11.9","9.9","9.9","26.1","0","0","28.5","25.0"
"","173701","","407074","","Kalib Hicks","OKLA STATE","01","HB","66","49.9","18.2","17.0","61.6","0","9","52.5","43.5"
"","173709","","449026","","Chapman McKown","CENT ARK","29","HB","66","82.6","19.5","18.3","84.8","0","14","83.1","77.8"
"","173719","","407313","","Hollywood Smothers","NC STATE","03","HB","457","94.5","22.6","21.5","84.2","5","45","75.9","99.0"
"","173745","","453409","","Malaki Dowell","AUSTINPEAY","24","HB","24","31.5","18.8","16.2","38.6","0","4","45.3","25.0"
"","173768","","419625","","Courtland Simmons","AUSTINPEAY","11","HB","253","91.4","20.0","18.8","88.4","0","33","90.4","89.3"
"","173772","","445093","","Marquez Taylor","UTEP","21","HB","57","65.6","19.1","16.9","85.0","0","6","76.6","42.1"
"","173775","","419626","","Kaden Williams","AUSTINPEAY","07","HB","144","75.9","18.3","17.7","92.1","0","23","82.8","49.2"
"","173804","","425687","","DJ Scott","N DAK ST","07","HB","87","50.9","17.0","16.0","9.8","0","5","57.3","66.6"
"","173819","","431061","","Jason Collins Jr.","MORGAN ST","02","HB","270","92.5","22.2","20.0","94.3","2","35","93.3","85.0"
"","173850","","406509","","Dylan Carson","AIR FORCE","05","HB","273","58.2","17.2","16.8","62.9","0","17","18.8","74.0"
"","173865","","429407","","Terrence Gist","AIR FORCE","12","HB","93","39.1","19.1","15.6","6.2","0","2","1.0","69.8"
"","173889","","413047","","Iverson Young","MO STATE","03","HB","8","16.9","16.3","12.6","26.1","0","1","28.5","25.0"
"","173894","","416263","","Ethan Clark","PRINCETON","21","HB","209","58.6","18.8","17.2","65.0","0","20","47.2","67.1"
"","173968","","415562","","Isaiah Carlson","UCLA","27","HB","1","43.8","8.1","8.1","26.1","0","0","28.5","25.0"
"","173979","","415631","","Troy Leigber","UCLA","32","HB","7","29.1","18.5","12.8","26.1","0","1","28.5","25.0"
"","173999","","431451","","TJ Horton","BALL ST","04","HB","217","88.2","20.0","19.4","99.1","1","43","94.3","42.7"
"","174024","","411895","","Kaden Feagin","ILLINOIS","03","HB","381","90.6","20.3","18.8","16.0","2","20","11.2","69.3"
"","174036","","415598","","Cole Cabana","W MICHIGAN","04","HB","14","48.5","17.0","16.0","46.5","0","4","70.2","25.0"
"","174038","","406265","","Benjamin Hall","N CAROLINA","28","HB","159","90.3","17.2","16.9","82.4","0","17","78.7","79.8"
"","174080","","406741","","Jai'Den Thomas","UNLV","09","HB","380","89.6","21.8","20.7","82.2","5","51","85.2","92.1"
"","174094","","407735","","Robert Henry Jr.","UTSA","03","HB","412","98.2","22.8","21.8","96.1","9","56","98.3","95.5"
"","174095","","423313","","Brandon High Jr.","CAL","05","HB","56","57.2","20.1","17.5","55.0","1","7","62.8","40.9"
"","174130","","406604","","Jayden Limar","OREGON","27","HB","155","78.5","21.0","17.9","51.6","1","13","83.3","87.1"
"","174131","","406547","","Dante Dowdell","KENTUCKY","02","HB","260","66.0","22.1","20.0","16.4","3","19","86.0","37.0"
"","174135","","470710","","Kenaj Washington","STANFORD","36","HB","1","5.7","0.2","0.2","26.1","0","0","28.5","25.0"
"","174136","","407962","","David Mbadinga","GA SOUTHRN","06","HB","171","45.2","19.3","17.1","45.2","0","10","0.8","84.6"
"","174149","","444967","","Jamarian Samuel","GA SOUTHRN","16","HB","34","30.9","21.3","16.5","47.4","1","3","58.2","1.7"
"","174165","","406016","","A'Marion Peterson","UTSA","28","HB","99","34.1","16.6","16.3","42.4","0","7","40.1","38.9"
"","174248","","428351","","Ja'Kobi Jackson","FLORIDA","24","HB","66","35.3","17.4","15.6","38.3","0","4","16.7","51.1"
"","174262","","448174","","Anthony Rubio","FLORIDA","25","HB","10","3.6","12.5","10.9","4.9","0","0","7.2","25.0"
"","174273","","412869","","X'Zavion Evans","NORFOLK","22","HB","294","49.3","18.3","17.6","13.7","0","15","46.5","67.1"
"","174313","","425483","","Sesi Vailahi","OKLA STATE","03","HB","121","66.5","18.8","17.6","79.8","0","12","64.4","61.1"
"","174409","","428413","","CharMar Brown","MIAMI FL","06","HB","314","64.3","18.6","17.6","47.0","0","16","38.7","77.2"
"","174572","","431699","","Aidan Littles","TENN TECH","35","HB","134","93.2","21.4","19.9","92.8","2","34","97.5","81.3"
"","174594","","420410","","Jordon Hamilton","TXAMCO","21","HB","7","16.9","11.5","10.3","26.1","0","0","28.5","25.0"
"","174649","","412344","","Bryson Washington","BAYLOR","07","HB","413","42.8","21.7","19.1","42.7","1","16","65.7","9.0"
"","174669","","407639","","Carson Hansen","IOWA STATE","26","HB","419","97.5","19.5","18.9","91.5","0","49","88.8","97.0"
"","174686","","407667","","Abu Sama III","IOWA STATE","24","HB","280","98.8","21.8","20.6","97.8","3","52","99.6","89.8"
"","174695","","411204","","Keyjuan Brown","LOUISVILLE","22","HB","265","72.2","20.3","19.3","69.7","1","23","66.2","77.0"
"","174717","","429191","","DeSean Bishop","TENNESSEE","18","HB","430","70.1","20.3","19.5","51.0","2","35","78.2","72.1"
"","174730","","406978","","Khalifa Keith","APP STATE","18","HB","8","50.5","13.2","11.9","26.1","0","0","28.5","25.0"
"","174754","","406830","","Davon Booth","MISS STATE","06","HB","405","78.8","21.0","19.2","68.8","2","33","79.7","83.4"
"","174777","","423085","","Jeremiah Coney","VA TECH","04","HB","36","31.2","15.8","14.9","6.7","0","3","50.1","43.4"
"","174823","","451403","","Tyler Jacklich","W VIRGINIA","28","HB","28","55.6","17.7","16.1","66.1","0","4","48.3","40.7"
"","174883","","450422","","Viliami Teu","S JOSE ST","34","HB","43","1.4","15.8","14.0","4.0","0","1","8.2","2.0"
"","174910","","406623","","Emmanuel Laracuente","ST ANSELM","06","HB","24","30.5","15.3","14.6","37.8","0","2","47.6","9.2"
"","174921","","406289","","Vaughn Blue","LIBERTY","24","HB","217","84.3","20.8","19.2","98.3","1","45","90.5","42.2"
"","174961","","429033","","Elijah Jackson","BALL ST","00","HB","20","9.6","20.6","16.4","70.3","1","3","10.5","8.7"
"","175021","","450491","","Lucky Finau","BYU","41","HB","10","10.5","13.6","11.9","7.4","0","0","5.0","25.0"
"","175035","","407340","","LJ Martin","BYU","04","HB","671","96.0","20.6","20.2","87.0","4","67","67.5","97.3"
"","175046","","431582","","Deion Brown","INDIANA ST","28","HB","139","77.9","20.3","18.4","71.2","1","12","73.6","83.5"
"","175055","","431585","","Joey Mattord","E MICHIGAN","24","HB","72","75.3","17.7","16.9","89.5","0","18","77.1","58.2"
"","175057","","451445","","Owen McGraw","ROB MORRIS","02","HB","13","32.9","18.0","16.1","47.6","0","4","58.9","38.8"
"","175075","","421486","","Deshaun Buchanan","NEW MEXICO","08","HB","85","89.7","18.4","17.7","95.3","0","20","84.8","83.1"
"","175098","","408333","","Carlos Matheney","IDAHO","25","HB","63","45.4","18.3","16.6","14.4","0","6","52.7","54.6"
"","175113","","420090","","Art Williams","IDAHO","23","HB","68","42.2","16.4","15.7","46.6","0","5","62.2","12.7"
"","175179","","406337","","Javious Bond","AUSTINPEAY","02","HB","120","95.8","21.3","20.2","99.5","3","27","98.1","66.3"
"","175317","","427714","","Jaylen Johnson","USF","20","HB","10","3.8","16.5","11.9","9.1","0","1","5.1","25.0"
"","175337","","423285","","Anthony Ferrucci","BOSTON COL","33","HB","6","16.9","12.1","10.1","26.1","0","0","28.5","25.0"
"","175356","","415938","","Chad Alexander","GA TECH","27","HB","12","38.2","18.5","14.2","60.7","0","1","14.9","46.5"
"","175374","","406473","","Mark Fletcher Jr.","MIAMI FL","04","HB","549","63.8","21.3","19.6","42.9","1","34","44.6","69.0"
"","175378","","414633","","Chris Johnson Jr.","SMU","06","HB","184","95.5","22.6","20.9","97.3","3","38","98.8","76.1"
"","175443","","434111","","Noah Vaughn","VIRGINIA","28","HB","34","72.1","19.6","18.7","87.6","0","10","85.8","41.4"
"","175492","","454025","","DK Kency","NICHOLLS","20","HB","4","16.9","15.8","10.7","26.1","0","1","28.5","25.0"
"","175546","","407976","","Jordan Clemons","FIU","30","HB","4","5.7","12.6","9.9","26.1","0","0","28.5","25.0"
"","175548","","446972","","Jose Corbo","FIU","24","HB","2","16.9","4.7","3.6","26.1","0","0","28.5","25.0"
"","175579","","426457","","Anthony Benjamin","W CAROLINA","24","HB","5","9.1","17.4","13.0","26.1","0","1","28.5","25.0"
"","175609","","419465","","Landan Brown","SM HOUSTON","34","HB","324","92.7","20.8","19.2","77.4","2","32","82.2","96.5"
"","175620","","429659","","D.J. McKinney","NEW MEXICO","04","HB","287","95.1","22.4","20.1","98.6","3","51","71.5","94.7"
"","175636","","429535","","Joshua Dye","SO UTAH","28","HB","227","89.9","22.3","21.1","92.3","5","37","92.1","80.5"
"","175670","","437019","","Dailan Goodman","NEW MEX ST","30","HB","6","22.3","15.7","11.2","26.1","0","1","28.5","25.0"
"","175684","","429704","","Isaiah Rudison","NEW MEX ST","37","HB","162","69.4","17.5","16.9","55.0","0","10","40.2","82.4"
"","175810","","415903","","Jahbari Kuykendall","ALABAMA ST","23","HB","55","68.9","20.5","19.1","94.7","1","23","86.5","1.6"
"","175816","","415915","","Ja'Vin Simpkins","COAST CAR","05","HB","371","66.0","20.1","19.1","57.7","1","28","39.3","87.6"
"","175860","","446916","","JR Gardner","ALABAMA ST","34","HB","6","16.9","18.8","12.7","26.1","0","1","28.5","25.0"
"","175877","","406471","","Richard Young","ALABAMA","09","HB","59","10.3","16.5","15.4","37.0","0","3","6.6","40.6"
"","175912","","421204","","Jamal Roberts","MISSOURI","20","HB","401","88.7","22.0","20.9","85.2","4","41","89.3","86.1"
"","175920","","412624","","DJay Braswell","GA STATE","02","HB","91","62.5","19.1","17.0","55.2","0","8","74.9","56.4"
"","175934","","448243","","Ronnie Crosby III","TEXAS A&M","27","HB","1","25.6","8.5","8.5","26.1","0","0","28.5","25.0"
"","175999","","429106","","Darius Johnson","NC STATE","25","HB","49","25.0","15.6","14.7","39.3","0","1","5.7","53.7"
"","176000","","446332","","Coleson Fields","NC STATE","31","HB","23","36.8","16.4","15.7","53.1","0","4","11.6","53.0"
"","176026","","439361","","Tyler Chandler","SYRACUSE","31","HB","1","5.7","10.6","10.6","26.1","0","0","28.5","25.0"
"","176108","","428508","","Marques Hicks","KENT STATE","20","HB","18","13.7","15.4","14.9","39.2","0","2","42.2","6.5"
"","176190","","406910","","Quintrevion Wisner","TEXAS","05","HB","388","59.7","19.2","18.2","14.2","0","13","11.6","91.6"
"","176205","","449115","","Judah Price","MARSHALL","20","HB","15","32.1","18.6","14.3","40.5","0","1","44.8","37.3"
"","176209","","412454","","Breezy Dubar","BOISE ST","01","HB","7","22.3","9.9","5.7","26.1","0","0","28.5","25.0"
"","176235","","422389","","Chris Edmonds","BOWL GREEN","23","HB","12","3.9","16.4","12.1","5.7","0","1","8.1","9.2"
"","176252","","431385","","Bryson Kuzdzal","MICHIGAN","24","HB","168","69.7","19.3","18.0","57.6","0","16","79.8","66.8"
"","176332","","412254","","Bill Davis","LA LAFAYET","07","HB","375","97.0","21.8","20.0","74.8","2","34","67.7","94.2"
"","176335","","454019","","Damondrick Blackburn","NICHOLLS","40","HB","5","43.8","12.2","9.3","26.1","0","0","28.5","25.0"
"","176341","","430085","","Tylan Citizen","ALCORN ST","23","HB","20","7.1","13.7","13.1","3.3","0","0","14.7","42.9"
"","176482","","406861","","Rahsul Faison","S CAROLINA","01","HB","368","81.5","20.0","19.2","41.0","1","22","48.3","97.7"
"","176513","","406807","","Caleb Komolafe","NWESTERN","05","HB","374","78.7","19.9","19.2","61.3","0","28","75.5","87.7"
"","176525","","406787","","Kyson Brown","ARIZONA ST","01","HB","67","55.5","17.8","17.0","64.5","0","6","57.1","52.6"
"","176541","","430580","","Isaac Stopke","MOREHEAD","23","HB","24","39.2","18.3","15.7","42.1","0","2","57.7","10.1"
"","176552","","453805","","Dean-Taylor Chapman","CAL","33","HB","2","16.9","9.8","9.8","26.1","0","0","28.5","25.0"
"","176564","","407866","","Jaivian Thomas","UCLA","21","HB","173","96.1","19.7","19.0","97.1","0","25","87.1","94.5"
"","176615","","423546","","Champ Hampton","STANFORD","34","HB","52","26.2","18.8","17.3","47.6","0","6","15.9","1.4"
"","176618","","406584","","Sedrick Irvin","STANFORD","26","HB","168","68.5","18.1","17.3","74.0","0","15","73.1","64.1"
"","176663","","418145","","Dijon Stanley","NEW MEX ST","08","HB","306","97.3","22.0","19.8","94.2","1","49","95.5","96.7"
"","176689","","415824","","Leo Pulalasi","WASH STATE","20","HB","167","75.5","19.0","17.6","73.3","0","19","55.5","86.6"
"","176722","","429926","","Jonathan Mathis","KENNESAW","23","HB","1","22.3","14.2","14.2","26.1","0","0","28.5","25.0"
"","176762","","421506","","Colson Coon","MONTANA ST","28","HB","52","32.3","22.6","17.0","68.4","1","5","8.7","13.7"
"","176767","","408603","","Scottre Humphrey","NEW MEXICO","22","HB","166","71.8","22.4","19.6","68.6","1","15","85.4","63.2"
"","176769","","408609","","Adam Jones","MONTANA ST","23","HB","335","97.3","19.5","18.9","98.2","0","55","86.7","96.4"
"","176847","","412689","","Jordan Fisher","UC DAVIS","20","HB","466","96.5","21.5","20.4","96.6","3","77","94.9","96.2"
"","176908","","405992","","Joey Koch","ALBANY","22","HB","44","41.2","19.8","17.3","58.9","0","7","52.9","9.9"
"","176923","","416457","","Dan Frederick","ELON","02","HB","135","69.7","19.4","17.9","85.3","0","16","58.7","60.0"
"","176950","","428415","","Denzell Gibson","NEW HAMP","29","HB","110","54.1","20.9","18.6","58.4","1","10","49.6","56.9"
"","176955","","419499","","Elliot Meine","NEW HAMP","28","HB","57","53.6","17.8","16.6","74.4","0","6","49.6","47.2"
"","176974","","432249","","Dylan Harris","STNY BROOK","26","HB","68","29.6","17.9","15.5","8.8","0","3","53.4","11.1"
"","177019","","425569","","Alex Perry","DELWARE ST","25","HB","1","22.3","9.7","9.7","26.1","0","0","28.5","25.0"
"","177083","","419651","","RJ Baker","NC A&T","31","HB","8","5.7","13.2","11.6","26.1","0","0","28.5","25.0"
"","177130","","408756","","Josh Robinson","LAMAR","15","HB","105","46.1","16.8","15.7","5.5","0","5","60.6","61.2"
"","177166","","423598","","Sawyer Seidl","N DAKOTA","09","HB","465","99.2","21.6","20.3","94.4","2","78","94.9","99.9"
"","177179","","450604","","Jaden Hodge","N IOWA","85","HB","10","48.9","20.3","16.8","72.8","1","4","70.1","25.0"
"","177200","","421139","","Lendon Phillips Jr.","S DAKOTA","24","HB","451","97.6","20.0","19.4","73.1","0","45","90.9","98.4"
"","177229","","408148","","Kirby Vorhees","WASH STATE","09","HB","376","77.4","20.5","18.4","73.5","1","31","46.4","92.2"
"","177355","","414166","","Jamell James","FORDHAM","25","HB","196","59.5","17.5","16.2","5.1","0","9","54.1","85.7"
"","177361","","408240","","Jacob Rodriguez","FORDHAM","34","HB","18","13.4","16.4","14.6","42.9","0","1","48.9","2.4"
"","177373","","408187","","Jayden Clerveaux","HOLY CROSS","05","HB","287","78.1","20.7","19.9","62.3","3","23","77.2","74.0"
"","177393","","436616","","Nyeoti Punni","HOLY CROSS","23","HB","102","80.3","21.3","19.1","75.7","2","13","86.3","65.6"
"","177406","","424686","","Jackson Bennett","BROWN","03","HB","102","68.3","18.5","17.1","63.3","0","13","74.4","66.2"
"","177424","","447654","","Michael McGhee","BROWN","22","HB","6","22.3","16.0","10.9","26.1","0","1","28.5","25.0"
"","177444","","415572","","Xaviah Bascon","HARVARD","00","HB","307","82.9","19.5","18.7","59.6","0","24","72.7","93.6"
"","177483","","418538","","Malachi Hosley","GA TECH","00","HB","330","99.0","20.5","19.6","98.1","2","66","86.5","99.7"
"","177494","","441827","","Sean Williams Jr.","PENN","05","HB","116","77.6","20.4","18.6","75.6","1","15","80.2","75.8"
"","177532","","428518","","Kevin Emmanuel","MURRAY ST","22","HB","27","3.3","16.2","13.8","4.7","0","1","4.0","41.8"
"","177535","","428811","","Chris Franklin","TENN MARTN","02","HB","169","93.1","19.5","18.6","87.5","0","24","97.3","86.2"
"","177628","","414050","","Mason Hackett","DAYTON","27","HB","69","10.7","17.1","16.5","60.6","0","6","45.2","0.5"
"","177629","","408654","","Luke Hansen","DAYTON","25","HB","200","63.3","21.0","18.8","58.6","1","15","56.0","58.0"
"","177673","","432482","","Jake Metze","DRAKE","19","HB","8","16.9","16.9","14.2","26.1","0","3","28.5","25.0"
"","177711","","412995","","Evan Roach","MOREHEAD","22","HB","3","16.9","6.9","5.5","26.1","0","0","28.5","25.0"
"","177754","","397793","","Zach Switzer","PRESBYTERN","05","HB","66","60.1","19.8","17.6","72.1","0","8","59.4","60.6"
"","177812","","408449","","Brian Thomas","NEWHVN","12","HB","8","22.3","12.8","10.3","26.1","0","0","28.5","25.0"
"","177895","","451201","","Rhyder Poppell","CITADEL","20","HB","8","37.9","17.2","13.5","26.1","0","1","28.5","25.0"
"","177941","","418508","","Patrick Boyd Jr.","W CAROLINA","01","HB","253","76.7","20.7","19.3","93.4","1","35","79.8","62.9"
"","177963","","407056","","Markel Townsend","W CAROLINA","28","HB","220","57.1","19.2","18.2","51.4","0","16","43.1","75.3"
"","178118","","432198","","Joshua Roberson","STHLSK","01","HB","58","71.3","19.9","18.1","83.3","0","11","91.0","37.0"
"","178174","","412906","","Jaylen Jenkins","STF AUSTIN","24","HB","99","3.3","16.7","15.4","9.6","0","4","44.7","0.8"
"","178205","","408679","","Edward Robinson","S ILLINOIS","04","HB","228","92.8","21.3","19.5","97.7","1","38","89.5","81.1"
"","178212","","428446","","Shawn Solomon Jr.","DUQUESNE","04","HB","85","50.3","17.9","16.5","15.2","0","7","48.0","69.0"
"","178294","","441789","","Jailen Hicks","NC A&T","24","HB","9","32.6","12.7","11.6","26.1","0","0","28.5","25.0"
"","178296","","407100","","Shimique Blizzard","NC A&T","09","HB","166","49.6","20.3","17.7","40.4","1","10","45.0","67.2"
"","178425","","416191","","Zion Griffin","STETSON","13","HB","50","55.1","18.4","16.7","65.1","0","5","58.4","51.7"
"","178466","","454344","","James Paige","TARLETON","14","HB","64","59.4","19.8","18.6","67.5","0","8","86.9","6.1"
"","178606","","430642","","Tyson Greenwade","CHARLES SO","23","HB","19","11.5","16.5","13.8","7.9","0","2","14.5","43.0"
"","178693","","407028","","JT Smith","NC A&T","01","HB","80","54.5","20.6","17.2","14.9","1","8","52.8","70.3"
"","178849","","421326","","DeJuan Lacy","E CAROLINA","28","HB","28","12.1","16.6","14.8","12.0","0","2","41.0","9.6"
"","178856","","430825","","Cayden Betts","STETSON","21","HB","28","12.2","18.0","15.0","13.1","0","1","18.2","10.4"
"","179055","","405949","","Kacy Fields","SCAR STATE","22","HB","52","39.5","16.6","15.6","57.4","0","3","9.6","4.1"
"","179059","","405950","","Jawarn Howell","S CAROLINA","22","HB","68","66.3","21.2","17.6","41.6","1","6","47.0","72.4"
"","179304","","406422","","Justice Taylor","CENT WASH","05","HB","25","56.7","18.1","16.3","62.5","0","4","67.9","47.6"
"","179546","","408705","","Brian Trobel","MERCYHURST","02","HB","63","74.2","20.8","18.5","89.1","1","10","70.5","63.7"
"","179867","","421355","","Brandon Rose","VIRSTA","22","HB","36","41.1","17.6","15.9","41.4","0","3","63.4","9.5"
"","179890","","419254","","Jimmyll Williams","ELON","26","HB","313","94.7","18.3","17.9","86.1","0","42","95.0","94.9"
"","181177","","429082","","Za'Marion Webber","ARKAPB","05","HB","73","56.2","18.6","16.4","43.3","0","4","55.4","69.7"
"","181348","","389548","","Joseph Hampton","SVANNAH ST","09","HB","29","7.2","17.0","13.6","41.7","0","2","0.6","55.0"
"","181398","","412857","","Zyaire Williams","SVANNAH ST","12","HB","11","48.6","17.7","13.6","52.1","0","1","44.9","25.0"
"","181430","","389714","","Justus Durant","CHATTNOOGA","02","HB","281","79.8","21.7","20.8","69.9","4","28","95.4","67.7"
"","182277","","429022","","Ethan Shine","ROB MORRIS","41","HB","284","75.7","18.4","17.8","51.5","0","16","73.5","86.7"
"","182328","","406443","","Bird Butler","WEBER ST","15","HB","100","66.2","19.8","18.7","88.1","0","19","71.7","58.6"
"","182374","","359922","","Jonero Scott","MILES","03","HB","6","16.9","17.4","12.6","26.1","0","1","28.5","25.0"
"","182378","","423963","","Roderick Thomas","MILES","36","HB","33","0.1","15.4","13.0","2.2","0","1","0.4","0.5"
"","182915","","423147","","Jacob Washington","TEXAS STHN","23","HB","54","2.6","18.3","15.3","0.3","0","2","9.2","46.3"
"","183009","","424732","","Jaden Gilbert","YNGTOWN ST","07","HB","396","97.9","22.0","20.6","97.3","4","79","97.6","94.3"
"","183016","","425277","","Evan Guyton","SVANNAH ST","26","HB","2","16.9","9.4","6.3","26.1","0","0","28.5","25.0"
"","183022","","425523","","Jalil Garvin-Mingo","FURMAN","41","HB","2","16.9","10.1","9.3","26.1","0","0","28.5","25.0"
"","183196","","431623","","David Eziomume","CLEMSON","24","HB","61","69.8","20.2","18.2","79.9","1","12","74.8","55.0"
"","183214","","429643","","Anthony Carrie","FIU","06","HB","287","62.0","19.0","18.0","45.9","0","16","43.2","84.8"
"","183219","","434078","","Trelain Maddox","GA TECH","22","HB","42","74.9","18.5","16.7","61.9","0","5","66.7","68.5"
"","183246","","431873","","Chris Wheatley-Humphrey","MIAMI FL","25","HB","38","1.7","18.4","15.2","2.6","0","2","11.3","3.8"
"","183251","","428658","","Zach Hernandez","SMU","29","HB","3","16.9","13.0","10.9","26.1","0","0","28.5","25.0"
"","183252","","428670","","Derrick McFall","SMU","00","HB","157","98.8","20.8","20.4","99.9","4","46","99.4","80.7"
"","183271","","447471","","Juelz Goff","PITTSBURGH","08","HB","247","83.4","18.9","17.8","71.5","0","30","75.4","90.9"
"","183297","","428178","","Kam Davis","FLORIDA ST","03","HB","25","70.8","20.1","18.1","73.4","1","8","77.2","45.6"
"","183312","","429771","","Isaac Brown","LOUISVILLE","01","HB","265","93.3","22.1","21.4","97.6","9","36","99.0","60.8"
"","183328","","428362","","Davion Gause","N CAROLINA","37","HB","219","82.1","18.6","18.1","74.2","0","22","56.1","93.3"
"","183347","","446441","","Jayden Scott","NC STATE","04","HB","316","68.7","22.3","19.1","57.2","2","18","50.0","84.8"
"","183374","","439364","","Jaden Hart","SYRACUSE","22","HB","53","0.6","14.7","13.9","4.0","0","0","5.9","0.9"
"","183381","","429278","","Yasin Willis","SYRACUSE","06","HB","311","52.7","18.7","18.0","39.6","0","17","1.4","75.7"
"","183442","","430068","","Alvon Isaac","USF","15","HB","243","65.3","20.6","18.6","73.0","1","22","81.1","45.2"
"","183481","","436891","","Kiefer Sibley","N TEXAS","21","HB","125","72.9","20.1","18.6","84.1","1","20","78.9","57.0"
"","183515","","428264","","Ca'Lil Valentine","ILLINOIS","05","HB","230","76.3","19.9","18.9","82.3","0","29","90.6","55.2"
"","183534","","428816","","DeJuan Williams","MARYLAND","00","HB","499","89.5","19.7","19.2","88.2","0","54","83.4","88.9"
"","183545","","431672","","Brandon Tullis","MICH STATE","07","HB","272","52.6","19.4","17.8","2.1","0","10","43.3","66.6"
"","183555","","453524","","Izaac Dickey","NEBRASKA","45","HB","2","37.9","12.6","10.3","26.1","0","0","28.5","25.0"
"","183594","","429523","","Kenneth Williams","NEBRASKA","32","HB","9","16.9","14.8","12.5","26.1","0","0","28.5","25.0"
"","183609","","436408","","Quinton Martin Jr.","PENN STATE","25","HB","51","44.5","17.4","16.1","47.2","0","5","73.3","3.1"
"","183621","","431734","","Bryan Jackson II","USC","21","HB","114","11.6","18.5","15.3","1.9","0","1","2.0","10.9"
"","183644","","429718","","Adam Mohammed","WASHINGTON","24","HB","320","95.1","19.1","17.9","72.7","0","38","87.5","96.8"
"","183656","","431481","","Darrion Dupree","WISCONSIN","06","HB","208","65.0","17.9","17.3","57.1","0","12","19.1","85.0"
"","183661","","441715","","Gideon Ituka","WISCONSIN","10","HB","138","64.9","16.4","16.1","38.5","0","8","51.7","67.8"
"","183664","","431482","","Dilin Jones","WISCONSIN","07","HB","176","60.4","17.8","16.5","45.5","0","11","39.2","85.6"
"","183706","","428684","","James Peoples","OHIO STATE","20","HB","172","72.4","19.3","18.0","70.7","0","18","87.4","58.7"
"","183713","","428712","","Sam Dixon","OHIO STATE","24","HB","3","22.3","9.3","8.5","26.1","0","0","28.5","25.0"
"","183723","","429039","","Jaheim Merriweather","PURDUE","23","HB","12","1.5","12.5","10.9","5.7","0","0","1.5","11.9"
"","183736","","449392","","Anthony Wilhite","ARIZONA","28","HB","9","16.9","18.4","12.9","26.1","0","1","28.5","25.0"
"","183738","","429582","","Jason Brown Jr.","ARIZONA ST","22","HB","36","85.7","22.0","19.4","81.7","2","9","93.2","77.7"
"","183763","","450485","","Jovesa Damuni","BYU","28","HB","46","71.6","18.5","17.5","81.3","0","9","82.9","53.6"
"","183773","","429935","","Sione Moa","BYU","30","HB","77","62.9","17.0","16.6","77.0","0","8","54.8","43.3"
"","183815","","428853","","Harry Stewart III","KANSAS","00","HB","61","55.0","17.5","16.2","48.0","0","6","44.4","56.0"
"","183835","","432079","","Nate Palmer","TCU","21","HB","58","2.3","16.8","15.8","10.6","0","5","13.7","1.4"
"","183837","","428461","","Jeremy Payne","TCU","26","HB","324","77.6","21.0","19.7","76.7","2","37","72.3","82.0"
"","183873","","436407","","Clay Ash","W VIRGINIA","27","HB","150","68.4","16.2","15.9","84.3","0","12","13.3","82.8"
"","183887","","428393","","Micah Welch","COLORADO","29","HB","289","56.1","19.0","18.4","50.4","0","22","59.6","63.0"
"","183902","","439342","","DeVon Rice","KANSAS ST","23","HB","60","79.2","19.5","18.1","93.3","0","19","88.2","67.5"
"","183950","","430092","","Omiri Wiggins","LA TECH","22","HB","260","54.6","20.1","19.2","55.5","1","19","57.0","57.4"
"","183958","","439347","","Austin Clemons","MIDDLE TN","31","HB","18","42.5","16.4","14.7","55.2","0","2","49.3","41.8"
"","183965","","449422","","Ashton Jones","MIDDLE TN","35","HB","1","22.3","0.2","0.2","26.1","0","0","28.5","25.0"
"","184034","","449038","","Oliver Lundberg Coleman","UCONN","44","HB","50","61.2","19.6","16.9","59.3","0","8","65.5","65.9"
"","184075","","436397","","Ayden Harris","KENT STATE","33","HB","7","16.9","14.9","12.4","26.1","0","0","28.5","25.0"
"","184085","","441694","","Josh Ringer","MIAMI OH","30","HB","186","36.3","16.6","16.4","74.5","0","17","69.8","0.1"
"","184108","","431679","","Aneyas Williams","NOTRE DAME","22","HB","47","58.9","20.1","18.3","60.4","1","5","71.4","52.9"
"","184113","","429148","","Duncan Brune","OHIO","06","HB","254","86.5","20.0","18.8","64.0","1","30","90.3","89.5"
"","184171","","469197","","Tryton Keli'ikipi","HAWAII","31","HB","3","16.9","0.7","0.3","26.1","0","0","28.5","25.0"
"","184181","","429109","","Christian Vaughn","HAWAII","47","HB","48","61.4","16.6","15.4","48.6","0","3","45.6","61.7"
"","184189","","430982","","Jaden McGill","W KENTUCKY","25","HB","27","4.4","15.0","13.7","7.7","0","1","5.2","2.6"
"","184204","","429334","","Greg Burrell","TEXAS ST","09","HB","242","62.8","21.6","19.8","88.4","1","26","63.0","37.7"
"","184212","","469222","","Rogerick Ray","UNLV","25","HB","7","16.9","11.9","9.6","26.1","0","0","28.5","25.0"
"","184224","","429391","","Wayshawn Parker","UTAH","01","HB","435","77.4","21.3","20.5","91.5","4","46","81.6","56.2"
"","184229","","430096","","Sire Gaines","BOISE ST","26","HB","359","61.7","20.4","19.0","45.4","2","26","40.1","83.7"
"","184393","","428891","","Braylen Russell","ARKANSAS","00","HB","164","80.5","20.3","17.8","58.6","1","15","60.4","80.3"
"","184417","","428285","","Jadan Baugh","FLORIDA","13","HB","570","89.5","21.0","20.4","85.6","4","59","73.2","84.7"
"","184419","","428299","","KD Daniels","FLORIDA","21","HB","75","12.4","16.3","15.9","43.0","0","5","38.0","4.4"
"","184449","","432005","","Caden Durham","LSU","29","HB","337","74.2","21.3","19.0","65.4","1","27","43.6","91.5"
"","184458","","428562","","Ju'Juan Johnson","LSU","08","HB","234","73.3","20.1","17.8","74.2","1","23","59.9","79.2"
"","184499","","470469","","Larry Scott","S CAROLINA","39","HB","1","28.1","7.3","7.3","26.1","0","0","28.5","25.0"
"","184505","","453696","","Christian Clark","TEXAS","06","HB","162","74.0","18.7","17.4","63.4","0","18","78.3","73.8"
"","184509","","428962","","Jerrick Gibson","TEXAS","09","HB","69","26.8","16.7","15.7","35.1","0","4","7.3","55.1"
"","184536","","429327","","Daniel Hill","ALABAMA","04","HB","331","85.0","18.5","17.9","60.8","0","25","73.8","79.6"
"","184550","","428394","","Chauncey Bowens","GEORGIA","33","HB","269","97.9","21.8","19.5","90.4","1","35","91.0","96.4"
"","184568","","470474","","Brandon Mathis","GEORGIA","38","HB","2","28.1","12.0","10.5","26.1","0","0","28.5","25.0"
"","184603","","443091","","Xavier Robinson","OKLAHOMA","24","HB","319","80.2","20.5","19.2","72.5","1","26","40.3","83.9"
"","184620","","445085","","TJ Engleman Jr.","E CAROLINA","20","HB","131","50.9","18.0","17.0","53.5","0","12","72.8","10.6"
"","184636","","429569","","Jason Patterson","KENTUCKY","26","HB","148","82.8","20.1","18.7","75.8","1","17","84.3","84.0"
"","184656","","456061","","Edd Guerrier","RUTGERS","23","HB","15","3.6","15.1","13.6","8.5","0","1","3.9","39.5"
"","184668","","451382","","Gabe Winowich","RHODE ISLD","20","HB","80","56.3","20.1","17.7","42.3","1","10","64.6","61.2"
"","184677","","429186","","Brock Townsend","C MICHIGAN","22","HB","300","88.8","20.9","19.7","93.7","2","34","68.2","84.1"
"","184698","","429908","","Caden Williams","LIBERTY","21","HB","159","38.9","17.4","16.6","11.2","0","7","6.9","71.6"
"","184708","","429451","","Makari Bodiford","MEMPHIS","21","HB","23","33.8","14.8","14.1","7.1","0","0","40.3","13.6"
"","184725","","445017","","Fame Ijeboi","MINNESOTA","07","HB","203","89.8","21.8","19.4","70.3","1","21","88.7","93.0"
"","184731","","0","","Jaydon Wright","LA MONROE","21","HB","2","43.8","13.5","12.1","26.1","0","0","28.5","25.0"
"","184755","","429276","","Johnnie Daniels","MISS STATE","20","HB","24","52.4","17.5","15.6","44.8","0","2","65.6","52.4"
"","184783","","443097","","Jalen Washington","CENT ARK","20","HB","26","31.0","16.6","15.4","46.3","0","4","17.5","39.3"
"","184832","","429409","","Dylan Lee","IOWA STATE","02","HB","61","40.4","16.3","15.5","48.9","0","4","41.6","45.7"
"","184833","","429416","","Easton Miller","IOWA STATE","25","HB","7","43.8","14.7","11.3","26.1","0","0","28.5","25.0"
"","184848","","395779","","Jay Harris","OREGON","22","HB","97","73.5","20.7","19.1","83.0","2","13","64.0","71.0"
"","184885","","429223","","Peyton Lewis","TENNESSEE","02","HB","151","57.0","19.8","17.3","2.5","0","7","80.5","65.7"
"","184897","","429869","","Cameron Dickey","TEXAS TECH","08","HB","542","75.4","22.1","21.3","84.6","5","65","80.6","59.5"
"","184937","","447834","","Tyler Mason","VA TECH","23","HB","13","46.6","18.0","15.2","60.0","0","2","57.5","25.0"
"","184990","","430683","","Jaedon Matthews","CAL POLY","04","HB","16","9.3","14.8","14.5","14.5","0","0","38.1","5.8"
"","185002","","409224","","Seth Cromwell","N ARIZONA","34","HB","333","12.4","20.1","19.0","3.3","1","18","0.9","73.8"
"","185004","","450433","","Kaden Dixon","ALAB A&M","21","HB","13","56.3","18.9","16.4","69.0","0","4","66.4","25.0"
"","185024","","430413","","Kenveon Stone","N ARIZONA","28","HB","32","63.0","19.5","16.3","15.4","0","2","41.1","80.1"
"","185044","","450624","","Micah Avery","PORTLAND","04","HB","44","54.2","16.0","15.2","40.0","0","3","39.6","77.0"
"","185074","","446361","","Ajon Bryant","SACRAMENTO","17","HB","15","48.4","17.9","17.0","73.6","0","10","68.0","25.0"
"","185104","","436687","","Kai Acia","UC DAVIS","34","HB","90","50.1","17.4","16.8","53.5","0","10","45.5","59.1"
"","185121","","445949","","Carter Vargas","UC DAVIS","01","HB","136","89.1","21.6","19.6","83.3","3","18","72.0","94.6"
"","185160","","447557","","Brandon Musch","CHARLES SO","22","HB","43","32.3","17.4","16.4","49.4","0","5","42.7","10.8"
"","185177","","409925","","Carson Gresock","GARD-WEBB","33","HB","175","66.4","20.2","19.2","69.6","2","13","82.0","46.8"
"","185187","","445801","","Taj Dyches","ROB MORRIS","19","HB","25","4.3","15.5","14.6","35.3","0","1","39.5","7.0"
"","185244","","434735","","George Helms","MONTANA ST","47","HB","8","22.3","15.3","12.0","26.1","0","2","28.5","25.0"
"","185259","","450262","","Rashawn Marshall","MAINE","24","HB","178","71.7","19.6","17.9","76.3","0","20","72.2","76.3"
"","185284","","434065","","Andrew King","RICHMOND","08","HB","128","96.3","21.2","19.7","97.9","1","38","98.2","81.1"
"","185309","","434576","","Josh Miller","WM & MARY","33","HB","23","8.1","14.9","13.6","13.0","0","0","11.1","25.0"
"","185312","","439329","","Jack Reuter","WM & MARY","31","HB","1","28.1","14.8","14.8","26.1","0","0","28.5","25.0"
"","185317","","445189","","Jor'dyn Whitelaw","WM & MARY","26","HB","22","38.3","22.7","18.7","67.3","1","7","56.2","25.0"
"","185329","","451177","","Greg Spiller","DELAWARE","26","HB","55","72.9","19.6","17.1","64.3","0","9","85.4","67.3"
"","185345","","459134","","Mekhi Moore","HARVARD","31","HB","3","29.1","11.7","10.2","26.1","0","0","28.5","25.0"
"","185380","","439565","","Donte West","PENN","26","HB","241","63.5","19.9","17.3","6.9","0","11","64.3","85.1"
"","185419","","450892","","Chuck Webb","SACR HEART","23","HB","37","48.0","16.5","14.9","15.9","0","2","63.8","51.7"
"","185482","","441845","","Nick Osho","INDIANA ST","09","HB","193","86.6","22.4","19.4","82.7","1","23","79.5","88.6"
"","185521","","0","","Dorian Harris","MORGAN ST","22","HB","130","93.5","21.0","19.0","90.6","1","16","96.8","85.9"
"","185554","","445056","","Antuan Gardner","YNGTOWN ST","28","HB","32","47.0","18.7","16.2","57.6","0","4","53.5","38.5"
"","185595","","434490","","Jerrian Parker Jr.","SM HOUSTON","09","HB","14","7.8","14.7","12.8","37.5","0","0","12.6","7.1"
"","185613","","429193","","Brady Hensley","E KENTUCKY","42","HB","239","86.1","21.1","20.3","88.9","3","29","82.2","81.8"
"","185636","","443288","","Savion Hart","GEORGETOWN","28","HB","339","79.7","21.5","19.3","68.6","1","38","83.0","83.6"
"","185647","","430407","","Jayden Sumpter","GEORGETOWN","34","HB","228","56.0","17.5","17.2","71.0","0","17","44.6","61.9"
"","185660","","434282","","Jakyre Henley","LAFAYETTE","05","HB","128","46.9","21.9","18.8","16.3","2","6","45.9","65.2"
"","185686","","429180","","Aaron Crossley","LEHIGH","05","HB","56","9.2","18.5","15.5","15.8","0","2","7.1","44.4"
"","185693","","429226","","Jaden Green","LEHIGH","00","HB","180","99.0","20.9","19.9","97.5","2","37","99.7","92.5"
"","185737","","430544","","Markell Holman","W ILLINOIS","06","HB","334","88.5","17.6","17.3","91.9","0","33","79.1","88.3"
"","185797","","430770","","Matt Morad","WAGNER","03","HB","49","6.8","17.0","15.8","48.9","0","4","6.0","5.0"
"","185805","","469020","","Andrew Ransome","WAGNER","00","HB","3","16.9","12.4","9.8","26.1","0","0","28.5","25.0"
"","185847","","429793","","Gavin Hall","FURMAN","06","HB","313","91.1","18.6","18.4","86.0","0","39","81.3","93.8"
"","185885","","358464","","Antonio Wright","PRESBYTERN","04","HB","23","33.6","17.4","15.3","44.1","0","2","48.9","10.3"
"","185954","","430361","","Brodey Berg","DAVIDSON","24","HB","36","47.6","18.7","17.4","59.9","0","14","55.4","25.0"
"","185966","","430369","","Will Jones","DAVIDSON","28","HB","40","38.7","16.6","15.3","48.7","0","3","48.6","12.9"
"","185982","","432666","","Xai'Shaun Edwards","HOUCHR","24","HB","304","84.1","20.1","19.5","62.7","2","21","90.8","92.3"
"","186029","","430454","","Bryce Strong","MCNEESE","02","HB","132","67.5","22.0","20.2","73.3","2","12","63.7","69.6"
"","186031","","437272","","Jaylen Thompson","MCNEESE","25","HB","73","52.2","20.5","17.6","59.2","1","6","68.8","37.5"
"","186039","","428612","","Zay Davis","NWSTATE","07","HB","22","51.4","20.5","16.7","59.7","1","5","68.3","13.0"
"","186054","","430292","","Kolton Nero","ALAB A&M","32","HB","52","39.8","17.4","15.8","12.6","0","4","37.5","44.1"
"","186071","","447691","","Ashton Ashford","ALABAMA ST","29","HB","18","2.7","15.1","14.0","48.8","0","2","8.5","39.4"
"","186083","","430654","","Jamarie Hostzclaw","ALABAMA ST","02","HB","132","68.8","18.3","18.0","68.1","0","15","64.1","75.1"
"","186117","","428485","","Nate Blount IV","JACKSON ST","22","HB","4","28.1","13.0","11.7","26.1","0","0","28.5","25.0"
"","186129","","453440","","Spencer Ferguson","WEBER ST","38","HB","84","7.9","21.3","18.5","12.3","1","9","12.2","12.9"
"","186255","","429737","","Corey Richardson","AUSTINPEAY","26","HB","62","29.7","18.3","16.3","58.9","0","4","40.7","40.3"
"","186265","","470478","","Joel Bodie","CENT ARK","08","HB","4","0.0","12.5","10.8","0.0","0","0","0.0","0.0"
"","186270","","454395","","Desmond Davidson","CENT ARK","19","HB","1","43.8","9.7","9.7","26.1","0","0","28.5","25.0"
"","186280","","429970","","Elijah Jackson","CENT ARK","25","HB","6","43.8","11.6","10.0","26.1","0","0","28.5","25.0"
"","186321","","447620","","Rufus Ferguson II","HOWARD","19","HB","4","22.3","11.8","9.0","26.1","0","0","28.5","25.0"
"","186325","","445127","","Travis Kerney","HOWARD","04","HB","103","58.9","16.9","16.3","56.6","0","9","58.3","68.3"
"","186331","","428361","","Anthony Reagan Jr.","HOWARD","02","HB","221","60.6","21.0","19.5","79.1","2","27","74.2","56.0"
"","186332","","428363","","Billy Roberson","HOWARD","24","HB","42","12.2","15.7","14.7","15.5","0","1","15.8","37.7"
"","186379","","430118","","David Avit","VILLANOVA","24","HB","131","90.2","20.6","19.5","92.3","1","16","93.7","57.3"
"","186489","","451494","","D'Marius Rucker","E TENN ST","26","HB","9","16.9","18.1","13.4","26.1","0","1","28.5","25.0"
"","186555","","430866","","Latrelle Murrell","W GEORGIA","01","HB","362","86.9","22.3","20.6","91.3","3","49","81.2","81.0"
"","186564","","388165","","Ashaud Roberson","GAVA","20","HB","5","5.7","15.1","10.7","26.1","0","1","28.5","25.0"
"","186672","","365223","","Ayron Rodriguez","MERCYHURST","03","HB","128","68.8","17.3","16.6","67.0","0","9","72.1","69.9"
"","187638","","466538","","Tyler Wrenn","UCF","32","HB","3","16.9","14.7","12.1","26.1","0","0","28.5","25.0"
"","187958","","419185","","Eric Watts","GAVA","37","HB","15","29.8","15.5","14.0","42.0","0","1","16.3","41.2"
"","188064","","434307","","Bryce Hicks","W GEORGIA","27","HB","23","45.9","17.5","16.0","67.7","0","5","37.7","48.1"
"","188090","","437215","","Jonathan Askew","MERCYHURST","25","HB","18","44.6","17.0","15.9","50.0","0","5","78.1","1.9"
"","188152","","448281","","James McNeil Jr.","BUFFALO","24","HB","7","28.1","10.7","9.6","26.1","0","0","28.5","25.0"
"","188159","","428766","","Terrance Shelton Jr.","BUFFALO","25","HB","231","48.5","17.4","16.5","13.9","0","9","43.4","67.5"
"","188180","","453786","","Jayden Parker","CAL","24","HB","1","16.9","8.8","8.8","26.1","0","0","28.5","25.0"
"","188188","","455878","","Jakorion Caffey","CINCINNATI","20","HB","3","28.1","13.7","12.1","26.1","0","0","28.5","25.0"
"","188257","","428796","","Josiah McLaurin","MARYLAND","17","HB","24","36.0","16.4","15.0","48.1","0","2","49.9","9.8"
"","188277","","449252","","Tito Glass Jr.","MIAMI OH","21","HB","9","50.5","13.0","11.2","26.1","0","0","28.5","25.0"
"","188283","","436632","","D'Shawntae Jones","MIAMI OH","14","HB","106","51.3","18.3","16.8","15.4","0","6","18.3","0.3"
"","188313","","443080","","Ashten Emory","UTEP","01","HB","415","61.4","21.2","19.6","63.1","1","34","64.9","64.6"
"","188359","","436431","","Damon Sisa","ARK STATE","30","HB","1","5.7","11.1","11.1","26.1","0","0","28.5","25.0"
"","188360","","431809","","Devin Spencer","ARK STATE","04","HB","396","76.9","21.2","18.9","72.6","1","38","66.3","86.5"
"","188363","","451936","","Kameron Thomas","ARK STATE","33","HB","14","10.4","15.9","13.6","12.1","0","1","41.9","4.8"
"","188370","","434192","","Bryce Baker","GA SOUTHRN","33","HB","81","55.0","17.6","16.1","52.9","0","4","42.4","68.8"
"","188385","","453450","","Taeo Todd","GA SOUTHRN","35","HB","79","52.6","18.3","16.6","47.5","0","10","59.3","56.8"
"","188420","","445045","","Telly Johnson Jr.","N ILLINOIS","45","HB","314","79.8","22.0","20.8","95.4","4","32","87.1","50.3"
"","188428","","450276","","Elijah Porter","N ILLINOIS","24","HB","87","67.6","20.5","18.1","71.8","1","12","83.5","50.8"
"","188442","","448189","","Romelo Ware","N ILLINOIS","11","HB","6","16.9","17.7","14.2","26.1","0","1","28.5","25.0"
"","188518","","449772","","Jamezell Lassiter","VANDERBILT","41","HB","37","63.6","20.5","18.8","82.8","1","6","59.3","54.8"
"","188550","","428694","","TJ Thomas","ELON","05","HB","197","95.4","19.4","18.9","93.0","0","36","99.1","84.4"
"","188560","","447673","","Billy Martin","MERCER","39","HB","4","5.7","13.8","11.6","26.1","0","0","28.5","25.0"
"","188584","","451739","","Kahseim Phillips","TOWSON","26","HB","87","53.4","16.6","15.6","54.0","0","5","61.9","68.4"
"","188615","","432141","","Kobe Boykin","DELWARE ST","02","HB","14","22.3","17.4","15.7","26.1","0","3","28.5","25.0"
"","188626","","428582","","Travis Terrell Jr.","JACKSON ST","00","HB","78","58.7","21.4","19.3","76.4","2","13","80.8","46.1"
"","188636","","439747","","Asa Chatman","UTAHTC","00","HB","144","57.4","17.6","16.8","42.7","0","7","43.0","79.9"
"","188659","","456535","","Isaiah Nell","WOFFORD","20","HB","11","7.6","16.1","14.4","41.3","0","1","5.6","25.0"
"","188671","","431556","","Khobie Martin","INDIANA","28","HB","131","78.1","21.1","19.2","65.6","1","16","84.2","79.3"
"","188691","","448808","","JB Price","KANSAS ST","24","HB","27","33.9","17.0","15.4","53.3","0","2","19.0","38.1"
"","188722","","444020","","Rodney Fields Jr.","OKLA STATE","20","HB","361","93.6","21.0","20.6","94.7","4","52","95.6","84.9"
"","188781","","464266","","Gabe Sawchuk","OKLAHOMA","29","HB","2","16.9","16.1","13.1","26.1","0","1","28.5","25.0"
"","188782","","428442","","Taylor Tatum","OKLAHOMA","08","HB","1","28.1","7.6","7.6","26.1","0","0","28.5","25.0"
"","188793","","431413","","Dazhaun Hopkins","DUQUESNE","26","HB","43","65.6","19.0","17.5","62.1","0","8","70.9","66.2"
"","188834","","459179","","Zack Homan","IDAHO ST","24","HB","3","22.3","10.6","8.8","26.1","0","0","28.5","25.0"
"","188843","","431717","","Lamar Radcliffe","S JOSE ST","02","HB","211","34.6","19.1","18.3","1.5","0","10","7.5","66.0"
"","188865","","428293","","Micah Ford","STANFORD","20","HB","287","79.0","22.5","20.0","69.7","2","25","58.6","85.2"
"","188876","","445999","","Cole Tabb","STANFORD","33","HB","221","89.7","19.4","18.5","86.3","0","25","92.8","85.8"
"","188929","","430470","","Tyler Brown","DAYTON","43","HB","11","0.0","18.3","16.8","0.0","0","5","0.0","0.0"
"","188937","","437244","","Dillon Fitzpatrick","DAYTON","42","HB","8","25.6","15.5","11.5","26.1","0","1","28.5","25.0"
"","188960","","461186","","Grayson Thomas","DAYTON","30","HB","1","16.9","9.9","9.9","26.1","0","0","28.5","25.0"
"","188966","","443445","","Parker Borer","DRAKE","23","HB","1","16.9","14.1","14.1","26.1","0","0","28.5","25.0"
"","189034","","428215","","Jalen Fletcher","N ALABAMA","28","HB","23","40.3","17.0","16.1","73.8","0","4","49.0","41.3"
"","189046","","431930","","Kingston Lowe","N ALABAMA","26","HB","1","43.8","2.5","2.5","26.1","0","0","28.5","25.0"
"","189057","","428230","","Roderick Taylor Jr.","N ALABAMA","32","HB","29","3.0","14.3","13.4","3.2","0","0","6.8","13.7"
"","189065","","430788","","Ken Cherry","SAMFORD","22","HB","219","70.5","20.4","18.7","63.0","1","19","91.1","51.9"
"","189085","","446454","","Emerson Russell","SAMFORD","38","HB","44","42.7","17.2","16.3","52.4","0","7","67.3","46.1"
"","189104","","444018","","Eric Mulkey","SAN DIEGO","26","HB","3","0.0","15.8","11.8","0.0","0","1","0.0","0.0"
"","189147","","432402","","Amir Simmons","VALPO","20","HB","3","16.9","12.1","9.3","26.1","0","0","28.5","25.0"
"","189162","","434581","","Logan Bush","BUCKNELL","00","HB","76","55.8","16.8","16.3","46.7","0","7","43.7","74.9"
"","189163","","428867","","Michael Cadden","BUCKNELL","26","HB","227","90.5","20.5","19.6","36.4","2","23","86.6","98.2"
"","189180","","428895","","Tariq Thomas","BUCKNELL","07","HB","182","91.7","18.8","18.2","61.0","0","16","71.8","99.2"
"","189193","","443283","","Christian Lynch","PRINCETON","20","HB","23","41.4","17.4","15.3","47.8","0","3","53.7","41.1"
"","189212","","430193","","Camren Stewart","ALCORN ST","29","HB","14","40.5","19.6","14.6","40.1","0","2","68.7","6.7"
"","189216","","452963","","Andre Crews","GRAMBLING","13","HB","154","37.3","21.7","18.4","45.3","1","10","11.8","58.0"
"","189239","","432724","","Tony Phillips","GRAMBLING","06","HB","36","55.8","19.0","18.4","81.2","0","11","82.4","5.1"
"","189261","","443194","","Zion Dobson","NC CENT","22","HB","30","49.7","18.5","15.9","49.8","0","3","59.0","50.0"
"","189269","","430729","","Aleni Mageo","NC CENT","30","HB","24","24.9","15.6","15.1","40.7","0","3","17.6","25.0"
"","189280","","430846","","Chase Bingmon","PRVIEW A&M","20","HB","122","73.5","18.8","17.9","82.5","0","12","60.8","75.6"
"","189306","","430696","","Trey Clark","STETSON","06","HB","51","46.7","15.8","14.7","3.6","0","2","17.6","80.2"
"","189314","","437242","","Marvin Duffey Jr.","STETSON","27","HB","38","10.0","14.4","13.9","10.8","0","0","4.3","54.0"
"","189315","","452025","","Troy Flowers","STETSON","22","HB","14","2.1","16.3","12.3","15.2","0","1","11.5","6.4"
"","189380","","461010","","Cole Denson","DUKE","28","HB","4","22.3","14.8","10.1","26.1","0","0","28.5","25.0"
"","189406","","436507","","Kaden Shields-Dutton","FAU","28","HB","280","32.5","17.0","16.2","14.6","0","9","42.0","42.3"
"","189441","","428441","","Jordan Lyle","MIAMI FL","02","HB","80","35.7","17.9","16.8","48.7","0","7","16.5","48.7"
"","189488","","447814","","Jackson Gutierrez","NAVY","08","HB","85","65.4","18.3","17.8","85.5","0","10","65.4","49.7"
"","189581","","429899","","Jamauri McClure","TULANE","25","HB","170","95.0","21.1","19.8","89.7","3","20","98.0","89.4"
"","189601","","436839","","Nykahi Davenport","USF","25","HB","299","9.4","20.4","18.5","2.5","1","14","14.3","48.2"
"","189679","","447453","","Brevin Doll","IOWA","23","HB","2","28.1","10.6","9.5","26.1","0","0","28.5","25.0"
"","189698","","449537","","Xavier Williams","IOWA","26","HB","160","81.6","20.2","19.4","55.6","3","17","88.1","68.9"
"","189704","","429503","","Mekhi Nelson","NEBRASKA","35","HB","87","64.0","21.6","18.8","75.3","1","13","76.7","45.4"
"","189732","","446309","","Jordan Washington","WASHINGTON","04","HB","61","82.6","22.9","19.5","98.2","1","19","81.7","50.2"
"","189742","","465182","","Jalen Alexander","BALL ST","24","HB","17","4.2","15.0","13.4","6.4","0","0","10.7","10.7"
"","189778","","445697","","Devonte Lyons","FIU","20","HB","134","90.4","20.3","18.7","96.9","1","17","79.6","84.3"
"","189795","","450373","","Khristian Lando","JVILLE ST","22","HB","186","10.2","19.6","17.2","46.4","0","11","4.4","39.4"
"","189796","","446350","","Jalen Likely","JVILLE ST","06","HB","28","40.8","21.0","16.2","43.1","1","3","59.5","38.0"
"","189806","","453793","","Justus Savage","JVILLE ST","21","HB","16","11.1","14.3","13.8","17.2","0","0","14.4","25.0"
"","189819","","443067","","Amani Givens","LA TECH","25","HB","97","2.4","19.4","16.6","3.8","0","4","3.3","40.5"
"","189826","","430086","","Fred Robertson","LA TECH","24","HB","24","31.1","15.5","14.7","55.4","0","3","17.2","10.3"
"","189923","","451804","","Trae'von Dunbar","S ALABAMA","25","HB","9","22.3","19.8","13.6","26.1","0","1","28.5","25.0"
"","189933","","441636","","Diore Hubbard","W VIRGINIA","20","HB","295","90.9","20.2","18.7","94.5","2","27","77.4","90.6"
"","189969","","434229","","Dennis Murray Jr.","GA STATE","23","HB","105","92.0","20.7","19.4","92.2","1","24","95.2","87.6"
"","190013","","428616","","Ahmad Hardy","MISSOURI","29","HB","448","93.4","21.3","20.3","85.4","3","47","90.2","94.9"
"","190015","","431886","","James Jones","DELWARE ST","07","HB","151","74.6","22.5","19.3","70.1","1","13","85.9","61.0"
"","190066","","443112","","Maurki James","DOMINION","05","HB","155","29.9","18.7","16.9","14.1","0","10","38.4","42.0"
"","190075","","430174","","Fluff Bothwell","MISS STATE","24","HB","391","85.4","19.7","18.7","61.9","0","34","66.6","89.9"
"","190133","","436630","","Lucas Laroche","TOLEDO","22","HB","7","16.9","12.9","10.5","26.1","0","0","28.5","25.0"
"","190135","","428496","","Dane Nauman","TOLEDO","27","HB","18","45.5","18.3","15.6","61.5","0","2","51.7","11.3"
"","190174","","428890","","Tyrell Reed Jr.","LA MONROE","29","HB","53","73.7","19.3","18.3","70.1","0","10","88.2","56.7"
"","190199","","428698","","Turbo Richard","BOSTON COL","02","HB","463","75.1","21.4","20.4","80.9","4","44","76.3","70.0"
"","190215","","467618","","Austyn Dendy","BOWL GREEN","14","HB","119","81.1","19.9","17.8","61.7","0","14","72.2","79.4"
"","190221","","428368","","Kewan Lacy","OLE MISS","05","HB","825","73.6","22.1","21.5","64.3","8","57","61.2","83.8"
"","190231","","436665","","Matt Fuller","S CAROLINA","28","HB","174","98.0","21.5","19.6","98.7","1","37","99.0","77.2"
"","190249","","436836","","Reid Watkins","S DAKOTA","05","HB","90","75.9","17.9","17.6","75.1","0","15","83.7","70.2"
"","190255","","429930","","Will Henderson III","UTSA","23","HB","350","100.0","22.3","21.9","99.2","8","60","99.3","99.9"
"","190321","","431670","","Makhi Frazier","MICH STATE","05","HB","263","87.1","18.9","18.2","49.6","0","21","71.8","97.2"
"","190337","","428322","","Stacy Gage","UCF","21","HB","36","37.5","16.5","15.9","64.1","0","5","13.5","40.2"
"","190388","","447853","","Khamani Alexander","APP STATE","26","HB","28","51.2","18.0","15.2","51.3","0","2","66.5","41.6"
"","190444","","446956","","Tovani Mizell","KENTUCKY","28","HB","8","28.1","16.3","12.9","26.1","0","1","28.5","25.0"
"","190489","","428452","","Antwan Raymond","RUTGERS","03","HB","576","81.1","20.4","19.4","51.3","2","38","59.1","96.3"
"","190500","","449993","","Ty Stauffer","BUCKNELL","06","HB","65","33.2","19.5","16.1","9.2","0","2","18.0","57.6"
"","190533","","451682","","Randall Nauden","MORGAN ST","20","HB","249","84.4","20.3","17.9","62.4","1","23","80.7","92.0"
"","190571","","453277","","Jeremiah Johnson","FLORIDA ST","30","HB","10","10.6","14.5","12.4","11.6","0","0","13.1","25.0"
"","190575","","449085","","Zay Parks","FLORIDA ST","21","HB","18","41.7","18.9","17.4","56.7","0","7","65.9","3.3"
"","190584","","429769","","Shaun Boykins Jr.","LOUISVILLE","89","HB","62","48.3","20.2","18.0","59.1","1","9","80.5","1.2"
"","190596","","429906","","Duke Watson","LOUISVILLE","26","HB","133","53.8","19.7","18.1","46.8","0","7","68.6","50.6"
"","190611","","446344","","Ashton Gray","N TEXAS","20","HB","101","68.2","21.5","19.1","66.9","2","10","60.0","76.8"
"","190677","","431496","","Tyrei Washington","CAL POLY","23","HB","257","27.1","20.0","18.0","8.5","1","9","3.3","66.4"
"","190679","","428550","","Terrez Worthy","TEMPLE","25","HB","92","88.9","18.9","18.4","94.0","0","18","89.7","78.9"
"","190700","","446971","","Trevor Pearson","TENN STATE","31","HB","7","28.1","14.9","10.9","26.1","0","0","28.5","25.0"
"","190713","","428724","","Lloyd Avant","COLO STATE","25","HB","358","56.9","21.8","19.8","66.2","2","29","59.5","51.3"
"","190723","","428738","","Viron Ellison Jr.","DELAWARE","23","HB","373","67.1","17.8","17.6","46.0","0","26","61.4","82.7"
"","190756","","429727","","Solomon Beebe","UAB","11","HB","267","99.5","21.8","20.7","99.9","4","71","99.9","85.5"
"","190759","","445764","","Amari Brundidge","UAB","30","HB","5","43.8","16.4","11.7","26.1","0","1","28.5","25.0"
"","190785","","428307","","Brandon Hood","UMASS","26","HB","284","78.5","22.6","20.0","78.9","2","30","69.7","83.5"
"","190789","","449016","","Kam Mikell","COLORADO","18","HB","52","76.8","21.7","17.6","75.7","1","7","80.3","69.2"
"","190790","","428317","","Dre'lon Miller","COLORADO","06","HB","346","98.9","20.6","19.2","98.4","2","69","96.5","96.6"
"","190802","","431907","","J'Marion Burnette","HOUSTON","20","HB","58","59.2","18.2","14.9","2.0","0","1","51.1","74.6"
"","190803","","434172","","DJ Butler","HOUSTON","25","HB","175","90.7","18.3","17.8","84.5","0","19","91.8","89.6"
"","190834","","447457","","Micah Ka'apana","MICHIGAN","25","HB","33","46.3","16.9","15.4","58.1","0","3","39.4","54.1"
"","190837","","431386","","Jordan Marshall","MICHIGAN","23","HB","299","58.0","20.2","19.4","50.8","2","18","10.6","84.6"
"","190846","","431778","","Charleston French","N CAROLINA","23","HB","4","22.3","15.4","11.4","26.1","0","1","28.5","25.0"
"","190890","","453368","","Dashun Reeder","NWESTERN","24","HB","25","72.7","22.5","18.2","80.5","1","7","84.5","54.8"
"","190906","","443637","","Antonio Harris","PURDUE","22","HB","202","72.0","19.1","18.1","67.6","0","22","61.3","81.5"
"","190943","","429172","","Ty Clark III","WAKE","00","HB","354","68.6","20.6","18.4","72.9","1","35","51.5","78.8"
"","190945","","379077","","Kennedy Fauntleroy","TENN TECH","24","HB","9","25.6","18.5","14.6","26.1","0","2","28.5","25.0"
"","190950","","447536","","Ryan Henley","WAKE","39","HB","1","22.3","8.7","8.7","26.1","0","0","28.5","25.0"
"","190981","","450245","","Sean Patrick","AKRON","13","HB","199","85.0","20.9","19.1","91.7","1","24","87.0","72.2"
"","190996","","436573","","Dylan Riley","BOISE ST","24","HB","367","83.7","22.7","22.1","79.0","8","32","90.8","77.6"
"","191000","","450322","","Nakai Amachree","BOWL GREEN","22","HB","15","53.9","20.3","17.0","66.2","1","4","68.4","25.0"
"","191013","","450401","","Cameron Pettaway","BOWL GREEN","26","HB","178","98.2","22.0","20.5","95.9","4","22","93.0","98.6"
"","191014","","428849","","Mar'Kel Porter","BOWL GREEN","25","HB","107","56.9","17.8","15.9","37.6","0","5","15.6","66.8"
"","191041","","439336","","Jason Philpot-Dixon","C MICHIGAN","49","HB","5","22.3","13.0","9.6","26.1","0","0","28.5","25.0"
"","191042","","453575","","Kadenn Rose","C MICHIGAN","32","HB","11","13.2","16.9","14.1","35.3","0","1","18.5","25.0"
"","191053","","443120","","Jalen Dupree","COLO STATE","02","HB","296","32.9","17.9","17.5","13.7","0","13","1.9","70.5"
"","191080","","428306","","Bryson Donelson","FRESNO ST","06","HB","305","91.5","20.6","19.4","71.4","1","25","89.7","95.4"
"","191108","","431603","","Da'Marion Alberic","UMASS","04","HB","34","52.0","16.3","15.6","48.3","0","3","51.4","62.0"
"","191139","","429385","","Kevin Riley","ALABAMA","28","HB","150","81.9","18.0","17.4","78.8","0","17","95.8","64.0"
"","191146","","428410","","Nate Frazier","GEORGIA","03","HB","341","92.2","21.2","20.0","78.7","2","36","93.6","92.6"
"","191156","","431691","","Dwight Phillips Jr.","GEORGIA","20","HB","49","83.2","19.6","19.0","83.5","0","16","96.3","59.3"
"","191187","","452152","","Raphael Ekechi","ST FRANCIS","03","HB","133","45.9","18.8","16.6","10.7","0","5","4.2","84.1"
"","191197","","429281","","Xavier Gayten","MISS STATE","22","HB","92","82.2","20.2","18.8","91.0","1","22","89.8","62.8"
"","191210","","429554","","Salahadin Allah","OREGON ST","26","HB","56","74.5","20.6","18.4","84.1","1","10","80.7","39.2"
"","191215","","446319","","Cornell Hatcher Jr.","OREGON ST","21","HB","136","83.8","20.2","17.9","86.6","1","13","80.1","78.9"
"","191264","","470541","","Ramarian Tillman","TEXAS A&M","24","HB","1","37.9","10.7","10.7","26.1","0","0","28.5","25.0"
"","191286","","453264","","Joseph Dodds","BAYLOR","27","HB","70","46.5","17.7","16.4","47.1","0","6","16.3","47.0"
"","191289","","429363","","Joseph Hagman","BAYLOR","37","HB","1","43.8","9.5","9.5","26.1","0","0","28.5","25.0"
"","191300","","436422","","Aiden Flora","IOWA STATE","21","HB","22","63.4","19.3","18.0","74.6","0","9","82.4","25.0"
"","191326","","445006","","Da'Jaun Riggs","OREGON","21","HB","29","53.0","19.2","16.2","59.0","0","3","67.6","42.4"
"","191341","","446308","","Corey Smith","PENN STATE","24","HB","30","56.8","18.8","16.4","74.1","0","3","59.7","47.6"
"","191350","","441725","","Adam Hill","TEXAS TECH","23","HB","105","49.2","20.1","18.1","40.8","1","9","50.3","7.7"
"","191359","","433992","","J'Koby Williams","TEXAS TECH","20","HB","397","91.3","20.0","19.4","79.3","0","46","72.4","97.1"
"","191372","","429149","","Herschel Turner","NEVADA","02","HB","166","96.9","20.1","19.7","96.7","3","36","97.5","90.2"
"","191385","","431570","","Malachi Brown","CAL POLY","26","HB","63","66.9","18.3","17.1","70.5","0","9","73.8","60.7"
"","191412","","430724","","Trey Wilson","CAL POLY","20","HB","111","74.1","19.9","17.6","72.0","0","13","83.6","78.3"
"","191426","","445116","","Jacarre Fleming","E ILLINOIS","28","HB","27","39.4","16.9","16.1","45.5","0","5","64.5","5.4"
"","191446","","453797","","Kevin Allen III","E WASHGTON","24","HB","259","76.3","17.3","17.0","65.8","0","24","71.0","85.4"
"","191469","","437160","","Marceese Yetts","E WASHGTON","21","HB","352","95.2","19.7","19.3","91.3","0","52","81.8","99.4"
"","191528","","430348","","Mathias Price","N COLORADO","05","HB","142","76.8","18.1","17.9","63.8","0","15","69.9","79.6"
"","191553","","441830","","Jordan Herron","PORTLAND","28","HB","21","62.2","18.1","17.1","81.4","0","7","78.0","43.7"
"","191662","","454150","","Elijah Jennings","MONMOUTH","29","HB","136","59.8","18.4","16.6","52.6","0","11","76.6","70.9"
"","191672","","466576","","Greg Randall","MONMOUTH","83","HB","6","25.3","19.8","12.5","26.1","0","1","28.5","25.0"
"","191696","","456166","","Jameer Reeder","STNY BROOK","38","HB","3","0.0","10.7","8.6","0.0","0","0","0.0","0.0"
"","191726","","461128","","Ricardo Lagares Jr.","CORNELL","33","HB","26","56.6","17.8","16.5","76.1","0","5","56.9","47.8"
"","191751","","459116","","DJ Gordon","HARVARD","18","HB","144","59.6","19.7","17.7","35.7","0","10","53.7","81.7"
"","191761","","444064","","Maddux Reid","HARVARD","28","HB","42","0.5","14.4","13.4","1.2","0","0","1.1","7.2"
"","191787","","428251","","Kiron Benjamin","NORFOLK","00","HB","17","32.7","18.1","15.1","49.1","0","3","13.4","46.6"
"","191834","","466564","","Gage Goralski","BUTLER","43","HB","1","43.8","3.6","3.6","26.1","0","0","28.5","25.0"
"","191853","","439678","","Jack Weybright","BUTLER","17","HB","19","44.6","17.3","15.7","71.7","0","3","63.6","25.0"
"","191935","","436940","","Miequle Brock","NICHOLLS","22","HB","197","93.0","20.5","19.9","91.8","2","30","94.2","88.1"
"","191945","","441954","","Shane Lee","NICHOLLS","24","HB","106","36.2","17.8","16.0","12.2","0","6","19.3","4.6"
"","191961","","453457","","Colton Brunell","N DAKOTA","21","HB","86","40.7","21.3","17.2","9.0","1","5","50.2","57.5"
"","192010","","439647","","Keino Fitzpatrick II","ROB MORRIS","23","HB","5","16.9","15.1","12.1","26.1","0","2","28.5","25.0"
"","192051","","434525","","Maxwell Woods","WASH STATE","03","HB","159","94.9","20.7","18.7","92.4","1","32","90.7","95.1"
"","192118","","429319","","Journey Wyche","CHATTNOOGA","10","HB","136","38.4","20.5","18.1","48.2","1","11","47.2","41.4"
"","192224","","443302","","Leo Boehling","VA MILT IN","09","HB","293","46.5","20.1","18.3","16.7","1","13","5.9","47.1"
"","192237","","430341","","Kam Johnson","VA MILT IN","22","HB","9","25.6","13.6","11.4","26.1","0","0","28.5","25.0"
"","192255","","430366","","Aslin Shipe","VA MILT IN","08","HB","127","79.4","21.6","18.6","79.2","1","12","78.3","80.9"
"","192358","","445180","","Jeremiah James","NWSTATE","25","HB","50","26.9","18.0","15.5","41.8","0","1","41.7","8.4"
"","192374","","468705","","Ian Vigo","NWSTATE","27","HB","2","0.0","11.8","10.5","0.0","0","0","0.0","0.0"
"","192398","","447546","","Sebastien Boyle","CITADEL","44","HB","129","80.9","21.2","19.1","77.0","2","15","80.0","82.1"
"","192451","","446453","","Tre Page III","TARLETON","00","HB","95","62.5","19.9","18.5","60.9","0","13","75.2","56.1"
"","192463","","449740","","Tyselle Spencer","LIUSHAR","33","HB","53","71.8","17.8","16.7","61.2","0","6","75.3","76.7"
"","192496","","434198","","Malae Fonoti","MONTANA","07","HB","67","48.7","18.5","16.7","55.3","0","6","41.4","57.8"
"","192506","","459173","","Talen Reynolds","MONTANA","34","HB","5","11.2","9.8","4.9","26.1","0","0","28.5","25.0"
"","192507","","459193","","Tommy Running Rabbit","MONTANA","30","HB","9","25.3","18.0","13.1","26.1","0","1","28.5","25.0"
"","192518","","445105","","Tyrell Campbell","MURRAY ST","33","HB","66","38.8","18.1","17.3","60.2","0","8","49.5","6.9"
"","192539","","428604","","Jordan Washington","MURRAY ST","28","HB","251","76.6","21.0","19.5","97.4","2","39","84.9","4.0"
"","192541","","446468","","Cam Young","CENT ARK","27","HB","67","6.8","16.1","14.8","8.2","0","2","6.4","45.5"
"","192564","","458874","","Kaden Amigon-Suiter","N IOWA","39","HB","22","30.8","16.9","14.4","39.0","0","2","41.8","36.7"
"","192569","","443191","","Titus Cram","N IOWA","28","HB","8","22.3","13.5","11.6","26.1","0","0","28.5","25.0"
"","192595","","459286","","Kai Honda","PRINCETON","25","HB","53","49.6","19.7","17.5","56.5","0","5","40.9","60.3"
"","192652","","429753","","Davion Godley","WEBER ST","25","HB","205","67.5","21.3","19.2","80.7","1","12","77.9","48.4"
"","192672","","446438","","Chauncey Sylvester","WEBER ST","05","HB","108","31.6","19.2","17.6","11.0","0","6","17.4","53.0"
"","192679","","445850","","Deonte Dean","ABILENE CH","21","HB","1","0.0","15.3","15.3","0.0","0","1","0.0","0.0"
"","192700","","436819","","Matt Childs","BROWN","02","HB","265","91.8","19.6","18.9","89.8","0","29","75.8","94.4"
"","192736","","430131","","Markiel Cockrell","BRYANT","04","HB","18","11.0","17.2","15.1","12.9","0","1","15.7","25.0"
"","192848","","428236","","Payton Brown","SE MO ST","22","HB","114","58.4","21.6","16.5","2.4","1","3","8.7","87.0"
"","192913","","431039","","Athean Renfro","TEXAS STHN","28","HB","136","69.0","20.4","18.4","61.2","1","12","64.2","55.2"
"","192989","","441796","","Brett Spencer","IDAHO ST","02","HB","10","10.1","14.9","12.6","36.6","0","0","11.7","25.0"
"","192990","","436560","","Carson Sudbury","IDAHO ST","06","HB","128","65.3","17.9","17.0","60.1","0","8","49.2","80.0"
"","192996","","437339","","Kenneth Antoine","MARIST","34","HB","4","28.1","16.5","12.4","26.1","0","2","28.5","25.0"
"","193068","","445132","","Major McBride","TXAMCO","23","HB","10","6.9","18.7","12.3","10.0","0","1","8.0","25.0"
"","193069","","430300","","JaiSean McMillian","TXAMCO","22","HB","40","47.2","18.2","15.7","45.8","0","3","39.7","9.3"
"","193126","","465181","","Jake Davids","CHARLOTTE","41","HB","16","2.5","13.5","12.0","1.6","0","0","3.6","46.8"
"","193130","","431763","","Rod Gainey Jr.","CHARLOTTE","06","HB","225","66.8","19.9","19.0","50.3","0","14","74.4","71.4"
"","193171","","455852","","Khyair Spain","MEMPHIS","28","HB","22","6.6","18.7","14.6","8.7","0","2","10.4","37.8"
"","193191","","454203","","Rashid SeSay","Hiltoppers","10","HB","28","3.4","17.6","14.5","9.6","0","2","8.8","4.3"
"","193209","","453412","","Titus Bautista","COLORADO","34","HB","1","16.9","0.1","0.1","26.1","0","0","28.5","25.0"
"","193274","","431701","","Jojo Uga","ALBANY","00","HB","148","62.4","17.8","16.9","66.6","0","8","62.1","65.6"
"","193345","","437344","","Dennis Palmer","TROY","25","HB","19","30.3","14.4","13.5","7.6","0","0","47.5","43.2"
"","193362","","446385","","Dylan Elder","DARTMOUTH","06","HB","18","8.5","16.5","14.2","13.5","0","2","9.1","40.7"
"","193413","","432077","","Justin Montgomery","PRESBYTERN","25","HB","29","39.9","19.9","15.2","14.6","0","1","54.1","48.5"
"","193585","","439909","","Beau Phillips","CENT WASH","14","HB","23","55.9","19.5","16.0","67.9","0","3","55.8","54.3"
"","193763","","441489","","Ri'Jon Hammond","VIRSTA","07","HB","26","41.8","16.2","14.7","11.8","0","2","44.2","62.7"
"","194322","","432439","","Anthony Almeida","ST ANSELM","25","HB","11","32.2","16.6","14.6","41.2","0","2","45.0","25.0"
"","194338","","437454","","Jake Croce","ST ANSELM","04","HB","5","22.3","15.4","10.5","26.1","0","1","28.5","25.0"
"","194349","","410220","","Jaidin Haynes","ST ANSELM","01","HB","40","86.7","20.4","18.5","81.3","1","17","94.7","77.9"
"","194392","","459870","","Ben Tilton","ST ANSELM","42","HB","2","50.5","9.1","8.9","26.1","0","0","28.5","25.0"
"","194962","","0","","Eric Dickerson Jr","MCKENDREE","02","HB","27","25.2","18.1","14.7","40.6","0","2","16.5","37.9"
"","195010","","422532","","Jerry Richardson","MCKENDREE","31","HB","18","36.7","17.5","14.8","44.0","0","1","50.6","37.2"
"","196091","","432081","","Jaylen Middleton","KY STATE","15","HB","30","40.5","19.0","16.0","54.6","0","4","65.0","3.5"
"","196747","","441958","","Jason Gabriel","SOUTHERN U","25","HB","16","13.6","16.7","13.9","36.5","0","3","45.4","5.1"
"","196767","","430603","","Barry Remo","SOUTHERN U","35","HB","25","16.9","18.6","15.9","26.1","0","3","28.5","25.0"
"","196997","","429253","","Malachi James","SYRACUSE","36","HB","2","22.3","12.0","11.6","26.1","0","0","28.5","25.0"
"","197038","","430501","","Nasir Hennigan","LIUSHAR","25","HB","2","22.3","14.0","13.3","26.1","0","0","28.5","25.0"
"","197191","","435904","","Datlan Cunningham","LOUCHR","23","HB","33","1.6","17.1","13.8","5.3","0","1","10.1","2.5"
"","197635","","452446","","Jordan Montanez","HOUCHR","27","HB","6","22.3","13.2","10.8","26.1","0","0","28.5","25.0"
"","197651","","449522","","Cian McKelvey","USC","41","HB","1","16.9","10.0","10.0","26.1","0","0","28.5","25.0"
"","197654","","449525","","King Miller","USC","30","HB","404","89.1","21.3","20.4","84.8","3","51","83.9","90.0"
"","197710","","441680","","Dae'Jeaun Dennis","MORGAN ST","26","HB","6","28.1","10.3","9.2","26.1","0","0","28.5","25.0"
"","197712","","436593","","JJ Cowan","CAMPBELL","05","HB","252","57.8","22.8","19.8","64.0","2","22","67.2","49.0"
"","197836","","445058","","Cole Fulton","COLGATE","28","HB","146","61.0","19.8","17.9","74.3","0","18","69.4","45.9"
"","197877","","446544","","Braden Lewis","STF AUSTIN","23","HB","18","11.7","19.9","14.8","35.4","0","2","51.3","2.1"
"","197913","","448236","","Steven Blanco","LA LAFAYET","24","HB","80","51.3","18.4","16.8","52.0","0","5","46.8","59.1"
"","198093","","453604","","AK Dear","ALABAMA","00","HB","37","54.8","16.8","15.5","64.4","0","3","51.2","53.1"
"","198096","","450860","","Jaquari Lewis","APP STATE","22","HB","410","52.8","18.3","17.6","53.8","0","24","37.9","69.5"
"","198106","","468355","","Cornelius Warren III","ARIZONA","09","HB","8","16.9","15.6","11.7","26.1","0","1","28.5","25.0"
"","198120","","456348","","Demarius Robinson","ARIZONA ST","23","HB","78","65.1","17.0","16.6","78.3","0","8","63.2","59.9"
"","198158","","470598","","Alvin Henderson","AUBURN","22","HB","1","22.3","18.3","18.3","26.1","0","1","28.5","25.0"
"","198175","","450354","","Chris McMillian","BOWL GREEN","04","HB","111","63.8","20.8","18.2","54.4","1","12","77.4","61.0"
"","198206","","450533","","Charlie Miska","BYU","34","HB","9","28.1","14.1","12.6","26.1","0","0","28.5","25.0"
"","198264","","455884","","Zion Johnson","CINCINNATI","13","HB","40","64.0","19.3","17.0","64.6","0","6","77.7","53.9"
"","198291","","450132","","Jevon Edwards","COAST CAR","20","HB","179","71.2","18.0","17.4","68.0","0","14","48.8","87.2"
"","198293","","450164","","Dominic Knicely","COAST CAR","23","HB","240","99.7","21.9","20.1","98.9","2","52","99.2","98.3"
"","198337","","449460","","Nate Sheppard","DUKE","20","HB","520","96.7","21.9","21.2","87.2","5","57","86.3","98.4"
"","198384","","465173","","Amareon Blue","E MICHIGAN","20","HB","1","16.9","8.6","8.6","26.1","0","0","28.5","25.0"
"","198443","","449071","","Ousmane Kromah","FLORIDA ST","32","HB","154","70.9","20.4","18.6","84.6","1","21","76.3","3.0"
"","198466","","449033","","Bo Walker","GEORGIA","24","HB","40","42.0","17.3","16.4","13.8","0","4","50.6","53.8"
"","198535","","455837","","Sean Cuono","INDIANA","20","HB","3","16.9","18.1","13.6","26.1","0","1","28.5","25.0"
"","198550","","449517","","Nathan McNeil","IOWA","25","HB","74","73.8","18.6","17.2","79.8","0","13","72.0","70.7"
"","198565","","465126","","Ryver Peppers","IOWA STATE","22","HB","1","22.3","12.4","12.4","26.1","0","0","28.5","25.0"
"","198574","","456098","","Lucas Farrington","JVILLE ST","26","HB","24","32.1","18.9","16.7","60.4","0","4","37.9","6.2"
"","198583","","461017","","Jackson McCarter","JAMES MAD","21","HB","13","12.6","15.4","13.8","11.8","0","1","18.7","37.5"
"","198603","","463608","","Monterrio Elston Jr.","KANSAS ST","31","HB","1","16.9","16.3","16.3","26.1","0","1","28.5","25.0"
"","198660","","468445","","Malachi Fannin-Render","LIBERTY","25","HB","3","16.9","11.9","10.1","26.1","0","0","28.5","25.0"
"","198671","","450062","","Clay Thevenin","LA TECH","04","HB","394","61.8","21.8","20.2","77.2","2","33","48.1","66.4"
"","198704","","458970","","Jamarice Wilder","LOUISVILLE","33","HB","7","16.9","13.7","11.1","26.1","0","0","28.5","25.0"
"","198726","","449600","","Iverson Howard","MARYLAND","24","HB","80","1.8","15.7","14.3","1.1","0","1","4.6","44.6"
"","198842","","456161","","DJ Taylor","MIDDLE TN","29","HB","91","82.0","20.8","18.8","92.8","1","13","84.3","65.3"
"","198870","","451367","","Kolin Wilson","MISS STATE","26","HB","11","6.4","15.1","11.9","6.5","0","1","17.8","8.2"
"","198879","","449159","","Marquise Davis","MISSOURI","07","HB","42","35.9","15.8","15.3","40.3","0","3","46.1","40.1"
"","198885","","455905","","Brendon Haygood","MISSOURI","16","HB","4","16.9","11.8","8.2","26.1","0","0","28.5","25.0"
"","198900","","449393","","King Davis","MO STATE","10","HB","8","16.9","15.5","13.4","26.1","0","2","28.5","25.0"
"","199001","","451645","","Caleb Hawkins","N TEXAS","24","HB","512","94.5","22.1","19.7","79.6","1","60","96.7","94.0"
"","199009","","453366","","Robby Preckel","NWESTERN","41","HB","99","30.6","16.6","16.1","13.1","0","5","54.6","0.3"
"","199023","","453349","","Daniel Anderson","NWESTERN","27","HB","4","28.1","16.2","12.5","26.1","0","1","28.5","25.0"
"","199034","","450086","","Tory Blaylock","OKLAHOMA","06","HB","390","72.3","19.1","18.6","79.4","0","39","60.5","76.6"
"","199062","","453395","","Troy Marquez","DOMINION","28","HB","3","16.9","15.1","10.8","26.1","0","1","28.5","25.0"
"","199077","","395173","","Justin Cook","PITTSBURGH","28","HB","51","56.4","18.3","16.4","63.6","0","5","76.8","41.7"
"","199087","","453600","","Ja'Kyrian Turner","PITTSBURGH","25","HB","338","94.3","21.8","21.2","96.3","7","58","97.1","82.6"
"","199105","","453672","","D'Andre Hardeman Jr.","RICE","27","HB","194","33.0","19.4","17.9","44.2","0","11","4.2","63.9"
"","199110","","456366","","Tyvonn Byars","RICE","26","HB","97","8.9","17.6","16.2","17.0","0","6","7.9","36.6"
"","199126","","456068","","Terrell Mitchell","RUTGERS","26","HB","7","22.3","10.8","9.2","26.1","0","0","28.5","25.0"
"","199143","","465157","","Sir Autry","S JOSE ST","24","HB","4","9.1","17.8","14.3","26.1","0","1","28.5","25.0"
"","199149","","463564","","Steve Chavez-Soto","S JOSE ST","15","HB","280","13.3","21.0","19.0","5.3","2","17","10.9","56.9"
"","199159","","453269","","Dramekco Green","SMU","21","HB","52","35.5","18.3","16.9","50.6","0","6","51.9","6.4"
"","199183","","451839","","Keenan Phillips","S ALABAMA","21","HB","268","74.3","19.3","17.7","73.2","0","24","78.1","71.9"
"","199210","","453916","","Jaylin Carter","SO MISS","24","HB","145","87.3","21.3","18.2","89.3","1","20","92.3","75.5"
"","199225","","455820","","Malachi Coleman","SYRACUSE","28","HB","19","11.4","16.7","14.2","48.4","0","1","13.3","5.5"
"","199271","","449785","","Jon Denman","TCU","13","HB","83","1.6","17.2","15.3","0.8","0","4","7.4","12.2"
"","199289","","456301","","James Simon","TEXAS","31","HB","46","45.7","16.5","15.5","38.4","0","3","48.4","57.8"
"","199370","","449301","","Javin Gordon","TULANE","23","HB","399","80.6","19.1","18.3","57.0","0","33","77.3","90.3"
"","199393","","453991","","Agyeman Addae","UCF","35","HB","58","57.3","20.2","18.8","77.1","1","10","82.5","2.3"
"","199405","","470441","","Kamran Williams","UNLV","23","HB","1","16.9","7.8","7.8","26.1","0","0","28.5","25.0"
"","199407","","449505","","Waymond Jordan","USC","02","HB","205","54.7","19.4","18.6","69.1","0","28","70.6","9.4"
"","199413","","449498","","James Johnson","USC","10","HB","20","33.7","15.8","14.9","60.5","0","3","17.7","11.5"
"","199415","","469183","","Riley Wormley","USC","27","HB","18","47.0","18.4","16.4","68.5","0","4","58.8","5.9"
"","199445","","461004","","Daniel Bray","UTAH","13","HB","181","97.1","21.4","20.0","99.8","2","69","97.7","74.3"
"","199514","","469866","","Quaid Carr","WASHINGTON","21","HB","6","16.9","14.0","10.2","26.1","0","0","28.5","25.0"
"","199540","","451352","","Cyncir Bowers","W VIRGINIA","23","HB","202","87.8","20.3","19.2","95.7","1","34","92.5","67.4"
"","199564","","448884","","Marvis Parrish","W KENTUCKY","21","HB","336","72.5","20.6","19.1","95.0","1","38","80.9","9.6"
"","199582","","409548","","Cam Macon","AKRON","34","HB","14","30.0","13.2","12.2","6.6","0","0","15.2","25.0"
"","199619","","470462","","Max Wilson","CLEMSON","34","HB","5","22.3","16.9","13.4","26.1","0","1","28.5","25.0"
"","199633","","448925","","Gideon Davidson","CLEMSON","09","HB","188","83.1","19.8","17.9","78.1","0","15","60.1","93.2"
"","199664","","453941","","Ethan Ervin","FAU","21","HB","42","27.1","16.5","14.9","14.7","0","2","19.3","41.5"
"","199682","","449186","","J.P. Powell","GA TECH","20","HB","3","22.3","21.8","14.8","26.1","1","1","28.5","25.0"
"","199684","","449168","","Shane Marshall","GA TECH","24","HB","2","22.3","15.7","14.2","26.1","0","1","28.5","25.0"
"","199706","","453644","","Zane Smith","HOUSTON","37","HB","4","47.5","11.3","9.8","26.1","0","0","28.5","25.0"
"","199730","","465193","","Darrell Smith","LA LAFAYET","22","HB","14","41.4","17.0","15.0","50.2","0","2","38.6","52.8"
"","199744","","452063","","D'Shaun Ford","LA MONROE","22","HB","36","39.3","18.2","15.0","7.8","0","2","38.8","47.2"
"","199769","","448955","","Harlem Berry","LSU","22","HB","213","92.4","22.0","19.7","90.1","1","25","87.9","91.2"
"","199784","","448986","","Elijah Faulkner","UMASS","23","HB","132","67.9","16.6","16.4","61.8","0","7","60.3","78.3"
"","199798","","453520","","Conor Booth","NEBRASKA","23","HB","8","28.1","12.3","11.3","26.1","0","0","28.5","25.0"
"","199811","","449154","","Isaiah Mozee","NEBRASKA","22","HB","116","87.2","18.4","18.1","96.4","0","24","80.0","73.5"
"","199824","","449711","","Demon June","N CAROLINA","12","HB","232","91.6","21.6","20.2","97.0","2","31","93.0","71.6"
"","199837","","458779","","Nolan James Jr.","NOTRE DAME","23","HB","29","6.5","14.5","13.3","3.1","0","0","17.0","11.0"
"","199862","","453512","","Isaiah West","OHIO STATE","32","HB","102","69.4","18.5","16.8","43.2","0","9","66.9","82.8"
"","199864","","453493","","Bo Jackson","OHIO STATE","25","HB","348","94.1","20.6","19.8","83.2","3","45","92.0","95.6"
"","199870","","449213","","Dierre Hill Jr.","OREGON","23","HB","189","97.7","21.3","20.4","99.0","4","54","99.5","75.9"
"","199872","","449197","","Jordon Davison","OREGON","00","HB","306","85.6","20.8","19.1","80.8","1","27","87.8","52.6"
"","199903","","470854","","Tikey Hayes","PENN STATE","23","HB","10","11.1","16.4","12.3","37.3","0","1","12.4","25.0"
"","199973","","451133","","Daune Morris","TENNESSEE","19","HB","65","37.2","22.3","17.1","11.1","1","5","42.2","56.5"
"","199977","","451099","","Justin Baker","TENNESSEE","20","HB","35","1.1","14.8","13.4","1.3","0","0","2.9","11.2"
"","199997","","449391","","Jamarion Morrow","TEXAS A&M","23","HB","136","91.9","18.6","17.6","90.8","0","21","89.5","88.8"
"","200025","","399175","","Marcellous Hawkins","VA TECH","27","HB","356","73.8","19.5","19.2","94.8","0","42","76.1","39.0"
"","200026","","468392","","Jeffrey Overton Jr.","VA TECH","16","HB","83","62.1","21.8","19.3","94.9","1","15","74.8","1.2"
"","200038","","454212","","Ofa Mataele","W MICHIGAN","24","HB","173","93.9","18.8","17.7","93.2","0","32","94.1","89.3"
"","200045","","449007","","Devin Miles","W MICHIGAN","05","HB","237","97.7","19.3","18.1","86.2","0","32","92.1","99.6"
"","200065","","453884","","Samuel Harris","WYOMING","26","HB","236","97.4","20.7","19.9","91.4","3","29","95.7","97.5"
"","200090","","450665","","Cam Settles","ARKANSAS","27","HB","35","52.1","18.2","15.9","50.4","0","3","65.3","49.3"
"","200116","","449089","","Caden Knighten","BAYLOR","22","HB","283","46.2","20.9","18.8","62.5","1","25","66.1","3.8"
"","200128","","449425","","Duke Clark","FLORIDA","20","HB","34","9.8","15.0","13.6","2.7","0","0","5.3","49.1"
"","200163","","453545","","Girard Pringle Jr.","MIAMI FL","22","HB","133","63.9","19.0","18.5","76.8","0","18","67.5","54.7"
"","200231","","469204","","Ravian Larry","UTAH ST","25","HB","1","22.3","8.6","8.6","26.1","0","0","28.5","25.0"
"","200256","","451030","","Noah White","UTAH ST","23","HB","110","90.8","21.0","19.0","95.8","1","27","92.7","76.8"
"","200274","","455856","","Xay Davis","VIRGINIA","25","HB","29","41.9","18.9","14.3","15.0","0","2","61.4","45.9"
"","200288","","392819","","Owen Gardner","VIRGINIA","27","HB","3","16.9","15.8","12.6","26.1","0","1","28.5","25.0"
"","200331","","470506","","Karson Cox","UCLA","33","HB","2","28.1","11.2","9.4","26.1","0","0","28.5","25.0"
"","200376","","456414","","DJ Brown","ALABAMA ST","20","HB","1","16.9","15.5","15.5","26.1","0","1","28.5","25.0"
"","200379","","470707","","Nick Clark","ALABAMA ST","00","HB","1","16.9","15.4","15.4","26.1","0","1","28.5","25.0"
"","200422","","466588","","Keon Kenner","ALBANY","27","HB","6","25.6","11.0","8.3","26.1","0","0","28.5","25.0"
"","200465","","455944","","Traylon Minor","ALCORN ST","20","HB","1","16.9","12.4","12.4","26.1","0","0","28.5","25.0"
"","200489","","456539","","Isaiah Groves","AUSTINPEAY","10","HB","35","54.5","19.9","17.3","70.2","0","4","58.2","45.7"
"","200598","","461233","","De'Von Thomas","CAMPBELL","27","HB","3","22.3","11.6","8.6","26.1","0","0","28.5","25.0"
"","200651","","453724","","Sharode Richardson","CHARLES SO","32","HB","5","16.9","14.5","12.4","26.1","0","0","28.5","25.0"
"","200659","","456570","","Hakeem Watters","CHARLES SO","20","HB","149","93.6","21.6","19.7","78.0","2","18","98.4","94.3"
"","200741","","466599","","John McAuliffe","CORNELL","25","HB","66","53.2","18.7","16.9","62.2","0","11","49.8","55.8"
"","200752","","465205","","Jordan Triplett","CORNELL","41","HB","174","34.9","18.9","17.6","65.1","0","21","18.1","9.7"
"","200762","","450727","","Mikey Hess","DAYTON","45","HB","4","16.9","10.8","8.8","26.1","0","0","28.5","25.0"
"","200793","","451380","","Jaiden Daniels","E TENN ST","48","HB","6","5.7","15.5","13.1","26.1","0","2","28.5","25.0"
"","200797","","408903","","Khalil Eichelberger","E TENN ST","23","HB","103","47.8","18.4","17.1","11.7","0","6","6.7","63.2"
"","200891","","458905","","Wilson Medina","E WASHGTON","43","HB","42","30.8","18.7","16.7","42.0","0","8","48.5","5.5"
"","200934","","467673","","Isaiah Davis","FURMAN","20","HB","5","16.9","17.8","12.7","26.1","0","1","28.5","25.0"
"","200952","","450596","","CJ Nettles","FURMAN","26","HB","201","91.0","20.2","18.0","97.2","1","31","86.9","78.5"
"","200982","","454435","","Gracen Goldsmith","HAMPTON","05","HB","88","53.5","19.3","16.7","69.9","0","6","51.6","49.1"
"","200988","","454441","","Ja'Sean Lindsey","HAMPTON","21","HB","4","16.9","11.0","10.0","26.1","0","0","28.5","25.0"
"","201055","","450239","","Joseph Williams","HOLY CROSS","31","HB","127","96.2","19.3","18.6","97.7","0","37","96.2","87.5"
"","201124","","0","","Robert Freeman IV","IDAHO ST","05","HB","10","9.0","17.5","12.7","14.3","0","1","48.7","25.0"
"","201139","","450246","","Tytan Mason","IDAHO ST","20","HB","25","52.3","17.8","16.4","56.1","0","4","55.6","51.3"
"","201224","","450435","","Payton Greer","LAFAYETTE","29","HB","16","2.8","15.3","12.7","5.6","0","1","4.5","12.6"
"","201261","","467716","","Omarion Rasberry","LAMAR","26","HB","20","1.0","16.3","13.0","4.3","0","1","11.0","8.1"
"","201296","","453878","","La'Revious Woods","LNDNWD","36","HB","39","9.4","15.0","14.3","9.4","0","0","7.6","47.9"
"","201298","","409837","","Sincere Baines","MAINE","03","HB","156","68.1","21.7","18.6","69.2","1","17","81.9","55.7"
"","201299","","467760","","Daniel Batch","MAINE","19","HB","28","62.7","19.4","17.8","80.0","0","12","76.9","25.0"
"","201322","","452268","","Marquez Davis","MCNEESE","22","HB","15","36.6","16.0","14.2","38.8","0","2","47.6","44.8"
"","201326","","463686","","Collin Fabacher","MCNEESE","29","HB","2","0.0","11.2","10.3","0.0","0","0","0.0","0.0"
"","201351","","0","","Carlos Benjamin","MERCER","20","HB","11","24.6","19.4","13.7","36.9","0","2","57.2","25.0"
"","201356","","0","","Ty Doughty","MERCER","80","HB","62","59.9","17.3","16.3","78.7","0","7","51.5","59.7"
"","201419","","450858","","Kenny Smith","MONMOUTH","28","HB","9","16.9","14.5","11.5","26.1","0","0","28.5","25.0"
"","201425","","469287","","Malachi Claunch","MONTANA ST","26","HB","3","25.3","13.4","12.0","26.1","0","0","28.5","25.0"
"","201454","","0","","Jaylen Simpson","N ALABAMA","26","HB","2","11.9","12.0","7.8","26.1","0","0","28.5","25.0"
"","201510","","451286","","Myles Mitchell","N DAK ST","45","HB","15","35.2","19.0","15.4","42.2","0","3","49.7","25.0"
"","201539","","449754","","Quran Gossett","N ARIZONA","00","HB","192","71.9","19.4","18.5","77.7","0","23","73.9","65.5"
"","201570","","463693","","Trevor Allen Jr.","NWSTATE","20","HB","32","0.0","16.9","15.8","0.0","0","4","0.0","0.0"
"","201611","","465329","","Tommy Lafayette","PENN","32","HB","30","41.6","17.4","16.1","65.8","0","3","44.1","36.5"
"","201648","","458845","","Jaquail Smith","SACRAMENTO","22","HB","85","58.4","22.0","19.3","49.2","1","14","72.9","64.5"
"","201649","","465234","","Jojo Solis","SACRAMENTO","48","HB","3","16.9","10.3","7.8","26.1","0","0","28.5","25.0"
"","201702","","450884","","Mitchell Summers","SACR HEART","20","HB","142","89.4","19.5","18.9","92.6","0","26","87.7","90.6"
"","201792","","466634","","Aidan Garrett","STHLSK","13","HB","63","70.1","20.8","17.5","46.3","1","5","89.4","65.1"
"","201878","","451711","","Kemarrion Battles","TOWSON","03","HB","154","79.5","21.9","19.5","82.6","1","20","93.4","62.7"
"","201888","","468489","","JaVon Ford II","TOWSON","23","HB","5","16.9","9.4","7.5","26.1","0","0","28.5","25.0"
"","201978","","454119","","Maxwell Turner","UTAHTC","38","HB","11","16.9","14.3","11.8","26.1","0","0","28.5","25.0"
"","202012","","465448","","Josh Perry","W CAROLINA","22","HB","35","53.5","17.4","16.5","62.8","0","6","72.7","10.5"
"","202032","","0","","Ernest Temple","W ILLINOIS","24","HB","6","29.1","17.6","13.6","26.1","0","1","28.5","25.0"
"","202085","","450953","","Gerald Modest Jr.","WOFFORD","06","HB","244","39.6","20.5","18.9","9.5","1","19","7.0","75.2"
"","202106","","467679","","Donald Barksdale","YNGTOWN ST","25","HB","5","16.9","19.4","10.8","26.1","0","1","28.5","25.0"
"","202119","","395174","","Tahir Mills","YNGTOWN ST","00","HB","46","60.9","18.3","17.1","63.8","0","8","75.1","7.6"
"","202139","","467690","","Taysear Williams-Clay","YNGTOWN ST","29","HB","2","16.9","10.3","10.2","26.1","0","0","28.5","25.0"
"","202145","","459229","","Eli Jones","BROWN","31","HB","45","48.8","15.9","15.4","39.5","0","4","53.9","57.9"
"","202267","","454238","","Hashim Jones","MONTANA","28","HB","26","32.4","18.1","15.5","35.8","0","3","38.2","47.4"
"","202282","","469263","","Dylan Embry","MURRAY ST","32","HB","1","0.0","10.3","10.3","0.0","0","0","0.0","0.0"
"","202373","","453825","","Christian Collins","N IOWA","22","HB","25","8.7","16.0","14.1","9.8","0","1","16.4","12.3"
"","202407","","454138","","Michael Creamer","RICHMOND","09","HB","24","35.4","20.7","15.9","52.4","1","2","15.0","44.0"
"","202411","","450792","","Andrew McKenzie","RICHMOND","30","HB","3","22.3","9.5","9.2","26.1","0","0","28.5","25.0"
"","202438","","454044","","Corey Blair Jr.","S DAK ST","29","HB","26","48.9","18.5","16.3","54.1","0","3","63.2","5.9"
"","202439","","450492","","James Basinger","S DAK ST","32","HB","200","64.9","17.5","16.9","15.7","0","10","57.6","85.2"
"","202440","","466579","","Josiah Johnson","S DAK ST","34","HB","112","56.7","17.7","16.8","44.4","0","7","44.3","63.6"
"","202584","","459516","","Antonio Adams","ALAB A&M","31","HB","6","0.0","9.9","8.7","0.0","0","0","0.0","0.0"
"","202638","","448916","","Davon Smith Jr.","CENT CT ST","31","HB","9","16.9","11.4","10.6","26.1","0","0","28.5","25.0"
"","202647","","461103","","Jahmir Pitcher","COLUMBIA","22","HB","20","7.5","12.4","12.2","0.7","0","0","7.9","64.5"
"","202655","","459095","","Michael Walters","COLUMBIA","24","HB","246","66.6","18.0","17.0","7.2","0","12","62.7","72.6"
"","202677","","465473","","Cam Oliver","DUQUESNE","23","HB","6","22.3","17.1","11.4","26.1","0","1","28.5","25.0"
"","202698","","437690","","Hymond Drinkard","TXAMCO","24","HB","38","2.5","17.3","15.8","8.3","0","4","3.1","12.0"
"","202765","","453003","","Clyde McClendon Jr.","GRAMBLING","24","HB","40","13.5","17.5","14.2","1.7","0","1","8.5","37.6"
"","202767","","452968","","Byron Eaton Jr.","GRAMBLING","10","HB","146","61.3","22.0","19.7","83.9","1","19","80.2","3.7"
"","202840","","450656","","Jameir Gamble","MERCYHURST","22","HB","18","47.1","16.6","15.6","57.3","0","5","52.4","44.3"
"","202907","","458941","","Jonathan Dartez","NICHOLLS","26","HB","5","5.7","15.3","11.5","26.1","0","1","28.5","25.0"
"","202930","","463683","","Kayden Andoh","NICHOLLS","39","HB","4","16.9","16.6","14.0","26.1","0","3","28.5","25.0"
"","203040","","451314","","Terrence Campbell","RHODE ISLD","27","HB","14","36.8","16.5","13.7","16.8","0","1","42.7","7.9"
"","203079","","451427","","Xavier Goulbourne","ROB MORRIS","00","HB","20","9.2","18.5","12.9","6.3","0","1","2.8","8.3"
"","203123","","454117","","Carter Pace","SAMFORD","44","HB","1","16.9","6.7","6.7","26.1","0","0","28.5","25.0"
"","203129","","451756","","Cam Bland","SAMFORD","29","HB","134","80.7","17.6","17.1","77.5","0","17","87.6","75.7"
"","203163","","454109","","Carson Fletcher","S DAKOTA","33","HB","174","88.4","18.3","17.5","78.4","0","23","79.4","93.0"
"","203185","","463687","","Kyree Paul","SE LA","24","HB","4","5.7","16.5","11.8","26.1","0","1","28.5","25.0"
"","203186","","450140","","Calvin Smith Jr.","SE LA","38","HB","79","44.4","16.6","15.4","8.0","0","3","12.0","53.7"
"","203187","","451413","","Chandler Chapman","S ILLINOIS","08","HB","222","65.8","20.8","19.1","87.3","2","21","69.2","38.6"
"","203219","","455987","","Christian Smith","SOUTHERN U","20","HB","2","16.9","11.9","9.4","26.1","0","0","28.5","25.0"
"","203241","","452385","","Amariyon Asberry","SOUTHERN U","22","HB","9","0.0","13.9","9.3","0.0","0","0","0.0","0.0"
"","203301","","450632","","Tommy Ansley","TENN MARTN","39","HB","216","92.6","18.0","17.4","78.1","0","28","91.3","85.3"
"","203363","","452926","","Michael Rumoro","VALPO","32","HB","14","4.6","15.2","13.4","36.1","0","1","6.3","8.9"
"","203479","","466712","","Mekhi Norfleet","LIUSHAR","31","HB","31","26.1","15.3","13.8","10.9","0","1","10.0","54.9"
"","203484","","470046","","Chance Arthur","PRINCETON","24","HB","11","28.1","16.6","12.2","26.1","0","1","28.5","25.0"
"","203573","","450102","","Uriah Moats-Maynard","WAGNER","28","HB","4","16.9","13.5","9.4","26.1","0","0","28.5","25.0"
"","203971","","453477","","Omar Mabson II","AUBURN","29","HB","60","42.1","17.3","15.8","7.5","0","4","38.3","69.2"
"","204030","","470847","","Julius Gillick","FRESNO ST","24","HB","2","28.1","9.9","7.2","26.1","0","0","28.5","25.0"
"","204037","","460882","","Titan Lacaden","HAWAII","22","HB","5","5.7","15.0","12.2","26.1","0","1","28.5","25.0"
"","204087","","449979","","Justin Thurman","KANSAS","25","HB","1","22.3","11.3","11.3","26.1","0","0","28.5","25.0"
"","204133","","449733","","Braxton Jennings","LOUISVILLE","46","HB","71","39.6","19.0","16.4","41.6","0","8","57.3","38.3"
"","204140","","453296","","Jasper Parker","MICHIGAN","27","HB","45","46.3","16.8","15.8","52.3","0","5","60.2","38.1"
"","204153","","453578","","Xavier Ford","MINNESOTA","31","HB","11","26.9","14.1","12.3","10.5","0","0","43.1","25.0"
"","204156","","453592","","Grant Washington","MINNESOTA","21","HB","28","34.2","17.4","15.6","44.6","0","3","52.8","7.2"
"","204200","","449376","","Trequan Jones","DOMINION","20","HB","247","54.3","21.9","19.9","75.2","2","21","67.4","8.5"
"","204246","","449275","","Kourdey Glass","OREGON ST","25","HB","8","16.9","14.7","12.2","26.1","0","0","28.5","25.0"
"","204254","","466513","","Skyler Jackson","OREGON ST","33","HB","1","29.1","8.8","8.8","26.1","0","0","28.5","25.0"
"","204299","","455824","","Tylik Hill","SYRACUSE","39","HB","49","52.8","18.1","16.7","76.2","0","7","13.2","61.4"
"","204323","","453730","","Keveun Mason","TEMPLE","26","HB","69","69.2","19.5","17.7","83.8","0","12","86.4","13.3"
"","204345","","469169","","Tiger Riden Jr.","TEXAS A&M","26","HB","20","12.6","18.6","14.6","14.8","0","1","45.9","3.4"
"","204358","","450037","","Michael Henderson III","TEXAS TECH","35","HB","1","5.7","6.2","6.2","26.1","0","0","28.5","25.0"
"","204369","","451033","","Kelvin Washington","TULSA","22","HB","9","5.7","16.0","14.9","26.1","0","2","28.5","25.0"
"","204424","","453656","","Raycine Guillory  Jr.","UTAH","00","HB","2","16.9","10.5","10.4","26.1","0","0","28.5","25.0"
"","204448","","465170","","Jamar Searcy","WAKE","29","HB","14","4.5","15.7","13.4","10.1","0","1","12.0","5.2"
"","204473","","449140","","Michael Turner","BAYLOR","23","HB","162","37.6","18.2","16.9","51.9","0","9","12.4","50.1"
"","204487","","469185","","Byron Louis","FLORIDA","27","HB","5","28.1","14.3","11.2","26.1","0","0","28.5","25.0"
"","204624","","465132","","Grayson Rigdon","ARIZONA ST","21","HB","6","16.9","15.5","12.7","26.1","0","1","28.5","25.0"
"","204731","","469897","","Jalen Bonds","BALL ST","22","HB","69","41.0","17.2","15.3","4.9","0","2","18.6","70.1"
"","204765","","458760","","Jariel Cobb","CHARLOTTE","24","HB","163","81.7","17.8","16.9","51.2","0","12","63.1","96.2"
"","204775","","450194","","Breyahn Townsend","COAST CAR","25","HB","21","50.0","17.9","16.3","80.7","0","4","45.7","12.6"
"","204805","","453906","","Javion Kinnard","COLO STATE","24","HB","119","91.5","22.5","19.9","99.3","1","43","95.3","67.9"
"","204809","","463593","","Soren Rief","UCONN","26","HB","2","37.9","15.2","14.6","26.1","0","1","28.5","25.0"
"","204823","","468383","","Malichi Greaves","UCONN","21","HB","12","47.7","17.4","16.2","67.4","0","7","53.0","25.0"
"","204843","","470495","","Jared Porter","DELAWARE","25","HB","23","4.6","15.8","13.3","3.5","0","1","4.7","50.2"
"","204900","","450574","","TJ Peyton","GA STATE","21","HB","33","32.7","20.0","14.9","7.0","0","1","44.2","51.9"
"","204957","","466478","","Tre Leonard","JAMES MAD","29","HB","3","16.9","13.5","9.6","26.1","0","0","28.5","25.0"
"","204998","","465103","","Jaylon Coleman","LIBERTY","00","HB","94","88.3","21.4","18.8","98.8","1","31","95.6","58.9"
"","205005","","418709","","Andrew Burnette","LA TECH","00","HB","159","52.4","22.6","19.5","5.5","2","8","44.5","47.0"
"","205056","","453514","","Bryson Williams","MICH STATE","14","HB","12","54.9","18.7","16.5","70.4","0","3","63.9","25.0"
"","205065","","450686","","Shekai Mills-Knight","OLE MISS","33","HB","10","39.8","17.5","13.3","36.7","0","1","13.6","25.0"
"","205251","","449717","","Jaylen McGill","N CAROLINA","27","HB","42","77.9","19.6","18.0","87.1","0","13","82.7","64.3"
"","205258","","389345","","Chavon Wright","N ILLINOIS","10","HB","421","0.3","18.2","16.8","0.1","0","13","0.5","48.7"
"","205284","","461037","","Lazaro Rogers","N ILLINOIS","21","HB","52","40.7","23.1","17.6","52.2","1","6","74.3","1.5"
"","205344","","468380","","Jaron Thomas","PURDUE","20","HB","19","1.2","14.3","13.3","7.5","0","0","8.1","1.3"
"","205385","","467641","","Josiah Basten","SO MISS","25","HB","1","16.9","9.7","9.7","26.1","0","0","28.5","25.0"
"","205429","","469164","","Shawn Simeon","TOLEDO","20","HB","1","16.9","10.3","10.3","26.1","0","0","28.5","25.0"
"","205446","","453452","","Harry Dalton III","USC","25","HB","15","33.4","17.9","15.1","38.1","0","2","53.2","10.0"
"","205466","","465107","","Elijah McCoy","UTEP","22","HB","61","49.8","17.2","16.3","43.5","0","5","50.4","60.8"
"","205480","","453870","","Josh Bell","UTEP","20","HB","1","16.9","8.1","8.1","26.1","0","0","28.5","25.0"
"","205485","","449679","","Gabe Fields","VANDERBILT","33","HB","15","10.0","15.6","13.4","42.4","0","1","5.7","37.1"
"","205556","","469817","","Chase Dawkins","W MICHIGAN","21","HB","3","22.3","8.9","8.7","26.1","0","0","28.5","25.0"
"","205856","","454124","","Carl McDonald Jr.","ALCORN ST","22","HB","2","16.9","11.2","9.7","26.1","0","0","28.5","25.0"
"","205966","","451948","","Sean Weston","DELWARE ST","22","HB","47","10.8","19.5","17.5","3.6","0","6","5.5","62.6"
"","206025","","450459","","Nick Herman","DRAKE","29","HB","75","84.0","18.7","17.8","78.5","0","11","92.4","76.1"
"","206038","","470547","","Dino McRae","ELON","37","HB","1","0.0","10.6","10.6","0.0","0","0","0.0","0.0"
"","206100","","459623","","Philip Shaw","MCKENDREE","39","HB","1","22.3","12.6","12.6","26.1","0","0","28.5","25.0"
"","206129","","454257","","Ravon Moore","NORFOLK","35","HB","12","30.1","16.6","13.5","16.1","0","1","43.3","25.0"
"","206135","","451680","","Zachary Manning","NORFOLK","38","HB","7","0.0","16.6","12.6","0.0","0","1","0.0","0.0"
"","206178","","459477","","Jones Rocky","ST FRANCIS","15","HB","3","5.7","15.1","12.8","26.1","0","1","28.5","25.0"
"","206251","","449861","","Chase Garnett","USF","22","HB","11","8.6","17.9","14.4","13.6","0","3","10.9","25.0"
"","206265","","451871","","TJ Lester","W GEORGIA","21","HB","184","69.6","19.3","17.1","76.0","0","14","65.8","70.4"
"","206305","","459217","","Naeem Odeniyi","W GEORGIA","26","HB","8","5.7","15.8","11.8","26.1","0","1","28.5","25.0"
"","206355","","449881","","Bryant Sanchez","ARKAPB","24","HB","31","54.8","19.5","17.3","84.9","0","7","55.0","51.0"
"","206357","","449696","","Jalen Morris","ARKAPB","31","HB","3","11.9","14.0","8.8","26.1","0","0","28.5","25.0"
"","206416","","463659","","Rashon Brown","BETH COOK","30","HB","8","16.9","13.0","12.1","26.1","0","0","28.5","25.0"
"","206421","","451657","","Khamani Robinson","BETH COOK","29","HB","114","79.3","19.3","18.1","89.9","0","15","89.0","56.5"
"","206433","","451669","","Juan Rodriguez","BETH COOK","20","HB","41","11.6","17.3","15.4","37.9","0","3","4.1","51.5"
"","206438","","451227","","Emmanuel Chambers","CAMPBELL","26","HB","3","16.9","9.1","8.5","26.1","0","0","28.5","25.0"
"","206442","","0","","Josh Ellerbe","CAMPBELL","21","HB","4","16.9","15.9","13.0","26.1","0","1","28.5","25.0"
"","206482","","450753","","Ja'Cyion Cox","MARIST","04","HB","13","8.3","15.3","12.9","12.4","0","1","11.8","25.0"
"","206499","","416092","","Jayden Shwed","NEWHVN","03","HB","23","2.3","14.5","13.6","2.9","0","0","2.3","43.3"
"","206577","","433337","","Jalen Smith","NEWHVN","34","HB","32","9.7","18.0","14.5","15.0","0","2","13.5","36.6"
"","206926","","395132","","Joshua Compoh","Falcons","25","HB","14","33.6","18.3","13.5","45.9","0","1","39.6","36.3"
"","206940","","413396","","Telly Edouard","Falcons","27","HB","29","9.8","16.6","15.3","54.2","0","3","16.8","13.1"
"","206948","","416759","","Dylan Gordon","Falcons","34","HB","6","43.8","13.7","10.8","26.1","0","0","28.5","25.0"
"","207809","","469887","","Mekhi Dodd","BOSTON COL","29","HB","10","29.9","15.0","12.5","35.9","0","1","39.2","25.0"
"","207813","","449336","","Bo MacCormack III","BOSTON COL","24","HB","47","42.0","16.8","15.7","53.9","0","3","16.1","55.6"
"","207842","","466471","","Anthony League","CAL","25","HB","22","38.3","17.1","15.1","69.5","0","2","18.7","7.3"
"","208029","","461331","","Jose Trevino","Lobos","30","HB","7","12.3","15.8","13.8","26.1","0","1","28.5","25.0"
"","208030","","456703","","David Smith","Lobos","02","HB","24","51.5","16.0","15.6","51.1","0","6","71.2","38.4"
"","208855","","469867","","Ryken Moon","WASHINGTON","32","HB","14","31.4","16.6","14.4","37.3","0","1","46.2","25.0"
"","208908","","453813","","Lawrence Butler","TEXAS STHN","20","HB","32","0.0","16.3","13.6","0.0","0","1","0.0","0.0"
"","208975","","388393","","Beau Herrington","CITADEL","11","HB","163","49.0","19.6","18.2","50.9","0","11","66.8","39.6"
"","209014","","469100","","Brennan Carroll","TXRG","06","HB","27","46.8","20.3","18.2","63.4","1","6","51.1","39.6"
"","209023","","469031","","TJ Dement","TXRG","20","HB","147","76.4","19.1","17.3","83.0","0","16","75.5","72.5"
"","209028","","469036","","Fabian Garcia","TXRG","24","HB","52","51.0","20.6","18.0","69.0","1","5","46.0","48.9"
"","209063","","469122","","Jamal Polley","TXRG","28","HB","15","36.9","20.0","15.3","39.9","1","3","55.8","13.4"
"","209071","","0","","Broderick Taylor","TXRG","26","HB","6","5.7","21.1","14.8","26.1","1","2","28.5","25.0"
"","209198","","0","","Kendrick Jefferson","Lobos","08","HB","10","38.6","15.9","14.2","41.1","0","1","56.9","25.0"
"","209550","","466553","","Myles Craddock","DARTMOUTH","32","HB","6","22.3","10.5","9.4","26.1","0","0","28.5","25.0"
"","209629","","449416","","Yohan-Li Louis","FORDHAM","13","HB","186","74.8","18.7","17.7","43.1","0","15","77.6","86.9"
"","209707","","451463","","Jah'Kei Chavis","HAMPTON","03","HB","65","53.9","17.3","16.5","54.3","0","7","71.6","43.1"
"","209766","","397557","","Sivert Klefsaas","MAINE","23","HB","12","8.1","17.9","13.1","38.6","0","1","6.8","12.1"
"","209776","","450548","","Galamama Mulbah","MERRIMACK","24","HB","109","85.1","20.5","18.8","73.5","1","12","85.0","77.9"
"","209825","","465502","","Dante Archie","MORGAN ST","14","HB","17","40.0","18.2","16.0","55.4","0","4","53.9","25.0"
"","209884","","466591","","Charles Langama","N DAKOTA","32","HB","37","10.7","17.0","16.1","16.6","0","6","14.6","13.2"
"","209921","","459114","","Kieryus Boone","N COLORADO","27","HB","27","36.5","20.0","17.1","53.0","1","8","55.3","4.2"
"","209927","","459115","","Brandon Lambert Jr.","N COLORADO","28","HB","18","27.0","19.6","15.2","43.5","0","3","18.0","25.0"
"","209943","","455926","","Omar Mbakwe","SAN DIEGO","30","HB","20","0.9","18.1","12.6","2.8","0","1","3.6","25.0"
"","209961","","0","","Julian Milligan","SCAR STATE","21","HB","28","35.6","18.4","16.3","45.7","0","6","10.7","25.0"
"","209964","","450914","","Mason Pickett-Hicks","SCAR STATE","06","HB","152","66.7","21.1","19.3","82.1","1","17","79.6","58.5"
"","210047","","0","","Taveon Porter","TENN STATE","24","HB","1","28.1","13.0","13.0","26.1","0","0","28.5","25.0"
"","210057","","452231","","Zack Simmons-Brown","TENN STATE","30","HB","69","7.0","20.5","17.7","10.3","1","8","14.4","9.8"
"","210126","","459041","","Hugo Djeumeni Kemeni","YALE","06","HB","23","24.5","17.4","15.0","37.4","0","2","37.8","12.8"
"","210150","","451919","","Jaterrius Johnson","LOUCHR","37","HB","12","39.7","16.7","13.6","35.5","0","2","64.7","25.0"
"","210151","","462952","","Tyrese Mosby","LOUCHR","24","HB","3","22.3","9.4","7.8","26.1","0","0","28.5","25.0"
"","210153","","451829","","Ashontis Brooks Jr.","LOUCHR","27","HB","8","22.3","11.6","9.5","26.1","0","0","28.5","25.0"
"","210309","","0","","DaMariyea Hamilton","LNGLIO","11","HB","20","36.0","15.5","14.9","53.7","0","2","14.2","40.9"
"","210360","","452828","","Maurice Sims","TENN TECH","20","HB","7","11.9","18.5","10.0","26.1","0","1","28.5","25.0"
"","210392","","0","","Charles Carter","LNGLIO","34","HB","38","7.2","17.6","14.9","6.4","0","1","53.3","1.8"
"","210394","","456698","","Kyree Payton","Lobos","15","HB","2","22.3","14.1","13.4","26.1","0","0","28.5","25.0"
"","210395","","451613","","LaDamion McDowell","LAMAR","43","HB","110","72.6","20.8","19.3","89.4","1","19","73.7","70.1"
"","210407","","0","","Christian Kent","LNGLIO","42","HB","6","16.9","10.4","9.3","26.1","0","0","28.5","25.0"
"","210416","","0","","Rashard Ellzey","LNGLIO","30","HB","3","47.5","11.7","10.3","26.1","0","0","28.5","25.0"
"","210490","","456722","","Donaiz Barker","CENTRAL ST","31","HB","13","39.4","15.9","14.6","52.8","0","2","56.3","8.1"
"","210505","","452718","","Keynon Gardner","CENTRAL ST","27","HB","5","22.3","15.5","13.8","26.1","0","1","28.5","25.0"
"","210547","","0","","Dai'Vontay Young","CENTRAL ST","32","HB","21","8.8","17.0","14.6","37.1","0","2","6.1","42.7"
"","210621","","452809","","Chad Elzy Jr","KY STATE","33","HB","30","53.1","18.4","17.1","72.4","0","5","61.9","36.8"
"","211065","","454468","","Carmelo Byrd","SVANNAH ST","32","HB","1","22.3","16.6","16.6","26.1","0","1","28.5","25.0"
"","211073","","452634","","David Gardner Jr.","SVANNAH ST","30","HB","24","0.8","16.0","13.1","1.0","0","1","0.5","49.9"
"","211097","","463793","","Anthony Wilson","SVANNAH ST","40","HB","5","28.1","14.9","10.9","26.1","0","0","28.5","25.0"
"","211201","","467237","","Mark Benjamin","TXWSLY","29","HB","12","37.4","17.1","15.3","44.6","0","4","52.3","25.0"
"","211278","","467259","","Ashton Mitchell","TXWSLY","34","HB","6","22.3","10.9","7.5","26.1","0","0","28.5","25.0"
"","211292","","467266","","Tony Roberson","TXWSLY","20","HB","15","2.1","15.9","11.9","7.9","0","1","2.6","11.6"
"","211318","","467279","","Chris Thomas","TXWSLY","26","HB","11","7.0","18.5","12.6","9.0","0","1","14.1","11.8"
"","211481","","461477","","Ostin Perkins","GAVA","26","HB","27","11.3","16.6","14.3","38.1","0","2","10.3","39.8"
"","211527","","453839","","TJ Mordecai","VIRSTA","21","HB","10","30.6","17.0","14.4","39.0","0","2","62.5","25.0"
"","211698","","0","","Hunter Patterson","Hiltoppers","20","HB","46","58.0","17.4","16.6","75.0","0","8","66.0","45.2"
"","211725","","452521","","Jycen Anciso","Panther","20","HB","12","26.7","17.9","14.6","47.7","0","2","45.7","3.3"
"","211784","","453980","","Vladimir Joacin Jr.","Panther","21","HB","5","50.5","12.3","8.4","26.1","0","0","28.5","25.0"
"","211794","","0","","Jahylen Lee","Panther","05","HB","11","4.0","14.2","12.5","15.6","0","0","2.9","25.0"
"","211835","","0","","Aidan Vaught","Panther","04","HB","33","2.2","15.2","13.6","3.4","0","1","5.4","11.4"
"","211851","","0","","Na'Ledge Wright","Panther","02","HB","14","1.8","13.1","12.2","8.7","0","0","9.4","2.1"
"","212058","","0","","Unknown Louisiana Tech 34","LA TECH","34","HB","2","22.3","16.5","12.2","26.1","0","1","28.5","25.0"
"","212059","","453439","","Wesley Yarbrough","ARIZONA","00","HB","43","2.9","14.4","13.6","1.6","0","0","12.8","5.3"
"","212285","","0","","Carson Workman","W OREGON","30","HB","30","47.2","18.0","15.9","49.6","0","3","59.2","40.5"
"","212454","","0","","Unknown 26 Arkansas State","ARK STATE","26","HB","1","22.3","9.2","9.2","26.1","0","0","28.5","25.0"
"","212485","","460519","","Mason Walsh","UC DAVIS","38","HB","2","0.0","0.8","0.6","0.0","0","0","0.0","0.0"
"","212501","","461476","","Shawn Paschall","GAVA","33","HB","14","33.4","16.4","15.8","38.2","0","5","42.4","43.9"
"","212585","","470593","","Trey Morris","HOUCHR","29","HB","5","16.9","11.9","7.9","26.1","0","0","28.5","25.0"