"Rank","Player Id","Player GSIS","Player College GSIS","Player Sportradar Id","Name","Team","#","POS","RUSH GRD","KEY","ATT","RUSH YDS","YPC","RUN TD","1D RUSH","FUM","FUML","MTF RUN","YBC","YBC/ATT","YCO","YCO/ATT","SCR"
"","70767","","351692","","Damien Moore","LAMAR","28","HB","60.5","9","30","85","2.8","2","6","0","0","2","24","0.8","61","2.0","0"
"","72376","","338868","","Cam Davis","MINNESOTA","23","HB","64","13","34","114","3.4","2","5","0","0","3","34","1.0","80","2.4","0"
"","73289","","351917","","Ikaika Ragsdale","STNY BROOK","00","HB","64.7","24","65","228","3.5","0","12","0","0","7","89","1.4","139","2.1","0"
"","73621","","352078","","Elijah Gilliam","FRESNO ST","33","HB","75.3","22","44","235","5.3","5","13","0","0","7","134","3.0","101","2.3","0"
"","76606","","304710","","Jalynn Williams","PITTSBURGH","35","HB","63.3","4","6","24","4.0","0","2","0","0","3","5","0.8","19","3.2","0"
"","78573","","325746","","Solomon Vanhorse","INDIANA","18","HB","70.7","6","10","57","5.7","0","3","0","0","1","32","3.2","25","2.5","0"
"","86353","","362119","","Byron Cardwell Jr.","S DIEGO ST","21","HB","80.8","24","50","277","5.5","1","14","0","0","15","86","1.7","191","3.8","0"
"","97071","","337513","","Rondarius Gregory","LINCOLN","02","HB","72.7","5","8","30","3.8","0","1","0","0","6","4","0.5","26","3.3","0"
"","97204","","382700","","Juwaun Price","UMASS","28","HB","64.2","8","29","119","4.1","0","7","0","0","5","26","0.9","93","3.2","0"
"","97303","","328073","","Enoch Nawahine","BYU","21","HB","66.1","11","26","82","3.1","1","6","0","0","4","29","1.1","53","2.0","0"
"","97403","","325956","","John Emery Jr.","UTSA","14","HB","59.2","1","4","4","1.0","0","1","0","0","0","-11","-2.8","15","3.8","0"
"","97815","","350782","","Dawaiian McNeely","VALPO","05","HB","64","27","65","203","3.1","4","8","1","1","8","9","0.1","194","3.0","0"
"","99481","","336503","","Tony Mathis Jr.","MARSHALL","24","HB","53.5","1","8","18","2.3","0","0","0","0","0","9","1.1","9","1.1","0"
"","99596","","387565","","Garrison Johnson Sr.","CITADEL","22","HB","70.6","38","92","491","5.3","6","25","0","0","15","253","2.8","238","2.6","0"
"","100221","","351572","","PaSean Wimberly","BOWL GREEN","30","HB","73.9","6","8","51","6.4","1","4","0","0","4","11","1.4","40","5.0","0"
"","100601","","338913","","Kenan Christon II","JACKSON ST","08","HB","66.8","3","8","23","2.9","0","2","0","0","1","2","0.3","21","2.6","0"
"","100835","","339690","","Oscar Adaway III","S CAROLINA","27","HB","63.2","15","42","143","3.4","1","8","0","0","7","33","0.8","110","2.6","0"
"","101649","","352237","","Julius Davis","MONTANA ST","32","HB","90.7","101","172","1121","6.5","8","52","3","1","48","463","2.7","658","3.8","0"
"","101661","","350162","","Shadrick Byrd","PRVIEW A&M","15","HB","77.7","29","54","291","5.4","1","15","0","0","10","110","2.0","181","3.4","0"
"","103979","","340914","","Jobi Malary","JAMES MAD","28","HB","90.4","27","43","349","8.1","4","22","0","0","8","147","3.4","202","4.7","0"
"","103985","","336774","","Talmage Brown","SO UTAH","25","HB","68.3","1","2","17","8.5","1","1","0","0","2","3","1.5","14","7.0","0"
"","103994","","330479","","Dontae McMillan","E MICHIGAN","28","HB","80.9","95","183","1051","5.7","4","45","1","0","50","357","1.9","694","3.8","0"
"","104840","","340320","","Jadon Turner","CENT CT ST","05","HB","59.3","3","18","61","3.4","0","3","0","0","1","24","1.3","37","2.1","0"
"","104982","","327202","","Marqui Johnson","BETH COOK","02","HB","71.8","22","42","205","4.9","0","13","0","0","4","96","2.3","109","2.6","0"
"","108690","","327534","","Lelan Wilhoite","TENN STATE","38","HB","57.7","2","4","20","5.0","0","1","0","0","1","-3","-0.8","23","5.8","0"
"","121347","","347684","","C.J. Evans","SAMFORD","00","HB","65.1","22","92","250","2.7","2","12","0","0","16","19","0.2","231","2.5","0"
"","121492","","386880","","Justin Jones","AUBURN","35","HB","65.1","7","11","53","4.8","0","3","1","0","2","5","0.5","48","4.4","0"
"","121537","","347925","","Lincoln Pare","TEXAS ST","07","HB","85.6","108","215","1155","5.4","12","71","0","0","33","456","2.1","699","3.3","0"
"","121644","","347867","","Kyeandre Magloire","W GEORGIA","23","HB","59.1","1","5","16","3.2","0","1","0","0","0","10","2.0","6","1.2","0"
"","121677","","395881","","Darryle Evans","HOUCHR","10","HB","60.6","30","82","391","4.8","3","17","1","1","7","206","2.5","185","2.3","0"
"","121815","","382351","","Jalen Montgomery","E KENTUCKY","23","HB","55.2","2","13","32","2.5","0","1","0","0","0","10","0.8","22","1.7","0"
"","121817","","347833","","Frank Peasant","MEMPHIS","22","HB","78.1","36","65","279","4.3","7","23","1","1","25","38","0.6","241","3.7","0"
"","122056","","349310","","Miles Davis","UTAH ST","02","HB","77.7","63","136","763","5.6","8","32","1","1","29","227","1.7","536","3.9","0"
"","122234","","348414","","Anderson Castle","DUKE","04","HB","79.8","61","116","490","4.2","12","39","0","0","16","175","1.5","315","2.7","0"
"","122306","","348453","","Lamagea McDowell","PRVIEW A&M","23","HB","80","55","90","478","5.3","8","30","1","0","23","132","1.5","346","3.8","0"
"","122318","","348884","","Braydon Bennett","VA TECH","24","HB","62.5","2","4","8","2.0","1","2","0","0","1","0","0.0","8","2.0","0"
"","122562","","348328","","Daniel Hishaw Jr.","KANSAS","09","HB","82.8","73","128","608","4.8","5","30","0","0","40","253","2.0","355","2.8","0"
"","122614","","430307","","KJ Shankle","TXAMCO","00","HB","72.9","48","114","495","4.3","3","29","0","0","20","196","1.7","299","2.6","0"
"","122669","","349690","","Harlan Dixon","INCAR WORD","09","HB","72","30","53","208","3.9","3","16","0","0","8","83","1.6","125","2.4","0"
"","122836","","348154","","Elijah Green","SM HOUSTON","21","HB","80.4","25","57","387","6.8","2","16","0","0","13","141","2.5","246","4.3","0"
"","122936","","349387","","Seth McGowan","KENTUCKY","03","HB","77.2","96","168","742","4.4","12","40","2","1","35","282","1.7","460","2.7","0"
"","122985","","348619","","Dominic Richardson","TULSA","21","HB","88.8","106","215","1075","5.0","5","53","1","1","66","268","1.3","807","3.8","0"
"","123342","","351894","","Jordan Brunson","MIAMI OH","06","HB","73.9","77","168","779","4.6","4","38","2","1","33","214","1.3","565","3.4","0"
"","123351","","387086","","Jalen Hampton","W KENTUCKY","23","HB","53.1","6","13","41","3.1","0","1","1","1","4","14","1.1","27","2.1","0"
"","123472","","348307","","Noah Whittington","OREGON","06","HB","88.5","67","130","830","6.4","6","33","0","0","27","377","2.9","453","3.5","0"
"","123539","","362244","","Andre Hines Jr.","WAGNER","05","HB","76.4","82","177","780","4.4","8","52","1","0","42","124","0.7","656","3.7","0"
"","123587","","348770","","Ethan Wright","YNGTOWN ST","02","HB","72.2","22","41","222","5.4","1","13","0","0","4","91","2.2","131","3.2","0"
"","123640","","349274","","Kejon Owens","FIU","05","HB","83.6","102","215","1336","6.2","11","60","1","0","40","495","2.3","841","3.9","0"
"","123652","","349292","","E.J. Wilson","ABILENE CH","22","HB","76.4","48","92","521","5.7","2","27","1","1","23","115","1.3","406","4.4","0"
"","123680","","362514","","Stacy Sneed","HOUSTON","21","HB","64.3","12","38","133","3.5","0","7","0","0","7","41","1.1","92","2.4","0"
"","123939","","349220","","Roydell Williams","FLORIDA ST","05","HB","66.1","7","16","45","2.8","0","2","0","0","1","11","0.7","34","2.1","0"
"","124059","","349873","","Mike Drennen II","TOLEDO","25","HB","73.9","8","10","64","6.4","0","2","0","0","2","32","3.2","32","3.2","0"
"","124088","","351595","","Tre Bradford","GRAMBLING","07","HB","76.1","52","104","573","5.5","3","27","1","1","32","197","1.9","376","3.6","0"
"","124129","","350072","","Kentrel Bullock","S ALABAMA","03","HB","90.4","123","221","1083","4.9","14","64","1","0","50","381","1.7","702","3.2","0"
"","124224","","350148","","Rashad Amos","GA STATE","30","HB","67.6","32","65","274","4.2","2","12","2","2","21","23","0.3","251","3.9","0"
"","124231","","360125","","Bradley Dunn","S CAROLINA","32","HB","54.5","1","5","5","1.0","1","1","0","0","1","1","0.2","4","0.8","0"
"","124320","","349893","","Darvon Hubbard","N ARIZONA","04","HB","70.2","22","50","213","4.3","3","12","0","0","10","28","0.6","185","3.7","0"
"","124350","","349329","","Rocko Griffin","UMASS","24","HB","68.7","23","53","245","4.6","2","11","1","1","6","57","1.1","188","3.5","0"
"","124595","","453764","","Briggs Bartosh","ARMY","29","HB","63.5","16","44","254","5.8","1","8","0","0","12","131","3.0","123","2.8","0"
"","124736","","407387","","Andrew Paul","JVILLE ST","00","HB","64.1","11","30","127","4.2","3","8","0","0","4","52","1.7","75","2.5","0"
"","126959","","386285","","Alex Broome","BOSTON COL","20","HB","61.6","2","7","10","1.4","1","1","0","0","1","1","0.1","9","1.3","0"
"","127173","","392371","","Preston Landis","TEXAS A&M","34","HB","65.2","2","4","8","2.0","1","2","0","0","0","0","0.0","8","2.0","0"
"","127306","","429282","","Owen Allen","AIR FORCE","02","HB","75.3","63","132","753","5.7","5","43","0","0","20","322","2.4","431","3.3","0"
"","127442","","361740","","AJ Green","ARKANSAS","20","HB","62.7","1","3","11","3.7","0","1","0","0","0","9","3.0","2","0.7","0"
"","127472","","0","","Chris Caldwell","E ILLINOIS","20","HB","53.8","2","6","14","2.3","0","0","0","0","1","8","1.3","6","1.0","0"
"","127560","","384046","","Cortaz Williams","CENT CT ST","34","HB","61.1","2","6","24","4.0","0","2","0","0","0","2","0.3","22","3.7","0"
"","128015","","395345","","Taj Butts","DUQUESNE","00","HB","85.3","45","79","570","7.2","4","23","0","0","22","286","3.6","284","3.6","0"
"","128189","","351973","","Malik Sherrod","BOISE ST","08","HB","77","38","84","416","5.0","4","19","0","0","18","229","2.7","187","2.2","0"
"","128379","","350663","","John Gentry","TENN MARTN","01","HB","61.2","42","97","404","4.2","1","20","2","2","12","163","1.7","241","2.5","0"
"","129450","","367537","","Charlie Spegal","BUTLER","36","HB","51.7","25","73","240","3.3","1","14","2","1","7","75","1.0","165","2.3","0"
"","129487","","351480","","Leshon Williams","KANSAS","04","HB","82.4","55","100","580","5.8","7","31","0","0","30","188","1.9","392","3.9","0"
"","129518","","350450","","Isaiah Jacobs","UAB","03","HB","69.3","37","79","342","4.3","4","18","1","0","9","100","1.3","242","3.1","0"
"","129571","","349967","","Al Wooten II","TOWSON","04","HB","72.3","56","123","456","3.7","4","27","1","1","21","121","1.0","335","2.7","0"
"","129634","","350550","","Jordon Simmons","GA STATE","09","HB","75.3","44","98","543","5.5","2","25","0","0","13","218","2.2","325","3.3","0"
"","129707","","361372","","Will Nixon","SYRACUSE","24","HB","69.8","44","106","429","4.0","3","24","1","1","13","145","1.4","284","2.7","0"
"","129732","","350483","","Cam Porter","NWESTERN","04","HB","76.5","11","20","144","7.2","1","5","0","0","5","34","1.7","110","5.5","0"
"","129782","","350267","","Caziah Holmes","FLORIDA ST","26","HB","69","12","18","89","4.9","2","6","1","1","2","38","2.1","51","2.8","0"
"","129790","","350274","","Keyvone Lee","UNLV","02","HB","79.3","47","101","438","4.3","6","28","0","0","26","114","1.1","324","3.2","0"
"","129914","","351341","","Jalen Berger","UCLA","00","HB","75.6","38","81","355","4.4","2","17","2","1","13","94","1.2","261","3.2","0"
"","130340","","351787","","Donny Marcus","CENT CT ST","20","HB","65.4","31","84","306","3.6","4","14","0","0","12","126","1.5","180","2.1","0"
"","130386","","351199","","Terion Stewart","VA TECH","08","HB","78.6","44","83","471","5.7","0","23","1","0","39","68","0.8","403","4.9","0"
"","130401","","360754","","Kolbe Burrell","NWSTATE","03","HB","60.7","31","77","257","3.3","1","12","1","0","18","69","0.9","188","2.4","0"
"","130531","","351309","","Kenny Tracy","MIAMI OH","09","HB","69.9","23","49","272","5.5","1","15","1","1","5","131","2.7","141","2.9","0"
"","130550","","361804","","Jay Ducker","TEMPLE","20","HB","84.7","76","160","835","5.2","7","46","0","0","29","364","2.3","471","2.9","0"
"","130584","","351172","","Harrison Waylee","VIRGINIA","21","HB","69.9","53","122","570","4.7","6","32","1","0","16","141","1.2","429","3.5","0"
"","131443","","406664","","Jayden Becks","N TEXAS","05","HB","68.7","10","21","87","4.1","2","6","0","0","5","37","1.8","50","2.4","0"
"","131577","","351641","","Jalen John","COAST CAR","21","HB","63.8","19","53","167","3.1","0","9","0","0","9","49","0.9","118","2.2","0"
"","131631","","350981","","Chip Trayanum","TOLEDO","01","HB","80.4","88","188","1057","5.6","12","55","3","1","23","482","2.6","575","3.1","0"
"","131668","","351700","","Chris Street","UTAHTC","03","HB","67.7","31","57","224","3.9","1","19","1","1","17","86","1.5","138","2.4","0"
"","131674","","351415","","Shaadie Clayton-Johnson","SMU","24","HB","74.4","4","13","91","7.0","2","3","0","0","1","17","1.3","74","5.7","0"
"","131782","","351839","","EJ Smith","TEXAS A&M","22","HB","75.3","23","44","205","4.7","4","16","0","0","12","61","1.4","144","3.3","0"
"","131822","","367965","","Matt Colombo","SAN DIEGO","05","HB","69.9","57","147","694","4.7","10","38","0","0","15","256","1.7","438","3.0","0"
"","131885","","387346","","Braedon Wissler","SO UTAH","08","HB","66.6","19","52","189","3.6","3","14","0","0","4","62","1.2","127","2.4","0"
"","131886","","395009","","Sam Adams II","SACRAMENTO","28","HB","66.3","15","39","184","4.7","3","9","0","0","9","69","1.8","113","2.9","0"
"","131991","","451248","","Ethan Lawrence","CAMPBELL","23","HB","67.3","40","89","358","4.0","3","20","1","1","19","140","1.6","218","2.5","0"
"","132720","","361425","","Tavierre Dunlap","E MICHIGAN","08","HB","73.9","48","106","433","4.1","5","36","0","0","18","129","1.2","304","2.9","0"
"","134081","","397860","","MJ Flowers","UCONN","24","HB","63.8","7","16","75","4.7","1","3","0","0","3","41","2.6","34","2.1","0"
"","134662","","369049","","Caleb Lewis","TARLETON","06","HB","66.8","53","136","488","3.6","9","29","1","1","28","172","1.3","316","2.3","0"
"","134974","","407261","","Donerio Davenport","JACKSON ST","10","HB","83.3","60","109","680","6.2","7","42","0","0","27","279","2.6","401","3.7","1"
"","136856","","352369","","Braelon Bridges","TARLETON","08","HB","67.1","9","19","124","6.5","1","8","0","0","2","79","4.2","45","2.4","0"
"","136907","","353012","","Deangelo Rosemond","TARLETON","39","HB","83.5","12","19","198","10.4","0","9","0","0","7","46","2.4","152","8.0","0"
"","137994","","359478","","Harrison Bey-Buie","N IOWA","32","HB","68.1","55","128","494","3.9","5","33","1","0","14","188","1.5","306","2.4","0"
"","138416","","352658","","Daniel Moyer","GARD-WEBB","08","HB","54.8","2","12","22","1.8","0","1","1","0","1","8","0.7","14","1.2","0"
"","138448","","352864","","Kaelon Black","INDIANA","08","HB","85.5","95","187","1096","5.9","10","51","2","0","32","405","2.2","691","3.7","0"
"","138489","","408030","","Larenzo McMillan","NEW MEX ST","16","HB","61.7","2","4","13","3.3","0","1","0","0","1","-1","-0.3","14","3.5","0"
"","139121","","353432","","Rashad Raymond","WM & MARY","05","HB","81","74","150","789","5.3","8","50","1","1","20","287","1.9","502","3.4","0"
"","139148","","352699","","Ryan Ingram","CHATTNOOGA","00","HB","70.4","59","144","588","4.1","8","34","1","0","25","185","1.3","403","2.8","0"
"","139348","","353401","","Desmond Moultrie","JACKSON ST","09","HB","43.6","2","4","20","5.0","0","1","1","0","0","10","2.5","10","2.5","0"
"","139486","","397047","","Corey Warren Jr.","NICHOLLS","30","HB","73","6","12","83","6.9","1","4","0","0","2","51","4.3","32","2.7","0"
"","141787","","367435","","Kobe Dillon","INCAR WORD","24","HB","74.5","17","28","190","6.8","1","10","0","0","7","84","3.0","106","3.8","0"
"","141838","","353356","","Michael Mansaray","VALPO","07","HB","74.7","28","66","346","5.2","3","14","0","0","17","80","1.2","266","4.0","0"
"","141839","","354578","","Shomari Lawrence","MO STATE","02","HB","82.7","93","203","1043","5.1","7","48","3","1","48","204","1.0","839","4.1","0"
"","142276","","353324","","Freddie Brock IV","OKLA STATE","25","HB","62.1","5","13","35","2.7","0","0","0","0","1","6","0.5","29","2.2","0"
"","142372","","353658","","Roland Dempster","STNY BROOK","04","HB","79.4","114","228","1042","4.6","14","68","3","2","47","339","1.5","703","3.1","0"
"","142572","","353989","","Tim Newman","VA LYNCHBU","00","HB","55.6","5","25","28","1.1","0","2","0","0","5","-19","-0.8","47","1.9","0"
"","142725","","358281","","Ryan Morrow","ALAB A&M","26","HB","66","42","102","412","4.0","3","25","1","0","19","134","1.3","278","2.7","0"
"","142986","","358439","","Coleman Bennett","KENNESAW","00","HB","82.6","79","162","796","4.9","4","48","0","0","47","238","1.5","558","3.4","0"
"","143016","","354811","","Jaedon Henry","SE LA","21","HB","67.6","50","106","461","4.3","5","29","2","1","19","166","1.6","295","2.8","0"
"","143329","","377490","","DePhabian Fant","MS VLY ST","21","HB","68.6","21","42","158","3.8","2","10","1","1","15","3","0.1","155","3.7","0"
"","143557","","356610","","Colter May","WEBER ST","34","HB","70.1","21","48","236","4.9","2","10","1","1","10","85","1.8","151","3.1","0"
"","143822","","362228","","Xavier Coleman","LAMAR","00","HB","73.9","55","125","613","4.9","3","29","1","1","16","228","1.8","385","3.1","0"
"","143866","","362167","","Jaquez Moore","DUKE","09","HB","73.3","21","41","206","5.0","1","9","0","0","7","91","2.2","115","2.8","0"
"","143876","","367803","","CJ Campbell Jr.","RUTGERS","05","HB","69.5","10","23","120","5.2","0","6","0","0","5","34","1.5","86","3.7","0"
"","143915","","388514","","Daylon Gordon","GA TECH","21","HB","80.6","2","4","63","15.8","1","1","0","0","1","42","10.5","21","5.3","0"
"","143918","","362505","","Jamal Haynes","GA TECH","01","HB","69.8","54","128","549","4.3","5","24","1","1","17","195","1.5","354","2.8","0"
"","143940","","377258","","Thad Franklin Jr.","FL A&M","00","HB","81.8","78","164","849","5.2","7","47","1","1","38","226","1.4","623","3.8","0"
"","143964","","362385","","Caleb Hood","N CAROLINA","04","HB","58.9","4","16","44","2.8","1","1","0","0","0","12","0.8","32","2.0","0"
"","143994","","361656","","Julian Gray","LIBERTY","01","HB","65.6","9","18","103","5.7","1","5","0","0","2","60","3.3","43","2.4","0"
"","144001","","373307","","Jordan Poole","NICHOLLS","14","HB","58.6","6","14","33","2.4","0","3","0","0","4","-6","-0.4","39","2.8","0"
"","144024","","362532","","Rodney Hammond Jr.","SACRAMENTO","02","HB","85.1","93","188","1219","6.5","13","58","0","0","49","376","2.0","843","4.5","0"
"","144072","","407103","","Kenji Christian","TOLEDO","10","HB","77.9","56","105","531","5.1","4","18","1","1","34","152","1.4","379","3.6","0"
"","144080","","362356","","Elijah Howard","CENT CT ST","07","HB","87.6","101","204","1109","5.4","11","52","2","2","64","315","1.5","794","3.9","0"
"","144099","","396171","","P.J. Prioleau","VA TECH","20","HB","67.1","6","14","61","4.4","0","3","0","0","0","19","1.4","42","3.0","0"
"","144107","","377626","","Malachi Thomas","PURDUE","24","HB","67.7","20","53","243","4.6","0","10","0","0","5","92","1.7","151","2.9","0"
"","144232","","372101","","Myles Montgomery","UCF","22","HB","82.9","79","152","809","5.3","4","38","1","0","37","269","1.8","540","3.5","0"
"","144239","","391584","","Shaun Thomas","MT UNION","25","HB","52.7","4","6","18","3.0","0","0","1","1","2","7","1.2","11","1.8","0"
"","144253","","362510","","Alton McCaskill","SM HOUSTON","22","HB","74.2","38","91","376","4.1","1","18","0","0","18","113","1.2","263","2.9","0"
"","144359","","360061","","Brandon Epton Jr.","SE MO ST","03","HB","64.6","55","145","568","3.9","6","25","2","1","21","170","1.2","398","2.7","0"
"","144448","","368303","","Bill Jackson","N IOWA","01","HB","69.1","50","105","467","4.5","3","23","1","1","22","139","1.3","328","3.1","0"
"","144472","","368345","","Anthony Williams Jr.","STF AUSTIN","08","HB","67.8","10","22","94","4.3","1","6","0","0","2","21","0.9","73","3.3","0"
"","144541","","366998","","Eli Sanders","USC","01","HB","69.7","25","47","264","5.6","2","13","0","0","7","136","2.9","128","2.7","0"
"","144592","","388824","","Shane Porter","SM HOUSTON","28","HB","54.6","0","2","-1","-0.5","0","1","0","0","0","-2","-1.0","1","0.5","0"
"","144652","","383345","","Jaden Nixon","UCF","05","HB","72.4","34","73","560","7.7","7","17","3","0","6","399","5.5","161","2.2","0"
"","144683","","385937","","Trent Battle","TCU","06","HB","80.8","33","67","358","5.3","6","19","0","0","16","131","2.0","227","3.4","0"
"","144689","","397753","","Franklin Estrada II","TCU","40","HB","58.4","0","1","4","4.0","0","0","0","0","0","0","0.0","4","4.0","0"
"","144799","","361646","","Josh McCray","GEORGIA","02","HB","70.7","22","56","143","2.5","3","13","0","0","4","18","0.3","125","2.2","0"
"","144833","","362434","","Trent Howland","OKLA STATE","24","HB","67.8","33","64","284","4.4","3","16","3","1","11","70","1.1","214","3.3","0"
"","144851","","406810","","Max White","WYOMING","24","HB","59.6","6","23","63","2.7","0","3","0","0","1","12","0.5","51","2.2","0"
"","144891","","369221","","Roman Hemby","INDIANA","01","HB","81.9","112","231","1129","4.9","7","57","1","0","38","343","1.5","786","3.4","0"
"","144892","","369225","","Antwain Littleton Jr.","RHODE ISLD","04","HB","81.2","122","242","1275","5.3","14","63","3","2","41","449","1.9","826","3.4","0"
"","144983","","406514","","Jordan Nubin","KENT STATE","27","HB","68.8","29","79","253","3.2","1","14","1","0","15","62","0.8","191","2.4","0"
"","145057","","366321","","Evan Pryor","CINCINNATI","06","HB","81.8","45","81","545","6.7","3","20","1","1","18","206","2.5","339","4.2","0"
"","145108","","366767","","Ja'Quez Cross","ARK STATE","02","HB","66.4","5","10","38","3.8","1","3","0","0","2","15","1.5","23","2.3","0"
"","145111","","391560","","Devin Mockobee","PURDUE","45","HB","75.8","63","126","521","4.1","4","32","1","0","26","114","0.9","407","3.2","0"
"","145130","","391598","","Jordan Kinsler","LIUSHAR","15","HB","54.1","0","4","1","0.3","0","0","0","0","0","-3","-0.8","4","1.0","0"
"","145178","","423311","","Antwan Roberts","MARSHALL","44","HB","73.5","40","93","520","5.6","4","22","0","0","16","233","2.5","287","3.1","0"
"","145187","","384891","","Zuberi Mobley","TULANE","02","HB","72.8","17","39","184","4.7","2","6","0","0","17","60","1.5","124","3.2","0"
"","145241","","386081","","Marquis Crosby","OREGON ST","22","HB","58","0","3","4","1.3","0","0","0","0","0","0","0.0","4","1.3","0"
"","145270","","395193","","Arthur Rodgers","NC CENT","31","HB","69","48","94","433","4.6","6","27","1","1","11","142","1.5","291","3.1","0"
"","145320","","377159","","Ayo Adeyi","JAMES MAD","05","HB","68.7","11","24","120","5.0","0","5","0","0","3","43","1.8","77","3.2","0"
"","145353","","386389","","Tariq Sims","WM & MARY","01","HB","63.7","29","65","233","3.6","0","11","1","0","4","77","1.2","156","2.4","0"
"","145354","","367292","","Obie Sanni","TENN TECH","04","HB","67.9","10","23","123","5.3","2","6","1","1","4","27","1.2","96","4.2","0"
"","145514","","381655","","Kevorian Barnes","TCU","02","HB","79","48","99","457","4.6","3","26","0","0","23","189","1.9","268","2.7","0"
"","145571","","380042","","Henry Rutledge","CHARLOTTE","21","HB","70.7","1","2","11","5.5","0","1","0","0","1","0","0.0","11","5.5","0"
"","145580","","386165","","Hahsaun Wilson","UTEP","14","HB","67.2","15","49","231","4.7","1","6","0","0","8","50","1.0","181","3.7","0"
"","145672","","361731","","Mike Washington Jr.","ARKANSAS","04","HB","85.9","95","172","1086","6.3","8","52","3","1","37","429","2.5","657","3.8","0"
"","145676","","384820","","Al-Jay Henderson","BUFFALO","05","HB","69.8","78","181","752","4.2","6","45","3","2","36","244","1.4","508","2.8","0"
"","145711","","374471","","Nahree Biggins","C MICHIGAN","05","HB","77","47","105","540","5.1","2","27","1","1","13","211","2.0","329","3.1","0"
"","145745","","368410","","Bryson Moss","JACKSON ST","14","HB","56.9","0","2","7","3.5","0","0","0","0","0","1","0.5","6","3.0","0"
"","145783","","362734","","Shakhi Carson","STNY BROOK","20","HB","51.5","0","6","6","1.0","0","0","0","0","0","-4","-0.7","10","1.7","0"
"","145860","","361807","","Mason King","ILL STATE","03","HB","60.1","3","9","38","4.2","0","2","0","0","0","19","2.1","19","2.1","0"
"","145886","","380336","","Sieh Bangura","OHIO","05","HB","87.3","128","242","1381","5.7","15","71","1","1","61","381","1.6","1000","4.1","0"
"","145895","","387034","","Quintell Quinn","TENN TECH","28","HB","88.8","51","104","717","6.9","9","36","0","0","34","185","1.8","532","5.1","0"
"","145916","","384818","","Willie Shaw III","TOLEDO","32","HB","79.3","9","14","81","5.8","0","4","0","0","3","21","1.5","60","4.3","0"
"","146053","","412306","","Johnathan Arceneaux","FRESNO ST","00","HB","77.2","19","39","263","6.7","2","9","0","0","15","55","1.4","208","5.3","0"
"","146065","","375506","","Landon Sims","HAWAII","30","HB","75.4","59","122","557","4.6","3","26","2","2","22","148","1.2","409","3.4","0"
"","146071","","399529","","David Cordero","HAWAII","10","HB","63.8","4","14","51","3.6","0","1","0","0","1","11","0.8","40","2.9","0"
"","146087","","367864","","Jacques Badolato-Birdsell","PORTLAND","20","HB","49.7","2","12","28","2.3","0","1","1","0","0","2","0.2","26","2.2","0"
"","146242","","368820","","Stevie Rocker Jr.","MONTANA","21","HB","73.1","19","46","219","4.8","2","15","0","0","10","65","1.4","154","3.4","0"
"","146269","","377588","","George Hart III","W KENTUCKY","09","HB","72.5","32","73","323","4.4","5","18","0","0","5","148","2.0","175","2.4","0"
"","146362","","381048","","Brendon Barrow","RHODE ISLD","17","HB","86.2","36","59","429","7.3","5","20","0","0","25","153","2.6","276","4.7","0"
"","146414","","384821","","Brandon Campbell","PRVIEW A&M","26","HB","60","3","9","11","1.2","1","2","0","0","0","-4","-0.4","15","1.7","0"
"","146431","","368490","","Ricky Parks","FORDHAM","06","HB","67.2","32","93","359","3.9","1","15","0","0","12","121","1.3","238","2.6","0"
"","146736","","361705","","La'Vell Wright","W KENTUCKY","11","HB","79","51","89","486","5.5","10","33","0","0","16","191","2.1","295","3.3","0"
"","146764","","367816","","Armoni Goodwin","TENN MARTN","07","HB","59.5","2","7","11","1.6","0","0","0","0","1","1","0.1","10","1.4","0"
"","146805","","396192","","Matt Jones","SO MISS","05","HB","72.3","38","84","335","4.0","4","18","0","0","10","140","1.7","195","2.3","0"
"","146841","","367595","","Ke'Travion Hargrove","DOMINION","18","HB","71.8","30","65","266","4.1","4","16","1","0","8","81","1.3","185","2.9","0"
"","146843","","361008","","Simeon Price","COLORADO","26","HB","73.9","11","21","143","6.8","2","6","0","0","2","100","4.8","43","2.0","0"
"","146991","","373393","","Amari Daniels","TEXAS A&M","05","HB","76.2","20","42","230","5.5","1","9","0","0","5","93","2.2","137","3.3","0"
"","147003","","366954","","LJ Johnson Jr.","CAL","11","HB","68.6","16","36","121","3.4","2","6","0","0","5","31","0.9","90","2.5","0"
"","147143","","367606","","Dre Washington","ALABAMA","20","HB","68.7","9","15","56","3.7","0","2","0","0","1","14","0.9","42","2.8","0"
"","147249","","396215","","Jarris Williams","TROY","04","HB","59.2","7","19","57","3.0","1","2","0","0","4","16","0.8","41","2.2","0"
"","147252","","383941","","Damien Taylor","OLE MISS","12","HB","77.2","19","28","129","4.6","2","11","1","1","8","28","1.0","101","3.6","0"
"","147375","","359564","","Devontae Houston","E TENN ST","03","HB","80.3","86","177","1006","5.7","12","43","1","1","34","373","2.1","633","3.6","0"
"","147449","","379123","","Tim Gans","NEW MEX ST","20","HB","56","0","2","7","3.5","0","0","0","0","0","5","2.5","2","1.0","0"
"","147475","","369043","","Logan Diggs","OLE MISS","22","HB","76","19","34","202","5.9","4","12","0","0","3","110","3.2","92","2.7","0"
"","147560","","367957","","Zion Hall","CAL POLY","19","HB","69","8","16","70","4.4","0","2","0","0","3","24","1.5","46","2.9","0"
"","147591","","380361","","Tuna Altahir","STANFORD","06","HB","67.5","7","15","55","3.7","0","4","0","0","3","15","1.0","40","2.7","0"
"","147611","","362361","","Elisha Cummings","IDAHO","20","HB","75.8","36","74","388","5.2","2","17","1","1","17","192","2.6","196","2.6","0"
"","147649","","367687","","Elijah Elliott","BRYANT","11","HB","72.3","84","206","820","4.0","12","49","0","0","37","313","1.5","507","2.5","0"
"","147784","","396299","","Michael Johnson","SACRAMENTO","24","HB","59.6","1","3","8","2.7","0","1","0","0","0","1","0.3","7","2.3","0"
"","147785","","383358","","Elijah Tau-Tolliver","MICH STATE","04","HB","76","31","74","436","5.9","2","13","0","0","17","120","1.6","316","4.3","0"
"","147854","","367967","","Damon Bankston","NEW MEXICO","01","HB","73.1","57","116","624","5.4","5","28","3","3","18","220","1.9","404","3.5","0"
"","147877","","362635","","Michael Jamerson III","Cardinal","03","HB","63.9","5","18","61","3.4","1","4","0","0","4","15","0.8","46","2.6","0"
"","148030","","383976","","Sean Allen","NTH CENT","01","HB","53.7","1","6","5","0.8","0","0","0","0","1","-3","-0.5","8","1.3","0"
"","148031","","383977","","Wenkers Wright","ILL STATE","32","HB","69.2","49","124","597","4.8","5","33","1","0","18","235","1.9","362","2.9","0"
"","148130","","382615","","Gaven Ziebarth","N DAKOTA","28","HB","80","35","59","423","7.2","4","23","1","0","13","181","3.1","242","4.1","0"
"","148156","","386981","","Barika Kpeenu","N DAK ST","08","HB","83.1","107","192","1006","5.2","20","60","1","1","31","436","2.3","570","3.0","0"
"","148157","","386973","","Owen Johnson","N DAK ST","04","HB","61.8","7","21","48","2.3","0","2","0","0","2","7","0.3","41","1.9","0"
"","148204","","373583","","Nate Thomas","IDAHO","28","HB","73.6","46","111","452","4.1","3","26","0","0","14","119","1.1","334","3.0","0"
"","148226","","369657","","Angel Johnson","WASH STATE","01","HB","70.4","31","78","278","3.6","1","11","1","1","32","22","0.3","256","3.3","0"
"","148499","","367764","","Bo Catherwood","AMRINT","23","HB","65.4","3","11","37","3.4","0","1","0","0","1","20","1.8","17","1.6","0"
"","148567","","376868","","Jamario Clements","WAKE","03","HB","61.4","8","22","63","2.9","0","5","0","0","4","11","0.5","52","2.4","0"
"","148591","","387461","","Jaylen Laudermilk","NORFOLK","01","HB","67.6","15","28","177","6.3","2","13","1","1","8","129","4.6","48","1.7","0"
"","148602","","361126","","Victor Dawson","ILL STATE","05","HB","73.9","142","277","1369","4.9","5","83","4","2","73","501","1.8","868","3.1","0"
"","148792","","393282","","Robert Tucker III","CORNELL","05","HB","67.1","15","31","110","3.5","1","5","0","0","3","25","0.8","85","2.7","0"
"","148874","","396673","","Israel Benjamin","CITADEL","25","HB","58.7","8","28","81","2.9","0","4","0","0","3","31","1.1","50","1.8","0"
"","148953","","372875","","Julien Stokes","PENN","01","HB","73.4","26","45","262","5.8","1","8","1","1","13","92","2.0","170","3.8","0"
"","149110","","373514","","Jevon Jackson","UAB","04","HB","82.4","77","170","913","5.4","5","47","0","0","32","262","1.5","651","3.8","0"
"","149138","","363428","","Kam Thomas","UTEP","05","HB","63.8","5","17","46","2.7","0","1","0","0","5","2","0.1","44","2.6","0"
"","149203","","363497","","Jayvian Allen","N ALABAMA","06","HB","75.2","73","153","745","4.9","9","38","2","1","30","277","1.8","475","3.1","0"
"","149229","","371921","","Lem Wash","S ILLINOIS","24","HB","70.9","17","30","112","3.7","3","13","0","0","10","14","0.5","98","3.3","0"
"","149248","","380513","","Sam Franklin","USF","04","HB","76.4","34","80","472","5.9","4","19","0","0","17","123","1.5","349","4.4","0"
"","149290","","362381","","Brendan Cassamajor","COLGATE","24","HB","62.4","11","30","100","3.3","0","7","0","0","1","11","0.4","89","3.0","0"
"","149316","","385890","","Julius Loughridge","S DAK ST","15","HB","77.9","107","223","1038","4.7","7","56","1","1","42","311","1.4","727","3.3","0"
"","149326","","366742","","Naieem Kearney","CAMPBELL","08","HB","61.7","31","75","226","3.0","3","13","2","1","11","28","0.4","198","2.6","0"
"","149373","","362277","","Nahjee Adams","ST FRANCIS","22","HB","59.6","13","44","136","3.1","0","4","0","0","8","16","0.4","120","2.7","0"
"","149418","","368804","","Jordan Fuller","JAMES MAD","23","HB","82.6","45","85","435","5.1","5","32","0","0","12","183","2.1","252","3.0","0"
"","149553","","379240","","Doe Boyland","OHIO","21","HB","74.9","5","9","50","5.6","0","2","0","0","2","12","1.3","38","4.2","0"
"","149651","","372397","","Tristan Shannon","MARIST","22","HB","76.1","48","99","482","4.9","4","27","1","0","22","149","1.5","339","3.4","0"
"","149713","","363134","","Kaderris Roberts","BOWL GREEN","00","HB","59.4","23","48","215","4.5","0","11","2","1","15","67","1.4","148","3.1","0"
"","149834","","384005","","Reggie Davis","ALCORN ST","02","HB","88.7","94","147","867","5.9","10","47","1","0","36","292","2.0","575","3.9","0"
"","149888","","373102","","Myion Hicks","NWSTATE","00","HB","62","27","77","312","4.0","0","14","1","1","11","64","0.8","248","3.2","0"
"","149893","","380456","","Grant Robinson","BRYANT","21","HB","64.6","23","58","187","3.2","2","7","0","0","7","49","0.8","138","2.4","0"
"","150005","","368977","","Branson Adams","W CAROLINA","02","HB","74.4","21","39","150","3.9","1","12","0","0","7","40","1.0","110","2.8","0"
"","150071","","373554","","Reggie Branch II","MO STATE","28","HB","71.2","3","5","30","6.0","0","2","0","0","1","10","2.0","20","4.0","0"
"","150117","","387361","","Jaylon Spears","INCAR WORD","01","HB","76.8","68","144","599","4.2","6","25","1","0","30","272","1.9","327","2.3","0"
"","150266","","393741","","Telly McCallister","E KENTUCKY","12","HB","61.3","2","5","13","2.6","0","0","0","0","2","-2","-0.4","15","3.0","0"
"","150270","","361320","","Zach Hrbacek","WEBER ST","27","HB","60","23","56","204","3.6","1","6","2","1","6","59","1.1","145","2.6","0"
"","150300","","419467","","Adrian Murdaugh","SM HOUSTON","38","HB","63.4","1","2","7","3.5","0","0","0","0","1","2","1.0","5","2.5","0"
"","150338","","368571","","Damashja Harris","WYOMING","04","HB","68.5","4","13","52","4.0","0","2","0","0","4","8","0.6","44","3.4","0"
"","150482","","363491","","J'Mari Taylor","VIRGINIA","03","HB","81","109","227","1104","4.9","14","61","1","1","56","337","1.5","767","3.4","0"
"","150549","","363219","","Wesley Graves","NC A&T","35","HB","72.7","61","152","607","4.0","5","32","0","0","37","164","1.1","443","2.9","0"
"","150701","","385680","","Sam Scott","WYOMING","22","HB","75.9","38","90","411","4.6","2","18","0","0","16","118","1.3","293","3.3","0"
"","150705","","368428","","Jordon Vaughn","ABILENE CH","26","HB","76.4","47","114","678","6.0","8","29","1","0","15","178","1.6","500","4.4","0"
"","150750","","362346","","Trey Eberhart III","SACR HEART","13","HB","79.2","41","77","508","6.6","4","21","0","0","13","184","2.4","324","4.2","0"
"","150847","","367674","","Kam Ingram","LIUSHAR","10","HB","63.3","16","40","185","4.6","0","7","0","0","3","89","2.2","96","2.4","0"
"","151139","","376686","","Nathan Denney","TXRG","32","HB","73.7","67","145","666","4.6","4","37","1","0","35","223","1.5","443","3.1","0"
"","151215","","383511","","Q'Daryius Jennings","TENN TECH","27","HB","81.9","51","90","605","6.7","10","27","1","0","29","254","2.8","351","3.9","0"
"","151714","","363331","","Marquis Gillis","DELWARE ST","06","HB","86","94","179","1164","6.5","9","48","0","0","42","347","1.9","817","4.6","0"
"","151858","","364057","","Zaheer Seabrooks","LINCOLN","28","HB","55.7","2","5","11","2.2","0","0","0","0","2","-3","-0.6","14","2.8","0"
"","152103","","365289","","Jalen March","TXWSLY","21","HB","57","3","11","35","3.2","0","2","0","0","2","10","0.9","25","2.3","0"
"","153312","","381793","","Ja'Quan Snipes","HAMPTON","08","HB","69.6","17","38","233","6.1","3","10","0","0","10","115","3.0","118","3.1","0"
"","153934","","382753","","Dae'Trell Cooper","ARKAPB","28","HB","61.7","14","29","131","4.5","1","8","0","0","2","62","2.1","69","2.4","0"
"","154204","","367300","","Robert Giaimo","LNDNWD","21","HB","48.2","1","1","9","9.0","0","0","1","1","1","4","4.0","5","5.0","0"
"","155193","","361652","","Matteo Perez","UC DAVIS","19","HB","73.6","9","17","97","5.7","0","3","0","0","6","20","1.2","77","4.5","0"
"","155211","","361942","","Cash Jones","GEORGIA","32","HB","64.2","4","12","20","1.7","0","2","0","0","1","-3","-0.3","23","1.9","0"
"","155249","","363459","","Isaiah Nwokenkwo","ALAB A&M","24","HB","78.2","33","68","351","5.2","1","17","1","1","14","125","1.8","226","3.3","0"
"","155505","","368864","","Jaylen White","NORFOLK","03","HB","65.1","3","6","24","4.0","0","1","0","0","0","12","2.0","12","2.0","0"
"","155556","","371849","","Hunter Smith","TEMPLE","29","HB","76.2","26","63","409","6.5","2","14","0","0","12","214","3.4","195","3.1","0"
"","155924","","382760","","Vershod Quinn","FL A&M","34","HB","72.3","3","3","29","9.7","0","2","0","0","0","23","7.7","6","2.0","0"
"","156043","","385560","","Tylan Hines","TARLETON","01","HB","91.1","56","87","595","6.8","3","25","0","0","31","329","3.8","266","3.1","0"
"","156207","","391816","","Jason Albritton","E TENN ST","21","HB","78.8","52","104","518","5.0","8","33","0","0","20","118","1.1","400","3.9","0"
"","156236","","393308","","Keith Adams","CLEMSON","19","HB","68","8","14","71","5.1","1","5","0","0","1","36","2.6","35","2.5","0"
"","156252","","407369","","Adam Randall","CLEMSON","08","HB","83.3","90","169","844","5.0","10","48","2","2","35","289","1.7","555","3.3","0"
"","156290","","385634","","Rodney Hill","ARKANSAS","01","HB","62.5","3","8","36","4.5","0","1","0","0","1","13","1.6","23","2.9","0"
"","156308","","429802","","Antonio Martin","KANSAS ST","22","HB","76.7","8","19","129","6.8","1","4","0","0","5","45","2.4","84","4.4","0"
"","156329","","393361","","Maurice Turner","TULANE","00","HB","64.6","15","30","132","4.4","0","8","1","0","10","49","1.6","83","2.8","0"
"","156351","","385498","","George Pettaway","JAMES MAD","06","HB","68.5","14","34","195","5.7","0","6","0","0","1","128","3.8","67","2.0","0"
"","156371","","386616","","Xavier Brown","VIRGINIA","20","HB","76.1","26","51","241","4.7","1","16","0","0","5","99","1.9","142","2.8","0"
"","156393","","407047","","Davis Lane","VIRGINIA","29","HB","64.6","4","9","39","4.3","0","2","0","0","0","18","2.0","21","2.3","0"
"","156396","","386300","","Jaylin Lucas","FLORIDA ST","12","HB","70.2","14","27","165","6.1","0","9","1","0","4","103","3.8","62","2.3","0"
"","156421","","393489","","Jaziun Patterson","IOWA","04","HB","77.9","37","62","300","4.8","0","17","0","0","10","70","1.1","230","3.7","0"
"","156470","","385717","","Ajay Allen","TULSA","02","HB","76.4","55","97","497","5.1","5","27","2","2","24","205","2.1","292","3.0","0"
"","156473","","399003","","Emmett Johnson","NEBRASKA","21","HB","88.1","134","252","1450","5.8","12","78","1","1","68","710","2.8","740","2.9","0"
"","156624","","386490","","Dean Connors","HOUSTON","44","HB","79.4","88","202","986","4.9","6","39","1","0","34","328","1.6","658","3.3","1"
"","156690","","398826","","KZ Adams","SCAR STATE","17","HB","71.6","36","72","228","3.2","1","18","0","0","11","80","1.1","148","2.1","0"
"","156712","","386851","","Wayne Knight","JAMES MAD","03","HB","82.4","105","209","1377","6.6","9","60","1","0","49","584","2.8","793","3.8","0"
"","156734","","397748","","Zylan Perry","LA LAFAYET","03","HB","75.5","62","142","707","5.0","8","31","2","0","31","297","2.1","410","2.9","0"
"","156790","","386319","","Isaiah Gordon","CHARLES SO","02","HB","65.9","13","33","122","3.7","1","6","0","0","3","27","0.8","95","2.9","0"
"","156791","","386564","","A.J. Turner","MINNESOTA","02","HB","75.4","9","16","64","4.0","1","4","0","0","5","11","0.7","53","3.3","0"
"","156793","","407803","","DeMarcus McElroy","MERRIMACK","06","HB","64.2","19","58","244","4.2","1","11","1","1","6","54","0.9","190","3.3","1"
"","156837","","393289","","Kenyon Clay","ARK STATE","05","HB","63.6","55","139","513","3.7","3","31","3","2","15","138","1.0","375","2.7","0"
"","156865","","425514","","Tae Meadows","TROY","22","HB","75.5","71","162","698","4.3","6","34","2","1","22","244","1.5","454","2.8","0"
"","156890","","400305","","Charles Kellom","E ILLINOIS","22","HB","74.1","85","194","691","3.6","3","34","1","1","40","104","0.5","587","3.0","0"
"","156916","","387174","","Gavin Garcia","KENT STATE","05","HB","78.8","67","149","670","4.5","3","28","1","0","36","228","1.5","442","3.0","0"
"","156926","","385668","","Star Thomas","TENNESSEE","09","HB","85.5","60","104","590","5.7","7","32","0","0","25","207","2.0","383","3.7","0"
"","156935","","399703","","Makhilyn Young","VANDERBILT","22","HB","84.8","25","47","414","8.8","6","17","1","1","6","216","4.6","198","4.2","0"
"","156963","","399714","","Gi'Bran Payne","NOTRE DAME","03","HB","77.9","5","9","53","5.9","0","2","0","0","4","11","1.2","42","4.7","0"
"","156985","","406075","","Jadarian Price","NOTRE DAME","24","HB","79.9","58","114","678","6.0","11","35","3","2","32","231","2.0","447","3.9","0"
"","157003","","386946","","Jam Miller","ALABAMA","26","HB","69.4","56","131","509","3.9","3","23","1","0","22","187","1.4","322","2.5","0"
"","157020","","386641","","Rashod Dubinion","APP STATE","07","HB","81.3","99","178","881","5.0","4","43","4","2","45","308","1.7","573","3.2","0"
"","157021","","398345","","James Jointer","E MICHIGAN","25","HB","61.7","2","5","8","1.6","0","2","0","0","0","-2","-0.4","10","2.0","0"
"","157037","","386835","","Damari Alston","AUBURN","00","HB","67.8","13","33","131","4.0","1","12","0","0","9","32","1.0","99","3.0","0"
"","157156","","428286","","Anthony Favrow","MISSOURI","31","HB","58.5","0","1","4","4.0","0","0","0","0","0","2","2.0","2","2.0","0"
"","157157","","393369","","Tavorus Jones","MISSOURI","22","HB","67.2","3","6","33","5.5","1","2","0","0","0","16","2.7","17","2.8","0"
"","157182","","450438","","Maurice Edwards IV","ALAB A&M","20","HB","76.8","30","61","233","3.8","5","14","0","0","21","36","0.6","197","3.2","0"
"","157190","","385891","","Javen Jacobs","UTAH ST","08","HB","76.5","32","65","428","6.6","5","18","1","1","8","212","3.3","216","3.3","0"
"","157328","","386151","","Bryson Donnell","UTSA","22","HB","61","6","20","84","4.2","1","3","0","0","3","38","1.9","46","2.3","0"
"","157345","","398823","","Djouvensky Schlenbaker","TXRG","34","HB","61.7","6","17","116","6.8","3","5","0","0","2","26","1.5","90","5.3","0"
"","157372","","386061","","CJ Donaldson","OHIO STATE","12","HB","73.9","53","97","364","3.8","10","32","1","1","9","140","1.4","224","2.3","0"
"","157382","","424611","","Jaylin Belford","LIBERTY","26","HB","56.4","0","2","2","1.0","0","0","0","0","0","-3","-1.5","5","2.5","0"
"","157405","","394942","","Michael Allen","MARSHALL","02","HB","75.7","38","78","406","5.2","4","20","1","1","15","166","2.1","240","3.1","0"
"","157474","","396651","","Ihson E. Jackson-Anderson","WOFFORD","02","HB","74.2","66","133","704","5.3","2","24","1","1","32","230","1.7","474","3.6","0"
"","157523","","386131","","Demond Claiborne","WAKE","01","HB","76.8","86","182","977","5.4","10","38","5","3","39","418","2.3","559","3.1","0"
"","157582","","387530","","Cartevious Norton","USF","05","HB","79.3","16","32","166","5.2","2","7","0","0","7","64","2.0","102","3.2","0"
"","157610","","386125","","Justin Williams-Thomas","MARSHALL","09","HB","71.1","18","35","188","5.4","2","8","0","0","2","98","2.8","90","2.6","0"
"","157656","","386450","","Bryce Duke","UTAH","25","HB","72.1","9","16","86","5.4","0","5","0","0","2","43","2.7","43","2.7","0"
"","157691","","394657","","Anthony Hankerson","OREGON ST","00","HB","76.7","106","253","1109","4.4","9","65","1","0","57","370","1.5","739","2.9","0"
"","157762","","391406","","Anthony Frias II","UCLA","22","HB","78.9","12","24","183","7.6","1","7","0","0","4","110","4.6","73","3.0","0"
"","157765","","407449","","La'James White","ABILENE CH","00","HB","55.9","0","2","5","2.5","0","1","0","0","0","1","0.5","4","2.0","0"
"","157793","","386025","","Braylin Presley","TULSA","01","HB","77.4","22","33","219","6.6","1","14","0","0","9","105","3.2","114","3.5","0"
"","157835","","400014","","Jabari Bates","S JOSE ST","06","HB","80.5","13","27","192","7.1","2","8","0","0","12","0","0.0","192","7.1","0"
"","157876","","387272","","Bam McReynolds","LA MONROE","03","HB","85.1","60","127","664","5.2","3","25","0","0","42","82","0.7","582","4.6","0"
"","157984","","398507","","Micah Bell","MERCER","27","HB","62.3","20","48","224","4.7","0","11","1","0","13","83","1.7","141","2.9","0"
"","158048","","407819","","Terron Kellman","WYOMING","05","HB","75.1","31","67","332","5.0","4","17","0","0","23","134","2.0","198","3.0","0"
"","158085","","386671","","Jovantae Barnes","OKLAHOMA","02","HB","69.1","10","19","45","2.4","1","5","0","0","4","0","0.0","45","2.4","0"
"","158088","","395314","","Gavin Sawchuk","FLORIDA ST","27","HB","80.8","62","110","485","4.4","8","40","1","1","19","191","1.7","294","2.7","0"
"","158097","","386751","","Tawee Walker","CINCINNATI","03","HB","89.7","72","122","745","6.1","4","37","0","0","30","338","2.8","407","3.3","0"
"","158155","","407113","","Jamal Hailey","FL A&M","28","HB","74.3","36","88","524","6.0","6","21","0","0","17","202","2.3","322","3.7","0"
"","158212","","394227","","Aidan Laughery","ILLINOIS","21","HB","73.8","37","75","382","5.1","3","17","0","0","15","158","2.1","224","3.0","0"
"","158319","","395014","","Ashton Hayes","NEVADA","26","HB","66.8","2","3","9","3.0","0","1","0","0","0","3","1.0","6","2.0","0"
"","158325","","387671","","Jaydn Ott","OKLAHOMA","00","HB","62.1","8","21","68","3.2","0","4","0","0","4","30","1.4","38","1.8","0"
"","158336","","386853","","OJ Arnold","GA SOUTHRN","22","HB","89.2","86","147","1041","7.1","5","38","2","2","27","493","3.4","548","3.7","0"
"","158348","","407951","","Terrance Gibbs","GA SOUTHRN","20","HB","64.6","9","17","61","3.6","1","5","1","0","3","22","1.3","39","2.3","0"
"","158354","","386960","","Tyler Jordan","W ILLINOIS","04","HB","54.3","0","3","5","1.7","0","0","0","0","0","0","0.0","5","1.7","0"
"","158417","","407695","","Makhi Hughes","OREGON","20","HB","71.1","8","17","70","4.1","0","3","0","0","4","19","1.1","51","3.0","0"
"","158449","","385969","","Jordan McDonald","BOSTON COL","05","HB","72","46","95","397","4.2","4","27","0","0","18","154","1.6","243","2.6","0"
"","158458","","386553","","Raleek Brown","ARIZONA ST","03","HB","88","101","188","1141","6.1","4","45","2","1","56","524","2.8","617","3.3","0"
"","158484","","391441","","Jaylon Glover","UNLV","20","HB","78.1","33","65","387","6.0","1","16","0","0","18","115","1.8","272","4.2","0"
"","158512","","387183","","Jaylen Jenkins","TEXAS ST","05","HB","64.2","10","31","170","5.5","2","5","0","0","5","102","3.3","68","2.2","0"
"","158568","","386855","","Richard Reese","STF AUSTIN","29","HB","80.7","38","74","451","6.1","3","23","0","0","8","293","4.0","158","2.1","0"
"","158615","","398988","","Cam Edwards","UCONN","00","HB","87.4","118","216","1283","5.9","15","67","0","0","51","504","2.3","779","3.6","1"
"","158629","","386526","","Victor Rosa","UCONN","22","HB","69.3","17","31","144","4.7","2","10","1","1","5","71","2.3","73","2.4","0"
"","158646","","426533","","AJ DiNota","TEXAS A&M","41","HB","57.2","0","2","2","1.0","0","0","0","0","0","0","0.0","2","1.0","0"
"","158664","","395331","","Le'Veon Moss","TEXAS A&M","08","HB","80","41","79","426","5.4","6","25","0","0","12","152","1.9","274","3.5","0"
"","158712","","406628","","Cade Yacamelli","WISCONSIN","25","HB","67.6","14","38","128","3.4","0","6","0","0","5","50","1.3","78","2.0","0"
"","158717","","386347","","Jonah Coleman","WASHINGTON","01","HB","83.8","79","159","759","4.8","15","55","1","0","37","195","1.2","564","3.5","0"
"","158732","","386368","","Rayshon Luke","FRESNO ST","02","HB","86.3","54","116","737","6.3","6","24","0","0","29","195","1.7","542","4.7","0"
"","158759","","374182","","Greg Desrosiers Jr.","MEMPHIS","13","HB","78.4","50","102","567","5.6","7","32","1","0","30","279","2.7","288","2.8","0"
"","158773","","443073","","Donta Whack","ROB MORRIS","05","HB","68.9","35","73","278","3.8","2","9","2","2","17","54","0.7","224","3.1","0"
"","158807","","400007","","Lucky Sutton","S DIEGO ST","07","HB","89.3","145","256","1303","5.1","10","73","0","0","57","452","1.8","851","3.3","0"
"","158816","","393548","","Tye Edwards","W VIRGINIA","02","HB","73.6","17","29","139","4.8","3","12","0","0","7","43","1.5","96","3.3","0"
"","158924","","397854","","Paul Holyfield Jr.","CAL POLY","22","HB","63.6","11","27","85","3.1","0","8","0","0","3","17","0.6","68","2.5","0"
"","158925","","386249","","Troy Fletcher","CAL POLY","21","HB","53.3","1","6","11","1.8","0","0","0","0","2","2","0.3","9","1.5","0"
"","158969","","387176","","Anthony Woods","UCLA","06","HB","70.9","30","64","298","4.7","0","11","0","0","15","48","0.8","250","3.9","0"
"","158999","","408556","","Vincent Genatone","NEBRASKA","30","HB","64.3","1","1","1","1.0","0","1","0","0","0","-1","-1.0","2","2.0","0"
"","159007","","399790","","Eli Gillman","MONTANA","10","HB","90.4","132","255","1541","6.0","21","75","1","0","60","565","2.2","976","3.8","0"
"","159032","","387030","","Aliou-Rocco Traore","N COLORADO","04","HB","53.2","16","43","131","3.0","1","6","2","1","8","21","0.5","110","2.6","0"
"","159061","","395629","","Quincy Craig","ARIZONA","24","HB","72.5","32","69","367","5.3","2","18","2","1","9","192","2.8","175","2.5","0"
"","159116","","445123","","Marcus McFarlane","ELON","33","HB","65.2","4","6","37","6.2","0","3","0","0","1","25","4.2","12","2.0","0"
"","159170","","391883","","Myles Thomason","NEW HAMP","23","HB","74.5","85","195","752","3.9","4","30","1","1","38","217","1.1","535","2.7","0"
"","159247","","396492","","Lucas Bullock","COLUMBIA","07","HB","61.5","12","31","84","2.7","1","5","0","0","5","22","0.7","62","2.0","0"
"","159276","","422429","","Johntu Reed","CORNELL","22","HB","73.2","5","6","44","7.3","0","2","0","0","1","22","3.7","22","3.7","0"
"","159278","","393266","","Gannon Carothers","CORNELL","02","HB","68.2","7","12","75","6.3","2","5","0","0","3","38","3.2","37","3.1","0"
"","159309","","437263","","Desmin Jackson","DARTMOUTH","10","HB","67.5","25","50","170","3.4","1","12","0","0","6","79","1.6","91","1.8","0"
"","159311","","397232","","D.J. Crowther","DARTMOUTH","15","HB","81.2","104","192","937","4.9","10","55","2","1","62","275","1.4","662","3.5","0"
"","159340","","415586","","Jordan Harris","HARVARD","20","HB","72.3","27","51","359","7.0","1","13","1","1","11","118","2.3","241","4.7","0"
"","159345","","415564","","Isaiah Abbey","HARVARD","27","HB","67.9","19","35","133","3.8","4","12","1","1","2","26","0.7","107","3.1","0"
"","159371","","398994","","Plez Lawrence","INDIANA ST","01","HB","82.4","30","62","260","4.2","3","10","0","0","24","60","1.0","200","3.2","0"
"","159446","","386017","","Pat Bowen","STTHOM","10","HB","63.7","32","90","368","4.1","4","18","0","0","19","173","1.9","195","2.2","0"
"","159507","","386118","","Quasean Holmes","GARD-WEBB","03","HB","79.8","90","206","969","4.7","5","48","2","1","49","219","1.1","750","3.6","0"
"","159550","","391640","","Zach Palmer-Smith","LA MONROE","06","HB","82","61","120","692","5.8","4","34","0","0","51","86","0.7","606","5.0","0"
"","159559","","419562","","David Lonergan","WAGNER","27","HB","56.1","0","4","11","2.8","0","0","0","0","0","3","0.8","8","2.0","0"
"","159593","","416218","","Jay Pearson","E ILLINOIS","01","HB","69","23","48","198","4.1","0","10","1","0","15","41","0.8","157","3.3","0"
"","159654","","400098","","Jordan Gant","AKRON","22","HB","80.4","102","212","1029","4.8","6","55","1","1","29","334","1.6","695","3.3","0"
"","159655","","407020","","Craig Cunningham","MOREHEAD","11","HB","73.2","37","77","310","4.0","3","18","0","0","17","93","1.2","217","2.8","0"
"","159711","","431976","","Ed Osley","MILES","22","HB","65.3","6","12","37","3.1","0","4","0","0","6","6","0.5","31","2.6","0"
"","159713","","387383","","Terayon Sweet","W OREGON","19","HB","65.4","3","6","24","4.0","0","0","0","0","1","5","0.8","19","3.2","0"
"","159741","","388564","","Jamar Curtis","SACRAMENTO","01","HB","61.8","12","36","143","4.0","1","9","0","0","4","60","1.7","83","2.3","0"
"","159808","","398587","","Jayquan Smith","FURMAN","28","HB","69.6","29","56","162","2.9","6","18","0","0","14","26","0.5","136","2.4","0"
"","159830","","394690","","Ben Croasdale","FURMAN","25","HB","78","29","62","330","5.3","2","13","0","0","12","145","2.3","185","3.0","0"
"","159836","","385646","","CJ Miller","MERCER","22","HB","82.9","85","178","1008","5.7","14","54","1","1","40","374","2.1","634","3.6","0"
"","159936","","387679","","Desmond Reid","PITTSBURGH","00","HB","74","31","65","287","4.4","2","11","0","0","13","109","1.7","178","2.7","0"
"","159991","","393719","","Camury Reid","W CAROLINA","20","HB","63.7","20","50","133","2.7","4","12","1","1","11","23","0.5","110","2.2","0"
"","159997","","387752","","Kyle Parsons","WOFFORD","05","HB","61.3","4","14","46","3.3","0","1","0","0","0","16","1.1","30","2.1","0"
"","160061","","420411","","EJ Oakmon","TXAMCO","06","HB","76","40","84","369","4.4","9","25","0","0","16","159","1.9","210","2.5","0"
"","160117","","391773","","Rodeo Graham Jr.","SE LA","16","HB","58","5","20","60","3.0","1","3","0","0","1","24","1.2","36","1.8","0"
"","160174","","398728","","Jo'Shon Barbie","MARSHALL","05","HB","73.7","27","58","246","4.2","5","17","0","0","13","84","1.4","169","2.9","0"
"","160261","","391462","","Marcus Harris","ALABAMA ST","26","HB","90.7","38","57","426","7.5","15","28","0","0","12","268","4.7","158","2.8","0"
"","160350","","392593","","NaQuari Rogers","UTAH","21","HB","73.2","47","100","387","3.9","11","37","0","0","11","163","1.6","224","2.2","0"
"","160363","","395216","","Qua Ashley","BALL ST","09","HB","64.3","39","118","540","4.6","4","18","1","0","24","119","1.0","421","3.6","0"
"","160375","","395217","","Alexander Diggs","KENNESAW","03","HB","67.8","37","72","284","3.9","2","19","2","1","14","106","1.5","178","2.5","0"
"","160438","","395585","","Julian Glantz","VILLANOVA","18","HB","70.2","3","4","25","6.3","1","2","0","0","1","4","1.0","21","5.3","0"
"","160452","","387431","","Eli Smith","VILLANOVA","02","HB","61","5","13","76","5.8","1","4","0","0","1","20","1.5","56","4.3","0"
"","160456","","466431","","Isaiah Wright","VILLANOVA","26","HB","68","9","18","46","2.6","1","2","0","0","3","6","0.3","40","2.2","0"
"","160469","","386817","","Marco Maldonado","COLGATE","04","HB","62.4","23","68","294","4.3","2","12","0","0","10","126","1.9","168","2.5","0"
"","160519","","400051","","Luke Woodson","DRAKE","20","HB","77.1","35","70","297","4.2","4","19","0","0","13","103","1.5","194","2.8","0"
"","160531","","385444","","Eden James","HOWARD","05","HB","61.1","3","11","33","3.0","0","1","0","0","2","7","0.6","26","2.4","0"
"","160588","","395069","","Lashaun Lester","S ILLINOIS","28","HB","74.6","19","34","225","6.6","2","7","0","0","11","97","2.9","128","3.8","0"
"","160768","","408456","","Emari Matthews","JACKSON ST","30","HB","68.8","6","15","42","2.8","3","5","0","0","0","18","1.2","24","1.6","0"
"","160917","","386323","","Luke Schalow","VA MILT IN","21","HB","60.7","10","42","125","3.0","0","2","0","0","6","25","0.6","100","2.4","0"
"","160968","","398763","","Jaden Meizinger","DRAKE","05","HB","71.6","25","69","337","4.9","1","17","0","0","12","156","2.3","181","2.6","0"
"","161150","","382854","","Cameren Smith","CHARLOTTE","25","HB","69.8","32","62","219","3.5","0","16","2","2","12","37","0.6","182","2.9","0"
"","161295","","416228","","Griffin Caldwell","BUTLER","27","HB","68","38","90","431","4.8","2","16","1","1","4","155","1.7","276","3.1","0"
"","161322","","392509","","Ershod Jasey II","BUTLER","09","HB","71.6","7","15","70","4.7","0","3","0","0","2","25","1.7","45","3.0","0"
"","161327","","392512","","Seth Mencer","DEPAUW","03","HB","62.4","1","2","13","6.5","0","1","0","0","1","0","0.0","13","6.5","0"
"","161419","","386927","","Ismail Mahdi","ARIZONA","21","HB","79.7","77","137","918","6.7","4","38","2","0","25","504","3.7","414","3.0","0"
"","161499","","395587","","Jared Rhodes","LNDNWD","07","HB","73.9","57","132","618","4.7","7","32","2","0","34","90","0.7","528","4.0","0"
"","161505","","386210","","Kylan Galbreath","MURRAY ST","09","HB","59.6","0","1","2","2.0","0","0","0","0","0","-1","-1.0","3","3.0","0"
"","161659","","392401","","Torin Baker","TENN TECH","25","HB","61.7","3","10","28","2.8","0","1","0","0","2","0","0.0","28","2.8","0"
"","161681","","386543","","OJ Ross","LIUSHAR","05","HB","79.8","73","159","861","5.4","3","29","1","1","34","246","1.6","615","3.9","0"
"","161828","","419569","","Qwentin Brown","BROWN","01","HB","71.5","25","60","226","3.8","5","16","0","0","7","52","0.9","174","2.9","0"
"","161876","","418675","","Corey Ibrahim","CITADEL","20","HB","57.8","3","25","52","2.1","0","4","0","0","1","-5","-0.2","57","2.3","0"
"","161915","","409777","","Eddie Clark","MCKENDREE","01","HB","72.4","12","21","74","3.5","1","6","0","0","8","11","0.5","63","3.0","0"
"","162311","","362344","","Xavier Leigh","N DAKOTA","20","HB","62.1","26","66","284","4.3","1","15","1","1","10","128","1.9","156","2.4","0"
"","162332","","408604","","Curtis Whiting","SACR HEART","02","HB","62.5","12","34","106","3.1","2","8","0","0","3","45","1.3","61","1.8","0"
"","162369","","439776","","Reese Woerner","TARLETON","48","HB","60.8","1","3","4","1.3","0","0","0","0","1","-1","-0.3","5","1.7","0"
"","162457","","389059","","TJ Harden","SMU","27","HB","80.2","98","176","826","4.7","9","56","1","0","40","316","1.8","510","2.9","0"
"","162530","","393541","","Sutton Smith","MEMPHIS","05","HB","75.1","44","103","675","6.5","7","25","1","0","17","341","3.3","328","3.2","0"
"","162541","","406055","","Brandon Chatman","NAVY","24","HB","80.3","36","57","444","7.8","3","22","0","0","18","248","4.3","165","2.9","0"
"","162579","","428940","","Shane Reynolds","NAVY","37","HB","61.9","6","14","45","3.2","1","3","0","0","1","13","0.9","32","2.3","0"
"","162587","","406065","","Alex Tecza","NAVY","46","HB","81.2","79","159","910","5.7","10","56","1","0","22","417","2.6","493","3.1","0"
"","162642","","391687","","Marlon Gunn Jr.","E CAROLINA","21","HB","82.6","57","114","584","5.1","6","36","0","0","22","240","2.1","344","3.0","0"
"","162657","","386282","","Cam Barfield","HAWAII","00","HB","75.3","36","85","391","4.6","4","18","0","0","14","140","1.6","251","3.0","0"
"","162692","","395004","","Travis Bates","DUKE","13","HB","63.7","3","9","57","6.3","0","2","0","0","2","30","3.3","27","3.0","0"
"","162731","","428209","","Tre'Vonte Citizen","MCNEESE","07","HB","71","41","88","519","5.9","4","17","1","1","11","196","2.2","323","3.7","0"
"","162827","","386511","","CJ Stokes","CHARLOTTE","23","HB","54.1","19","48","150","3.1","1","7","3","2","4","58","1.2","92","1.9","0"
"","162843","","391126","","Joseph Himon II","NWESTERN","06","HB","82.2","56","103","530","5.2","1","27","0","0","20","147","1.4","383","3.7","0"
"","162862","","393501","","TC Caffey","YNGTOWN ST","20","HB","63.6","2","5","39","7.8","0","2","0","0","0","21","4.2","18","3.6","0"
"","162865","","391417","","Dallan Hayden","COLORADO","07","HB","70","26","72","347","4.8","1","15","0","0","8","97","1.4","250","3.5","0"
"","162899","","386403","","Sam Brown V","RUTGERS","27","HB","66","6","16","38","2.4","0","2","0","0","2","5","0.3","33","2.1","0"
"","163001","","400891","","Quinton Jackson","RICE","10","HB","74.7","74","180","893","5.0","6","47","0","0","43","311","1.7","582","3.2","2"
"","163009","","385999","","Lee Beebe Jr.","INDIANA","29","HB","73.7","19","27","200","7.4","1","14","1","1","9","103","3.8","97","3.6","0"
"","163012","","386008","","Taven Curry","AKRON","26","HB","68.6","7","10","57","5.7","0","4","0","0","2","30","3.0","27","2.7","0"
"","163031","","386757","","Torrance Burgess Jr.","TEXAS ST","04","HB","78","15","21","102","4.9","1","4","0","0","5","42","2.0","60","2.9","0"
"","163055","","385509","","LT Sanders","N ALABAMA","04","HB","66.4","19","42","193","4.6","1","7","0","0","6","108","2.6","85","2.0","0"
"","163083","","0","","Shoka Griffin II","BLUEFIELD","00","HB","55.6","0","3","4","1.3","0","0","0","0","0","3","1.0","1","0.3","0"
"","163107","","393512","","Jaylen Jennings","ARKAPB","25","HB","77.3","87","182","946","5.2","11","52","0","0","30","434","2.4","512","2.8","0"
"","163158","","396984","","Jalen Buckley","W MICHIGAN","06","HB","82.3","90","178","986","5.5","9","51","3","2","31","241","1.4","745","4.2","0"
"","163213","","387144","","Hayden Reed","ARMY","08","HB","62.2","34","74","329","4.5","3","18","2","2","7","190","2.6","139","1.9","0"
"","163220","","387152","","Noah Short","ARMY","15","HB","75.6","48","100","582","5.8","1","19","0","0","25","279","2.8","303","3.0","0"
"","163255","","395021","","Preston Rex","BYU","12","HB","59.5","6","14","32","2.3","0","1","0","0","2","-2","-0.1","34","2.4","0"
"","163290","","406536","","Ellis Bynum","PRVIEW A&M","32","HB","66.9","2","5","12","2.4","0","1","0","0","1","-10","-2.0","22","4.4","0"
"","163362","","387108","","Christian Washington","S DIEGO ST","23","HB","75.2","56","101","568","5.6","4","30","3","3","25","217","2.1","351","3.5","0"
"","163378","","415633","","Seth Knothe","BOISE ST","28","HB","67.1","6","12","51","4.3","1","3","0","0","3","13","1.1","38","3.2","0"
"","163400","","431799","","Justin Guin","N COLORADO","06","HB","67.2","20","51","274","5.4","1","12","0","0","13","27","0.5","247","4.8","0"
"","163418","","447827","","Ryan Warkentin","FRESNO ST","27","HB","63.6","1","1","5","5.0","0","1","0","0","2","0","0.0","5","5.0","0"
"","163425","","385508","","Robert Briggs","SO MISS","14","HB","66.4","26","63","304","4.8","1","15","1","1","12","112","1.8","192","3.0","0"
"","163700","","434181","","Brinston Williams","W ILLINOIS","20","HB","69","12","25","122","4.9","1","6","0","0","4","51","2.0","71","2.8","0"
"","163723","","431968","","Dominic Rezac","VANDERBILT","43","HB","58.1","1","1","4","4.0","0","0","0","0","0","3","3.0","1","1.0","0"
"","163749","","386704","","Branson Robinson","GA STATE","22","HB","66.4","18","47","156","3.3","1","6","0","0","11","15","0.3","141","3.0","0"
"","163756","","393474","","Hunter Barnes","TENNESSEE","24","HB","59.6","1","1","2","2.0","0","0","0","0","1","-1","-1.0","3","3.0","0"
"","163857","","387214","","Savion Red","SACRAMENTO","00","HB","62.2","9","12","58","4.8","0","3","1","1","7","33","2.8","25","2.1","0"
"","163868","","423531","","Ky Woods","NEVADA","25","HB","53.1","9","18","87","4.8","0","3","1","1","5","21","1.2","66","3.7","0"
"","163930","","393562","","Sam Slade","HOLY CROSS","07","HB","59.9","4","16","122","7.6","1","1","0","0","2","90","5.6","32","2.0","0"
"","164060","","399100","","Dason Brooks","IDAHO ST","28","HB","86","96","159","1040","6.5","10","62","1","0","47","347","2.2","693","4.4","0"
"","164117","","388802","","Jerrell Wimbley","STF AUSTIN","10","HB","79.8","90","195","991","5.1","9","63","1","1","35","442","2.3","549","2.8","0"
"","164158","","386127","","Kaytron Allen","PENN STATE","13","HB","91.3","120","211","1303","6.2","15","70","0","0","57","510","2.4","793","3.8","0"
"","164188","","386149","","Nicholas Singleton","PENN STATE","10","HB","76.9","62","125","546","4.4","13","41","0","0","19","214","1.7","335","2.7","0"
"","164280","","393463","","Jalyn Daniels","N ALABAMA","11","HB","69.3","21","44","301","6.8","2","12","1","1","6","176","4.0","125","2.8","0"
"","164350","","408326","","Hayden Kincheloe","IDAHO","37","HB","72.4","13","20","42","2.1","1","10","0","0","3","5","0.3","37","1.9","0"
"","164405","","387767","","Jared White","MONTANA ST","03","HB","79.3","17","28","139","5.0","1","11","0","0","7","50","1.8","89","3.2","0"
"","164410","","395626","","Chase Belcher","KENNESAW","04","HB","84.3","60","107","567","5.3","2","36","0","0","29","144","1.4","423","4.0","0"
"","164528","","405996","","Griffin Woodell","ALBANY","02","HB","70.2","42","93","407","4.4","1","12","1","0","19","101","1.1","306","3.3","0"
"","164549","","397849","","Jo Silver","DELAWARE","27","HB","81.1","56","120","659","5.5","5","35","0","0","18","271","2.3","388","3.2","0"
"","164564","","392488","","Makhi Green","MONMOUTH","06","HB","49.1","2","5","13","2.6","0","1","0","0","1","3","0.6","10","2.0","0"
"","164692","","399610","","Wilhelm Daal","YALE","28","HB","70.2","32","83","453","5.5","2","13","0","0","15","124","1.5","329","4.0","0"
"","164699","","393588","","Josh Pitsenberger","YALE","07","HB","84.1","165","315","1645","5.2","19","102","2","2","63","515","1.6","1130","3.6","0"
"","164700","","421299","","Cameron Price","YALE","04","HB","63.7","3","7","17","2.4","1","2","0","0","0","5","0.7","12","1.7","0"
"","164728","","391900","","Kevon King","NORFOLK","09","HB","80.7","51","93","762","8.2","4","25","1","1","17","438","4.7","324","3.5","0"
"","164768","","392444","","Chris Mosley","NC CENT","01","HB","74.5","84","189","1004","5.3","8","44","2","2","32","390","2.1","614","3.3","0"
"","164776","","411271","","Jayden Jenkins","DELWARE ST","04","HB","67.2","14","28","217","7.8","0","7","1","0","7","79","2.8","138","4.9","0"
"","164844","","398550","","Charles Pierre Jr.","S DAKOTA","03","HB","65.1","11","23","100","4.3","0","2","1","1","7","23","1.0","77","3.4","0"
"","164924","","408479","","Da'Shaun Whatley","YNGTOWN ST","24","HB","69.1","2","2","12","6.0","0","0","0","0","0","5","2.5","7","3.5","0"
"","164938","","398582","","Seth Glatz","ILL STATE","21","HB","71.7","34","72","407","5.7","5","25","1","1","14","184","2.6","223","3.1","0"
"","165123","","389875","","Jarel Washington","STHLSK","08","HB","63.9","35","83","215","2.6","0","14","1","0","13","39","0.5","176","2.1","0"
"","165127","","389881","","Zavion Woodard","STHLSK","02","HB","63.3","38","103","399","3.9","1","17","0","0","13","109","1.1","290","2.8","0"
"","165181","","395197","","Jovari Gamble","KYCRST","04","HB","72.4","3","7","93","13.3","1","2","0","0","2","-5","-0.7","98","14.0","0"
"","165194","","386217","","Jawaun Northington","MURRAY ST","30","HB","77.5","77","162","807","5.0","6","43","2","2","45","172","1.1","635","3.9","0"
"","165210","","392640","","Mari Adams","DAVIDSON","02","HB","77.1","32","67","360","5.4","2","12","1","1","21","56","0.8","304","4.5","0"
"","165230","","392660","","Mason Sheron","DAVIDSON","00","HB","74.6","65","132","513","3.9","5","25","2","2","29","126","0.9","387","2.9","0"
"","165239","","421309","","Will Cohen","DAYTON","28","HB","59.3","1","3","8","2.7","0","0","0","0","0","3","1.0","5","1.7","0"
"","165266","","393728","","Adam Criter","SAN DIEGO","04","HB","74.4","84","182","936","5.1","12","52","2","2","29","372","2.0","564","3.1","0"
"","165286","","400649","","James Scott","SAN DIEGO","24","HB","65.5","9","21","83","4.0","0","4","0","0","6","21","1.0","62","3.0","0"
"","165294","","385772","","Gabriel Abel","STTHOM","01","HB","66.5","20","44","154","3.5","2","6","0","0","10","62","1.4","92","2.1","0"
"","165354","","399496","","Donovan Shepard","HAMPTON","23","HB","65.7","26","76","359","4.7","0","9","0","0","12","136","1.8","223","2.9","0"
"","165434","","395124","","Tyler Smith","SCAR STATE","10","HB","72.6","53","116","517","4.5","6","27","1","1","20","226","1.9","291","2.5","0"
"","165683","","388537","","Rovaughn Banks Jr.","ABILENE CH","03","HB","73.8","65","143","690","4.8","3","37","1","0","10","284","2.0","406","2.8","0"
"","165733","","392267","","Bretton Stone","UTAHTC","06","HB","67.3","21","42","191","4.5","1","10","1","1","7","83","2.0","108","2.6","0"
"","165740","","388574","","Major Bowden","LAMAR","02","HB","56.3","17","63","241","3.8","1","8","1","1","5","107","1.7","134","2.1","0"
"","166242","","408184","","Jermaine Land","W OREGON","23","HB","57.5","0","4","2","0.5","0","0","0","0","0","-6","-1.5","8","2.0","0"
"","166528","","419645","","Solomon Locke","CHATTNOOGA","20","HB","73.7","7","17","136","8.0","2","4","0","0","5","6","0.3","130","7.7","0"
"","166611","","406580","","Marcus Crawford","STHLSK","26","HB","58.8","0","2","1","0.5","0","0","0","0","0","1","0.5","0","0.0","0"
"","166688","","397001","","Carter James","MARIST","09","HB","62.5","34","81","356","4.4","4","18","1","0","11","145","1.8","211","2.6","0"
"","166719","","364077","","Joraye Morrison","GARD-WEBB","37","HB","58.2","0","1","3","3.0","0","0","0","0","0","1","1.0","2","2.0","0"
"","166999","","399089","","Ness Davis","DUQUESNE","32","HB","78.1","79","145","932","6.4","2","46","4","1","38","408","2.8","524","3.6","0"
"","167089","","387306","","Chance Williams","CINCINNATI","07","HB","69.9","8","15","56","3.7","1","3","0","0","4","19","1.3","37","2.5","0"
"","167095","","387244","","Floyd Chalk IV","S JOSE ST","03","HB","78.7","22","36","150","4.2","2","9","1","1","11","30","0.8","120","3.3","0"
"","167130","","391765","","Kendric Rhymes","TENN STATE","01","HB","67.8","50","129","508","3.9","3","21","2","1","19","127","1.0","381","3.0","0"
"","167136","","391760","","Karl Ligon","ALABAMA ST","04","HB","69.9","26","59","307","5.2","3","14","0","0","8","149","2.5","158","2.7","0"
"","167231","","391934","","Aljhanod Thomas","ALBANY ST","00","HB","75.3","5","9","52","5.8","1","2","0","0","2","16","1.8","36","4.0","0"
"","167263","","399494","","Nazsir Oglesby","LINCOLN","00","HB","63.8","2","4","0","0.0","0","1","0","0","0","-4","-1.0","4","1.0","0"
"","167571","","393734","","Tamaj Hoffman","NICHOLLS","35","HB","64","9","16","64","4.0","0","1","0","0","8","16","1.0","48","3.0","0"
"","167653","","395060","","Dareion Murphy","PRINCETON","05","HB","66.8","20","35","141","4.0","3","6","1","1","7","46","1.3","95","2.7","0"
"","168354","","395123","","Josh Shaw","SCAR STATE","32","HB","73.8","24","46","269","5.8","3","13","1","1","16","79","1.7","190","4.1","0"
"","168381","","393899","","Eldrian Arnold","LINCOK","03","HB","62.8","5","14","31","2.2","0","2","0","0","3","1","0.1","30","2.1","0"
"","168419","","390019","","DeKalon Taylor","COLORADO","20","HB","58.3","4","19","78","4.1","0","3","0","0","2","30","1.6","48","2.5","0"
"","168442","","390005","","Isaiah Robinson","INCAR WORD","04","HB","63.2","4","11","44","4.0","0","3","0","0","3","18","1.6","26","2.4","0"
"","168550","","426915","","Johnny Morris","TUSKEGEE","06","HB","68","9","19","76","4.0","0","5","0","0","2","25","1.3","51","2.7","0"
"","168561","","392039","","Chase Sellers","TUSKEGEE","08","HB","56.4","0","2","-1","-0.5","0","0","0","0","0","-2","-1.0","1","0.5","0"
"","168571","","387093","","Keith Jenkins Jr.","MORGAN ST","01","HB","66.7","10","25","95","3.8","1","6","0","0","5","28","1.1","67","2.7","0"
"","169019","","365243","","Da'Veon Ford","TEXAS STHN","03","HB","61.2","18","53","189","3.6","1","8","1","1","9","59","1.1","130","2.5","0"
"","169024","","392481","","Connor Wisham","PRVIEW A&M","24","HB","65.9","1","4","30","7.5","0","1","0","0","2","8","2.0","22","5.5","0"
"","169106","","422688","","Donovan Journey","KY STATE","20","HB","59.6","0","1","2","2.0","0","0","0","0","0","0","0.0","2","2.0","0"
"","169178","","395100","","Mel Brown","UCONN","07","HB","72.2","15","33","262","7.9","2","6","0","0","9","95","2.9","167","5.1","0"
"","169535","","398562","","Jacorian Sewell","ALCORN ST","28","HB","81.2","71","140","791","5.7","6","39","0","0","37","292","2.1","499","3.6","0"
"","169910","","453945","","Joshua Harriott","FAU","20","HB","62.2","1","3","18","6.0","0","2","0","0","1","0","0.0","18","6.0","0"
"","169923","","431499","","Gemari Sands","FAU","23","HB","74.3","47","109","497","4.6","0","22","0","0","26","186","1.7","311","2.9","0"
"","169927","","426450","","Xavier Terrell","FAU","25","HB","65.8","21","55","166","3.0","1","13","0","0","5","68","1.2","98","1.8","0"
"","169966","","416004","","Jaxson Lavender","SMU","15","HB","66.1","2","4","18","4.5","0","0","0","0","1","11","2.8","7","1.8","0"
"","169972","","412480","","Arnold Barnes III","TULANE","20","HB","71.2","27","51","216","4.2","0","10","1","1","11","73","1.4","143","2.8","0"
"","169975","","429874","","Trey Cornist","C MICHIGAN","06","HB","76.1","42","106","470","4.4","1","24","0","0","29","101","0.9","369","3.5","0"
"","170051","","407414","","Peyton Jones","DUKE","05","HB","63.6","6","10","34","3.4","1","2","0","0","2","12","1.2","22","2.2","0"
"","170066","","406234","","Evan Dickens","LIBERTY","23","HB","86.9","113","230","1341","5.8","16","67","1","1","38","497","2.2","844","3.7","0"
"","170126","","428560","","Caleb Williams","PITTSBURGH","30","HB","61.7","2","7","10","1.4","0","1","0","0","1","1","0.1","9","1.3","0"
"","170168","","415833","","Kamari Moulton","IOWA","28","HB","82.7","88","173","889","5.1","5","45","0","0","25","310","1.8","579","3.4","0"
"","170178","","415841","","TJ Washington Jr.","IOWA","08","HB","67.6","13","27","106","3.9","0","5","0","0","2","50","1.9","56","2.1","0"
"","170203","","407236","","Nolan Ray","MARYLAND","02","HB","78.6","36","68","311","4.6","2","16","0","0","16","107","1.6","204","3.0","0"
"","170228","","425425","","Kwinten Ives","NEBRASKA","28","HB","72.2","13","21","136","6.5","2","11","0","0","2","90","4.3","46","2.2","0"
"","170288","","430287","","London Montgomery","E CAROLINA","07","HB","77.4","75","160","748","4.7","7","43","0","0","22","306","1.9","442","2.8","0"
"","170302","","428533","","Cam Wallace","PENN STATE","26","HB","67","3","6","23","3.8","0","1","0","0","0","8","1.3","15","2.5","0"
"","170306","","406835","","Ja'shon Benjamin","RUTGERS","20","HB","75.1","33","68","328","4.8","2","21","0","0","10","137","2.0","191","2.8","0"
"","170309","","450384","","Donovan Delaney Jr.","KENT STATE","25","HB","53.2","3","15","15","1.0","1","3","0","0","1","-5","-0.3","20","1.3","0"
"","170356","","426428","","Samuel Singleton Jr.","FLORIDA ST","28","HB","83.3","27","52","375","7.2","4","14","0","0","13","167","3.2","208","4.0","0"
"","170378","","412329","","Kendrick Raphael","CAL","01","HB","78.3","120","243","994","4.1","13","55","5","3","54","255","1.1","739","3.0","0"
"","170387","","434336","","Muwaffaq Parkman","ROB MORRIS","21","HB","63.1","1","1","6","6.0","0","0","0","0","0","4","4.0","2","2.0","0"
"","170487","","406499","","Jekail Middlebrook","MIDDLE TN","09","HB","86","79","148","790","5.3","4","40","2","2","37","181","1.2","607","4.1","0"
"","170511","","406042","","Mike Franklin","SOUTHERN U","07","HB","64.8","15","31","137","4.4","0","9","1","1","4","53","1.7","84","2.7","0"
"","170530","","412929","","Landen Chambers","CENT ARK","00","HB","85.8","140","245","1290","5.3","10","70","2","2","66","486","2.0","804","3.3","0"
"","170591","","407770","","Brayden Latham","E KENTUCKY","14","HB","67.6","57","160","701","4.4","3","31","0","0","26","148","0.9","553","3.5","0"
"","170655","","416395","","Kendric Sanders","CAL POLY","34","HB","80.9","22","44","283","6.4","2","13","0","0","13","138","3.1","145","3.3","0"
"","170714","","430365","","Ryan Fontaine","N ARIZONA","21","HB","72.2","6","11","44","4.0","1","3","0","0","2","11","1.0","33","3.0","0"
"","170759","","416510","","Delon Thompson","PORTLAND","24","HB","69.6","73","196","679","3.5","7","33","1","1","39","123","0.6","556","2.8","0"
"","170847","","426473","","Nick Laughlin","MAINE","20","HB","73.4","15","32","164","5.1","1","11","0","0","10","55","1.7","109","3.4","0"
"","170887","","418281","","Rodney Nelson","MONMOUTH","20","HB","92.6","176","292","1798","6.2","18","103","2","0","53","827","2.8","971","3.3","0"
"","170897","","412529","","Jamaal Brown","RICHMOND","07","HB","59.2","21","65","279","4.3","0","10","1","1","10","77","1.2","202","3.1","0"
"","170904","","429441","","Aziz Foster-Powell","RICHMOND","03","HB","78.4","64","127","553","4.3","4","34","1","0","47","115","0.9","438","3.5","2"
"","170926","","421315","","Ja'briel Mace","VILLANOVA","04","HB","92","74","132","994","7.5","11","45","2","1","32","370","2.8","624","4.7","0"
"","170932","","418448","","Isaiah Ragland","VILLANOVA","20","HB","79.9","85","169","769","4.5","2","44","0","0","44","167","1.0","602","3.6","0"
"","171009","","423288","","Jake Rendina","ARMY","33","HB","72.1","24","39","182","4.7","1","13","1","1","3","105","2.7","77","2.0","0"
"","171016","","436489","","Carson Smith","ARMY","34","HB","70.9","25","56","236","4.2","2","12","0","0","4","95","1.7","141","2.5","0"
"","171024","","412183","","Kanye Udoh","ARIZONA ST","06","HB","70","28","59","244","4.1","2","16","0","0","13","101","1.7","143","2.4","0"
"","171060","","436506","","Danny Shaban","COLGATE","21","HB","80.2","41","82","420","5.1","5","24","0","0","17","109","1.3","311","3.8","0"
"","171090","","406074","","Jeremiyah Love","NOTRE DAME","04","HB","93.7","121","202","1399","6.9","18","63","1","0","57","484","2.4","915","4.5","0"
"","171121","","437366","","Griffin Johnson","COLUMBIA","32","HB","74.7","44","86","424","4.9","2","23","0","0","7","210","2.4","214","2.5","0"
"","171155","","415892","","Ean Pope","CORNELL","04","HB","59","5","16","56","3.5","0","2","0","0","0","27","1.7","29","1.8","0"
"","171180","","437302","","Colin O'Garro","DARTMOUTH","20","HB","63.1","1","2","9","4.5","0","0","0","0","0","1","0.5","8","4.0","0"
"","171198","","428713","","Messiah Burch","BUFFALO","04","HB","70.4","8","11","41","3.7","0","2","0","0","3","7","0.6","34","3.1","0"
"","171203","","427768","","Dylan Kedzior","BRYANT","24","HB","58.5","16","38","212","5.6","3","6","2","2","12","30","0.8","182","4.8","0"
"","171214","","415644","","Lamar Sperling","BUFFALO","32","HB","74.9","22","39","234","6.0","1","9","0","0","12","74","1.9","160","4.1","0"
"","171225","","458773","","Jakivion Calip","C MICHIGAN","04","HB","63.4","2","8","41","5.1","0","1","0","0","0","30","3.8","11","1.4","0"
"","171234","","458778","","Mekhi Jenkins","C MICHIGAN","24","HB","63.5","1","1","7","7.0","0","0","0","0","0","4","4.0","3","3.0","0"
"","171243","","425381","","Germanuel Tanelus","C MICHIGAN","46","HB","62.4","1","1","2","2.0","0","1","0","0","0","2","2.0","0","0.0","0"
"","171260","","415675","","Jahzae Kimbrough","KENT STATE","84","HB","63.5","12","40","99","2.5","0","5","0","0","6","6","0.1","93","2.3","0"
"","171324","","426324","","Jaylen Poe","N ILLINOIS","28","HB","69","3","7","38","5.4","0","2","0","0","4","3","0.4","35","5.0","0"
"","171350","","418153","","Rickey Hunt Jr.","MIDDLE TN","28","HB","74.9","16","34","111","3.3","1","8","0","0","4","23","0.7","88","2.6","0"
"","171392","","408065","","Connor Walendzak","TOLEDO","24","HB","63.9","12","33","101","3.1","0","5","0","0","8","11","0.3","90","2.7","0"
"","171397","","420350","","Tre' Hartwell","W MICHIGAN","26","HB","56.2","2","12","34","2.8","0","2","0","0","0","10","0.8","24","2.0","0"
"","171436","","455847","","Angelo St. Louis","INDIANA ST","07","HB","72.3","12","19","87","4.6","0","6","0","0","3","19","1.0","68","3.6","0"
"","171438","","463780","","Damon Sturm","INDIANA ST","30","HB","60.7","1","3","7","2.3","0","0","0","0","0","1","0.3","6","2.0","0"
"","171449","","418434","","Ramone Green Jr.","MO STATE","22","HB","83.3","25","53","281","5.3","1","13","0","0","16","90","1.7","191","3.6","0"
"","171488","","408329","","Jimmy Athans","S ILLINOIS","32","HB","61.2","2","6","36","6.0","0","1","0","0","0","23","3.8","13","2.2","0"
"","171510","","408428","","Kayleb Wagner","S ILLINOIS","25","HB","66.1","2","3","10","3.3","0","1","0","0","1","3","1.0","7","2.3","0"
"","171559","","407165","","Dorian Lewis","LA MONROE","28","HB","65.5","11","28","181","6.5","0","5","1","0","7","85","3.0","96","3.4","0"
"","171624","","424614","","Matthias Latham","MERRIMACK","34","HB","68.1","14","31","114","3.7","0","7","0","0","5","47","1.5","67","2.2","0"
"","171634","","408302","","Brendon Wyatt","MERRIMACK","01","HB","69.7","33","74","338","4.6","3","12","0","0","15","187","2.5","151","2.0","0"
"","171679","","452195","","Jordan Theodore","ST FRANCIS","21","HB","64","19","48","154","3.2","1","10","0","0","10","32","0.7","122","2.5","0"
"","171683","","407079","","Andrew Vines","ST FRANCIS","07","HB","53.1","0","2","5","2.5","0","0","0","0","0","3","1.5","2","1.0","0"
"","171713","","412612","","Sekou Kamau","WAGNER","00","HB","69.5","29","82","343","4.2","0","15","0","0","14","115","1.4","228","2.8","0"
"","171761","","444194","","Bryce Giesler","LNDNWD","35","HB","76.1","2","2","34","17.0","0","2","0","0","2","26","13.0","8","4.0","0"
"","171764","","428881","","Steve Hall","LNDNWD","22","HB","68.9","51","137","611","4.5","8","33","0","0","22","204","1.5","407","3.0","0"
"","171806","","424742","","Cole Ruble","SE MO ST","15","HB","70","37","79","370","4.7","4","17","0","0","12","199","2.5","171","2.2","0"
"","171854","","439396","","Brandon Johnson","N COLORADO","20","HB","67.9","39","83","340","4.1","6","19","1","0","16","130","1.6","210","2.5","0"
"","171893","","406848","","Dylan Edwards","KANSAS ST","03","HB","71","17","36","209","5.8","2","11","0","0","9","50","1.4","159","4.4","0"
"","171916","","450129","","Ryder Bumgarner","CENT WASH","06","HB","66.3","4","8","48","6.0","0","2","0","0","1","23","2.9","25","3.1","0"
"","171949","","426570","","Princeton Cahee","SOUTHERN U","10","HB","62.3","2","5","30","6.0","0","2","0","0","1","11","2.2","19","3.8","0"
"","171953","","419594","","Anthony DiLascio","BUCKNELL","28","HB","53.4","0","6","11","1.8","0","1","0","0","0","6","1.0","5","0.8","0"
"","172019","","408213","","Bryce Cox","GEORGETOWN","01","HB","66.5","14","32","138","4.3","1","10","0","0","7","38","1.2","100","3.1","0"
"","172022","","430375","","Udechukwu Enyeribe","GEORGETOWN","27","HB","66.3","14","26","100","3.9","0","4","0","0","8","22","0.8","78","3.0","0"
"","172045","","408552","","Kente Edwards","LAFAYETTE","26","HB","90.4","112","204","1467","7.2","20","79","1","1","47","477","2.3","990","4.8","0"
"","172068","","408573","","Ethan Weber","LAFAYETTE","32","HB","72.2","55","109","560","5.1","8","30","1","0","21","228","2.1","332","3.0","0"
"","172094","","415885","","Luke Yoder","LEHIGH","06","HB","91.1","116","201","1457","7.3","15","70","1","1","60","502","2.5","955","4.8","0"
"","172130","","416324","","Levi Moell","DAYTON","26","HB","87.3","7","12","89","7.4","1","6","0","0","4","32","2.7","57","4.8","0"
"","172140","","412984","","Jackson Lanier","MOREHEAD","28","HB","60.2","22","57","181","3.2","2","9","1","0","5","54","0.9","127","2.2","0"
"","172143","","411222","","Caleb Ramseur","NEVADA","41","HB","74","63","141","685","4.9","5","36","1","1","27","211","1.5","474","3.4","0"
"","172192","","406958","","Cedric Hawkins","ARK STATE","22","HB","57.8","1","4","23","5.8","0","1","0","0","0","14","3.5","9","2.3","0"
"","172220","","407858","","Durell Robinson","AUBURN","21","HB","67.6","1","3","57","19.0","1","1","0","0","0","1","0.3","56","18.7","0"
"","172238","","422354","","Ke'Marion Baldwin","CHARLES SO","04","HB","74.5","78","160","778","4.9","6","35","4","3","52","189","1.2","589","3.7","0"
"","172271","","407504","","Kadarius Calloway","NEW MEX ST","01","HB","69.4","46","116","430","3.7","3","23","1","1","16","158","1.4","272","2.3","0"
"","172284","","439722","","Alex Jreige","ALBANY","05","HB","65.4","13","34","98","2.9","0","6","0","0","4","16","0.5","82","2.4","0"
"","172294","","407537","","Devin Roche","DOMINION","03","HB","73.3","55","111","630","5.7","4","30","2","1","20","241","2.2","389","3.5","0"
"","172310","","412355","","PJ Martin","S ALABAMA","22","HB","79.2","34","63","337","5.3","2","15","1","0","21","72","1.1","265","4.2","0"
"","172356","","408099","","Jordan Lovett","TROY","01","HB","63.9","31","89","343","3.9","2","12","0","0","17","111","1.3","232","2.6","0"
"","172379","","406426","","Justice Haynes","MICHIGAN","22","HB","83.5","63","124","861","6.9","10","41","1","1","23","401","3.2","460","3.7","0"
"","172443","","406217","","Jeremiah Cobb","AUBURN","23","HB","84.3","90","176","971","5.5","5","49","0","0","29","423","2.4","548","3.1","0"
"","172478","","422385","","Trey Holly","SOUTHERN U","06","HB","77.2","86","172","848","4.9","9","37","3","1","36","247","1.4","601","3.5","0"
"","172483","","407528","","Kaleb Jackson","LSU","28","HB","63.5","3","7","16","2.3","0","0","0","0","2","-1","-0.1","17","2.4","0"
"","172525","","407513","","Kedrick Reescano","ARIZONA","03","HB","83","43","86","408","4.7","9","23","0","0","22","132","1.5","276","3.2","0"
"","172528","","429760","","Ali Scott Jr.","BETH COOK","11","HB","77.3","48","90","423","4.7","5","27","1","0","21","134","1.5","289","3.2","0"
"","172539","","407817","","Seth Davis","MISS STATE","23","HB","76.1","4","5","47","9.4","1","3","0","0","0","35","7.0","12","2.4","0"
"","172552","","407837","","Jeffery Pittman","SO MISS","00","HB","82.6","88","162","741","4.6","8","45","2","1","41","211","1.3","530","3.3","0"
"","172590","","407310","","Rueben Owens II","TEXAS A&M","04","HB","80.1","58","120","652","5.4","5","33","0","0","14","299","2.5","353","2.9","0"
"","172605","","406097","","Sedrick Alexander","VANDERBILT","28","HB","79.9","56","106","576","5.4","11","30","2","1","22","208","2.0","359","3.4","0"
"","172623","","423504","","AJ Newberry","VANDERBILT","23","HB","67.4","10","18","57","3.2","3","7","0","0","1","23","1.3","34","1.9","0"
"","172675","","407562","","Tyrell Coard","MERCER","25","HB","68.6","12","34","168","4.9","0","5","0","0","10","53","1.6","115","3.4","0"
"","172695","","407894","","Cooper Johns","CITADEL","30","HB","56.3","0","2","4","2.0","0","0","0","0","0","1","0.5","3","1.5","0"
"","172749","","373364","","Coleby Hamm","MCNEESE","20","HB","75.2","54","116","635","5.5","5","30","1","0","18","203","1.8","432","3.7","0"
"","172808","","407885","","Deantre Jackson","SE LA","03","HB","74.8","45","91","613","6.7","7","28","1","0","20","254","2.8","359","4.0","0"
"","172872","","428231","","Levontai Summersett","FL A&M","09","HB","69","12","32","107","3.3","0","4","0","0","6","11","0.3","96","3.0","0"
"","172895","","406145","","Ahmad Miller","JACKSON ST","27","HB","90.8","97","174","1080","6.2","6","52","1","1","55","311","1.8","769","4.4","0"
"","172942","","407599","","Timothy Carter","INCAR WORD","20","HB","70.6","30","72","347","4.8","4","20","1","0","9","125","1.7","222","3.1","0"
"","172961","","412511","","Lontrell Turner","INCAR WORD","00","HB","67.1","15","35","161","4.6","1","6","0","0","4","85","2.4","76","2.2","0"
"","173001","","408703","","Kona Crowell","UTAHTC","22","HB","65.6","2","3","12","4.0","1","1","0","0","0","7","2.3","5","1.7","0"
"","173029","","429596","","Manny Covey","CINCINNATI","29","HB","64.1","14","28","195","7.0","1","11","1","1","10","81","2.9","114","4.1","0"
"","173047","","407676","","Parker Jenkins","E CAROLINA","05","HB","72.8","32","77","261","3.4","2","14","0","0","16","56","0.7","205","2.7","0"
"","173080","","446318","","Carson Morgan","RICE","30","HB","66.2","2","5","18","3.6","0","0","0","0","1","3","0.6","15","3.0","0"
"","173087","","428857","","Johnny Thompson Jr.","KANSAS","20","HB","59.9","10","19","74","3.9","0","3","1","1","2","36","1.9","38","2.0","0"
"","173101","","445841","","Trey Engram","TOWSON","20","HB","62","1","2","5","2.5","1","1","0","0","0","2","1.0","3","1.5","0"
"","173106","","407404","","Joe Jackson","KANSAS ST","04","HB","72.3","69","172","908","5.3","8","39","1","1","23","222","1.3","686","4.0","0"
"","173133","","416001","","Cam Cook","JVILLE ST","04","HB","89.4","167","303","1659","5.5","16","92","4","1","104","507","1.7","1152","3.8","0"
"","173153","","406881","","CJ Baxter","TEXAS","04","HB","63.3","25","55","194","3.5","0","10","1","0","6","64","1.2","130","2.4","0"
"","173192","","412667","","Jahiem White","W VIRGINIA","01","HB","74.2","12","25","133","5.3","3","7","0","0","10","12","0.5","121","4.8","0"
"","173209","","430146","","Makenzie McGill II","N TEXAS","00","HB","76.1","45","75","389","5.2","5","21","1","1","23","132","1.8","257","3.4","0"
"","173224","","406771","","Daelen Alexander","RICE","20","HB","76.6","37","74","392","5.3","3","23","0","0","12","141","1.9","251","3.4","0"
"","173281","","412443","","Joquez Smith","TEMPLE","24","HB","55.1","2","8","23","2.9","0","1","0","0","1","11","1.4","12","1.5","0"
"","173409","","451281","","Cortez LeGrant","N DAK ST","28","HB","68.8","13","26","138","5.3","0","8","1","1","8","46","1.8","92","3.5","0"
"","173420","","449776","","Zander Rockow","STTHOM","41","HB","63","3","8","19","2.4","1","1","0","0","1","0","0.0","19","2.4","0"
"","173422","","406404","","Darius Taylor","MINNESOTA","01","HB","75.8","67","148","687","4.6","4","37","0","0","28","141","0.9","546","3.7","0"
"","173426","","428772","","Marquese Williams","AKRON","24","HB","67","9","21","86","4.1","0","5","0","0","3","41","1.9","45","2.1","0"
"","173460","","425507","","Justin Marshall","COLO STATE","20","HB","76.9","26","50","265","5.3","1","11","1","1","21","56","1.1","209","4.2","0"
"","173465","","419455","","Damian Henderson II","SACRAMENTO","04","HB","73.1","47","95","571","6.0","5","21","1","1","15","280","3.0","291","3.1","0"
"","173506","","406227","","Devon Rivers","FRESNO ST","20","HB","63.5","1","1","6","6.0","0","0","0","0","0","3","3.0","3","3.0","0"
"","173542","","407393","","Rod Robinson II","GEORGIA","00","HB","66.9","3","6","22","3.7","0","2","0","0","1","6","1.0","16","2.7","0"
"","173622","","407930","","Saeed St. Fleur","DELAWARE","28","HB","67.4","2","3","27","9.0","0","2","0","0","0","5","1.7","22","7.3","0"
"","173664","","426612","","Major Givens","WEBER ST","30","HB","59.6","0","1","2","2.0","0","0","0","0","0","2","2.0","0","0.0","0"
"","173701","","407074","","Kalib Hicks","OKLA STATE","01","HB","68.3","19","45","138","3.1","0","6","0","0","5","28","0.6","110","2.4","0"
"","173709","","449026","","Chapman McKown","CENT ARK","29","HB","71.6","24","47","238","5.1","1","12","0","0","17","57","1.2","181","3.9","0"
"","173719","","407313","","Hollywood Smothers","NC STATE","03","HB","79.4","78","164","952","5.8","6","27","0","0","51","327","2.0","625","3.8","0"
"","173745","","453409","","Malaki Dowell","AUSTINPEAY","24","HB","65.9","7","17","65","3.8","0","3","0","0","6","-1","-0.1","66","3.9","0"
"","173768","","419625","","Courtland Simmons","AUSTINPEAY","11","HB","71","29","72","316","4.4","3","17","0","0","13","56","0.8","260","3.6","0"
"","173772","","445093","","Marquez Taylor","UTEP","21","HB","62.1","4","16","41","2.6","0","1","0","0","0","13","0.8","28","1.8","0"
"","173775","","419626","","Kaden Williams","AUSTINPEAY","07","HB","70","20","53","220","4.2","2","11","0","0","3","58","1.1","162","3.1","0"
"","173804","","425687","","DJ Scott","N DAK ST","07","HB","81.6","48","96","501","5.2","6","30","0","0","11","150","1.6","351","3.7","0"
"","173819","","431061","","Jason Collins Jr.","MORGAN ST","02","HB","76.7","50","108","449","4.2","6","27","2","2","35","78","0.7","371","3.4","0"
"","173850","","406509","","Dylan Carson","AIR FORCE","05","HB","68.7","37","91","426","4.7","4","25","0","0","9","231","2.5","195","2.1","0"
"","173865","","429407","","Terrence Gist","AIR FORCE","12","HB","70.8","8","15","77","5.1","0","4","0","0","2","41","2.7","36","2.4","0"
"","173889","","413047","","Iverson Young","MO STATE","03","HB","65.4","2","4","21","5.3","0","1","0","0","1","4","1.0","17","4.3","0"
"","173894","","416263","","Ethan Clark","PRINCETON","21","HB","68.3","67","137","588","4.3","6","45","1","1","20","278","2.0","310","2.3","0"
"","173968","","415562","","Isaiah Carlson","UCLA","27","HB","59.6","0","1","0","0.0","0","0","0","0","0","-1","-1.0","1","1.0","0"
"","173979","","415631","","Troy Leigber","UCLA","32","HB","57.6","1","4","24","6.0","0","1","0","0","1","16","4.0","8","2.0","0"
"","173999","","431451","","TJ Horton","BALL ST","04","HB","66.7","25","62","192","3.1","0","7","0","0","12","45","0.7","147","2.4","0"
"","174024","","411895","","Kaden Feagin","ILLINOIS","03","HB","82.1","64","123","515","4.2","7","36","1","1","14","184","1.5","331","2.7","1"
"","174036","","415598","","Cole Cabana","W MICHIGAN","04","HB","59.5","2","8","18","2.3","0","0","0","0","0","9","1.1","9","1.1","0"
"","174038","","406265","","Benjamin Hall","N CAROLINA","28","HB","73.8","36","73","282","3.9","2","16","0","0","12","102","1.4","180","2.5","0"
"","174080","","406741","","Jai'Den Thomas","UNLV","09","HB","92.7","85","151","1059","7.0","12","47","0","0","50","363","2.4","699","4.6","0"
"","174094","","407735","","Robert Henry Jr.","UTSA","03","HB","77.7","74","155","1064","6.9","9","37","2","1","34","413","2.7","651","4.2","0"
"","174095","","423313","","Brandon High Jr.","CAL","05","HB","54.9","9","23","98","4.3","1","5","1","1","2","28","1.2","70","3.0","0"
"","174130","","406604","","Jayden Limar","OREGON","27","HB","80.6","22","46","262","5.7","3","11","0","0","10","95","2.1","167","3.6","0"
"","174131","","406547","","Dante Dowdell","KENTUCKY","02","HB","74.5","52","117","571","4.9","3","27","0","0","11","280","2.4","291","2.5","0"
"","174136","","407962","","David Mbadinga","GA SOUTHRN","06","HB","72.8","22","51","214","4.2","1","10","0","0","11","64","1.3","150","2.9","0"
"","174149","","444967","","Jamarian Samuel","GA SOUTHRN","16","HB","74","8","12","87","7.3","1","5","0","0","1","62","5.2","25","2.1","0"
"","174165","","406016","","A'Marion Peterson","UTSA","28","HB","68.1","22","49","177","3.6","3","10","1","0","12","39","0.8","138","2.8","0"
"","174248","","428351","","Ja'Kobi Jackson","FLORIDA","24","HB","67.9","14","30","113","3.8","0","6","1","0","11","17","0.6","96","3.2","0"
"","174262","","448174","","Anthony Rubio","FLORIDA","25","HB","68.6","3","5","27","5.4","0","1","0","0","1","14","2.8","13","2.6","0"
"","174273","","412869","","X'Zavion Evans","NORFOLK","22","HB","78.2","67","129","623","4.8","6","37","1","1","30","201","1.6","422","3.3","0"
"","174313","","425483","","Sesi Vailahi","OKLA STATE","03","HB","60.1","19","43","161","3.7","2","9","2","2","5","65","1.5","96","2.2","0"
"","174409","","428413","","CharMar Brown","MIAMI FL","06","HB","80.9","68","124","464","3.7","7","36","0","0","27","107","0.9","357","2.9","0"
"","174433","","445790","","Brady Wavrunek","N DAK ST","26","HB","65.3","2","4","16","4.0","0","1","0","0","0","2","0.5","14","3.5","0"
"","174454","","414080","","Keyondray Jones-Logan","S DAKOTA","07","HB","58.6","0","2","2","1.0","0","0","0","0","0","-2","-1.0","4","2.0","0"
"","174515","","411664","","Champ Dozier","HOUCHR","01","HB","80","3","3","47","15.7","0","2","0","0","0","8","2.7","39","13.0","0"
"","174554","","451589","","Kamalie Pemberton","THMORE","20","HB","57.8","2","8","16","2.0","0","0","0","0","1","-4","-0.5","20","2.5","0"
"","174572","","431699","","Aidan Littles","TENN TECH","35","HB","72.3","23","48","243","5.1","4","12","0","0","11","99","2.1","144","3.0","0"
"","174594","","420410","","Jordon Hamilton","TXAMCO","21","HB","60.2","1","5","13","2.6","0","0","0","0","0","4","0.8","9","1.8","0"
"","174649","","412344","","Bryson Washington","BAYLOR","07","HB","74.5","73","155","788","5.1","6","45","4","4","30","241","1.6","547","3.5","0"
"","174669","","407639","","Carson Hansen","IOWA STATE","26","HB","81.5","96","192","978","5.1","6","54","1","0","21","404","2.1","574","3.0","0"
"","174686","","407667","","Abu Sama III","IOWA STATE","24","HB","85.1","74","143","841","5.9","5","33","1","0","49","336","2.4","505","3.5","0"
"","174695","","411204","","Keyjuan Brown","LOUISVILLE","22","HB","92.1","63","102","734","7.2","6","32","1","0","35","223","2.2","511","5.0","0"
"","174717","","429191","","DeSean Bishop","TENNESSEE","18","HB","90.1","98","183","1078","5.9","16","68","1","0","32","426","2.3","652","3.6","0"
"","174730","","406978","","Khalifa Keith","APP STATE","18","HB","55.6","0","3","8","2.7","0","0","0","0","0","3","1.0","5","1.7","0"
"","174754","","406830","","Davon Booth","MISS STATE","06","HB","82.8","68","140","593","4.2","7","39","0","0","28","184","1.3","409","2.9","0"
"","174777","","423085","","Jeremiah Coney","VA TECH","04","HB","69.1","5","9","49","5.4","0","4","0","0","4","10","1.1","39","4.3","0"
"","174823","","451403","","Tyler Jacklich","W VIRGINIA","28","HB","51.3","3","8","32","4.0","0","4","1","1","1","14","1.8","18","2.3","0"
"","174883","","450422","","Viliami Teu","S JOSE ST","34","HB","75.2","11","17","70","4.1","1","5","0","0","3","25","1.5","45","2.6","0"
"","174910","","406623","","Emmanuel Laracuente","ST ANSELM","06","HB","56.4","1","4","17","4.3","0","2","0","0","0","11","2.8","6","1.5","0"
"","174921","","406289","","Vaughn Blue","LIBERTY","24","HB","71.1","23","48","252","5.3","2","12","0","0","4","154","3.2","98","2.0","0"
"","174961","","429033","","Elijah Jackson","BALL ST","00","HB","48.3","3","9","19","2.1","0","1","1","1","0","-3","-0.3","22","2.4","0"
"","175021","","450491","","Lucky Finau","BYU","41","HB","74.5","6","8","32","4.0","0","3","0","0","0","15","1.9","17","2.1","0"
"","175035","","407340","","LJ Martin","BYU","04","HB","87.9","131","243","1310","5.4","12","85","0","0","57","405","1.7","900","3.7","0"
"","175046","","431582","","Deion Brown","INDIANA ST","28","HB","63.8","27","66","248","3.8","1","11","0","0","7","62","0.9","186","2.8","0"
"","175055","","431585","","Joey Mattord","E MICHIGAN","24","HB","81.8","5","6","48","8.0","1","4","0","0","1","22","3.7","26","4.3","0"
"","175057","","451445","","Owen McGraw","ROB MORRIS","02","HB","66.6","2","6","89","14.8","0","1","0","0","1","76","12.7","13","2.2","0"
"","175075","","421486","","Deshaun Buchanan","NEW MEXICO","08","HB","57.8","3","7","14","2.0","0","1","1","1","2","-9","-1.3","23","3.3","0"
"","175098","","408333","","Carlos Matheney","IDAHO","25","HB","60.7","7","15","75","5.0","0","4","0","0","0","45","3.0","30","2.0","0"
"","175113","","420090","","Art Williams","IDAHO","23","HB","75.6","29","62","317","5.1","2","10","0","0","12","73","1.2","244","3.9","0"
"","175179","","406337","","Javious Bond","AUSTINPEAY","02","HB","72.5","27","46","347","7.5","4","16","2","1","8","161","3.5","186","4.0","0"
"","175227","","430662","","Denim Edwards","PRESBYTERN","28","HB","72.4","4","6","28","4.7","0","2","0","0","1","18","3.0","10","1.7","0"
"","175317","","427714","","Jaylen Johnson","USF","20","HB","65.6","2","4","36","9.0","0","2","0","0","0","21","5.3","15","3.8","0"
"","175337","","423285","","Anthony Ferrucci","BOSTON COL","33","HB","59.2","1","4","14","3.5","0","1","0","0","0","4","1.0","10","2.5","0"
"","175356","","415938","","Chad Alexander","GA TECH","27","HB","58.7","1","2","3","1.5","0","0","0","0","1","-1","-0.5","4","2.0","0"
"","175374","","406473","","Mark Fletcher Jr.","MIAMI FL","04","HB","92","122","218","1190","5.5","12","72","1","1","58","344","1.6","846","3.9","0"
"","175378","","414633","","Chris Johnson Jr.","SMU","06","HB","73","31","69","497","7.2","4","17","0","0","14","308","4.5","189","2.7","0"
"","175443","","434111","","Noah Vaughn","VIRGINIA","28","HB","77.5","16","23","174","7.6","0","7","0","0","5","61","2.6","113","4.9","0"
"","175492","","454025","","DK Kency","NICHOLLS","20","HB","62.6","3","7","14","2.0","0","0","0","0","1","-3","-0.4","17","2.4","0"
"","175546","","407976","","Jordan Clemons","FIU","30","HB","60.6","1","3","14","4.7","0","1","0","0","0","6","2.0","8","2.7","0"
"","175548","","446972","","Jose Corbo","FIU","24","HB","58.7","0","1","0","0.0","0","0","0","0","0","-3","-3.0","3","3.0","0"
"","175579","","426457","","Anthony Benjamin","W CAROLINA","24","HB","66.9","2","3","21","7.0","0","1","0","0","1","12","4.0","9","3.0","0"
"","175609","","419465","","Landan Brown","SM HOUSTON","34","HB","77.1","36","84","483","5.8","5","18","1","1","16","155","1.9","328","3.9","0"
"","175620","","429659","","D.J. McKinney","NEW MEXICO","04","HB","72.6","45","111","478","4.3","7","25","1","0","16","180","1.6","298","2.7","0"
"","175636","","429535","","Joshua Dye","SO UTAH","28","HB","90.8","158","305","1855","6.1","28","100","1","1","62","826","2.7","1029","3.4","0"
"","175670","","437019","","Dailan Goodman","NEW MEX ST","30","HB","56.8","0","2","3","1.5","0","0","0","0","0","0","0.0","3","1.5","0"
"","175684","","429704","","Isaiah Rudison","NEW MEX ST","37","HB","64","18","42","156","3.7","2","12","1","1","10","30","0.7","126","3.0","0"
"","175810","","415903","","Jahbari Kuykendall","ALABAMA ST","23","HB","87.7","25","43","390","9.1","2","14","0","0","18","96","2.2","294","6.8","0"
"","175816","","415915","","Ja'Vin Simpkins","COAST CAR","05","HB","74.1","53","127","651","5.1","2","27","3","0","22","255","2.0","396","3.1","0"
"","175860","","446916","","JR Gardner","ALABAMA ST","34","HB","61","3","6","41","6.8","1","1","0","0","1","31","5.2","10","1.7","0"
"","175877","","406471","","Richard Young","ALABAMA","09","HB","63.8","10","23","64","2.8","2","7","0","0","0","18","0.8","46","2.0","0"
"","175912","","421204","","Jamal Roberts","MISSOURI","20","HB","84.7","70","126","766","6.1","6","43","0","0","31","283","2.3","483","3.8","0"
"","175920","","412624","","DJay Braswell","GA STATE","02","HB","68.9","13","29","104","3.6","0","4","0","0","3","29","1.0","75","2.6","0"
"","175934","","448243","","Ronnie Crosby III","TEXAS A&M","27","HB","59.5","0","1","1","1.0","0","0","0","0","0","0","0.0","1","1.0","0"
"","175999","","429106","","Darius Johnson","NC STATE","25","HB","58.6","1","3","10","3.3","0","1","0","0","0","-1","-0.3","11","3.7","0"
"","176000","","446332","","Coleson Fields","NC STATE","31","HB","60.2","3","12","22","1.8","0","0","0","0","2","1","0.1","21","1.8","0"
"","176026","","439361","","Tyler Chandler","SYRACUSE","31","HB","62.5","1","1","5","5.0","0","0","0","0","0","3","3.0","2","2.0","0"
"","176085","","435144","","Trey Brueggemann","ADRIAN","02","HB","70","11","23","78","3.4","0","6","0","0","5","3","0.1","75","3.3","0"
"","176108","","428508","","Marques Hicks","KENT STATE","20","HB","56.1","1","5","16","3.2","0","0","0","0","0","11","2.2","5","1.0","0"
"","176190","","406910","","Quintrevion Wisner","TEXAS","05","HB","82.6","74","137","649","4.7","3","29","0","0","33","195","1.4","454","3.3","0"
"","176205","","449115","","Judah Price","MARSHALL","20","HB","64.8","4","10","34","3.4","0","2","0","0","0","12","1.2","22","2.2","0"
"","176209","","412454","","Breezy Dubar","BOISE ST","01","HB","61","1","3","12","4.0","0","1","0","0","1","6","2.0","6","2.0","0"
"","176235","","422389","","Chris Edmonds","BOWL GREEN","23","HB","53.8","3","7","26","3.7","0","2","1","0","0","5","0.7","21","3.0","0"
"","176252","","431385","","Bryson Kuzdzal","MICHIGAN","24","HB","78.5","43","77","328","4.3","4","23","1","1","13","148","1.9","180","2.3","0"
"","176332","","412254","","Bill Davis","LA LAFAYET","07","HB","79.9","69","158","767","4.8","6","36","0","0","30","209","1.3","558","3.5","0"
"","176335","","454019","","Damondrick Blackburn","NICHOLLS","40","HB","54.2","0","3","6","2.0","0","0","0","0","0","-1","-0.3","7","2.3","0"
"","176341","","430085","","Tylan Citizen","ALCORN ST","23","HB","53.5","3","15","36","2.4","1","1","1","1","1","19","1.3","17","1.1","0"
"","176482","","406861","","Rahsul Faison","S CAROLINA","01","HB","71.3","37","96","469","4.9","3","22","1","0","23","136","1.4","333","3.5","0"
"","176513","","406807","","Caleb Komolafe","NWESTERN","05","HB","77.7","90","192","947","4.9","11","51","2","0","32","384","2.0","563","2.9","0"
"","176525","","406787","","Kyson Brown","ARIZONA ST","01","HB","70.2","10","19","104","5.5","0","4","0","0","4","54","2.8","50","2.6","0"
"","176541","","430580","","Isaac Stopke","MOREHEAD","23","HB","80.1","74","148","814","5.5","7","40","2","1","33","261","1.8","553","3.7","0"
"","176552","","453805","","Dean-Taylor Chapman","CAL","33","HB","63.2","1","1","5","5.0","0","0","0","0","0","3","3.0","2","2.0","0"
"","176564","","407866","","Jaivian Thomas","UCLA","21","HB","74.1","33","84","321","3.8","1","13","0","0","12","86","1.0","235","2.8","0"
"","176615","","423546","","Champ Hampton","STANFORD","34","HB","69.1","7","11","29","2.6","0","2","0","0","3","-7","-0.6","36","3.3","0"
"","176618","","406584","","Sedrick Irvin","STANFORD","26","HB","68.8","18","42","121","2.9","1","7","0","0","4","38","0.9","83","2.0","0"
"","176663","","418145","","Dijon Stanley","NEW MEX ST","08","HB","65.1","28","78","315","4.0","2","10","1","0","9","164","2.1","151","1.9","0"
"","176689","","415824","","Leo Pulalasi","WASH STATE","20","HB","74","15","38","205","5.4","0","10","0","0","17","59","1.6","146","3.8","0"
"","176722","","429926","","Jonathan Mathis","KENNESAW","23","HB","57.7","0","1","2","2.0","0","0","0","0","0","0","0.0","2","2.0","0"
"","176744","","406815","","Malik Dotson","E WASHGTON","07","HB","67.8","3","6","14","2.3","0","0","0","0","1","-3","-0.5","17","2.8","0"
"","176762","","421506","","Colson Coon","MONTANA ST","28","HB","81.3","19","32","254","7.9","1","11","0","0","5","73","2.3","181","5.7","0"
"","176767","","408603","","Scottre Humphrey","NEW MEXICO","22","HB","69.6","36","80","358","4.5","5","25","2","2","4","166","2.1","192","2.4","0"
"","176769","","408609","","Adam Jones","MONTANA ST","23","HB","82.6","92","173","1089","6.3","15","65","0","0","28","464","2.7","625","3.6","0"
"","176847","","412689","","Jordan Fisher","UC DAVIS","20","HB","84.7","92","194","1208","6.2","8","45","0","0","37","698","3.6","510","2.6","0"
"","176908","","405992","","Joey Koch","ALBANY","22","HB","64.1","1","3","9","3.0","0","1","0","0","1","-2","-0.7","11","3.7","0"
"","176923","","416457","","Dan Frederick","ELON","02","HB","66.6","25","51","244","4.8","3","12","2","0","7","96","1.9","148","2.9","0"
"","176950","","428415","","Denzell Gibson","NEW HAMP","29","HB","74.6","33","71","364","5.1","2","18","0","0","16","133","1.9","231","3.3","0"
"","176955","","419499","","Elliot Meine","NEW HAMP","28","HB","62.3","5","19","65","3.4","0","4","0","0","1","24","1.3","41","2.2","0"
"","176974","","432249","","Dylan Harris","STNY BROOK","26","HB","64","9","23","64","2.8","2","7","0","0","2","14","0.6","50","2.2","0"
"","177019","","425569","","Alex Perry","DELWARE ST","25","HB","74.8","6","8","24","3.0","1","3","0","0","2","12","1.5","12","1.5","0"
"","177083","","419651","","RJ Baker","NC A&T","31","HB","61.6","1","2","2","1.0","0","1","0","0","0","2","1.0","0","0.0","0"
"","177130","","408756","","Josh Robinson","LAMAR","15","HB","66.4","26","60","195","3.3","4","21","0","0","4","78","1.3","117","1.9","0"
"","177166","","423598","","Sawyer Seidl","N DAKOTA","09","HB","71.8","87","187","904","4.8","13","40","3","2","42","299","1.6","605","3.2","0"
"","177200","","421139","","Lendon Phillips Jr.","S DAKOTA","24","HB","93.3","183","301","1945","6.5","19","97","2","1","85","646","2.1","1299","4.3","0"
"","177209","","429203","","Brenden Begeman","S DAK ST","24","HB","60","2","10","28","2.8","1","2","0","0","2","2","0.2","26","2.6","0"
"","177229","","408148","","Kirby Vorhees","WASH STATE","09","HB","74.2","72","142","590","4.2","5","37","3","2","32","214","1.5","376","2.6","0"
"","177296","","461184","","Austin Hartman","SACR HEART","40","HB","59.8","0","1","-1","-1.0","0","0","0","0","0","-1","-1.0","0","0.0","0"
"","177307","","0","","Tom Ligi","SACR HEART","48","HB","63.5","1","1","5","5.0","0","0","0","0","0","1","1.0","4","4.0","0"
"","177336","","424697","","Nicholas Yanchuk","SACR HEART","15","HB","58.4","0","1","3","3.0","0","0","0","0","0","-1","-1.0","4","4.0","0"
"","177355","","414166","","Jamell James","FORDHAM","25","HB","65.5","20","66","216","3.3","1","9","0","0","6","54","0.8","162","2.5","0"
"","177361","","408240","","Jacob Rodriguez","FORDHAM","34","HB","50.4","4","7","27","3.9","1","2","1","0","0","7","1.0","20","2.9","0"
"","177373","","408187","","Jayden Clerveaux","HOLY CROSS","05","HB","77.8","77","162","770","4.8","5","39","1","1","26","207","1.3","563","3.5","0"
"","177393","","436616","","Nyeoti Punni","HOLY CROSS","23","HB","68.4","30","72","419","5.8","3","18","0","0","13","199","2.8","220","3.1","0"
"","177406","","424686","","Jackson Bennett","BROWN","03","HB","70.3","20","43","165","3.8","1","9","0","0","5","42","1.0","123","2.9","0"
"","177424","","447654","","Michael McGhee","BROWN","22","HB","56","0","3","5","1.7","0","0","0","0","0","3","1.0","2","0.7","0"
"","177444","","415572","","Xaviah Bascon","HARVARD","00","HB","89.6","75","122","633","5.2","7","38","0","0","43","169","1.4","464","3.8","0"
"","177483","","418538","","Malachi Hosley","GA TECH","00","HB","86.2","58","96","696","7.3","7","39","0","0","23","296","3.1","400","4.2","0"
"","177494","","441827","","Sean Williams Jr.","PENN","05","HB","68.4","24","47","222","4.7","2","13","0","0","11","102","2.2","120","2.5","0"
"","177532","","428518","","Kevin Emmanuel","MURRAY ST","22","HB","60.9","3","10","30","3.0","0","1","0","0","1","13","1.3","17","1.7","0"
"","177535","","428811","","Chris Franklin","TENN MARTN","02","HB","77","44","89","450","5.1","3","21","0","0","14","112","1.3","338","3.8","0"
"","177628","","414050","","Mason Hackett","DAYTON","27","HB","67","39","95","344","3.6","2","19","0","0","17","139","1.5","205","2.2","0"
"","177629","","408654","","Luke Hansen","DAYTON","25","HB","82.8","58","120","664","5.5","9","37","1","1","31","159","1.3","505","4.2","0"
"","177673","","432482","","Jake Metze","DRAKE","19","HB","76.5","6","10","67","6.7","0","3","0","0","5","24","2.4","43","4.3","0"
"","177711","","412995","","Evan Roach","MOREHEAD","22","HB","58.7","0","2","3","1.5","0","0","0","0","0","-1","-0.5","4","2.0","0"
"","177734","","430681","","CJ Johnson","PRESBYTERN","07","HB","57","2","11","25","2.3","0","3","0","0","2","8","0.7","17","1.6","0"
"","177754","","397793","","Zach Switzer","PRESBYTERN","05","HB","71.6","68","136","832","6.1","9","43","3","2","22","347","2.5","485","3.6","0"
"","177809","","454189","","Carson Shrader","ADRIAN","05","HB","55.7","1","2","0","0.0","0","0","0","0","1","-5","-2.5","5","2.5","0"
"","177812","","408449","","Brian Thomas","NEWHVN","12","HB","64","31","78","307","3.9","0","14","0","0","17","150","1.9","157","2.0","0"
"","177895","","451201","","Rhyder Poppell","CITADEL","33","HB","62.8","1","3","9","3.0","0","0","0","0","0","0","0.0","9","3.0","0"
"","177941","","418508","","Patrick Boyd Jr.","W CAROLINA","01","HB","64.7","41","93","435","4.7","1","24","2","1","18","108","1.2","327","3.5","0"
"","177963","","407056","","Markel Townsend","W CAROLINA","28","HB","78.3","38","72","356","4.9","6","22","0","0","23","142","2.0","214","3.0","0"
"","177996","","430104","","Jayden Milton","NICHOLLS","32","HB","64.5","1","3","3","1.0","0","0","0","0","1","-5","-1.7","8","2.7","0"
"","178118","","432198","","Joshua Roberson","STHLSK","01","HB","72.2","23","45","240","5.3","1","7","2","2","20","47","1.0","193","4.3","0"
"","178174","","412906","","Jaylen Jenkins","STF AUSTIN","24","HB","75.7","48","99","445","4.5","6","25","1","1","14","176","1.8","269","2.7","0"
"","178205","","408679","","Edward Robinson","S ILLINOIS","04","HB","83.7","53","92","668","7.3","1","30","0","0","24","185","2.0","483","5.3","0"
"","178212","","428446","","Shawn Solomon Jr.","DUQUESNE","04","HB","71.9","31","68","363","5.3","1","16","0","0","10","135","2.0","228","3.4","0"
"","178294","","441789","","Jailen Hicks","NC A&T","24","HB","59.9","2","9","39","4.3","0","2","0","0","0","9","1.0","30","3.3","0"
"","178296","","407100","","Shimique Blizzard","NC A&T","09","HB","61.4","32","81","290","3.6","1","10","1","1","16","71","0.9","219","2.7","0"
"","178376","","424689","","Lincoln Cardillo","MARIST","44","HB","46.6","3","7","19","2.7","0","0","1","1","1","5","0.7","14","2.0","0"
"","178425","","416191","","Zion Griffin","STETSON","13","HB","62.5","13","28","105","3.8","0","7","1","1","6","27","1.0","78","2.8","0"
"","178466","","454344","","James Paige","TARLETON","14","HB","80.9","53","100","552","5.5","8","29","0","0","16","279","2.8","273","2.7","0"
"","178537","","425543","","Elijah McDonald","ARKAPB","49","HB","63.3","1","1","3","3.0","0","1","0","0","1","-2","-2.0","5","5.0","0"
"","178579","","437341","","Peyton Nero","LANECOL","26","HB","40.4","1","5","6","1.2","0","0","1","1","0","-4","-0.8","10","2.0","0"
"","178606","","430642","","Tyson Greenwade","CHARLES SO","23","HB","58.9","2","8","19","2.4","0","0","0","0","2","3","0.4","16","2.0","0"
"","178608","","408130","","Autavius Ison","MERCER","04","HB","78.9","6","10","120","12.0","0","0","0","0","4","17","1.7","103","10.3","0"
"","178693","","407028","","JT Smith","NC A&T","01","HB","67.8","17","50","156","3.1","1","9","0","0","7","39","0.8","117","2.3","0"
"","178849","","421326","","DeJuan Lacy","E CAROLINA","28","HB","61","4","11","47","4.3","1","5","0","0","0","29","2.6","18","1.6","0"
"","178856","","430825","","Cayden Betts","STETSON","01","HB","70.3","47","103","536","5.2","4","26","1","1","23","182","1.8","354","3.4","0"
"","178897","","0","","Chase DeVaughn","MHMRTI","06","HB","60.3","4","14","26","1.9","0","2","0","0","1","-6","-0.4","32","2.3","0"
"","178969","","359761","","Dorian Manuel","WEBINT","21","HB","53.5","1","3","6","2.0","0","0","0","0","1","3","1.0","3","1.0","0"
"","179055","","405949","","Kacy Fields","SCAR STATE","22","HB","67.3","9","21","68","3.2","1","6","0","0","5","13","0.6","55","2.6","0"
"","179059","","405950","","Jawarn Howell","S CAROLINA","22","HB","76.5","9","15","85","5.7","0","4","0","0","6","14","0.9","71","4.7","0"
"","179304","","406422","","Justice Taylor","CENT WASH","05","HB","66","5","12","65","5.4","0","4","0","0","3","19","1.6","46","3.8","0"
"","179546","","408705","","Brian Trobel","MERCYHURST","02","HB","85.7","94","166","1083","6.5","12","52","3","3","33","459","2.8","624","3.8","0"
"","179867","","421355","","Brandon Rose","VIRSTA","22","HB","71.3","7","12","65","5.4","0","4","0","0","4","34","2.8","31","2.6","0"
"","179890","","419254","","Jimmyll Williams","ELON","26","HB","88.7","61","106","691","6.5","3","38","1","0","29","187","1.8","504","4.8","0"
"","180003","","392313","","Xavier Tyler","WABASH","22","HB","69.3","5","9","51","5.7","0","2","0","0","3","30","3.3","21","2.3","0"
"","180065","","413070","","D'Markus Mathis","WEBINT","05","HB","67.9","2","4","23","5.8","0","0","0","0","1","9","2.3","14","3.5","0"
"","180271","","437889","","Yaseen Murden","AMRINT","06","HB","46","2","5","10","2.0","0","0","1","0","1","2","0.4","8","1.6","0"
"","180293","","437891","","Amir Smith","AMRINT","21","HB","59.5","0","1","3","3.0","0","0","0","0","0","1","1.0","2","2.0","0"
"","180327","","433669","","Micah Robinson","BOWIE ST","03","HB","64.2","4","11","36","3.3","1","1","0","0","2","-1","-0.1","37","3.4","0"
"","180805","","0","","Traquan Johnson","ELIZBTH ST","01","HB","74.1","11","18","78","4.3","0","5","1","1","4","23","1.3","55","3.1","0"
"","181175","","432888","","Brady Tillman III","ED WATERS","00","HB","69","3","6","13","2.2","0","0","0","0","3","-9","-1.5","22","3.7","0"
"","181177","","429082","","Za'Marion Webber","ARKAPB","05","HB","69.7","13","30","106","3.5","0","6","0","0","5","31","1.0","75","2.5","0"
"","181348","","389548","","Joseph Hampton","SVANNAH ST","09","HB","57","1","6","-4","-0.7","0","0","0","0","1","-12","-2.0","8","1.3","0"
"","181398","","412857","","Zyaire Williams","SVANNAH ST","12","HB","56.7","2","5","17","3.4","0","1","0","0","1","2","0.4","15","3.0","0"
"","181430","","389714","","Justus Durant","CHATTNOOGA","02","HB","72","71","149","716","4.8","4","27","1","0","37","247","1.7","469","3.1","0"
"","182195","","414246","","Tavion Rupert","ARKBC","24","HB","54.1","0","7","11","1.6","0","0","0","0","0","-2","-0.3","13","1.9","0"
"","182277","","429022","","Ethan Shine","ROB MORRIS","41","HB","73","78","194","761","3.9","5","37","0","0","29","183","0.9","578","3.0","0"
"","182328","","406443","","Bird Butler","WEBER ST","15","HB","61.9","12","28","121","4.3","1","8","1","0","3","62","2.2","59","2.1","0"
"","182374","","359922","","Jonero Scott","MILES","03","HB","60.4","2","6","22","3.7","0","0","0","0","0","5","0.8","17","2.8","0"
"","182378","","423963","","Roderick Thomas","MILES","36","HB","59.9","7","25","81","3.2","1","6","0","0","2","24","1.0","57","2.3","0"
"","182412","","410272","","Zina Mulbah","TUSKEGEE","10","HB","79","4","6","51","8.5","2","4","0","0","4","12","2.0","39","6.5","0"
"","182692","","373890","","Jonathan Lewis","TEXAS STHN","26","HB","79.5","9","15","121","8.1","2","8","0","0","7","44","2.9","77","5.1","0"
"","182915","","423147","","Jacob Washington","TEXAS STHN","23","HB","71.7","20","44","210","4.8","1","8","0","0","10","61","1.4","149","3.4","0"
"","182919","","419670","","Desmond Leverette","TUSKEGEE","24","HB","69.2","3","4","24","6.0","0","1","0","0","0","18","4.5","6","1.5","0"
"","183009","","424732","","Jaden Gilbert","YNGTOWN ST","07","HB","78","40","97","664","6.8","3","23","1","0","23","317","3.3","347","3.6","0"
"","183016","","425277","","Evan Guyton","SVANNAH ST","26","HB","57.3","0","2","2","1.0","0","0","0","0","0","-1","-0.5","3","1.5","0"
"","183022","","425523","","Jalil Garvin-Mingo","FURMAN","41","HB","58.2","0","1","1","1.0","0","0","0","0","0","0","0.0","1","1.0","0"
"","183196","","431623","","David Eziomume","CLEMSON","24","HB","59.3","6","16","71","4.4","0","6","0","0","1","36","2.3","35","2.2","0"
"","183214","","429643","","Anthony Carrie","FIU","06","HB","65.9","42","106","468","4.4","5","21","3","1","6","188","1.8","280","2.6","0"
"","183219","","434078","","Trelain Maddox","GA TECH","22","HB","55.3","6","11","38","3.5","1","4","1","1","1","5","0.5","33","3.0","0"
"","183246","","431873","","Chris Wheatley-Humphrey","MIAMI FL","25","HB","78.6","12","22","108","4.9","0","8","0","0","9","12","0.6","96","4.4","0"
"","183251","","428658","","Zach Hernandez","SMU","29","HB","44.6","2","2","9","4.5","0","0","1","1","1","3","1.5","6","3.0","0"
"","183252","","428670","","Derrick McFall","SMU","00","HB","74.2","17","37","198","5.3","4","10","0","0","7","51","1.4","147","4.0","0"
"","183271","","447471","","Juelz Goff","PITTSBURGH","08","HB","75.3","37","71","290","4.1","5","19","0","0","15","85","1.2","205","2.9","0"
"","183297","","428178","","Kam Davis","FLORIDA ST","03","HB","68.1","5","8","51","6.4","1","4","0","0","2","18","2.3","33","4.1","0"
"","183312","","429771","","Isaac Brown","LOUISVILLE","01","HB","89.9","61","106","895","8.4","7","28","2","2","41","350","3.3","545","5.1","0"
"","183328","","428362","","Davion Gause","N CAROLINA","37","HB","72.3","28","61","257","4.2","3","14","0","0","10","89","1.5","168","2.8","0"
"","183347","","446441","","Jayden Scott","NC STATE","04","HB","80.6","55","108","589","5.5","4","25","0","0","32","213","2.0","376","3.5","0"
"","183374","","439364","","Jaden Hart","SYRACUSE","22","HB","58.3","5","15","53","3.5","0","4","0","0","3","4","0.3","49","3.3","0"
"","183381","","429278","","Yasin Willis","SYRACUSE","06","HB","73.9","57","132","572","4.3","4","38","1","1","18","159","1.2","413","3.1","0"
"","183442","","430068","","Alvon Isaac","USF","15","HB","64.4","36","75","372","5.0","0","19","2","1","13","136","1.8","236","3.1","0"
"","183481","","436891","","Kiefer Sibley","N TEXAS","21","HB","76.2","23","47","274","5.8","5","14","0","0","16","78","1.7","196","4.2","0"
"","183515","","428264","","Ca'Lil Valentine","ILLINOIS","05","HB","71.5","64","132","608","4.6","4","35","2","2","19","260","2.0","348","2.6","0"
"","183534","","428816","","DeJuan Williams","MARYLAND","00","HB","74.5","52","130","510","3.9","3","29","0","0","20","139","1.1","371","2.9","0"
"","183545","","431672","","Brandon Tullis","MICH STATE","07","HB","72.9","31","69","295","4.3","4","17","0","0","15","42","0.6","253","3.7","0"
"","183555","","453524","","Izaac Dickey","NEBRASKA","45","HB","58.2","0","1","1","1.0","0","0","0","0","0","-1","-1.0","2","2.0","0"
"","183594","","429523","","Kenneth Williams","NEBRASKA","32","HB","64.2","2","5","22","4.4","0","1","0","0","0","3","0.6","19","3.8","0"
"","183609","","436408","","Quinton Martin Jr.","PENN STATE","25","HB","68","9","21","104","5.0","0","6","0","0","4","43","2.0","61","2.9","0"
"","183621","","431734","","Bryan Jackson II","USC","21","HB","65.2","14","37","125","3.4","4","8","0","0","3","16","0.4","109","3.0","0"
"","183644","","429718","","Adam Mohammed","WASHINGTON","24","HB","89.5","65","107","523","4.9","5","30","0","0","40","143","1.3","380","3.5","0"
"","183656","","431481","","Darrion Dupree","WISCONSIN","06","HB","63.1","29","83","363","4.4","2","11","1","0","25","53","0.6","310","3.7","0"
"","183661","","441715","","Gideon Ituka","WISCONSIN","10","HB","80.2","34","61","257","4.2","0","14","1","0","14","66","1.1","191","3.1","0"
"","183664","","431482","","Dilin Jones","WISCONSIN","07","HB","73.5","34","78","301","3.9","2","16","0","0","12","72","0.9","229","2.9","0"
"","183706","","428684","","James Peoples","OHIO STATE","20","HB","80","36","64","357","5.6","3","17","0","0","17","113","1.8","244","3.8","0"
"","183713","","428712","","Sam Dixon","OHIO STATE","24","HB","66.5","2","3","9","3.0","1","1","0","0","0","1","0.3","8","2.7","0"
"","183723","","429039","","Jaheim Merriweather","PURDUE","23","HB","58.6","0","2","4","2.0","0","0","0","0","0","-1","-0.5","5","2.5","0"
"","183736","","449392","","Anthony Wilhite","ARIZONA","28","HB","67.6","3","5","22","4.4","0","1","0","0","0","10","2.0","12","2.4","0"
"","183738","","429582","","Jason Brown Jr.","ARIZONA ST","22","HB","74.3","11","17","155","9.1","1","7","1","1","8","44","2.6","111","6.5","0"
"","183763","","450485","","Jovesa Damuni","BYU","28","HB","67.8","10","21","119","5.7","1","9","0","0","1","49","2.3","70","3.3","0"
"","183773","","429935","","Sione Moa","BYU","30","HB","77.7","14","19","99","5.2","1","7","0","0","4","37","1.9","62","3.3","0"
"","183815","","428853","","Harry Stewart III","KANSAS","00","HB","64.5","10","22","99","4.5","1","4","0","0","3","36","1.6","63","2.9","0"
"","183835","","432079","","Nate Palmer","TCU","21","HB","73.6","15","30","139","4.6","0","12","0","0","10","32","1.1","107","3.6","0"
"","183837","","428461","","Jeremy Payne","TCU","26","HB","82","62","112","642","5.7","5","30","1","1","27","211","1.9","420","3.8","0"
"","183873","","436407","","Clay Ash","W VIRGINIA","27","HB","61.4","12","43","131","3.0","0","7","0","0","3","24","0.6","107","2.5","0"
"","183887","","428393","","Micah Welch","COLORADO","29","HB","64.9","37","98","375","3.8","4","22","2","1","14","103","1.1","272","2.8","0"
"","183902","","439342","","DeVon Rice","KANSAS ST","23","HB","67.9","12","26","94","3.6","3","4","0","0","5","39","1.5","55","2.1","0"
"","183950","","430092","","Omiri Wiggins","LA TECH","22","HB","82.6","54","97","471","4.9","4","28","0","0","24","156","1.6","315","3.3","0"
"","183958","","439347","","Austin Clemons","MIDDLE TN","31","HB","68","2","3","10","3.3","0","1","0","0","1","1","0.3","9","3.0","0"
"","184034","","449038","","Oliver Lundberg Coleman","UCONN","44","HB","68","15","24","143","6.0","1","8","1","0","2","62","2.6","81","3.4","0"
"","184075","","436397","","Ayden Harris","KENT STATE","33","HB","63.3","1","3","15","5.0","0","0","0","0","0","3","1.0","12","4.0","0"
"","184085","","441694","","Josh Ringer","MIAMI OH","30","HB","62.2","6","21","55","2.6","0","2","0","0","2","5","0.2","50","2.4","0"
"","184108","","431679","","Aneyas Williams","NOTRE DAME","22","HB","75.8","11","25","228","9.1","5","8","0","0","9","27","1.1","201","8.0","0"
"","184113","","429148","","Duncan Brune","OHIO","06","HB","67.7","45","120","585","4.9","8","28","1","0","19","144","1.2","441","3.7","0"
"","184181","","429109","","Christian Vaughn","HAWAII","47","HB","77.2","11","20","100","5.0","0","5","0","0","4","39","1.9","61","3.0","0"
"","184189","","430982","","Jaden McGill","W KENTUCKY","25","HB","79.3","11","17","75","4.4","1","5","0","0","4","26","1.5","49","2.9","0"
"","184204","","429334","","Greg Burrell","TEXAS ST","09","HB","88.9","59","102","691","6.8","3","27","1","1","36","237","2.3","454","4.5","0"
"","184212","","469222","","Rogerick Ray","UNLV","25","HB","56.5","1","2","-1","-0.5","0","0","0","0","1","-1","-0.5","0","0.0","0"
"","184224","","429391","","Wayshawn Parker","UTAH","01","HB","85.3","83","149","1003","6.7","6","39","3","1","50","509","3.4","494","3.3","0"
"","184229","","430096","","Sire Gaines","BOISE ST","26","HB","88.9","97","167","831","5.0","8","58","4","2","47","250","1.5","581","3.5","0"
"","184393","","428891","","Braylen Russell","ARKANSAS","00","HB","81.6","38","56","286","5.1","5","17","1","1","12","106","1.9","180","3.2","0"
"","184417","","428285","","Jadan Baugh","FLORIDA","13","HB","89.5","123","226","1180","5.2","8","65","0","0","67","407","1.8","773","3.4","0"
"","184419","","428299","","KD Daniels","FLORIDA","21","HB","66.5","15","28","121","4.3","1","7","1","1","2","56","2.0","65","2.3","0"
"","184449","","432005","","Caden Durham","LSU","29","HB","78.3","46","113","522","4.6","3","22","0","0","19","121","1.1","401","3.5","0"
"","184458","","428562","","Ju'Juan Johnson","LSU","08","HB","62.4","23","42","178","4.2","2","11","3","1","8","41","1.0","137","3.3","0"
"","184505","","453696","","Christian Clark","TEXAS","06","HB","73.6","31","58","262","4.5","2","17","0","0","14","124","2.1","138","2.4","0"
"","184509","","428962","","Jerrick Gibson","TEXAS","09","HB","69.2","21","39","161","4.1","1","9","1","1","8","71","1.8","90","2.3","0"
"","184536","","429327","","Daniel Hill","ALABAMA","04","HB","71.6","31","76","297","3.9","6","15","0","0","14","67","0.9","230","3.0","0"
"","184550","","428394","","Chauncey Bowens","GEORGIA","33","HB","78.8","53","103","526","5.1","6","35","0","0","19","251","2.4","275","2.7","0"
"","184568","","470474","","Brandon Mathis","GEORGIA","38","HB","56.5","0","2","2","1.0","0","0","0","0","0","-1","-0.5","3","1.5","0"
"","184603","","443091","","Xavier Robinson","OKLAHOMA","24","HB","73.9","34","83","413","5.0","4","15","1","1","7","114","1.4","299","3.6","0"
"","184620","","445085","","TJ Engleman Jr.","E CAROLINA","20","HB","80.8","32","61","307","5.0","1","12","1","1","11","116","1.9","191","3.1","0"
"","184636","","429569","","Jason Patterson","KENTUCKY","26","HB","74.3","27","57","225","4.0","1","11","0","0","8","75","1.3","150","2.6","0"
"","184656","","456061","","Edd Guerrier","RUTGERS","23","HB","63.2","3","7","25","3.6","0","1","0","0","2","8","1.1","17","2.4","0"
"","184668","","451382","","Gabe Winowich","RHODE ISLD","20","HB","61.6","14","39","169","4.3","2","7","1","1","5","27","0.7","142","3.6","0"
"","184677","","429186","","Brock Townsend","C MICHIGAN","22","HB","75.8","38","82","418","5.1","4","19","0","0","16","152","1.9","266","3.2","0"
"","184698","","429908","","Caden Williams","LIBERTY","21","HB","61.1","22","58","255","4.4","0","9","2","2","8","82","1.4","173","3.0","0"
"","184708","","429451","","Makari Bodiford","MEMPHIS","21","HB","64.4","11","21","63","3.0","3","7","0","0","3","15","0.7","48","2.3","0"
"","184725","","445017","","Fame Ijeboi","MINNESOTA","07","HB","80","50","98","438","4.5","2","26","0","0","26","87","0.9","351","3.6","0"
"","184731","","0","","Jaydon Wright","LA MONROE","21","HB","59.7","0","1","0","0.0","0","0","0","0","0","-2","-2.0","2","2.0","0"
"","184755","","429276","","Johnnie Daniels","MISS STATE","20","HB","71.5","4","9","48","5.3","0","1","0","0","5","5","0.6","43","4.8","0"
"","184783","","443097","","Jalen Washington","CENT ARK","20","HB","63.4","9","17","90","5.3","1","5","1","1","1","56","3.3","34","2.0","0"
"","184832","","429409","","Dylan Lee","IOWA STATE","02","HB","78","13","25","117","4.7","1","7","0","0","7","28","1.1","89","3.6","0"
"","184833","","429416","","Easton Miller","IOWA STATE","25","HB","59.5","1","4","23","5.8","0","1","0","0","0","11","2.8","12","3.0","0"
"","184848","","395779","","Jay Harris","OREGON","22","HB","65.3","14","44","161","3.7","2","8","0","0","6","50","1.1","111","2.5","0"
"","184885","","429223","","Peyton Lewis","TENNESSEE","02","HB","80.3","40","71","291","4.1","7","19","0","0","6","105","1.5","186","2.6","0"
"","184897","","429869","","Cameron Dickey","TEXAS TECH","08","HB","82.1","120","213","1148","5.4","14","74","4","3","51","419","2.0","729","3.4","0"
"","184937","","447834","","Tyler Mason","VA TECH","23","HB","69.7","4","4","24","6.0","0","1","0","0","4","-3","-0.8","27","6.8","0"
"","184990","","430683","","Jaedon Matthews","CAL POLY","04","HB","56.9","1","4","9","2.3","0","0","0","0","0","2","0.5","7","1.8","0"
"","185002","","409224","","Seth Cromwell","N ARIZONA","34","HB","74.5","69","151","652","4.3","9","44","0","0","30","195","1.3","457","3.0","0"
"","185004","","450433","","Kaden Dixon","ALAB A&M","21","HB","70.2","6","10","65","6.5","0","3","0","0","2","25","2.5","40","4.0","0"
"","185024","","430413","","Kenveon Stone","N ARIZONA","28","HB","79.1","6","7","47","6.7","1","3","0","0","4","0","0.0","47","6.7","0"
"","185044","","450624","","Micah Avery","PORTLAND","04","HB","63.9","3","10","42","4.2","0","3","0","0","0","20","2.0","22","2.2","0"
"","185074","","446361","","Ajon Bryant","SACRAMENTO","17","HB","75.3","2","2","34","17.0","0","1","0","0","0","32","16.0","2","1.0","0"
"","185104","","436687","","Kai Acia","UC DAVIS","34","HB","78.9","21","36","191","5.3","0","15","0","0","7","101","2.8","90","2.5","0"
"","185121","","445949","","Carter Vargas","UC DAVIS","01","HB","85.3","51","79","478","6.0","5","24","1","1","22","204","2.6","274","3.5","0"
"","185160","","447557","","Brandon Musch","CHARLES SO","22","HB","61.7","9","22","60","2.7","1","4","0","0","3","19","0.9","41","1.9","0"
"","185177","","409925","","Carson Gresock","GARD-WEBB","33","HB","90.4","70","121","813","6.7","14","43","1","0","31","159","1.3","654","5.4","0"
"","185187","","445801","","Taj Dyches","ROB MORRIS","19","HB","48","1","6","7","1.2","0","1","1","1","2","1","0.2","6","1.0","0"
"","185244","","434735","","George Helms","MONTANA ST","47","HB","67.5","2","4","15","3.8","0","1","0","0","0","7","1.8","8","2.0","0"
"","185259","","450262","","Rashawn Marshall","MAINE","24","HB","80.8","64","135","722","5.3","4","30","1","0","24","317","2.4","405","3.0","0"
"","185284","","434065","","Andrew King","RICHMOND","08","HB","72.1","15","29","178","6.1","1","7","0","0","11","38","1.3","140","4.8","0"
"","185309","","434576","","Josh Miller","WM & MARY","33","HB","64.3","7","18","48","2.7","1","3","0","0","3","7","0.4","41","2.3","0"
"","185312","","439329","","Jack Reuter","WM & MARY","31","HB","56.7","0","2","-2","-1.0","0","0","0","0","0","-4","-2.0","2","1.0","0"
"","185317","","445189","","Jor'dyn Whitelaw","WM & MARY","26","HB","62.2","6","15","50","3.3","0","1","0","0","3","6","0.4","44","2.9","0"
"","185329","","451177","","Greg Spiller","DELAWARE","26","HB","65","8","22","110","5.0","1","6","1","0","2","21","0.9","89","4.0","0"
"","185345","","459134","","Mekhi Moore","HARVARD","31","HB","60.7","1","3","7","2.3","0","0","0","0","0","2","0.7","5","1.7","0"
"","185380","","439565","","Donte West","PENN","26","HB","78.8","46","85","435","5.1","5","18","0","0","13","119","1.4","316","3.7","0"
"","185416","","469760","","Cole Snider","SACR HEART","34","HB","58.2","0","1","7","7.0","0","0","0","0","0","1","1.0","6","6.0","0"
"","185419","","450892","","Chuck Webb","SACR HEART","23","HB","66.5","24","52","256","4.9","4","18","1","0","5","128","2.5","128","2.5","0"
"","185482","","441845","","Nick Osho","INDIANA ST","09","HB","74.1","49","124","697","5.6","8","27","1","1","29","144","1.2","553","4.5","0"
"","185521","","0","","Dorian Harris","MORGAN ST","22","HB","68.2","22","55","234","4.3","0","9","1","1","7","68","1.2","166","3.0","0"
"","185554","","445056","","Antuan Gardner","YNGTOWN ST","28","HB","63.8","5","9","39","4.3","1","2","0","0","0","20","2.2","19","2.1","0"
"","185595","","434490","","Jerrian Parker Jr.","SM HOUSTON","09","HB","60.5","1","6","18","3.0","0","0","0","0","1","-2","-0.3","20","3.3","0"
"","185613","","429193","","Brady Hensley","E KENTUCKY","42","HB","72","30","95","559","5.9","5","21","0","0","9","287","3.0","272","2.9","0"
"","185636","","443288","","Savion Hart","GEORGETOWN","28","HB","77.2","91","174","843","4.8","10","34","1","1","60","267","1.5","581","3.3","0"
"","185647","","430407","","Jayden Sumpter","GEORGETOWN","34","HB","71.9","47","95","378","4.0","2","24","0","0","17","127","1.3","251","2.6","0"
"","185660","","434282","","Jakyre Henley","LAFAYETTE","05","HB","62.2","14","48","203","4.2","2","7","0","0","6","38","0.8","165","3.4","0"
"","185686","","429180","","Aaron Crossley","LEHIGH","05","HB","70","22","47","134","2.9","3","13","0","0","7","25","0.5","109","2.3","0"
"","185693","","429226","","Jaden Green","LEHIGH","00","HB","84.6","75","139","862","6.2","8","41","0","0","37","266","1.9","596","4.3","0"
"","185737","","430544","","Markell Holman","W ILLINOIS","06","HB","86.2","119","235","1116","4.8","7","60","0","0","74","272","1.2","844","3.6","0"
"","185779","","450033","","Terrell Crawley","WAGNER","32","HB","58.6","0","2","4","2.0","0","0","0","0","0","1","0.5","3","1.5","0"
"","185797","","430770","","Matt Morad","WAGNER","03","HB","61.6","24","66","296","4.5","0","12","0","0","10","84","1.3","212","3.2","0"
"","185805","","469020","","Andrew Ransome","WAGNER","00","HB","58","1","2","2","1.0","0","0","0","0","0","-1","-0.5","3","1.5","0"
"","185847","","429793","","Gavin Hall","FURMAN","06","HB","64.8","46","119","442","3.7","3","22","1","1","14","171","1.4","271","2.3","0"
"","185885","","358464","","Antonio Wright","PRESBYTERN","04","HB","66.2","22","50","190","3.8","1","9","0","0","3","88","1.8","102","2.0","0"
"","185954","","430361","","Brodey Berg","DAVIDSON","24","HB","61.4","11","23","82","3.6","0","6","1","0","1","35","1.5","47","2.0","0"
"","185961","","459600","","Jack Fennell","DAVIDSON","23","HB","66.6","3","3","16","5.3","0","2","0","0","3","0","0.0","16","5.3","0"
"","185966","","430369","","Will Jones","DAVIDSON","28","HB","64.5","17","35","121","3.5","1","7","0","0","5","23","0.7","98","2.8","0"
"","185982","","432666","","Xai'Shaun Edwards","HOUCHR","24","HB","75.3","86","194","1008","5.2","12","50","2","1","48","335","1.7","673","3.5","0"
"","186029","","430454","","Bryce Strong","MCNEESE","02","HB","70","27","67","330","4.9","2","12","0","0","18","108","1.6","222","3.3","0"
"","186031","","437272","","Jaylen Thompson","MCNEESE","25","HB","67","12","35","178","5.1","1","8","0","0","4","87","2.5","91","2.6","0"
"","186039","","428612","","Zay Davis","NWSTATE","07","HB","60","4","13","36","2.8","0","1","0","0","0","16","1.2","20","1.5","0"
"","186054","","430292","","Kolton Nero","ALAB A&M","32","HB","76.7","25","48","254","5.3","4","13","1","1","7","137","2.9","117","2.4","0"
"","186071","","447691","","Ashton Ashford","ALABAMA ST","29","HB","67","10","17","64","3.8","0","4","1","0","5","12","0.7","52","3.1","0"
"","186083","","430654","","Jamarie Hostzclaw","ALABAMA ST","02","HB","80.1","68","129","708","5.5","7","37","1","1","18","367","2.8","352","2.7","0"
"","186117","","428485","","Nate Blount IV","JACKSON ST","22","HB","63.5","3","10","31","3.1","0","1","0","0","0","4","0.4","27","2.7","0"
"","186129","","453440","","Spencer Ferguson","WEBER ST","38","HB","72.5","21","43","243","5.7","3","13","0","0","7","123","2.9","120","2.8","0"
"","186255","","429737","","Corey Richardson","AUSTINPEAY","26","HB","63","18","42","208","5.0","1","7","2","1","7","67","1.6","141","3.4","0"
"","186265","","470478","","Joel Bodie","CENT ARK","08","HB","70.9","3","4","26","6.5","0","2","0","0","0","11","2.8","15","3.8","0"
"","186270","","454395","","Desmond Davidson","CENT ARK","19","HB","58.4","1","3","4","1.3","0","1","0","0","1","-1","-0.3","5","1.7","0"
"","186280","","429970","","Elijah Jackson","CENT ARK","25","HB","66.7","5","11","47","4.3","0","1","0","0","0","16","1.4","31","2.8","0"
"","186321","","447620","","Rufus Ferguson II","HOWARD","19","HB","63.7","1","1","5","5.0","0","0","0","0","1","0","0.0","5","5.0","0"
"","186325","","445127","","Travis Kerney","HOWARD","04","HB","71.5","32","83","345","4.2","3","18","0","0","8","127","1.5","218","2.6","0"
"","186331","","428361","","Anthony Reagan Jr.","HOWARD","02","HB","74.6","52","125","705","5.6","9","32","1","1","12","347","2.8","358","2.9","0"
"","186332","","428363","","Billy Roberson","HOWARD","24","HB","72.6","21","44","204","4.6","1","10","0","0","10","80","1.8","124","2.8","0"
"","186379","","430118","","David Avit","VILLANOVA","24","HB","91.2","83","127","710","5.6","8","40","1","0","34","247","1.9","463","3.6","0"
"","186489","","451494","","D'Marius Rucker","E TENN ST","26","HB","69.7","7","15","67","4.5","1","5","0","0","5","16","1.1","51","3.4","0"
"","186555","","430866","","Latrelle Murrell","W GEORGIA","01","HB","69.7","75","183","952","5.2","3","40","3","1","28","384","2.1","568","3.1","0"
"","186564","","388165","","Ashaud Roberson","GAVA","20","HB","56.1","0","2","-1","-0.5","0","0","0","0","0","-1","-0.5","0","0.0","0"
"","186653","","421594","","Ryan Miller","MERCYHURST","40","HB","61.8","1","2","12","6.0","0","1","0","0","0","6","3.0","6","3.0","0"
"","186672","","365223","","Ayron Rodriguez","MERCYHURST","03","HB","66.9","26","72","273","3.8","1","15","0","0","9","81","1.1","192","2.7","0"
"","187638","","466538","","Tyler Wrenn","UCF","32","HB","63.5","1","1","8","8.0","0","0","0","0","0","5","5.0","3","3.0","0"
"","187652","","0","","Logan Coldren","Flying Fleet","07","HB","61.6","3","10","39","3.9","0","2","0","0","2","20","2.0","19","1.9","0"
"","187958","","419185","","Eric Watts","GAVA","37","HB","55.2","1","5","13","2.6","0","1","0","0","0","6","1.2","7","1.4","0"
"","188064","","434307","","Bryce Hicks","W GEORGIA","27","HB","54.1","1","5","-2","-0.4","0","0","0","0","1","-5","-1.0","3","0.6","0"
"","188090","","437215","","Jonathan Askew","MERCYHURST","25","HB","66.8","10","20","89","4.5","0","5","0","0","4","18","0.9","71","3.5","0"
"","188109","","446692","","Ethen Knox","MERCYHURST","42","HB","53.6","0","3","1","0.3","0","0","0","0","0","-3","-1.0","4","1.3","0"
"","188152","","448281","","James McNeil Jr.","BUFFALO","24","HB","77.5","8","12","67","5.6","2","6","0","0","4","10","0.8","57","4.8","0"
"","188159","","428766","","Terrance Shelton Jr.","BUFFALO","25","HB","67.5","25","59","248","4.2","1","15","0","0","4","99","1.7","149","2.5","0"
"","188180","","453786","","Jayden Parker","CAL","24","HB","57.9","0","1","3","3.0","0","0","0","0","0","3","3.0","0","0.0","0"
"","188188","","455878","","Jakorion Caffey","CINCINNATI","20","HB","53.8","0","2","2","1.0","0","0","0","0","0","-2","-1.0","4","2.0","0"
"","188277","","449252","","Tito Glass Jr.","MIAMI OH","21","HB","69","6","9","47","5.2","0","2","0","0","1","15","1.7","32","3.6","0"
"","188283","","436632","","D'Shawntae Jones","MIAMI OH","14","HB","77.1","35","63","279","4.4","7","27","0","0","16","69","1.1","210","3.3","0"
"","188313","","443080","","Ashten Emory","UTEP","01","HB","75.7","52","121","571","4.7","4","32","0","0","36","161","1.3","410","3.4","0"
"","188360","","431809","","Devin Spencer","ARK STATE","04","HB","81.3","55","110","573","5.2","3","28","1","1","20","222","2.0","351","3.2","0"
"","188363","","451936","","Kameron Thomas","ARK STATE","33","HB","65.8","4","7","40","5.7","0","1","0","0","1","18","2.6","22","3.1","0"
"","188370","","434192","","Bryce Baker","GA SOUTHRN","33","HB","62.6","6","16","52","3.3","0","2","0","0","0","29","1.8","23","1.4","0"
"","188385","","453450","","Taeo Todd","GA SOUTHRN","35","HB","70.5","11","27","93","3.4","0","5","0","0","9","18","0.7","75","2.8","0"
"","188420","","445045","","Telly Johnson Jr.","N ILLINOIS","45","HB","74.7","54","124","708","5.7","4","25","2","1","36","130","1.1","578","4.7","0"
"","188428","","450276","","Elijah Porter","N ILLINOIS","24","HB","78.2","10","14","82","5.9","0","5","0","0","6","21","1.5","61","4.4","0"
"","188442","","448189","","Romelo Ware","N ILLINOIS","11","HB","57.3","0","2","1","0.5","0","0","0","0","0","-2","-1.0","3","1.5","0"
"","188518","","449772","","Jamezell Lassiter","VANDERBILT","41","HB","87.6","7","10","146","14.6","2","3","0","0","3","61","6.1","85","8.5","0"
"","188550","","428694","","TJ Thomas","ELON","05","HB","71.5","37","96","412","4.3","6","20","1","0","19","97","1.0","315","3.3","0"
"","188560","","447673","","Billy Martin","MERCER","39","HB","73.4","6","13","82","6.3","0","3","0","0","3","37","2.9","45","3.5","0"
"","188584","","451739","","Kahseim Phillips","TOWSON","26","HB","50.3","13","32","76","2.4","2","5","3","2","1","21","0.7","55","1.7","0"
"","188615","","432141","","Kobe Boykin","DELWARE ST","02","HB","74.9","9","16","145","9.1","1","5","0","0","4","47","2.9","98","6.1","0"
"","188626","","428582","","Travis Terrell Jr.","JACKSON ST","00","HB","73.4","50","104","645","6.2","5","28","2","1","13","385","3.7","260","2.5","0"
"","188636","","439747","","Asa Chatman","UTAHTC","00","HB","67.5","52","124","532","4.3","5","25","0","0","20","232","1.9","300","2.4","0"
"","188659","","456535","","Isaiah Nell","WOFFORD","20","HB","60","3","8","33","4.1","1","2","0","0","1","15","1.9","18","2.3","0"
"","188671","","431556","","Khobie Martin","INDIANA","28","HB","86.2","43","78","505","6.5","6","26","0","0","16","204","2.6","301","3.9","0"
"","188691","","448808","","JB Price","KANSAS ST","24","HB","56.5","2","9","18","2.0","0","2","0","0","1","0","0.0","18","2.0","0"
"","188722","","444020","","Rodney Fields Jr.","OKLA STATE","20","HB","76.7","57","124","618","5.0","1","28","1","0","17","204","1.6","414","3.3","0"
"","188781","","464266","","Gabe Sawchuk","OKLAHOMA","29","HB","64.2","1","2","21","10.5","0","1","0","0","1","6","3.0","15","7.5","0"
"","188782","","428442","","Taylor Tatum","OKLAHOMA","08","HB","59.8","0","1","-1","-1.0","0","0","0","0","0","-2","-2.0","1","1.0","0"
"","188793","","431413","","Dazhaun Hopkins","DUQUESNE","26","HB","68.8","20","53","267","5.0","2","12","0","0","6","109","2.1","158","3.0","0"
"","188822","","449001","","Cincere Rhaney","S DIEGO ST","40","HB","68.9","3","6","26","4.3","0","0","0","0","0","2","0.3","24","4.0","0"
"","188834","","459179","","Zack Homan","IDAHO ST","24","HB","64.1","3","4","20","5.0","0","1","0","0","1","10","2.5","10","2.5","0"
"","188843","","431717","","Lamar Radcliffe","S JOSE ST","02","HB","72.3","38","72","348","4.8","1","13","2","2","14","105","1.5","243","3.4","0"
"","188865","","428293","","Micah Ford","STANFORD","20","HB","83.9","71","146","649","4.5","4","40","2","1","31","80","0.6","569","3.9","0"
"","188876","","445999","","Cole Tabb","STANFORD","33","HB","75.8","51","120","473","3.9","3","23","0","0","21","152","1.3","321","2.7","0"
"","188929","","430470","","Tyler Brown","DAYTON","43","HB","67.2","11","18","106","5.9","0","6","1","0","4","46","2.6","60","3.3","0"
"","188937","","437244","","Dillon Fitzpatrick","DAYTON","42","HB","62.2","3","10","26","2.6","0","1","0","0","1","-4","-0.4","30","3.0","0"
"","188960","","461186","","Grayson Thomas","DAYTON","30","HB","62.7","1","1","3","3.0","0","1","0","0","0","2","2.0","1","1.0","0"
"","189034","","428215","","Jalen Fletcher","N ALABAMA","28","HB","63.1","7","20","75","3.8","1","3","0","0","3","32","1.6","43","2.1","0"
"","189046","","431930","","Kingston Lowe","N ALABAMA","26","HB","57.5","0","2","1","0.5","0","0","0","0","0","-3","-1.5","4","2.0","0"
"","189057","","428230","","Roderick Taylor Jr.","N ALABAMA","32","HB","59.3","12","28","70","2.5","1","5","1","1","2","14","0.5","56","2.0","0"
"","189065","","430788","","Ken Cherry","SAMFORD","22","HB","56.4","14","64","190","3.0","1","10","0","0","6","42","0.7","148","2.3","0"
"","189085","","446454","","Emerson Russell","SAMFORD","38","HB","77.7","5","11","64","5.8","0","2","0","0","4","21","1.9","43","3.9","0"
"","189104","","444018","","Eric Mulkey","SAN DIEGO","26","HB","59.5","0","1","-2","-2.0","0","0","0","0","0","-4","-4.0","2","2.0","0"
"","189135","","452922","","Noah Long","VALPO","21","HB","68.8","32","63","316","5.0","2","16","2","1","13","114","1.8","202","3.2","0"
"","189147","","432402","","Amir Simmons","VALPO","20","HB","57","9","23","87","3.8","0","5","1","0","2","43","1.9","44","1.9","0"
"","189162","","434581","","Logan Bush","BUCKNELL","00","HB","66.9","26","58","234","4.0","2","14","1","0","14","81","1.4","153","2.6","0"
"","189163","","428867","","Michael Cadden","BUCKNELL","26","HB","66.8","28","72","290","4.0","5","14","0","0","11","98","1.4","192","2.7","0"
"","189180","","428895","","Tariq Thomas","BUCKNELL","07","HB","67.9","57","133","635","4.8","3","25","2","1","28","207","1.6","428","3.2","0"
"","189193","","443283","","Christian Lynch","PRINCETON","20","HB","67.2","12","25","117","4.7","1","4","0","0","1","73","2.9","44","1.8","0"
"","189212","","430193","","Camren Stewart","ALCORN ST","29","HB","74.9","10","19","123","6.5","0","5","0","0","5","50","2.6","73","3.8","0"
"","189216","","452963","","Andre Crews","GRAMBLING","13","HB","62","36","99","454","4.6","2","24","2","2","14","151","1.5","303","3.1","0"
"","189239","","432724","","Tony Phillips","GRAMBLING","06","HB","62.2","11","31","102","3.3","1","6","0","0","4","37","1.2","65","2.1","0"
"","189261","","443194","","Zion Dobson","NC CENT","22","HB","65.3","10","23","111","4.8","1","8","0","0","2","48","2.1","63","2.7","0"
"","189269","","430729","","Aleni Mageo","NC CENT","30","HB","60.8","6","16","49","3.1","1","4","0","0","0","21","1.3","28","1.8","0"
"","189280","","430846","","Chase Bingmon","PRVIEW A&M","20","HB","69.3","71","162","907","5.6","8","41","1","1","24","474","2.9","433","2.7","0"
"","189306","","430696","","Trey Clark","STETSON","06","HB","73.9","37","99","382","3.9","4","19","0","0","34","58","0.6","324","3.3","0"
"","189314","","437242","","Marvin Duffey Jr.","STETSON","27","HB","68.7","15","32","87","2.7","2","6","0","0","6","22","0.7","65","2.0","0"
"","189315","","452025","","Troy Flowers","STETSON","22","HB","75.3","12","21","82","3.9","2","6","0","0","2","22","1.1","60","2.9","0"
"","189337","","470500","","KJ Sneed","STETSON","02","HB","60.7","1","3","21","7.0","0","1","0","0","1","12","4.0","9","3.0","0"
"","189406","","436507","","Kaden Shields-Dutton","FAU","28","HB","79.1","41","86","466","5.4","6","30","0","0","26","135","1.6","331","3.9","0"
"","189441","","428441","","Jordan Lyle","MIAMI FL","02","HB","64","11","35","107","3.1","1","5","0","0","7","20","0.6","87","2.5","0"
"","189488","","447814","","Jackson Gutierrez","NAVY","08","HB","78.3","16","30","184","6.1","0","10","0","0","8","72","2.4","112","3.7","1"
"","189581","","429899","","Jamauri McClure","TULANE","25","HB","79.9","50","85","563","6.6","2","23","2","1","25","245","2.9","318","3.7","0"
"","189601","","436839","","Nykahi Davenport","USF","25","HB","87.2","55","97","611","6.3","7","31","0","0","33","254","2.6","357","3.7","0"
"","189679","","447453","","Brevin Doll","IOWA","23","HB","58.6","0","2","3","1.5","0","0","0","0","0","0","0.0","3","1.5","0"
"","189698","","449537","","Xavier Williams","IOWA","26","HB","69","17","48","283","5.9","3","10","0","0","6","128","2.7","155","3.2","0"
"","189704","","429503","","Mekhi Nelson","NEBRASKA","35","HB","85.7","17","28","151","5.4","2","7","0","0","6","83","3.0","68","2.4","0"
"","189732","","446309","","Jordan Washington","WASHINGTON","04","HB","85.9","17","27","233","8.6","1","11","0","0","10","68","2.5","165","6.1","0"
"","189742","","465182","","Jalen Alexander","BALL ST","24","HB","63","1","3","12","4.0","0","0","0","0","0","5","1.7","7","2.3","0"
"","189778","","445697","","Devonte Lyons","FIU","20","HB","60.5","17","37","142","3.8","1","7","1","0","10","65","1.8","77","2.1","0"
"","189795","","450373","","Khristian Lando","JVILLE ST","22","HB","64.1","19","53","207","3.9","1","12","0","0","6","80","1.5","127","2.4","0"
"","189796","","446350","","Jalen Likely","JVILLE ST","06","HB","73.4","4","7","52","7.4","0","1","0","0","1","28","4.0","24","3.4","0"
"","189806","","453793","","Justus Savage","JVILLE ST","21","HB","66.7","6","12","58","4.8","0","3","0","0","2","18","1.5","40","3.3","0"
"","189819","","443067","","Amani Givens","LA TECH","25","HB","76.4","7","11","65","5.9","0","4","0","0","5","31","2.8","34","3.1","0"
"","189826","","430086","","Fred Robertson","LA TECH","24","HB","56.5","0","2","0","0.0","0","0","0","0","0","-2","-1.0","2","1.0","0"
"","189923","","451804","","Trae'von Dunbar","S ALABAMA","25","HB","77.3","2","3","41","13.7","1","1","0","0","1","6","2.0","35","11.7","0"
"","189933","","441636","","Diore Hubbard","W VIRGINIA","20","HB","71.3","40","96","335","3.5","4","21","0","0","15","59","0.6","276","2.9","0"
"","189969","","434229","","Dennis Murray Jr.","GA STATE","23","HB","61.3","4","14","58","4.1","0","4","0","0","2","19","1.4","39","2.8","0"
"","190013","","428616","","Ahmad Hardy","MISSOURI","29","HB","92.5","139","261","1677","6.4","16","79","3","1","97","468","1.8","1209","4.6","0"
"","190015","","431886","","James Jones","DELWARE ST","07","HB","84.6","51","104","925","8.9","11","31","1","0","26","295","2.8","630","6.1","0"
"","190066","","443112","","Maurki James","DOMINION","05","HB","71.2","28","57","237","4.2","2","14","1","0","8","68","1.2","169","3.0","0"
"","190075","","430174","","Fluff Bothwell","MISS STATE","24","HB","76.2","72","144","691","4.8","6","40","1","0","23","271","1.9","420","2.9","0"
"","190133","","436630","","Lucas Laroche","TOLEDO","22","HB","52.9","0","5","6","1.2","0","0","0","0","0","-1","-0.2","7","1.4","0"
"","190135","","428496","","Dane Nauman","TOLEDO","27","HB","64.7","4","9","40","4.4","0","2","0","0","1","-3","-0.3","43","4.8","0"
"","190174","","428890","","Tyrell Reed Jr.","LA MONROE","29","HB","76.9","20","35","156","4.5","0","6","0","0","10","36","1.0","120","3.4","0"
"","190199","","428698","","Turbo Richard","BOSTON COL","02","HB","80.1","71","146","761","5.2","9","47","1","1","26","201","1.4","560","3.8","0"
"","190215","","467618","","Austyn Dendy","BOWL GREEN","14","HB","76.5","48","108","493","4.6","5","29","0","0","24","118","1.1","375","3.5","0"
"","190221","","428368","","Kewan Lacy","OLE MISS","05","HB","91.6","167","316","1624","5.1","24","98","3","1","94","581","1.8","1043","3.3","0"
"","190231","","436665","","Matt Fuller","S CAROLINA","28","HB","69.6","26","72","260","3.6","2","13","0","0","16","5","0.1","255","3.5","0"
"","190249","","436836","","Reid Watkins","S DAKOTA","05","HB","69.6","39","76","315","4.1","1","17","2","1","17","54","0.7","261","3.4","0"
"","190255","","429930","","Will Henderson III","UTSA","23","HB","89","74","129","901","7.0","6","35","0","0","37","425","3.3","476","3.7","0"
"","190321","","431670","","Makhi Frazier","MICH STATE","05","HB","77.6","51","121","526","4.3","2","24","0","0","20","201","1.7","325","2.7","0"
"","190337","","428322","","Stacy Gage","UCF","21","HB","72","6","13","63","4.8","1","6","0","0","4","15","1.1","48","3.7","0"
"","190388","","447853","","Khamani Alexander","APP STATE","26","HB","64.9","5","12","50","4.2","0","2","0","0","0","19","1.6","31","2.6","0"
"","190444","","446956","","Tovani Mizell","KENTUCKY","28","HB","67","2","3","10","3.3","0","1","0","0","0","2","0.7","8","2.7","0"
"","190489","","428452","","Antwan Raymond","RUTGERS","03","HB","87.8","128","245","1255","5.1","13","78","2","2","77","358","1.5","897","3.7","0"
"","190500","","449993","","Ty Stauffer","BUCKNELL","06","HB","74.1","18","34","126","3.7","0","8","0","0","2","50","1.5","76","2.2","0"
"","190533","","451682","","Randall Nauden","MORGAN ST","20","HB","75.3","58","128","600","4.7","6","28","1","0","17","231","1.8","369","2.9","0"
"","190571","","453277","","Jeremiah Johnson","FLORIDA ST","30","HB","69.6","5","10","54","5.4","0","3","0","0","2","16","1.6","38","3.8","0"
"","190575","","449085","","Zay Parks","FLORIDA ST","21","HB","75.3","8","15","95","6.3","1","4","0","0","4","40","2.7","55","3.7","0"
"","190584","","429769","","Shaun Boykins Jr.","LOUISVILLE","89","HB","73.5","21","39","197","5.0","1","14","0","0","4","95","2.4","102","2.6","0"
"","190596","","429906","","Duke Watson","LOUISVILLE","26","HB","66","23","49","158","3.2","1","8","2","1","16","28","0.6","130","2.6","0"
"","190611","","446344","","Ashton Gray","N TEXAS","20","HB","83.8","34","59","380","6.4","5","18","1","1","15","160","2.7","220","3.7","0"
"","190677","","431496","","Tyrei Washington","CAL POLY","23","HB","69.4","34","83","346","4.2","3","14","0","0","20","87","1.1","259","3.1","0"
"","190679","","428550","","Terrez Worthy","TEMPLE","25","HB","69.4","11","25","98","3.9","1","2","0","0","9","53","2.1","45","1.8","0"
"","190700","","446971","","Trevor Pearson","TENN STATE","31","HB","59.1","3","12","38","3.2","0","2","0","0","1","12","1.0","26","2.2","0"
"","190713","","428724","","Lloyd Avant","COLO STATE","25","HB","78","45","91","415","4.6","5","27","1","1","23","82","0.9","333","3.7","0"
"","190723","","428738","","Viron Ellison Jr.","DELAWARE","23","HB","72","60","121","473","3.9","4","35","2","1","17","172","1.4","301","2.5","0"
"","190756","","429727","","Solomon Beebe","UAB","11","HB","77.9","34","59","372","6.3","6","18","1","1","18","43","0.7","329","5.6","0"
"","190759","","445764","","Amari Brundidge","UAB","30","HB","61.6","1","3","14","4.7","0","1","0","0","0","4","1.3","10","3.3","0"
"","190785","","428307","","Brandon Hood","UMASS","26","HB","63.9","38","97","386","4.0","2","18","2","1","18","110","1.1","276","2.9","0"
"","190789","","449016","","Kam Mikell","COLORADO","18","HB","71.3","8","19","73","3.8","0","4","0","0","8","4","0.2","69","3.6","0"
"","190790","","428317","","Dre'lon Miller","COLORADO","06","HB","60","17","47","136","2.9","1","7","1","0","12","28","0.6","108","2.3","0"
"","190802","","431907","","J'Marion Burnette","HOUSTON","20","HB","73.5","14","29","89","3.1","0","5","0","0","3","18","0.6","71","2.5","0"
"","190803","","434172","","DJ Butler","HOUSTON","25","HB","75","36","70","308","4.4","0","16","0","0","14","79","1.1","229","3.3","0"
"","190834","","447457","","Micah Ka'apana","MICHIGAN","25","HB","71.3","6","10","38","3.8","0","2","0","0","2","6","0.6","32","3.2","0"
"","190837","","431386","","Jordan Marshall","MICHIGAN","23","HB","88.6","85","152","948","6.2","10","44","0","0","33","355","2.3","593","3.9","0"
"","190846","","431778","","Charleston French","N CAROLINA","23","HB","57.6","0","1","3","3.0","0","0","0","0","0","0","0.0","3","3.0","0"
"","190890","","453368","","Dashun Reeder","NWESTERN","24","HB","71.9","12","22","219","9.9","1","8","1","1","7","45","2.0","174","7.9","0"
"","190906","","443637","","Antonio Harris","PURDUE","22","HB","76","28","69","305","4.4","2","15","0","0","8","102","1.5","203","2.9","0"
"","190943","","429172","","Ty Clark III","WAKE","00","HB","74.8","43","78","341","4.4","3","24","0","0","21","118","1.5","223","2.9","0"
"","190945","","379077","","Kennedy Fauntleroy","TENN TECH","24","HB","60.5","1","2","7","3.5","0","0","0","0","1","2","1.0","5","2.5","0"
"","190981","","450245","","Sean Patrick","AKRON","13","HB","67.6","26","70","276","3.9","1","12","0","0","4","91","1.3","185","2.6","0"
"","190996","","436573","","Dylan Riley","BOISE ST","24","HB","80","84","196","1149","5.9","10","38","0","0","46","330","1.7","819","4.2","0"
"","191000","","450322","","Nakai Amachree","BOWL GREEN","22","HB","56.1","2","7","22","3.1","0","1","0","0","2","9","1.3","13","1.9","0"
"","191013","","450401","","Cameron Pettaway","BOWL GREEN","26","HB","77.5","33","72","360","5.0","0","15","0","0","12","130","1.8","230","3.2","0"
"","191014","","428849","","Mar'Kel Porter","BOWL GREEN","25","HB","63.9","12","33","101","3.1","2","6","0","0","5","22","0.7","79","2.4","0"
"","191041","","439336","","Jason Philpot-Dixon","C MICHIGAN","49","HB","65.4","2","4","12","3.0","0","1","0","0","3","2","0.5","10","2.5","0"
"","191042","","453575","","Kadenn Rose","C MICHIGAN","32","HB","50.8","3","8","19","2.4","0","2","1","1","0","1","0.1","18","2.3","0"
"","191053","","443120","","Jalen Dupree","COLO STATE","02","HB","75","46","103","511","5.0","2","22","0","0","19","169","1.6","342","3.3","0"
"","191080","","428306","","Bryson Donelson","FRESNO ST","06","HB","72.2","60","142","642","4.5","5","26","2","2","17","221","1.6","421","3.0","0"
"","191108","","431603","","Da'Marion Alberic","UMASS","04","HB","62.5","3","8","23","2.9","0","2","0","0","0","5","0.6","18","2.3","0"
"","191139","","429385","","Kevin Riley","ALABAMA","28","HB","70.6","27","62","245","4.0","2","12","0","0","8","79","1.3","166","2.7","0"
"","191146","","428410","","Nate Frazier","GEORGIA","03","HB","90.8","103","175","953","5.5","6","44","2","2","40","353","2.0","600","3.4","0"
"","191156","","431691","","Dwight Phillips Jr.","GEORGIA","20","HB","71.8","24","36","217","6.0","1","11","1","0","12","95","2.6","122","3.4","0"
"","191187","","452152","","Raphael Ekechi","ST FRANCIS","03","HB","73.9","46","94","382","4.1","2","22","1","1","16","117","1.2","265","2.8","0"
"","191197","","429281","","Xavier Gayten","MISS STATE","22","HB","69.1","17","31","160","5.2","2","11","1","1","9","49","1.6","111","3.6","0"
"","191210","","429554","","Salahadin Allah","OREGON ST","26","HB","69.3","8","20","69","3.5","0","5","0","0","2","32","1.6","37","1.9","0"
"","191215","","446319","","Cornell Hatcher Jr.","OREGON ST","21","HB","69.1","25","52","292","5.6","2","13","2","1","10","92","1.8","200","3.9","0"
"","191264","","470541","","Ramarian Tillman","TEXAS A&M","24","HB","58","0","1","2","2.0","0","0","0","0","0","0","0.0","2","2.0","0"
"","191286","","453264","","Joseph Dodds","BAYLOR","27","HB","73.3","14","27","106","3.9","1","8","0","0","1","29","1.1","77","2.9","0"
"","191289","","429363","","Joseph Hagman","BAYLOR","37","HB","59.6","0","1","1","1.0","0","0","0","0","0","1","1.0","0","0.0","0"
"","191300","","436422","","Aiden Flora","IOWA STATE","21","HB","83.5","4","5","66","13.2","1","1","0","0","2","13","2.6","53","10.6","0"
"","191326","","445006","","Da'Jaun Riggs","OREGON","21","HB","69.1","8","17","86","5.1","0","5","0","0","4","44","2.6","42","2.5","0"
"","191341","","446308","","Corey Smith","PENN STATE","24","HB","64","5","14","29","2.1","0","2","0","0","2","4","0.3","25","1.8","0"
"","191350","","441725","","Adam Hill","TEXAS TECH","23","HB","74.1","20","45","240","5.3","0","11","1","1","11","52","1.2","188","4.2","0"
"","191359","","433992","","J'Koby Williams","TEXAS TECH","20","HB","87.9","79","160","903","5.6","6","45","1","0","49","283","1.8","620","3.9","0"
"","191372","","429149","","Herschel Turner","NEVADA","02","HB","74.1","37","71","411","5.8","0","15","2","2","26","151","2.1","260","3.7","0"
"","191385","","431570","","Malachi Brown","CAL POLY","26","HB","68.4","5","14","34","2.4","0","2","0","0","1","7","0.5","27","1.9","0"
"","191412","","430724","","Trey Wilson","CAL POLY","20","HB","63.6","13","40","177","4.4","1","8","0","0","5","59","1.5","118","3.0","0"
"","191426","","445116","","Jacarre Fleming","E ILLINOIS","28","HB","68.6","23","40","216","5.4","2","9","0","0","12","72","1.8","144","3.6","0"
"","191446","","453797","","Kevin Allen III","E WASHGTON","24","HB","71.9","29","58","268","4.6","4","15","0","0","14","50","0.9","218","3.8","0"
"","191469","","437160","","Marceese Yetts","E WASHGTON","21","HB","56.6","20","73","229","3.1","4","7","1","0","5","58","0.8","148","2.0","0"
"","191528","","430348","","Mathias Price","N COLORADO","05","HB","75.1","55","112","493","4.4","3","21","0","0","17","158","1.4","335","3.0","0"
"","191553","","441830","","Jordan Herron","PORTLAND","28","HB","66.6","2","4","16","4.0","0","2","0","0","1","0","0.0","16","4.0","0"
"","191662","","454150","","Elijah Jennings","MONMOUTH","29","HB","78.7","41","75","350","4.7","6","28","0","0","16","159","2.1","191","2.5","0"
"","191672","","466576","","Greg Randall","MONMOUTH","83","HB","83.7","4","6","65","10.8","0","1","0","0","2","45","7.5","20","3.3","0"
"","191712","","470060","","Jack Zamer","WM & MARY","30","HB","63.5","1","1","12","12.0","0","1","0","0","1","0","0.0","12","12.0","0"
"","191726","","461128","","Ricardo Lagares Jr.","CORNELL","33","HB","60.7","11","22","111","5.0","0","5","1","1","7","43","1.9","68","3.1","0"
"","191751","","459116","","DJ Gordon","HARVARD","18","HB","76.8","42","84","452","5.4","5","20","0","0","27","156","1.9","296","3.5","0"
"","191761","","444064","","Maddux Reid","HARVARD","28","HB","60.9","14","34","90","2.6","2","4","2","1","6","20","0.6","70","2.1","0"
"","191787","","428251","","Kiron Benjamin","NORFOLK","00","HB","61.2","3","7","34","4.9","0","1","0","0","1","20","2.9","14","2.0","0"
"","191853","","439678","","Jack Weybright","BUTLER","17","HB","53.8","5","11","64","5.8","0","2","1","1","1","31","2.8","33","3.0","0"
"","191935","","436940","","Miequle Brock","NICHOLLS","22","HB","73.9","52","124","549","4.4","2","28","1","0","36","115","0.9","434","3.5","0"
"","191945","","441954","","Shane Lee","NICHOLLS","24","HB","79.5","58","111","644","5.8","8","30","1","0","25","150","1.4","500","4.5","0"
"","191961","","453457","","Colton Brunell","N DAKOTA","21","HB","67.7","26","53","209","3.9","2","16","0","0","9","70","1.3","139","2.6","0"
"","192051","","434525","","Maxwell Woods","WASH STATE","03","HB","75.5","16","37","235","6.3","0","9","0","0","8","61","1.6","174","4.7","0"
"","192118","","429319","","Journey Wyche","CHATTNOOGA","10","HB","70.5","27","65","327","5.0","4","12","1","1","11","113","1.7","214","3.3","0"
"","192152","","430478","","Garnett Davis III","MOREHEAD","20","HB","64.8","5","10","23","2.3","1","2","0","0","5","-12","-1.2","35","3.5","0"
"","192200","","453918","","De'erek Hubbard","STTHOM","20","HB","72.5","8","15","53","3.5","0","4","0","0","1","18","1.2","35","2.3","0"
"","192206","","434268","","Joseph Koch","STTHOM","26","HB","70.8","40","89","460","5.2","6","19","0","0","15","242","2.7","218","2.5","0"
"","192224","","443302","","Leo Boehling","VA MILT IN","09","HB","70","49","128","539","4.2","2","26","0","0","16","197","1.5","342","2.7","0"
"","192237","","430341","","Kam Johnson","VA MILT IN","22","HB","59.3","1","4","8","2.0","0","0","0","0","0","4","1.0","4","1.0","0"
"","192255","","430366","","Aslin Shipe","VA MILT IN","08","HB","72","31","69","281","4.1","1","11","1","1","11","74","1.1","207","3.0","0"
"","192358","","445180","","Jeremiah James","NWSTATE","25","HB","61.3","17","48","197","4.1","0","9","1","1","10","67","1.4","130","2.7","0"
"","192374","","468705","","Ian Vigo","NWSTATE","27","HB","55.2","1","2","6","3.0","0","0","0","0","2","2","1.0","4","2.0","0"
"","192398","","447546","","Sebastien Boyle","CITADEL","44","HB","65.3","19","54","222","4.1","3","9","0","0","7","97","1.8","125","2.3","0"
"","192451","","446453","","Tre Page III","TARLETON","00","HB","87.8","67","115","898","7.8","7","35","0","0","36","517","4.5","381","3.3","0"
"","192463","","449740","","Tyselle Spencer","LIUSHAR","33","HB","53","1","11","17","1.6","0","1","0","0","0","1","0.1","16","1.4","0"
"","192496","","434198","","Malae Fonoti","MONTANA","07","HB","69","23","49","183","3.7","4","13","0","0","11","78","1.6","105","2.1","0"
"","192506","","459173","","Talen Reynolds","MONTANA","34","HB","55.3","1","4","6","1.5","0","0","0","0","1","1","0.3","5","1.3","0"
"","192507","","459193","","Tommy Running Rabbit","MONTANA","30","HB","69.5","3","7","42","6.0","1","2","0","0","4","19","2.7","23","3.3","0"
"","192518","","445105","","Tyrell Campbell","MURRAY ST","33","HB","81","15","26","135","5.2","1","11","0","0","3","42","1.6","93","3.6","0"
"","192539","","428604","","Jordan Washington","MURRAY ST","28","HB","68.4","35","88","359","4.1","3","18","2","2","15","115","1.3","244","2.8","0"
"","192541","","446468","","Cam Young","CENT ARK","27","HB","70.4","17","34","133","3.9","2","11","0","0","3","47","1.4","86","2.5","0"
"","192564","","458874","","Kaden Amigon-Suiter","N IOWA","39","HB","61.5","2","7","38","5.4","0","2","0","0","2","24","3.4","14","2.0","0"
"","192569","","443191","","Titus Cram","N IOWA","28","HB","68.9","3","5","29","5.8","0","2","0","0","1","7","1.4","22","4.4","0"
"","192595","","459286","","Kai Honda","PRINCETON","25","HB","70.6","21","47","217","4.6","1","9","0","0","8","71","1.5","146","3.1","0"
"","192652","","429753","","Davion Godley","WEBER ST","25","HB","85.3","45","96","514","5.3","4","25","0","0","36","154","1.6","360","3.8","0"
"","192672","","446438","","Chauncey Sylvester","WEBER ST","05","HB","71.8","30","60","305","5.1","4","16","0","0","15","96","1.6","209","3.5","0"
"","192679","","445850","","Deonte Dean","ABILENE CH","21","HB","61.4","1","4","13","3.3","0","0","0","0","1","-1","-0.3","14","3.5","0"
"","192700","","436819","","Matt Childs","BROWN","02","HB","70.3","67","142","546","3.9","8","32","0","0","29","149","1.1","397","2.8","0"
"","192736","","430131","","Markiel Cockrell","BRYANT","04","HB","62.8","3","9","11","1.2","0","1","0","0","0","-10","-1.1","21","2.3","0"
"","192848","","428236","","Payton Brown","SE MO ST","22","HB","67.1","29","57","210","3.7","1","11","2","2","16","62","1.1","148","2.6","0"
"","192913","","431039","","Athean Renfro","TEXAS STHN","28","HB","81.5","70","152","852","5.6","7","49","1","1","27","438","2.9","414","2.7","0"
"","192989","","441796","","Brett Spencer","IDAHO ST","02","HB","73.1","7","13","47","3.6","2","4","0","0","6","1","0.1","46","3.5","0"
"","192990","","436560","","Carson Sudbury","IDAHO ST","06","HB","71","25","48","220","4.6","4","13","1","0","10","111","2.3","109","2.3","0"
"","192996","","437339","","Kenneth Antoine","MARIST","34","HB","59.4","5","8","41","5.1","0","2","1","0","4","-2","-0.3","43","5.4","0"
"","193000","","432129","","William Deady","MARIST","36","HB","65.5","2","3","25","8.3","0","2","0","0","0","17","5.7","8","2.7","0"
"","193049","","456150","","Zion Tamaska","TENN TECH","31","HB","59.6","3","6","17","2.8","1","2","0","0","1","7","1.2","10","1.7","0"
"","193068","","445132","","Major McBride","TXAMCO","23","HB","69.1","5","9","41","4.6","0","2","0","0","2","2","0.2","39","4.3","0"
"","193069","","430300","","JaiSean McMillian","TXAMCO","22","HB","63.3","13","38","176","4.6","1","8","0","0","5","86","2.3","90","2.4","0"
"","193126","","465181","","Jake Davids","CHARLOTTE","41","HB","63","5","14","47","3.4","0","3","0","0","0","14","1.0","33","2.4","0"
"","193130","","431763","","Rod Gainey Jr.","CHARLOTTE","06","HB","66.3","36","76","286","3.8","1","13","1","1","20","116","1.5","170","2.2","0"
"","193171","","455852","","Khyair Spain","MEMPHIS","28","HB","78.5","9","11","72","6.5","0","4","0","0","4","28","2.5","44","4.0","0"
"","193191","","454203","","Rashid SeSay","Hiltoppers","10","HB","58","0","3","1","0.3","0","0","0","0","0","-5","-1.7","6","2.0","0"
"","193274","","431701","","Jojo Uga","ALBANY","00","HB","68.7","40","90","368","4.1","2","18","2","2","24","55","0.6","313","3.5","0"
"","193345","","437344","","Dennis Palmer","TROY","25","HB","64.2","5","10","40","4.0","0","2","0","0","2","17","1.7","23","2.3","0"
"","193362","","446385","","Dylan Elder","DARTMOUTH","06","HB","67.4","3","9","48","5.3","0","2","0","0","1","23","2.6","25","2.8","0"
"","193413","","432077","","Justin Montgomery","PRESBYTERN","25","HB","82.6","73","130","762","5.9","7","37","0","0","36","265","2.0","497","3.8","0"
"","193585","","439909","","Beau Phillips","CENT WASH","14","HB","72.4","4","11","69","6.3","1","3","0","0","5","14","1.3","55","5.0","0"
"","193741","","455095","","Conner Twymon","MILES","16","HB","57.3","1","5","22","4.4","0","1","0","0","0","10","2.0","12","2.4","0"
"","193763","","441489","","Ri'Jon Hammond","VIRSTA","07","HB","70.5","3","4","23","5.8","0","1","0","0","3","9","2.3","14","3.5","0"
"","193839","","452148","","Reginald Johnson","WEBINT","22","HB","61","3","6","18","3.0","0","2","0","0","1","1","0.2","17","2.8","0"
"","193963","","435684","","Aidan Canzater","Flying Fleet","19","HB","52.8","0","4","15","3.8","0","1","0","0","0","2","0.5","13","3.3","0"
"","194077","","419205","","Kylan Simmons","Flying Fleet","04","HB","61","2","10","32","3.2","0","1","0","0","0","10","1.0","22","2.2","0"
"","194338","","437454","","Jake Croce","ST ANSELM","04","HB","58.6","0","2","-2","-1.0","0","0","0","0","0","-5","-2.5","3","1.5","0"
"","194349","","410220","","Jaidin Haynes","ST ANSELM","01","HB","60.9","1","2","10","5.0","0","0","0","0","0","9","4.5","1","0.5","0"
"","194428","","450514","","Jayden Gordon","UPIOWA","24","HB","62.9","1","1","4","4.0","0","1","0","0","0","0","0.0","4","4.0","0"
"","194432","","437565","","Damon Head Jr.","UPIOWA","22","HB","53.8","0","4","6","1.5","0","0","0","0","0","-3","-0.8","9","2.3","0"
"","194962","","0","","Eric Dickerson Jr","MCKENDREE","02","HB","74.7","5","8","57","7.1","0","3","0","0","1","36","4.5","21","2.6","0"
"","195010","","422532","","Jerry Richardson","MCKENDREE","31","HB","66.6","2","4","7","1.8","0","1","0","0","0","4","1.0","3","0.8","0"
"","195551","","444509","","Blaik Nation","Panthers","00","HB","62.2","1","3","7","2.3","0","0","0","0","0","4","1.3","3","1.0","0"
"","195920","","415097","","Johntarrious Thomas","ED WATERS","05","HB","76.3","4","8","62","7.8","0","3","0","0","1","15","1.9","47","5.9","0"
"","196091","","432081","","Jaylen Middleton","KY STATE","15","HB","66.5","5","14","65","4.6","0","3","0","0","2","29","2.1","36","2.6","0"
"","196119","","432183","","John Christian","LANECOL","00","HB","66.9","2","6","22","3.7","0","0","0","0","3","2","0.3","20","3.3","0"
"","196138","","435364","","Lemarkus Mckinney","LANECOL","33","HB","56.9","0","2","-2","-1.0","0","0","0","0","0","-2","-1.0","0","0.0","0"
"","196463","","432619","","Joe Williams","MS VLY ST","06","HB","64.3","8","22","57","2.6","0","3","0","0","8","-4","-0.2","61","2.8","0"
"","196747","","441958","","Jason Gabriel","SOUTHERN U","25","HB","72.2","10","25","79","3.2","0","4","0","0","9","20","0.8","59","2.4","0"
"","196767","","430603","","Barry Remo","SOUTHERN U","35","HB","77","24","51","313","6.1","2","15","0","0","17","108","2.1","205","4.0","0"
"","196817","","447883","","Ja'Khael Rowser","TUSKEGEE","19","HB","55.5","0","4","7","1.8","0","0","0","0","0","-2","-0.5","9","2.3","0"
"","196819","","0","","Renoldo Spivey Jr.","TUSKEGEE","20","HB","64.5","4","7","33","4.7","0","2","0","0","0","10","1.4","23","3.3","0"
"","196917","","438906","","Jaylin McCray","LINCOK","34","HB","59.5","0","1","-2","-2.0","0","0","0","0","0","-2","-2.0","0","0.0","0"
"","196968","","401177","","Jacob Newman","VA LYNCHBU","01","HB","70.9","15","51","158","3.1","0","10","0","0","19","5","0.1","153","3.0","0"
"","196997","","429253","","Malachi James","SYRACUSE","36","HB","57.6","0","1","-5","-5.0","0","0","0","0","0","-5","-5.0","0","0.0","0"
"","197191","","435904","","Datlan Cunningham","LOUCHR","23","HB","54.9","4","13","17","1.3","0","0","0","0","6","-7","-0.5","24","1.9","0"
"","197504","","442920","","Barkley Wyckoff","WARNER","31","HB","57.7","0","1","1","1.0","0","0","0","0","0","-1","-1.0","2","2.0","0"
"","197541","","438928","","Darshang Kines Jr.","ARKBC","16","HB","58.5","0","2","4","2.0","0","0","0","0","0","-1","-0.5","5","2.5","0"
"","197635","","452446","","Jordan Montanez","HOUCHR","27","HB","70.4","9","13","73","5.6","1","3","1","1","1","26","2.0","47","3.6","0"
"","197651","","449522","","Cian McKelvey","USC","41","HB","63","1","1","4","4.0","0","0","0","0","0","1","1.0","3","3.0","0"
"","197654","","449525","","King Miller","USC","30","HB","83.7","72","157","970","6.2","8","40","1","0","31","360","2.3","610","3.9","0"
"","197670","","446647","","Quinton Slaughter","MHMRTI","28","HB","59.9","0","1","-2","-2.0","0","0","0","0","0","-3","-3.0","1","1.0","0"
"","197697","","435355","","Marcell Cutright","LANECOL","25","HB","72.9","1","2","37","18.5","0","1","0","0","1","-2","-1.0","39","19.5","0"
"","197710","","441680","","Dae'Jeaun Dennis","MORGAN ST","26","HB","69.9","11","17","94","5.5","1","7","0","0","4","32","1.9","62","3.6","0"
"","197712","","436593","","JJ Cowan","CAMPBELL","05","HB","73.5","52","101","538","5.3","8","30","2","2","25","134","1.3","404","4.0","0"
"","197721","","436726","","Christian Vann","GARD-WEBB","34","HB","68.7","2","5","32","6.4","0","1","0","0","3","5","1.0","27","5.4","0"
"","197836","","445058","","Cole Fulton","COLGATE","28","HB","73.5","26","59","305","5.2","2","14","0","0","8","70","1.2","235","4.0","0"
"","197877","","446544","","Braden Lewis","STF AUSTIN","23","HB","74.8","15","31","204","6.6","0","10","0","0","12","71","2.3","133","4.3","0"
"","197913","","448236","","Steven Blanco","LA LAFAYET","24","HB","77.6","17","31","166","5.3","2","8","0","0","3","56","1.8","110","3.5","0"
"","198093","","453604","","AK Dear","ALABAMA","00","HB","78.2","11","20","164","8.2","3","5","0","0","5","58","2.9","106","5.3","0"
"","198096","","450860","","Jaquari Lewis","APP STATE","22","HB","75.8","61","140","618","4.4","6","32","0","0","18","297","2.1","321","2.3","0"
"","198106","","468355","","Cornelius Warren III","ARIZONA","09","HB","55.3","4","7","29","4.1","0","1","1","1","2","2","0.3","27","3.9","0"
"","198120","","456348","","Demarius Robinson","ARIZONA ST","23","HB","62.8","9","25","69","2.8","0","1","0","0","1","25","1.0","44","1.8","0"
"","198175","","450354","","Chris McMillian","BOWL GREEN","04","HB","68.2","33","85","344","4.0","3","17","0","0","14","128","1.5","216","2.5","0"
"","198206","","450533","","Charlie Miska","BYU","34","HB","61","2","6","14","2.3","1","1","0","0","1","-3","-0.5","17","2.8","0"
"","198264","","455884","","Zion Johnson","CINCINNATI","13","HB","65.6","9","23","105","4.6","1","5","0","0","5","46","2.0","59","2.6","0"
"","198291","","450132","","Jevon Edwards","COAST CAR","20","HB","70.7","30","69","376","5.5","1","16","1","1","17","153","2.2","223","3.2","0"
"","198293","","450164","","Dominic Knicely","COAST CAR","23","HB","77","37","71","405","5.7","3","17","1","0","14","193","2.7","212","3.0","0"
"","198337","","449460","","Nate Sheppard","DUKE","20","HB","90.9","111","210","1179","5.6","11","52","0","0","66","429","2.0","750","3.6","0"
"","198443","","449071","","Ousmane Kromah","FLORIDA ST","32","HB","80.5","42","75","412","5.5","0","23","1","1","29","107","1.4","305","4.1","0"
"","198466","","449033","","Bo Walker","GEORGIA","24","HB","80.5","14","22","100","4.5","3","9","0","0","6","45","2.0","55","2.5","0"
"","198535","","455837","","Sean Cuono","INDIANA","20","HB","68","2","2","17","8.5","0","1","0","0","1","6","3.0","11","5.5","0"
"","198550","","449517","","Nathan McNeil","IOWA","25","HB","78.4","19","37","169","4.6","0","7","0","0","9","38","1.0","131","3.5","0"
"","198574","","456098","","Lucas Farrington","JVILLE ST","26","HB","67.5","2","5","14","2.8","0","1","0","0","0","-2","-0.4","16","3.2","0"
"","198583","","461017","","Jackson McCarter","JAMES MAD","21","HB","70","2","4","18","4.5","0","1","0","0","2","5","1.3","13","3.3","0"
"","198603","","463608","","Monterrio Elston Jr.","KANSAS ST","31","HB","56.1","1","2","2","1.0","0","0","0","0","1","-1","-0.5","3","1.5","0"
"","198660","","468445","","Malachi Fannin-Render","LIBERTY","25","HB","57.8","0","2","6","3.0","0","0","0","0","0","2","1.0","4","2.0","0"
"","198671","","450062","","Clay Thevenin","LA TECH","04","HB","81","67","134","660","4.9","8","32","1","1","36","189","1.4","471","3.5","0"
"","198704","","458970","","Jamarice Wilder","LOUISVILLE","33","HB","67.1","2","4","15","3.8","0","0","0","0","0","0","0.0","15","3.8","0"
"","198726","","449600","","Iverson Howard","MARYLAND","24","HB","68.8","16","39","125","3.2","0","4","0","0","10","26","0.7","99","2.5","0"
"","198842","","456161","","DJ Taylor","MIDDLE TN","29","HB","71.7","15","27","198","7.3","2","4","2","2","6","33","1.2","165","6.1","0"
"","198870","","451367","","Kolin Wilson","MISS STATE","26","HB","63.3","2","7","36","5.1","0","1","0","0","1","6","0.9","30","4.3","0"
"","198879","","449159","","Marquise Davis","MISSOURI","07","HB","83.7","22","34","200","5.9","2","13","0","0","15","96","2.8","104","3.1","0"
"","198885","","455905","","Brendon Haygood","MISSOURI","16","HB","58.1","2","4","12","3.0","0","1","0","0","2","-2","-0.5","14","3.5","0"
"","198900","","449393","","King Davis","MO STATE","10","HB","62.9","2","4","13","3.3","0","1","0","0","2","3","0.8","10","2.5","0"
"","199001","","451645","","Caleb Hawkins","N TEXAS","24","HB","94.1","141","234","1447","6.2","25","89","1","1","87","372","1.6","1075","4.6","0"
"","199009","","453366","","Robby Preckel","NWESTERN","41","HB","73.1","22","42","149","3.5","0","7","1","1","10","33","0.8","116","2.8","0"
"","199023","","453349","","Daniel Anderson","NWESTERN","27","HB","60.8","2","3","9","3.0","0","0","0","0","1","0","0.0","9","3.0","0"
"","199034","","450086","","Tory Blaylock","OKLAHOMA","06","HB","74.4","52","121","499","4.1","4","26","0","0","7","222","1.8","290","2.4","0"
"","199062","","453395","","Troy Marquez","DOMINION","28","HB","63.6","1","2","11","5.5","0","1","0","0","0","2","1.0","9","4.5","0"
"","199077","","395173","","Justin Cook","PITTSBURGH","28","HB","58.2","3","9","31","3.4","0","1","0","0","1","18","2.0","13","1.4","0"
"","199087","","453600","","Ja'Kyrian Turner","PITTSBURGH","25","HB","83.8","67","137","743","5.4","7","37","1","1","23","316","2.3","427","3.1","0"
"","199105","","453672","","D'Andre Hardeman Jr.","RICE","27","HB","71.3","39","82","325","4.0","2","22","1","0","13","107","1.3","218","2.7","0"
"","199110","","456366","","Tyvonn Byars","RICE","26","HB","78.2","20","35","200","5.7","1","11","0","0","9","48","1.4","152","4.3","0"
"","199126","","456068","","Terrell Mitchell","RUTGERS","26","HB","65.9","2","4","21","5.3","0","1","0","0","0","12","3.0","9","2.3","0"
"","199149","","463564","","Steve Chavez-Soto","S JOSE ST","15","HB","80.9","44","87","448","5.2","7","27","0","0","16","113","1.3","335","3.9","0"
"","199159","","453269","","Dramekco Green","SMU","21","HB","58.7","11","26","99","3.8","1","5","0","0","10","22","0.8","77","3.0","0"
"","199183","","451839","","Keenan Phillips","S ALABAMA","21","HB","85.5","67","129","625","4.8","3","30","0","0","29","207","1.6","418","3.2","0"
"","199210","","453916","","Jaylin Carter","SO MISS","24","HB","64.6","18","38","166","4.4","2","10","1","0","3","94","2.5","72","1.9","0"
"","199225","","455820","","Malachi Coleman","SYRACUSE","28","HB","66.3","3","9","31","3.4","0","2","0","0","1","5","0.6","26","2.9","0"
"","199271","","449785","","Jon Denman","TCU","13","HB","74.2","26","50","178","3.6","3","16","0","0","9","56","1.1","122","2.4","0"
"","199289","","456301","","James Simon","TEXAS","31","HB","67.2","13","28","127","4.5","0","8","0","0","6","35","1.3","92","3.3","0"
"","199370","","449301","","Javin Gordon","TULANE","23","HB","78.9","61","132","554","4.2","5","25","1","1","36","156","1.2","398","3.0","0"
"","199393","","453991","","Agyeman Addae","UCF","35","HB","59","2","13","54","4.2","0","3","0","0","2","22","1.7","32","2.5","0"
"","199405","","470441","","Kamran Williams","UNLV","23","HB","59.5","0","1","1","1.0","0","0","0","0","0","0","0.0","1","1.0","0"
"","199407","","449505","","Waymond Jordan","USC","02","HB","86.9","54","88","576","6.5","5","30","2","2","29","123","1.4","453","5.2","0"
"","199413","","449498","","James Johnson","USC","10","HB","58.7","0","2","-5","-2.5","0","0","0","0","0","-7","-3.5","2","1.0","0"
"","199415","","469183","","Riley Wormley","USC","27","HB","66.2","2","5","18","3.6","0","0","0","0","1","3","0.6","15","3.0","0"
"","199445","","461004","","Daniel Bray","UTAH","13","HB","74.2","22","41","278","6.8","1","15","0","0","15","157","3.8","121","3.0","0"
"","199514","","469866","","Quaid Carr","WASHINGTON","21","HB","56.8","1","4","14","3.5","0","1","0","0","0","-3","-0.8","17","4.3","0"
"","199540","","451352","","Cyncir Bowers","W VIRGINIA","23","HB","61.4","24","66","276","4.2","2","10","2","1","5","132","2.0","144","2.2","0"
"","199564","","448884","","Marvis Parrish","W KENTUCKY","21","HB","80.5","47","105","568","5.4","1","22","0","0","19","190","1.8","378","3.6","0"
"","199582","","409548","","Cam Macon","AKRON","34","HB","46.5","3","6","25","4.2","0","2","1","1","0","12","2.0","13","2.2","0"
"","199633","","448925","","Gideon Davidson","CLEMSON","09","HB","71.4","28","61","263","4.3","0","12","0","0","13","100","1.6","163","2.7","0"
"","199664","","453941","","Ethan Ervin","FAU","21","HB","69.2","5","9","25","2.8","0","2","0","0","0","8","0.9","17","1.9","0"
"","199682","","449186","","J.P. Powell","GA TECH","20","HB","76.6","3","5","67","13.4","1","2","0","0","1","56","11.2","11","2.2","0"
"","199684","","449168","","Shane Marshall","GA TECH","24","HB","61.3","1","2","10","5.0","0","0","0","0","0","4","2.0","6","3.0","0"
"","199706","","453644","","Zane Smith","HOUSTON","37","HB","69.7","2","2","12","6.0","0","1","0","0","0","5","2.5","7","3.5","0"
"","199730","","465193","","Darrell Smith","LA LAFAYET","22","HB","60","1","3","7","2.3","0","0","0","0","0","1","0.3","6","2.0","0"
"","199744","","452063","","D'Shaun Ford","LA MONROE","22","HB","59.1","6","13","44","3.4","0","4","1","1","8","-6","-0.5","50","3.9","0"
"","199769","","448955","","Harlem Berry","LSU","22","HB","71.1","46","106","484","4.6","2","22","3","2","17","114","1.1","370","3.5","0"
"","199784","","448986","","Elijah Faulkner","UMASS","23","HB","68.6","15","41","118","2.9","0","6","0","0","1","36","0.9","82","2.0","0"
"","199798","","453520","","Conor Booth","NEBRASKA","23","HB","63","1","3","6","2.0","0","1","0","0","0","1","0.3","5","1.7","0"
"","199811","","449154","","Isaiah Mozee","NEBRASKA","22","HB","69.1","13","26","115","4.4","0","3","0","0","8","27","1.0","88","3.4","0"
"","199824","","449711","","Demon June","N CAROLINA","12","HB","74.5","37","87","472","5.4","2","19","0","0","16","95","1.1","377","4.3","0"
"","199837","","458779","","Nolan James Jr.","NOTRE DAME","23","HB","57.4","2","13","33","2.5","0","1","0","0","0","0","0.0","33","2.5","0"
"","199862","","453512","","Isaiah West","OHIO STATE","32","HB","76.1","28","60","310","5.2","2","17","0","0","17","110","1.8","200","3.3","0"
"","199864","","453493","","Bo Jackson","OHIO STATE","25","HB","85.9","95","181","1081","6.0","6","53","1","1","36","345","1.9","736","4.1","0"
"","199870","","449213","","Dierre Hill Jr.","OREGON","23","HB","91.4","44","75","666","8.9","5","25","0","0","29","170","2.3","496","6.6","0"
"","199872","","449197","","Jordon Davison","OREGON","00","HB","91.4","73","115","674","5.9","15","45","1","0","19","293","2.5","381","3.3","0"
"","199903","","470854","","Tikey Hayes","PENN STATE","23","HB","67.8","2","3","18","6.0","0","2","0","0","0","11","3.7","7","2.3","0"
"","199973","","451133","","Daune Morris","TENNESSEE","19","HB","84.9","18","35","133","3.8","1","8","0","0","6","49","1.4","84","2.4","0"
"","199977","","451099","","Justin Baker","TENNESSEE","20","HB","71","6","14","43","3.1","0","1","0","0","1","10","0.7","33","2.4","0"
"","199997","","449391","","Jamarion Morrow","TEXAS A&M","23","HB","69.9","17","44","185","4.2","1","9","1","1","8","65","1.5","120","2.7","0"
"","200025","","399175","","Marcellous Hawkins","VA TECH","27","HB","90.9","70","122","759","6.2","1","34","0","0","44","186","1.5","573","4.7","0"
"","200026","","468392","","Jeffrey Overton Jr.","VA TECH","16","HB","72.1","12","26","143","5.5","1","5","0","0","4","66","2.5","77","3.0","0"
"","200038","","454212","","Ofa Mataele","W MICHIGAN","24","HB","73.6","25","58","258","4.5","3","18","0","0","11","92","1.6","166","2.9","0"
"","200045","","449007","","Devin Miles","W MICHIGAN","05","HB","72.9","50","100","435","4.3","3","21","1","0","35","132","1.3","303","3.0","0"
"","200065","","453884","","Samuel Harris","WYOMING","26","HB","75","51","102","566","5.5","1","26","1","1","24","247","2.4","319","3.1","0"
"","200090","","450665","","Cam Settles","ARKANSAS","27","HB","72.7","4","6","16","2.7","0","2","0","0","1","6","1.0","10","1.7","0"
"","200116","","449089","","Caden Knighten","BAYLOR","22","HB","74.9","53","108","477","4.4","1","31","0","0","27","155","1.4","322","3.0","0"
"","200128","","449425","","Duke Clark","FLORIDA","20","HB","82","12","15","58","3.9","0","5","0","0","5","18","1.2","40","2.7","0"
"","200163","","453545","","Girard Pringle Jr.","MIAMI FL","22","HB","74.5","30","62","375","6.0","4","17","0","0","10","153","2.5","222","3.6","0"
"","200231","","469204","","Ravian Larry","UTAH ST","25","HB","59.6","0","1","2","2.0","0","0","0","0","0","0","0.0","2","2.0","0"
"","200256","","451030","","Noah White","UTAH ST","23","HB","70.6","12","28","103","3.7","0","6","0","0","5","41","1.5","62","2.2","0"
"","200274","","455856","","Xay Davis","VIRGINIA","25","HB","74.4","12","23","86","3.7","0","5","0","0","3","32","1.4","54","2.4","0"
"","200288","","392819","","Owen Gardner","VIRGINIA","27","HB","57","0","2","4","2.0","0","0","0","0","0","2","1.0","2","1.0","0"
"","200331","","470506","","Karson Cox","UCLA","33","HB","64","1","2","9","4.5","0","0","0","0","0","5","2.5","4","2.0","0"
"","200376","","456414","","DJ Brown","ALABAMA ST","36","HB","38","1","3","6","2.0","0","0","1","1","0","4","1.3","2","0.7","0"
"","200396","","456429","","Aydden Moody-Copeland","ALABAMA ST","12","HB","68","6","12","38","3.2","1","4","0","0","2","1","0.1","37","3.1","0"
"","200422","","466588","","Keon Kenner","ALBANY","27","HB","51.5","2","4","20","5.0","0","1","1","1","1","13","3.3","7","1.8","0"
"","200465","","455944","","Traylon Minor","ALCORN ST","20","HB","67.6","3","5","39","7.8","0","1","0","0","1","19","3.8","20","4.0","0"
"","200485","","456531","","Enelson Delva","AUSTINPEAY","20","HB","61.4","2","5","25","5.0","0","1","0","0","0","15","3.0","10","2.0","0"
"","200489","","456539","","Isaiah Groves","AUSTINPEAY","10","HB","74.5","19","31","198","6.4","1","13","0","0","5","99","3.2","99","3.2","0"
"","200598","","461233","","De'Von Thomas","CAMPBELL","27","HB","61.6","1","3","6","2.0","0","0","0","0","0","2","0.7","4","1.3","0"
"","200659","","456570","","Hakeem Watters","CHARLES SO","20","HB","73.5","47","88","452","5.1","3","14","2","2","17","91","1.0","361","4.1","0"
"","200741","","466599","","John McAuliffe","CORNELL","25","HB","75.4","23","31","181","5.8","1","11","0","0","7","65","2.1","116","3.7","0"
"","200752","","465205","","Jordan Triplett","CORNELL","41","HB","74.6","60","101","464","4.6","5","22","2","1","14","155","1.5","309","3.1","0"
"","200762","","450727","","Mikey Hess","DAYTON","45","HB","52.5","2","10","15","1.5","0","0","0","0","2","3","0.3","12","1.2","0"
"","200793","","451380","","Jaiden Daniels","E TENN ST","48","HB","66.8","8","13","104","8.0","0","5","1","1","7","21","1.6","83","6.4","0"
"","200797","","408903","","Khalil Eichelberger","E TENN ST","23","HB","72.6","35","70","296","4.2","3","19","0","0","12","85","1.2","211","3.0","0"
"","200891","","458905","","Wilson Medina","E WASHGTON","43","HB","59","6","14","77","5.5","0","3","1","1","4","12","0.9","65","4.6","0"
"","200934","","467673","","Isaiah Davis","FURMAN","20","HB","88.7","3","3","37","12.3","0","1","0","0","2","3","1.0","34","11.3","0"
"","200952","","450596","","CJ Nettles","FURMAN","26","HB","69.4","36","88","371","4.2","2","12","1","1","14","151","1.7","220","2.5","0"
"","200982","","454435","","Gracen Goldsmith","HAMPTON","05","HB","74.3","41","80","332","4.2","6","25","0","0","14","122","1.5","210","2.6","0"
"","200988","","454441","","Ja'Sean Lindsey","HAMPTON","21","HB","54","0","6","11","1.8","0","0","0","0","0","5","0.8","6","1.0","0"
"","201055","","450239","","Joseph Williams","HOLY CROSS","31","HB","62.3","16","40","126","3.1","1","4","0","0","8","20","0.5","106","2.6","0"
"","201057","","452411","","Sudais Arowosaye","HOUCHR","23","HB","73.5","4","5","57","11.4","0","3","0","0","1","23","4.6","34","6.8","0"
"","201124","","0","","Robert Freeman IV","IDAHO ST","05","HB","70.2","2","4","40","10.0","0","1","0","0","2","25","6.3","15","3.8","0"
"","201139","","450246","","Tytan Mason","IDAHO ST","20","HB","73.2","7","14","98","7.0","2","6","0","0","5","54","3.9","44","3.1","0"
"","201224","","450435","","Payton Greer","LAFAYETTE","29","HB","61.7","6","13","33","2.5","0","2","0","0","2","10","0.8","23","1.8","0"
"","201261","","467716","","Omarion Rasberry","LAMAR","26","HB","59","9","18","85","4.7","1","6","1","1","2","28","1.6","57","3.2","0"
"","201296","","453878","","La'Revious Woods","LNDNWD","36","HB","61.6","3","9","36","4.0","0","2","0","0","3","12","1.3","24","2.7","0"
"","201298","","409837","","Sincere Baines","MAINE","03","HB","78.3","57","123","725","5.9","3","26","0","0","16","366","3.0","359","2.9","0"
"","201299","","467760","","Daniel Batch","MAINE","19","HB","59.8","3","11","65","5.9","0","2","0","0","1","27","2.5","38","3.5","0"
"","201322","","452268","","Marquez Davis","MCNEESE","22","HB","81.9","8","13","95","7.3","1","7","0","0","8","37","2.9","58","4.5","0"
"","201326","","463686","","Collin Fabacher","MCNEESE","29","HB","71.1","2","2","10","5.0","0","1","0","0","0","5","2.5","5","2.5","0"
"","201351","","0","","Carlos Benjamin","MERCER","20","HB","69.2","1","9","61","6.8","1","1","0","0","3","-16","-1.8","77","8.6","0"
"","201356","","0","","Ty Doughty","MERCER","80","HB","67.8","32","70","346","4.9","2","20","0","0","15","176","2.5","170","2.4","0"
"","201419","","450858","","Kenny Smith","MONMOUTH","28","HB","68.3","4","9","40","4.4","0","2","0","0","1","18","2.0","22","2.4","0"
"","201425","","469287","","Malachi Claunch","MONTANA ST","26","HB","63.6","1","1","5","5.0","0","1","0","0","0","2","2.0","3","3.0","0"
"","201454","","0","","Jaylen Simpson","N ALABAMA","26","HB","58.5","0","1","4","4.0","0","0","0","0","0","2","2.0","2","2.0","0"
"","201510","","451286","","Myles Mitchell","N DAK ST","45","HB","72.7","7","18","78","4.3","1","5","0","0","2","16","0.9","62","3.4","0"
"","201515","","469895","","Charles Ross III","N DAK ST","45","HB","58.5","0","1","3","3.0","0","0","0","0","0","2","2.0","1","1.0","0"
"","201539","","449754","","Quran Gossett","N ARIZONA","00","HB","76.4","43","76","380","5.0","8","28","2","0","26","108","1.4","272","3.6","0"
"","201570","","463693","","Trevor Allen Jr.","NWSTATE","20","HB","64.3","5","13","36","2.8","0","2","0","0","0","8","0.6","28","2.1","0"
"","201611","","465329","","Tommy Lafayette","PENN","32","HB","65.3","3","7","19","2.7","0","1","0","0","0","6","0.9","13","1.9","0"
"","201648","","458845","","Jaquail Smith","SACRAMENTO","22","HB","77.1","47","76","512","6.7","5","26","0","0","27","264","3.5","248","3.3","0"
"","201649","","465234","","Jojo Solis","SACRAMENTO","48","HB","53.6","0","3","6","2.0","0","0","0","0","0","2","0.7","4","1.3","0"
"","201702","","450884","","Mitchell Summers","SACR HEART","20","HB","80","96","201","1081","5.4","12","56","1","0","26","530","2.6","551","2.7","0"
"","201707","","466551","","DJ Williams","SACR HEART","42","HB","69.3","3","4","27","6.8","0","1","0","0","0","14","3.5","13","3.3","0"
"","201732","","463705","","John Lim","SAN DIEGO","45","HB","59.6","0","1","2","2.0","0","0","0","0","0","2","2.0","0","0.0","0"
"","201791","","470580","","Shane Eason","STHLSK","20","HB","57.5","0","1","-1","-1.0","0","0","0","0","0","-1","-1.0","0","0.0","0"
"","201792","","466634","","Aidan Garrett","STHLSK","13","HB","63.5","11","33","153","4.6","2","8","0","0","2","1","0.0","152","4.6","0"
"","201878","","451711","","Kemarrion Battles","TOWSON","03","HB","74.7","41","84","381","4.5","3","22","1","1","14","150","1.8","231","2.8","0"
"","201888","","468489","","JaVon Ford II","TOWSON","23","HB","63.5","1","2","7","3.5","0","0","0","0","0","3","1.5","4","2.0","0"
"","201978","","454119","","Maxwell Turner","UTAHTC","38","HB","62.4","1","3","15","5.0","0","1","0","0","0","6","2.0","9","3.0","0"
"","202012","","465448","","Josh Perry","W CAROLINA","22","HB","61.2","3","10","39","3.9","0","0","0","0","0","14","1.4","25","2.5","0"
"","202032","","0","","Ernest Temple","W ILLINOIS","24","HB","67.9","3","6","23","3.8","0","3","0","0","0","4","0.7","19","3.2","0"
"","202038","","470050","","Leon Clark","WM & MARY","10","HB","55.6","1","3","0","0.0","0","0","0","0","1","-6","-2.0","6","2.0","0"
"","202051","","470053","","Brayden Smalls","WM & MARY","23","HB","55.1","0","2","7","3.5","0","0","0","0","0","1","0.5","6","3.0","0"
"","202085","","450953","","Gerald Modest Jr.","WOFFORD","06","HB","80.6","68","121","592","4.9","5","33","1","0","29","235","1.9","357","3.0","0"
"","202106","","467679","","Donald Barksdale","YNGTOWN ST","25","HB","63.6","2","4","44","11.0","0","1","0","0","1","12","3.0","32","8.0","0"
"","202119","","395174","","Tahir Mills","YNGTOWN ST","00","HB","66.4","5","12","46","3.8","1","2","0","0","2","7","0.6","39","3.3","0"
"","202139","","467690","","Taysear Williams-Clay","YNGTOWN ST","29","HB","65.6","1","2","-1","-0.5","0","0","0","0","0","-4","-2.0","3","1.5","0"
"","202142","","461185","","Barry Kpeenu","N DAK ST","47","HB","55.1","0","3","8","2.7","0","0","0","0","0","3","1.0","5","1.7","0"
"","202145","","459229","","Eli Jones","BROWN","31","HB","63.4","6","14","54","3.9","1","2","0","0","4","19","1.4","35","2.5","0"
"","202267","","454238","","Hashim Jones","MONTANA","28","HB","66.3","9","29","131","4.5","2","7","0","0","4","47","1.6","84","2.9","0"
"","202344","","470685","","Scott Hershberger","NEW HAMP","22","HB","53.8","0","3","7","2.3","0","1","0","0","0","1","0.3","6","2.0","0"
"","202373","","453825","","Christian Collins","N IOWA","22","HB","60.3","5","16","70","4.4","0","3","0","0","2","35","2.2","35","2.2","0"
"","202407","","454138","","Michael Creamer","RICHMOND","09","HB","63.7","4","8","30","3.8","0","1","0","0","1","11","1.4","19","2.4","0"
"","202411","","450792","","Andrew McKenzie","RICHMOND","30","HB","55.3","0","3","5","1.7","0","0","0","0","0","-2","-0.7","7","2.3","0"
"","202438","","454044","","Corey Blair Jr.","S DAK ST","29","HB","61.3","8","20","96","4.8","1","5","1","0","6","30","1.5","66","3.3","0"
"","202439","","450492","","James Basinger","S DAK ST","32","HB","72.4","38","81","310","3.8","5","21","0","0","13","74","0.9","236","2.9","0"
"","202440","","466579","","Josiah Johnson","S DAK ST","34","HB","74.8","36","78","320","4.1","6","23","0","0","8","113","1.4","207","2.6","0"
"","202511","","467733","","Elijah Johnson","STTHOM","12","HB","60.3","1","5","17","3.4","0","1","0","0","2","4","0.8","13","2.6","0"
"","202584","","459516","","Antonio Adams","ALAB A&M","31","HB","72.6","7","14","69","4.9","0","3","0","0","3","27","1.9","42","3.0","0"
"","202609","","459525","","EJ King Jr.","ALAB A&M","34","HB","61.7","1","3","7","2.3","0","0","0","0","0","-2","-0.7","9","3.0","0"
"","202638","","448916","","Davon Smith Jr.","CENT CT ST","31","HB","66.1","5","12","43","3.6","1","3","0","0","1","10","0.8","33","2.8","0"
"","202647","","461103","","Jahmir Pitcher","COLUMBIA","22","HB","65.4","7","10","34","3.4","0","0","0","0","3","12","1.2","22","2.2","0"
"","202655","","459095","","Michael Walters","COLUMBIA","24","HB","66.7","55","127","526","4.1","3","32","1","0","14","174","1.4","352","2.8","0"
"","202677","","465473","","Cam Oliver","DUQUESNE","23","HB","59.1","1","4","8","2.0","0","0","0","0","0","2","0.5","6","1.5","0"
"","202698","","437690","","Hymond Drinkard","TXAMCO","24","HB","80.2","17","28","155","5.5","0","9","0","0","9","43","1.5","112","4.0","0"
"","202765","","453003","","Clyde McClendon Jr.","GRAMBLING","24","HB","70.4","21","44","166","3.8","1","9","1","1","11","63","1.4","112","2.5","0"
"","202767","","452968","","Byron Eaton Jr.","GRAMBLING","10","HB","68.4","38","70","301","4.3","3","14","2","1","19","116","1.7","185","2.6","0"
"","202840","","450656","","Jameir Gamble","MERCYHURST","22","HB","65.9","12","31","132","4.3","1","6","0","0","6","59","1.9","73","2.4","0"
"","202871","","456628","","Ezekiel Pour","MOREHEAD","03","HB","58.2","0","1","-1","-1.0","0","0","0","0","0","-1","-1.0","0","0.0","0"
"","202875","","463712","","Willie Moore","MOREHEAD","27","HB","59.6","0","1","3","3.0","0","0","0","0","0","0","0.0","3","3.0","0"
"","202907","","458941","","Jonathan Dartez","NICHOLLS","26","HB","60","1","5","6","1.2","0","0","0","0","1","-2","-0.4","8","1.6","0"
"","202930","","463683","","Kayden Andoh","NICHOLLS","39","HB","57.8","4","20","81","4.0","0","3","0","0","1","29","1.4","52","2.6","0"
"","202956","","469933","","Derrick Blanche Jr.","PORTLAND","29","HB","58.5","0","1","1","1.0","0","0","0","0","0","1","1.0","0","0.0","0"
"","202993","","435302","","Damion Moate","PRESBYTERN","23","HB","59.1","3","15","51","3.4","0","2","0","0","0","23","1.5","28","1.9","0"
"","203040","","451314","","Terrence Campbell","RHODE ISLD","27","HB","68.9","5","11","40","3.6","1","4","0","0","4","11","1.0","29","2.6","0"
"","203079","","451427","","Xavier Goulbourne","ROB MORRIS","00","HB","52.5","3","15","50","3.3","0","1","1","1","2","-2","-0.1","52","3.5","0"
"","203123","","454117","","Carter Pace","SAMFORD","44","HB","59.6","0","1","1","1.0","0","0","0","0","0","0","0.0","1","1.0","0"
"","203129","","451756","","Cam Bland","SAMFORD","29","HB","60.9","11","43","146","3.4","1","7","0","0","1","84","1.9","62","1.4","0"
"","203163","","454109","","Carson Fletcher","S DAKOTA","33","HB","74.8","46","91","480","5.3","1","24","0","0","22","155","1.7","325","3.6","0"
"","203185","","463687","","Kyree Paul","SE LA","24","HB","72.9","5","8","60","7.5","1","2","0","0","4","24","3.0","36","4.5","0"
"","203186","","450140","","Calvin Smith Jr.","SE LA","09","HB","87.7","43","79","456","5.8","5","25","0","0","30","157","2.0","299","3.8","0"
"","203187","","451413","","Chandler Chapman","S ILLINOIS","08","HB","81.4","45","78","456","5.8","6","24","1","1","16","175","2.2","281","3.6","0"
"","203212","","451414","","Quade Chatmon","S ILLINOIS","26","HB","71.9","5","5","27","5.4","1","3","0","0","2","9","1.8","18","3.6","0"
"","203219","","455987","","Christian Smith","SOUTHERN U","20","HB","66.5","2","4","39","9.8","0","2","0","0","0","29","7.3","10","2.5","0"
"","203241","","452385","","Amariyon Asberry","SOUTHERN U","22","HB","62.2","9","28","107","3.8","0","5","0","0","0","45","1.6","62","2.2","0"
"","203269","","450328","","Hubert Thomas","SO UTAH","18","HB","43.4","1","1","-3","-3.0","0","0","1","1","0","2","2.0","-5","-5.0","0"
"","203301","","450632","","Tommy Ansley","TENN MARTN","39","HB","72.9","56","122","572","4.7","2","34","2","0","21","220","1.8","352","2.9","0"
"","203354","","465277","","Donvan Dey","VALPO","24","HB","64","2","4","17","4.3","0","0","0","0","0","7","1.8","10","2.5","0"
"","203363","","452926","","Michael Rumoro","VALPO","32","HB","61.6","9","33","117","3.5","0","4","1","1","6","20","0.6","97","2.9","0"
"","203397","","466862","","Tyler Womack","VILLANOVA","34","HB","58.3","1","4","26","6.5","0","1","0","0","0","-1","-0.3","27","6.8","0"
"","203472","","461110","","John Washington III","HOWARD","21","HB","60.7","1","2","6","3.0","0","1","0","0","0","2","1.0","4","2.0","0"
"","203479","","466712","","Mekhi Norfleet","LIUSHAR","31","HB","70.2","8","16","58","3.6","0","4","0","0","4","18","1.1","40","2.5","0"
"","203484","","470046","","Chance Arthur","PRINCETON","24","HB","69.4","4","5","23","4.6","0","1","0","0","1","9","1.8","14","2.8","0"
"","203573","","450102","","Uriah Moats-Maynard","WAGNER","28","HB","53.6","1","5","10","2.0","0","0","0","0","1","3","0.6","7","1.4","0"
"","203971","","453477","","Omar Mabson II","AUBURN","29","HB","66.6","8","16","71","4.4","1","4","0","0","5","17","1.1","54","3.4","0"
"","204030","","470847","","Julius Gillick","FRESNO ST","24","HB","70.1","1","2","16","8.0","0","1","0","0","1","2","1.0","14","7.0","0"
"","204087","","449979","","Justin Thurman","KANSAS","25","HB","74.9","3","4","32","8.0","0","2","0","0","1","27","6.8","5","1.3","0"
"","204090","","449926","","John Kelly","KANSAS","24","HB","63.3","1","1","8","8.0","0","1","0","0","0","5","5.0","3","3.0","0"
"","204133","","449733","","Braxton Jennings","LOUISVILLE","46","HB","75.4","20","37","210","5.7","1","13","1","0","5","87","2.4","123","3.3","0"
"","204140","","453296","","Jasper Parker","MICHIGAN","27","HB","66.3","10","25","93","3.7","2","7","0","0","5","34","1.4","59","2.4","0"
"","204153","","453578","","Xavier Ford","MINNESOTA","31","HB","66.9","5","10","35","3.5","0","3","0","0","0","7","0.7","28","2.8","0"
"","204156","","453592","","Grant Washington","MINNESOTA","21","HB","78","15","21","132","6.3","0","7","0","0","2","70","3.3","62","3.0","0"
"","204200","","449376","","Trequan Jones","DOMINION","20","HB","86.8","62","105","807","7.7","6","32","2","2","20","303","2.9","504","4.8","0"
"","204246","","449275","","Kourdey Glass","OREGON ST","25","HB","63.3","1","2","7","3.5","0","0","0","0","0","5","2.5","2","1.0","0"
"","204254","","466513","","Skyler Jackson","OREGON ST","33","HB","57.2","0","1","2","2.0","0","0","0","0","0","1","1.0","1","1.0","0"
"","204299","","455824","","Tylik Hill","SYRACUSE","39","HB","78.5","17","25","134","5.4","0","7","0","0","6","34","1.4","100","4.0","0"
"","204323","","453730","","Keveun Mason","TEMPLE","26","HB","83.5","17","28","167","6.0","1","10","0","0","11","70","2.5","95","3.4","0"
"","204345","","469169","","Tiger Riden Jr.","TEXAS A&M","26","HB","74.7","6","11","45","4.1","1","4","0","0","3","8","0.7","37","3.4","0"
"","204358","","450037","","Michael Henderson III","TEXAS TECH","35","HB","59.6","0","1","-2","-2.0","0","0","0","0","0","-3","-3.0","1","1.0","0"
"","204369","","451033","","Kelvin Washington","TULSA","22","HB","70.6","3","5","21","4.2","0","1","0","0","1","10","2.0","11","2.2","0"
"","204424","","453656","","Raycine Guillory  Jr.","UTAH","00","HB","59.5","0","1","4","4.0","0","0","0","0","0","3","3.0","1","1.0","0"
"","204448","","465170","","Jamar Searcy","WAKE","29","HB","69.7","2","5","39","7.8","0","1","0","0","2","11","2.2","28","5.6","0"
"","204473","","449140","","Michael Turner","BAYLOR","23","HB","70.1","27","66","321","4.9","1","19","0","0","6","135","2.0","186","2.8","0"
"","204487","","469185","","Byron Louis","FLORIDA","27","HB","58.5","0","2","-2","-1.0","0","0","0","0","0","-4","-2.0","2","1.0","0"
"","204624","","465132","","Grayson Rigdon","ARIZONA ST","21","HB","56.3","0","2","-1","-0.5","0","0","0","0","0","-4","-2.0","3","1.5","0"
"","204731","","469897","","Jalen Bonds","BALL ST","22","HB","66.3","10","27","77","2.9","1","5","0","0","2","8","0.3","69","2.6","0"
"","204765","","458760","","Jariel Cobb","CHARLOTTE","24","HB","62.9","17","51","190","3.7","0","9","1","1","6","51","1.0","139","2.7","0"
"","204775","","450194","","Breyahn Townsend","COAST CAR","25","HB","59.1","6","12","29","2.4","0","2","1","1","4","7","0.6","22","1.8","0"
"","204805","","453906","","Javion Kinnard","COLO STATE","24","HB","70.2","5","11","51","4.6","0","3","0","0","3","30","2.7","21","1.9","0"
"","204809","","463593","","Soren Rief","UCONN","26","HB","61.7","1","2","9","4.5","0","0","0","0","0","6","3.0","3","1.5","0"
"","204823","","468383","","Malichi Greaves","UCONN","21","HB","61.2","1","4","16","4.0","0","1","0","0","1","8","2.0","8","2.0","0"
"","204843","","470495","","Jared Porter","DELAWARE","25","HB","65.6","3","7","25","3.6","0","1","0","0","0","9","1.3","16","2.3","0"
"","204900","","450574","","TJ Peyton","GA STATE","21","HB","55.3","4","12","65","5.4","0","1","1","0","2","14","1.2","51","4.3","0"
"","204998","","465103","","Jaylon Coleman","LIBERTY","00","HB","75.7","9","11","79","7.2","0","4","0","0","4","34","3.1","45","4.1","0"
"","205005","","418709","","Andrew Burnette","LA TECH","00","HB","72.8","45","95","506","5.3","9","26","2","1","18","183","1.9","323","3.4","0"
"","205056","","453514","","Bryson Williams","MICH STATE","14","HB","67.1","2","2","20","10.0","0","1","0","0","0","5","2.5","15","7.5","0"
"","205065","","450686","","Shekai Mills-Knight","OLE MISS","33","HB","62.6","3","8","25","3.1","0","2","0","0","0","16","2.0","9","1.1","0"
"","205251","","449717","","Jaylen McGill","N CAROLINA","27","HB","55.9","1","6","20","3.3","0","1","0","0","0","7","1.2","13","2.2","0"
"","205258","","389345","","Chavon Wright","N ILLINOIS","10","HB","86.6","102","197","889","4.5","5","53","1","1","60","145","0.7","744","3.8","0"
"","205284","","461037","","Lazaro Rogers","N ILLINOIS","21","HB","69.6","11","33","189","5.7","1","5","0","0","4","32","1.0","157","4.8","0"
"","205344","","468380","","Jaron Thomas","PURDUE","20","HB","67.5","2","2","15","7.5","0","1","0","0","2","5","2.5","10","5.0","0"
"","205385","","467641","","Josiah Basten","SO MISS","25","HB","63.2","1","1","5","5.0","0","0","0","0","0","3","3.0","2","2.0","0"
"","205429","","469164","","Shawn Simeon","TOLEDO","20","HB","63.5","1","1","10","10.0","0","1","0","0","0","5","5.0","5","5.0","0"
"","205446","","453452","","Harry Dalton III","USC","25","HB","76.5","7","9","52","5.8","0","2","0","0","2","23","2.6","29","3.2","0"
"","205466","","465107","","Elijah McCoy","UTEP","22","HB","66.2","4","15","47","3.1","0","1","0","0","2","20","1.3","27","1.8","0"
"","205480","","453870","","Josh Bell","UTEP","20","HB","63.2","1","1","4","4.0","0","0","0","0","0","1","1.0","3","3.0","0"
"","205485","","449679","","Gabe Fields","VANDERBILT","33","HB","54.8","0","5","8","1.6","0","0","0","0","0","-1","-0.2","9","1.8","0"
"","205556","","469817","","Chase Dawkins","W MICHIGAN","21","HB","59.9","1","3","9","3.0","0","0","0","0","1","3","1.0","6","2.0","0"
"","205856","","454124","","Carl McDonald Jr.","ALCORN ST","22","HB","53.8","6","17","81","4.8","0","3","1","0","5","29","1.7","52","3.1","0"
"","205905","","454902","","Ingram Battles","ARKBC","34","HB","57.4","1","6","19","3.2","0","0","0","0","0","11","1.8","8","1.3","0"
"","205909","","454904","","Daryl Searcy Jr.","ARKBC","22","HB","41.7","1","4","7","1.8","0","0","1","0","0","2","0.5","5","1.3","0"
"","205966","","451948","","Sean Weston","DELWARE ST","22","HB","71","15","30","129","4.3","1","6","0","0","10","20","0.7","109","3.6","0"
"","206010","","0","","Porter Williams","DRAKE","28","HB","59.6","0","1","2","2.0","0","0","0","0","0","0","0.0","2","2.0","0"
"","206025","","450459","","Nick Herman","DRAKE","29","HB","87.5","82","145","1024","7.1","6","41","1","1","40","425","2.9","599","4.1","0"
"","206129","","454257","","Ravon Moore","NORFOLK","35","HB","58.2","1","5","20","4.0","0","1","0","0","1","8","1.6","12","2.4","0"
"","206135","","451680","","Zachary Manning","NORFOLK","38","HB","69.2","2","2","26","13.0","0","1","0","0","0","9","4.5","17","8.5","0"
"","206145","","459466","","Josiah Bryson","ST FRANCIS","28","HB","68.1","6","15","70","4.7","0","4","0","0","1","17","1.1","53","3.5","0"
"","206178","","459477","","Jones Rocky","ST FRANCIS","15","HB","59.5","0","1","-3","-3.0","0","0","0","0","0","-6","-6.0","3","3.0","0"
"","206233","","450540","","Calvin Swinney","UPIOWA","23","HB","53.8","2","5","11","2.2","0","0","0","0","2","-2","-0.4","13","2.6","0"
"","206240","","465149","","Tray Kinkle","USF","29","HB","62.7","1","1","15","15.0","0","1","0","0","2","5","5.0","10","10.0","0"
"","206251","","449861","","Chase Garnett","USF","22","HB","75.4","5","9","101","11.2","0","4","0","0","1","60","6.7","41","4.6","0"
"","206265","","451871","","TJ Lester","W GEORGIA","21","HB","69.9","42","99","417","4.2","6","27","1","1","14","117","1.2","300","3.0","0"
"","206305","","459217","","Naeem Odeniyi","W GEORGIA","26","HB","67.6","2","4","15","3.8","0","0","0","0","1","2","0.5","13","3.3","0"
"","206338","","456462","","Floyd Flugence","ARKAPB","81","HB","66.1","2","3","48","16.0","0","2","0","0","1","42","14.0","6","2.0","0"
"","206355","","449881","","Bryant Sanchez","ARKAPB","24","HB","73.6","21","38","234","6.2","0","10","0","0","8","117","3.1","117","3.1","0"
"","206357","","449696","","Jalen Morris","ARKAPB","31","HB","61.5","1","4","10","2.5","0","1","0","0","0","3","0.8","7","1.8","0"
"","206367","","442528","","Natwan Webster","MS VLY ST","30","HB","60.3","16","44","123","2.8","2","8","0","0","4","29","0.7","94","2.1","0"
"","206398","","452358","","Norman Taylor","MS VLY ST","49","HB","69.8","37","71","294","4.1","3","16","0","0","10","138","1.9","156","2.2","0"
"","206416","","463659","","Rashon Brown","BETH COOK","30","HB","82.2","20","30","172","5.7","1","8","0","0","8","89","3.0","83","2.8","0"
"","206421","","451657","","Khamani Robinson","BETH COOK","29","HB","73.5","40","93","544","5.8","5","23","0","0","10","321","3.5","223","2.4","0"
"","206427","","459382","","Deanwar Johnson","BETH COOK","49","HB","54.7","0","3","5","1.7","0","0","0","0","0","-1","-0.3","6","2.0","0"
"","206433","","451669","","Juan Rodriguez","BETH COOK","20","HB","65.5","9","24","105","4.4","1","4","1","1","7","19","0.8","86","3.6","0"
"","206438","","451227","","Emmanuel Chambers","CAMPBELL","26","HB","57.6","0","2","1","0.5","0","0","0","0","0","-1","-0.5","2","1.0","0"
"","206442","","0","","Josh Ellerbe","CAMPBELL","21","HB","63.3","1","1","8","8.0","0","0","0","0","0","0","0.0","8","8.0","0"
"","206482","","450753","","Ja'Cyion Cox","MARIST","04","HB","70.5","8","19","89","4.7","2","6","0","0","6","3","0.2","86","4.5","0"
"","206499","","416092","","Jayden Shwed","NEWHVN","03","HB","56.4","7","25","56","2.2","1","1","0","0","1","8","0.3","48","1.9","0"
"","206551","","465270","","Rowan Johnston","NEWHVN","29","HB","64.5","4","10","47","4.7","0","2","0","0","2","25","2.5","22","2.2","0"
"","206568","","387781","","Zaon Laney","NEWHVN","02","HB","75.5","27","51","344","6.8","4","17","0","0","7","146","2.9","198","3.9","0"
"","206577","","433337","","Jalen Smith","NEWHVN","34","HB","73.6","30","55","396","7.2","1","16","2","1","25","116","2.1","280","5.1","0"
"","206832","","444349","","Salnave Esterlin","AMRINT","10","HB","58.2","0","1","2","2.0","0","0","0","0","0","0","0.0","2","2.0","0"
"","206835","","454234","","Ronjai Francis","AMRINT","30","HB","58.6","0","3","6","2.0","0","0","0","0","0","2","0.7","4","1.3","0"
"","206926","","395132","","Joshua Compoh","Falcons","25","HB","61.5","2","6","18","3.0","0","1","0","0","0","0","0.0","18","3.0","0"
"","206940","","413396","","Telly Edouard","Falcons","27","HB","62.6","3","6","10","1.7","0","0","0","0","1","-6","-1.0","16","2.7","0"
"","206948","","416759","","Dylan Gordon","Falcons","34","HB","59.5","0","1","2","2.0","0","0","0","0","0","-2","-2.0","4","4.0","0"
"","207027","","0","","Kyree Edwards","BLUEFIELD","12","HB","57.8","1","7","6","0.9","0","1","0","0","0","-3","-0.4","9","1.3","0"
"","207089","","0","","Marquavion Rosser","BLUEFIELD","32","HB","58.6","0","2","2","1.0","0","0","0","0","0","-1","-0.5","3","1.5","0"
"","207120","","0","","Zamarreon Younger","BLUEFIELD","05","HB","54.2","0","4","14","3.5","0","0","0","0","0","5","1.3","9","2.3","0"
"","207129","","433665","","Maximus Jones","BOWIE ST","02","HB","63.2","2","6","26","4.3","0","1","0","0","0","18","3.0","8","1.3","0"
"","207236","","450057","","Anthony McMillian","CHADST","20","HB","55.1","0","3","2","0.7","0","0","0","0","0","0","0.0","2","0.7","0"
"","207257","","444263","","Quincey Ryker","CHADST","37","HB","68.4","6","14","47","3.4","0","2","0","0","1","25","1.8","22","1.6","0"
"","207293","","0","","Lamar Childress","CUMBERLAND","32","HB","57.3","0","3","0","0.0","0","0","0","0","0","-5","-1.7","5","1.7","0"
"","207296","","452685","","Jacob Cornejo","CUMBERLAND","00","HB","64.7","3","7","27","3.9","0","1","0","0","1","18","2.6","9","1.3","0"
"","207367","","452746","","Rod Payne","CUMBERLAND","02","HB","53.6","2","6","7","1.2","0","0","0","0","2","-4","-0.7","11","1.8","0"
"","207416","","454994","","Amarion Grant","ED WATERS","32","HB","61","1","4","2","0.5","0","1","0","0","0","-4","-1.0","6","1.5","0"
"","207464","","401444","","Bryce Council","FAYETVL ST","00","HB","78.8","6","14","116","8.3","1","2","0","0","3","35","2.5","81","5.8","0"
"","207542","","439291","","Braylon Vinson","FAYETVL ST","08","HB","74.7","6","11","80","7.3","0","2","0","0","2","5","0.5","75","6.8","0"
"","207579","","435494","","Karee Dykes","Pride","09","HB","64.9","2","4","10","2.5","0","1","0","0","0","-1","-0.3","11","2.8","0"
"","207654","","443805","","Quinton Solomon","Pride","20","HB","57.7","0","1","0","0.0","0","0","0","0","0","0","0.0","0","0.0","0"
"","207669","","435539","","Jaquavius Weldon","Pride","22","HB","57","0","2","4","2.0","0","0","0","0","0","2","1.0","2","1.0","0"
"","207670","","460008","","Kyjuan Westmoreland","Pride","25","HB","61.2","1","3","6","2.0","0","0","0","0","1","-3","-1.0","9","3.0","0"
"","207683","","0","","Don Dunning Jr.","Panthers","35","HB","69.6","5","11","60","5.5","0","3","0","0","1","4","0.4","56","5.1","0"
"","207773","","435647","","Fabian Duncan","Yellow Jackets","22","HB","74.3","9","15","64","4.3","2","5","0","0","5","15","1.0","49","3.3","0"
"","207809","","469887","","Mekhi Dodd","BOSTON COL","29","HB","50","0","7","12","1.7","0","0","0","0","0","4","0.6","8","1.1","0"
"","207813","","449336","","Bo MacCormack III","BOSTON COL","24","HB","61","5","15","43","2.9","1","3","0","0","0","20","1.3","23","1.5","0"
"","207842","","466471","","Anthony League","CAL","25","HB","69.1","5","11","38","3.5","1","2","0","0","1","12","1.1","26","2.4","0"
"","207881","","453197","","NIcholas Woodford","MHMRTI","25","HB","62.9","3","8","25","3.1","0","1","0","0","1","7","0.9","18","2.3","0"
"","207941","","0","","Austin Bills","Cardinal","15","HB","63.3","1","1","10","10.0","0","1","0","0","1","2","2.0","8","8.0","0"
"","207942","","439513","","Israel Bradford","Cardinal","06","HB","57.9","0","1","7","7.0","0","0","0","0","0","5","5.0","2","2.0","0"
"","208029","","461331","","Jose Trevino","Lobos","30","HB","70.3","4","7","28","4.0","0","1","0","0","1","13","1.9","15","2.1","0"
"","208030","","456703","","David Smith","Lobos","02","HB","43.5","4","15","-19","-1.3","0","0","1","1","2","-37","-2.5","18","1.2","0"
"","208855","","469867","","Ryken Moon","WASHINGTON","32","HB","64.7","2","5","22","4.4","0","1","0","0","0","17","3.4","5","1.0","0"
"","208908","","453813","","Lawrence Butler","TEXAS STHN","20","HB","64.6","15","37","173","4.7","3","8","0","0","9","64","1.7","109","3.0","0"
"","208975","","388393","","Beau Herrington","CITADEL","11","HB","71.8","37","75","364","4.8","2","18","0","0","11","187","2.5","177","2.4","0"
"","209014","","469100","","Brennan Carroll","TXRG","06","HB","75.1","11","23","193","8.4","1","6","0","0","4","134","5.8","59","2.6","0"
"","209023","","469031","","TJ Dement","TXRG","20","HB","69.5","29","62","323","5.2","5","19","0","0","9","120","1.9","203","3.3","0"
"","209028","","469036","","Fabian Garcia","TXRG","24","HB","68.2","11","27","213","7.9","3","8","0","0","4","124","4.6","89","3.3","0"
"","209063","","469122","","Jamal Polley","TXRG","28","HB","70.3","5","11","84","7.6","0","3","0","0","2","62","5.6","22","2.0","0"
"","209071","","0","","Broderick Taylor","TXRG","26","HB","88.9","3","5","117","23.4","2","3","0","0","1","47","9.4","70","14.0","0"
"","209137","","433303","","Josh Moody","THMORE","29","HB","59.7","0","1","2","2.0","0","0","0","0","0","1","1.0","1","1.0","0"
"","209172","","451622","","Demetrick Welch Jr.","THMORE","25","HB","57.7","1","8","14","1.8","0","0","0","0","0","-1","-0.1","15","1.9","0"
"","209174","","415149","","Eli White","THMORE","08","HB","64.1","8","26","94","3.6","0","5","1","1","4","31","1.2","63","2.4","0"
"","209198","","0","","Kendrick Jefferson","Lobos","08","HB","49.2","7","15","36","2.4","0","2","2","1","4","9","0.6","27","1.8","0"
"","209550","","466553","","Myles Craddock","DARTMOUTH","32","HB","66.3","11","21","71","3.4","1","3","0","0","4","31","1.5","40","1.9","0"
"","209605","","461197","","Kyjuan Taylor","FL A&M","37","HB","49.2","1","4","3","0.8","0","1","0","0","0","-3","-0.8","6","1.5","0"
"","209629","","449416","","Yohan-Li Louis","FORDHAM","13","HB","68.3","32","69","249","3.6","0","7","1","0","13","82","1.2","167","2.4","0"
"","209707","","451463","","Jah'Kei Chavis","HAMPTON","03","HB","73.1","29","71","339","4.8","3","19","0","0","14","85","1.2","254","3.6","0"
"","209766","","397557","","Sivert Klefsaas","MAINE","23","HB","54.9","1","11","42","3.8","0","2","0","0","1","1","0.1","41","3.7","0"
"","209776","","450548","","Galamama Mulbah","MERRIMACK","24","HB","72.5","26","49","251","5.1","2","13","1","1","9","109","2.2","142","2.9","0"
"","209884","","466591","","Charles Langama","N DAKOTA","32","HB","67.4","9","17","90","5.3","1","5","0","0","7","21","1.2","69","4.1","0"
"","209921","","459114","","Kieryus Boone","N COLORADO","27","HB","66.8","14","32","153","4.8","2","6","0","0","10","74","2.3","79","2.5","0"
"","209927","","459115","","Brandon Lambert Jr.","N COLORADO","28","HB","53.5","0","5","8","1.6","0","0","0","0","0","0","0.0","8","1.6","0"
"","209943","","455926","","Omar Mbakwe","SAN DIEGO","30","HB","59.9","9","25","78","3.1","0","4","0","0","4","23","0.9","55","2.2","0"
"","209961","","0","","Julian Milligan","SCAR STATE","21","HB","61","3","8","31","3.9","1","1","0","0","1","19","2.4","12","1.5","0"
"","209964","","450914","","Mason Pickett-Hicks","SCAR STATE","06","HB","63.7","28","58","257","4.4","2","11","2","1","7","122","2.1","135","2.3","1"
"","210047","","0","","Taveon Porter","TENN STATE","19","HB","69.1","8","13","54","4.2","1","7","0","0","2","7","0.5","47","3.6","0"
"","210057","","452231","","Zack Simmons-Brown","TENN STATE","30","HB","74.7","36","102","516","5.1","2","18","0","0","16","231","2.3","285","2.8","0"
"","210126","","459041","","Hugo Djeumeni Kemeni","YALE","06","HB","57.9","4","16","50","3.1","0","2","0","0","4","-6","-0.4","56","3.5","0"
"","210150","","451919","","Jaterrius Johnson","LOUCHR","37","HB","68.9","3","6","45","7.5","0","1","0","0","3","28","4.7","17","2.8","0"
"","210153","","451829","","Ashontis Brooks Jr.","LOUCHR","27","HB","63.8","2","3","6","2.0","0","0","0","0","3","0","0.0","6","2.0","0"
"","210309","","0","","DaMariyea Hamilton","LNGLIO","11","HB","45","3","5","4","0.8","0","0","1","1","4","-1","-0.2","5","1.0","0"
"","210311","","0","","True Booker","LNGLIO","32","HB","60","2","7","0","0.0","0","0","0","0","1","-5","-0.7","5","0.7","0"
"","210340","","452760","","Tavion Ray","VA LYNCHBU","22","HB","63.9","1","2","11","5.5","0","1","0","0","0","6","3.0","5","2.5","0"
"","210360","","452828","","Maurice Sims","TENN TECH","43","HB","76.3","10","14","134","9.6","1","6","0","0","4","41","2.9","93","6.6","0"
"","210365","","450065","","Daytuawn Pearson","CHADST","32","HB","59.7","1","4","24","6.0","0","1","0","0","0","22","5.5","2","0.5","0"
"","210392","","0","","Charles Carter","LNGLIO","34","HB","59.9","4","16","17","1.1","0","2","0","0","3","-21","-1.3","38","2.4","0"
"","210394","","456698","","Kyree Payton","Lobos","15","HB","58.2","0","1","3","3.0","0","0","0","0","1","1","1.0","2","2.0","0"
"","210395","","451613","","LaDamion McDowell","LAMAR","43","HB","69.8","28","62","378","6.1","2","18","0","0","12","163","2.6","215","3.5","0"
"","210407","","0","","Christian Kent","LNGLIO","42","HB","53.8","0","5","4","0.8","0","0","0","0","0","0","0.0","4","0.8","0"
"","210416","","0","","Rashard Ellzey","LNGLIO","30","HB","61.3","1","3","5","1.7","0","0","0","0","0","3","1.0","2","0.7","0"
"","210462","","455586","","Roderick McCrary","ALBANY ST","24","HB","61.6","1","2","15","7.5","0","1","0","0","0","11","5.5","4","2.0","0"
"","210487","","0","","Tiant Wyche","ALBANY ST","20","HB","64.7","4","8","29","3.6","1","2","0","0","0","20","2.5","9","1.1","0"
"","210490","","456722","","Donaiz Barker","CENTRAL ST","31","HB","59.7","2","7","20","2.9","0","1","0","0","0","-6","-0.9","26","3.7","0"
"","210547","","0","","Dai'Vontay Young","CENTRAL ST","32","HB","69.5","5","10","19","1.9","0","0","1","0","3","-12","-1.2","31","3.1","0"
"","210574","","455599","","Jamareon Dale","KYCRST","14","HB","59.3","1","5","9","1.8","0","0","0","0","0","-7","-1.4","16","3.2","0"
"","210621","","452809","","Chad Elzy Jr","KY STATE","33","HB","74.4","8","13","66","5.1","1","3","0","0","3","16","1.2","50","3.9","0"
"","210719","","454690","","Jaleb Tupuola","LANECOL","30","HB","59.7","1","3","5","1.7","0","0","0","0","0","-2","-0.7","7","2.3","0"
"","210851","","0","","Ramon McKinney Jr.","NORTHEA ST","05","HB","71.5","3","8","36","4.5","0","2","0","0","1","24","3.0","12","1.5","0"
"","210862","","0","","Kacie Riley","NORTHEA ST","00","HB","62.6","1","2","15","7.5","0","1","0","0","0","10","5.0","5","2.5","0"
"","210905","","0","","Noah Dobert","Wildcats","20","HB","59.2","6","14","44","3.1","0","4","0","0","1","20","1.4","24","1.7","0"
"","210937","","0","","Nico Lukkarinen","Wildcats","25","HB","59.1","2","7","24","3.4","0","1","0","0","1","7","1.0","17","2.4","0"
"","210940","","0","","Vince Martin","Wildcats","43","HB","57.6","1","3","9","3.0","0","0","0","0","0","5","1.7","4","1.3","0"
"","210971","","0","","Jahi Wood","Wildcats","02","HB","57.6","6","17","49","2.9","1","4","0","0","5","15","0.9","34","2.0","0"
"","211019","","0","","Jhamier Howard","PACENY","21","HB","65.3","3","5","23","4.6","0","2","0","0","2","1","0.2","22","4.4","0"
"","211045","","0","","Anthony Robinson","PACENY","25","HB","72.7","3","3","15","5.0","0","0","0","0","1","5","1.7","10","3.3","0"
"","211073","","452634","","David Gardner Jr.","SVANNAH ST","30","HB","57.8","3","6","13","2.2","0","1","0","0","3","0","0.0","13","2.2","0"
"","211097","","463793","","Anthony Wilson","SVANNAH ST","40","HB","58.9","1","1","-4","-4.0","0","0","0","0","2","-3","-3.0","-1","-1.0","0"
"","211108","","0","","Kieran Falzon","SOCTOW","33","HB","65","13","25","92","3.7","1","5","0","0","8","15","0.6","77","3.1","0"
"","211201","","467237","","Mark Benjamin","TXWSLY","29","HB","41.7","2","4","5","1.3","0","0","1","1","1","1","0.3","4","1.0","0"
"","211278","","467259","","Ashton Mitchell","TXWSLY","34","HB","63.9","2","4","10","2.5","1","1","0","0","0","4","1.0","6","1.5","0"
"","211292","","467266","","Tony Roberson","TXWSLY","20","HB","72.5","3","4","14","3.5","0","2","0","0","2","2","0.5","12","3.0","0"
"","211318","","467279","","Chris Thomas","TXWSLY","26","HB","56.3","1","8","33","4.1","0","2","0","0","0","21","2.6","12","1.5","0"
"","211355","","0","","Jack Butchko","Bulldogs","25","HB","54.2","0","2","5","2.5","0","0","0","0","0","3","1.5","2","1.0","0"
"","211361","","0","","Denim Cook","Bulldogs","07","HB","73.2","6","9","57","6.3","1","2","0","0","1","19","2.1","38","4.2","0"
"","211481","","461477","","Ostin Perkins","GAVA","26","HB","53","1","7","12","1.7","0","0","0","0","0","5","0.7","7","1.0","0"
"","211527","","453839","","TJ Mordecai","VIRSTA","21","HB","61.3","2","4","7","1.8","0","0","0","0","2","1","0.3","6","1.5","0"
"","211544","","458677","","Cameron Bennett","WARNER","09","HB","64.7","2","4","10","2.5","0","0","0","0","1","-2","-0.5","12","3.0","0"
"","211560","","458703","","Deejay Grimes","WARNER","06","HB","64.4","2","8","15","1.9","0","0","0","0","4","-4","-0.5","19","2.4","0"
"","211604","","458891","","Jamarian Robinson","WARNER","23","HB","64.7","2","4","10","2.5","0","1","0","0","0","4","1.0","6","1.5","0"
"","211605","","458892","","George Rogers","WARNER","35","HB","60.9","1","3","15","5.0","0","2","0","0","0","4","1.3","11","3.7","0"
"","211698","","0","","Hunter Patterson","Hiltoppers","20","HB","57.2","6","14","44","3.1","0","2","1","1","3","-2","-0.1","46","3.3","0"
"","211725","","452521","","Jycen Anciso","Panther","20","HB","61.4","2","3","29","9.7","0","1","0","0","1","24","8.0","5","1.7","0"
"","211784","","453980","","Vladimir Joacin Jr.","Panther","21","HB","62.4","2","2","5","2.5","0","0","0","0","1","-3","-1.5","8","4.0","0"
"","211794","","0","","Jahylen Lee","Panther","05","HB","38.4","2","4","1","0.3","0","0","1","1","1","-4","-1.0","5","1.3","0"
"","211835","","0","","Aidan Vaught","Panther","04","HB","61.3","6","17","41","2.4","0","3","0","0","1","0","0.0","41","2.4","0"
"","211851","","0","","Na'Ledge Wright","Panther","02","HB","53.6","0","8","10","1.3","0","0","0","0","0","3","0.4","7","0.9","0"
"","211896","","0","","Rashard Biggs","ELIZBTH ST","24","HB","56.3","0","2","6","3.0","0","0","0","0","0","-1","-0.5","7","3.5","0"
"","211899","","454566","","Andre Staley","ELIZBTH ST","28","HB","60.1","1","3","9","3.0","0","0","0","0","1","2","0.7","7","2.3","0"
"","212052","","453195","","Rory Thomas","MHMRTI","39","HB","56.4","0","2","2","1.0","0","0","0","0","0","-1","-0.5","3","1.5","0"
"","212059","","453439","","Wesley Yarbrough","ARIZONA","00","HB","66.5","9","22","82","3.7","0","5","0","0","4","28","1.3","54","2.5","0"
"","212066","","0","","M'Khi Guy","LINCOK","13","HB","56.5","0","4","3","0.8","0","0","0","0","0","-2","-0.5","5","1.3","0"
"","212076","","458390","","Daryl Davis Jr.","LINCOK","35","HB","56.5","3","11","13","1.2","0","1","0","0","3","-15","-1.4","28","2.5","0"
"","212114","","456538","","Payson Jones","Flying Fleet","36","HB","58.7","0","1","2","2.0","0","0","0","0","0","0","0.0","2","2.0","0"
"","212140","","465278","","Quasim Benson","Wolves","05","HB","75.6","4","6","24","4.0","0","2","0","0","2","11","1.8","13","2.2","0"
"","212197","","0","","Antwan Davis","Wolves","07","HB","61.4","1","4","2","0.5","0","0","0","0","1","-5","-1.3","7","1.8","0"
"","212236","","0","","Anthony Lofaro","Wolves","21","HB","47.3","2","3","11","3.7","0","0","1","1","0","7","2.3","4","1.3","0"
"","212238","","0","","Kamryn Holmes","Wolves","02","HB","55.7","0","3","7","2.3","0","0","0","0","0","2","0.7","5","1.7","0"
"","212285","","0","","Carson Workman","W OREGON","30","HB","55.3","1","7","16","2.3","0","1","0","0","0","-3","-0.4","19","2.7","0"
"","212369","","0","","Tu'Shawn Wilson","Ravens","01","HB","54.2","1","7","1","0.1","0","1","0","0","1","-11","-1.6","12","1.7","0"
"","212418","","456676","","Cade Hays","Lobos","44","HB","57.8","0","2","-3","-1.5","0","0","0","0","0","-4","-2.0","1","0.5","0"
"","212448","","456754","","Robert Moreland","SOCTOW","25","HB","69.8","5","8","40","5.0","0","2","0","0","2","12","1.5","28","3.5","0"
"","212501","","461476","","Shawn Paschall","GAVA","33","HB","74.8","7","10","62","6.2","2","5","0","0","2","30","3.0","32","3.2","0"
"","212526","","465500","","Tristen Davis","MS VLY ST","41","HB","62.5","5","10","26","2.6","1","2","0","0","0","2","0.2","24","2.4","0"
"","212534","","0","","Unknown Westgate Christian 14","Ravens","14","HB","58.6","0","2","2","1.0","0","0","0","0","0","-2","-1.0","4","2.0","0"
"","212618","","365637","","Josh Rogers","BERRY VIK","09","HB","61","6","13","72","5.5","0","4","1","1","3","36","2.8","36","2.8","0"
"","212630","","391152","","Colby Sikes","BERRY VIK","02","HB","56.2","0","2","-1","-0.5","0","0","0","0","0","-2","-1.0","1","0.5","0"
"","212743","","394823","","Caden Whitehead","DEPAUW","11","HB","64.6","9","24","93","3.9","0","4","0","0","1","51","2.1","42","1.8","0"
"","212752","","399473","","Jaylen Johnson","JOHNCA","32","HB","67.2","11","15","89","5.9","0","6","1","0","6","32","2.1","57","3.8","0"
"","212753","","390093","","Nemo Jenkins","JOHNCA","26","HB","85.3","58","113","793","7.0","7","35","0","0","23","199","1.8","594","5.3","0"
"","212756","","454580","","Cohen Klimak","JOHNCA","31","HB","79","44","80","455","5.7","4","27","1","1","25","173","2.2","282","3.5","0"
"","212769","","422110","","Quincy Newsom","JOHNCA","21","HB","80.3","65","116","674","5.8","7","41","1","1","12","337","2.9","337","2.9","0"
"","212782","","422117","","Javi Quimba","JOHNCA","00","HB","69.8","9","17","54","3.2","0","3","0","0","6","14","0.8","40","2.4","0"
"","212785","","443540","","Josh Styles","JOHNCA","10","HB","70.9","8","20","84","4.2","1","4","0","0","4","28","1.4","56","2.8","0"
"","212838","","392975","","Geoff Schroeder","JHN HOP","20","HB","60.3","5","14","40","2.9","0","1","0","0","3","4","0.3","36","2.6","0"
"","212844","","420051","","Ty Pugliano","JHN HOP","22","HB","66.9","1","5","16","3.2","0","0","0","0","3","-2","-0.4","18","3.6","0"
"","212883","","460607","","Dominic Santoiemma","KENYON","06","HB","52.9","0","4","2","0.5","0","0","0","0","0","0","0.0","2","0.5","0"
"","212922","","402758","","Jordon Benjamin","KENYON","01","HB","52.7","3","11","13","1.2","0","0","0","0","2","-1","-0.1","14","1.3","0"
"","212944","","402775","","Julius Thompson","KENYON","03","HB","68.8","2","3","13","4.3","0","0","0","0","1","2","0.7","11","3.7","0"
"","212951","","434465","","Kayden Minner","MT UNION","26","HB","61.3","2","4","13","3.3","0","1","0","0","2","5","1.3","8","2.0","0"
"","212982","","358980","","Darnell Williams","MT UNION","21","HB","60.8","4","15","44","2.9","0","3","0","0","5","15","1.0","29","1.9","0"
"","212989","","459873","","Zeb Rashid","NTH CENT","34","HB","64.6","2","3","16","5.3","0","1","0","0","0","8","2.7","8","2.7","0"
"","212992","","438173","","Donovan McNeal","NTH CENT","04","HB","77.4","14","18","143","7.9","0","6","1","1","9","44","2.4","99","5.5","0"
"","213047","","458412","","Peyton Rough","OBERLIN","31","HB","61.7","2","6","15","2.5","0","1","0","0","0","6","1.0","9","1.5","0"
"","213049","","424151","","Jayden Eaton","OBERLIN","30","HB","63.9","1","4","9","2.3","0","0","0","0","1","1","0.3","8","2.0","0"
"","213075","","396800","","Devon Haley","OHIO WES","25","HB","57.4","0","4","-3","-0.8","0","0","0","0","0","-9","-2.3","6","1.5","0"
"","213081","","455181","","Giovanni Rufus","OHIO WES","19","HB","63","1","1","2","2.0","1","1","0","0","0","-3","-3.0","5","5.0","0"
"","213085","","440030","","Mysaun Sanders","OHIO WES","26","HB","60.1","1","5","26","5.2","0","1","0","0","0","12","2.4","14","2.8","0"
"","213095","","403987","","Cameron Chatmon","RAND MACON","24","HB","55.7","0","4","6","1.5","0","0","0","0","0","-1","-0.3","7","1.8","0"
"","213100","","410381","","Mitchell Johnson","RAND MACON","20","HB","59.6","2","7","26","3.7","0","1","0","0","2","7","1.0","19","2.7","0"
"","213131","","433458","","Cole Dickerson","WABASH","07","HB","63.8","5","7","20","2.9","0","2","0","0","3","1","0.1","19","2.7","0"
"","213148","","419866","","Carson Shriver","WYNESBRG","06","HB","59.2","1","4","13","3.3","0","1","0","0","0","6","1.5","7","1.8","0"
"","213176","","402580","","Zayne Cawley","WYNESBRG","20","HB","51","1","9","13","1.4","0","0","0","0","1","-9","-1.0","22","2.4","0"
"","213177","","457890","","Landon Cawley","WYNESBRG","21","HB","57.7","0","2","1","0.5","0","0","0","0","0","-1","-0.5","2","1.0","0"
"","213198","","457972","","Mutwali Stewart","WYNESBRG","26","HB","66.7","2","4","13","3.3","1","1","0","0","0","4","1.0","9","2.3","0"
"","213208","","457787","","Jaheim Hudson","WITNBRG","13","HB","58.4","0","2","2","1.0","0","1","0","0","0","-2","-1.0","4","2.0","0"
"","213233","","441303","","T.J. Meeks","WITNBRG","25","HB","66.9","7","12","34","2.8","0","1","0","0","3","5","0.4","29","2.4","0"
"","213265","","438387","","Manny Zelaya","CLG OF WOO","37","HB","63.7","4","15","31","2.1","0","2","0","0","2","-3","-0.2","34","2.3","0"
"","213274","","438375","","Bryson Douglas","CLG OF WOO","03","HB","65.3","1","2","3","1.5","0","0","0","0","0","-3","-1.5","6","3.0","0"