"","down","ydstogo","yardline_100","touchdown"
"1",NA,0,NA,NA
"2",NA,0,35,0
"3",1,10,78,0
"4",2,7,75,0
"5",1,10,64,0
"6",2,21,75,0
"7",3,23,77,0
"8",4,22,76,0
"9",1,10,77,0
"10",2,7,74,0
"11",3,7,74,0
"12",4,7,74,0
"13",1,10,66,0
"14",2,5,61,0
"15",1,10,48,0
"16",2,9,47,0
"17",3,9,47,0
"18",1,10,34,0
"19",1,15,39,0
"20",2,15,39,0
"21",3,3,27,0
"22",1,10,22,0
"23",2,7,19,0
"24",3,7,19,0
"25",3,12,24,0
"26",4,12,24,0
"27",NA,0,35,0
"28",1,10,75,0
"29",1,10,64,0
"30",2,8,62,0
"31",1,10,49,0
"32",1,15,54,0
"33",2,5,44,0
"34",2,15,54,0
"35",1,10,49,0
"36",2,1,40,0
"37",1,10,38,0
"38",1,15,43,0
"39",2,9,37,0
"40",NA,0,NA,NA
"41",1,10,25,0
"42",2,3,18,1
"43",NA,0,15,0
"44",NA,0,35,0
"45",1,10,65,0
"46",2,4,59,0
"47",1,10,14,0
"48",2,6,10,0
"49",3,2,6,0
"50",1,3,3,0
"51",1,1,1,0
"52",2,1,1,1
"53",NA,0,15,0
"54",NA,0,35,0
"55",1,10,55,0
"56",2,6,51,0
"57",3,1,46,0
"58",3,5,50,0
"59",1,10,40,0
"60",2,5,35,0
"61",3,1,31,0
"62",1,10,23,0
"63",2,8,21,0
"64",3,8,21,0
"65",4,5,18,0
"66",NA,0,35,0
"67",1,10,71,0
"68",2,10,71,0
"69",3,10,71,0
"70",1,10,60,0
"71",1,10,43,0
"72",1,20,53,0
"73",2,23,56,0
"74",3,12,45,0
"75",1,10,20,0
"76",1,5,15,0
"77",1,8,8,0
"78",2,4,4,1
"79",NA,0,15,0
"80",NA,0,35,0
"81",1,10,71,0
"82",NA,0,NA,NA
"83",NA,0,35,0
"84",1,10,85,0
"85",2,8,83,0
"86",1,10,66,0
"87",2,9,65,0
"88",3,7,63,0
"89",4,13,69,0
"90",1,10,81,0
"91",2,11,82,0
"92",1,10,30,0
"93",2,10,30,0
"94",3,10,30,0
"95",4,12,32,0
"96",NA,0,35,0
"97",1,10,73,0
"98",2,10,73,0
"99",1,10,61,0
"100",2,7,58,0
"101",3,7,58,0
"102",1,10,47,0
"103",1,15,52,0
"104",2,7,44,0
"105",3,1,38,0
"106",1,10,36,0
"107",2,2,28,0
"108",3,4,30,0
"109",1,10,25,0
"110",2,10,25,0
"111",3,5,20,0
"112",4,5,20,0
"113",1,10,72,0
"114",2,3,65,0
"115",1,10,60,0
"116",2,8,58,0
"117",3,4,54,0
"118",4,11,61,0
"119",1,10,73,0
"120",2,7,70,0
"121",1,10,63,0
"122",NA,0,NA,NA
"123",2,9,62,0
"124",3,8,61,0
"125",3,13,66,0
"126",4,7,60,0
"127",1,10,94,0
"128",1,13,97,0
"129",2,13,97,0
"130",3,11,95,0
"131",1,10,83,0
"132",2,8,81,0
"133",1,10,71,0
"134",1,10,60,0
"135",2,10,60,0
"136",3,9,59,0
"137",4,9,59,0
"138",1,10,83,0
"139",2,10,83,0
"140",3,10,83,0
"141",3,15,88,0
"142",4,15,88,0
"143",1,10,40,0
"144",2,7,37,0
"145",3,3,33,0
"146",1,10,28,0
"147",2,12,30,0
"148",2,21,39,0
"149",3,17,35,0
"150",NA,0,NA,0
"151",4,10,28,0
"152",1,10,64,0
"153",2,4,58,0
"154",1,10,37,0
"155",2,5,32,0
"156",1,10,19,0
"157",1,3,3,0
"158",2,3,3,0
"159",3,5,5,0
"160",4,5,5,0
"161",4,10,10,0
"162",NA,0,35,0
"163",1,10,74,0
"164",NA,0,NA,0
"165",2,7,71,0
"166",NA,0,NA,0
"167",3,4,68,0
"168",4,19,83,0
"169",1,10,58,0
"170",2,10,58,0
"171",3,1,49,0
"172",1,10,43,0
"173",2,5,38,0
"174",1,10,33,0
"175",2,10,33,0
"176",3,10,33,0
"177",4,1,24,0
"178",1,10,18,0
"179",2,10,18,0
"180",3,10,18,0
"181",4,10,18,0
"182",NA,0,NA,NA
"183",NA,0,NA,NA
"184",NA,0,35,0
"185",1,10,50,0
"186",2,2,42,0
"187",1,10,39,0
"188",2,7,36,0
"189",3,7,36,0
"190",3,2,31,0
"191",1,10,14,0
"192",2,11,15,1
"193",NA,0,15,0
"194",NA,0,35,0
"195",1,10,69,0
"196",2,4,63,0
"197",3,3,62,0
"198",1,10,59,0
"199",2,5,54,0
"200",3,3,52,0
"201",1,10,41,0
"202",1,10,28,0
"203",2,9,27,0
"204",1,10,22,0
"205",2,10,22,0
"206",3,2,14,0
"207",3,7,19,0
"208",4,22,34,0
"209",NA,0,35,0
"210",1,10,65,0
"211",2,1,56,0
"212",3,1,56,0
"213",4,3,58,0
"214",1,10,85,0
"215",1,10,74,0
"216",1,10,54,0
"217",NA,0,NA,NA
"218",2,8,52,0
"219",3,3,47,0
"220",1,10,30,1
"221",NA,0,15,0
"222",NA,0,35,0
"223",1,10,77,0
"224",2,10,77,0
"225",3,6,73,0
"226",4,6,73,0
"227",1,10,69,0
"228",2,5,64,0
"229",1,10,15,0
"230",2,5,10,1
"231",NA,0,15,0
"232",NA,0,35,0
"233",1,10,70,0
"234",2,3,63,0
"235",1,10,55,0
"236",2,10,55,0
"237",3,9,54,0
"238",1,10,37,0
"239",1,10,25,0
"240",2,3,18,0
"241",3,3,18,0
"242",1,10,12,0
"243",2,10,12,0
"244",3,8,10,0
"245",4,5,7,0
"246",NA,0,35,0
"247",1,10,54,0
"248",1,10,37,0
"249",2,5,32,0
"250",NA,0,NA,0
"251",3,5,32,0
"252",NA,0,NA,0
"253",1,10,17,0
"254",NA,0,NA,0
"255",2,25,32,0
"256",NA,0,NA,0
"257",3,24,31,0
"258",4,24,31,0
"259",NA,0,35,0
"260",1,10,73,0
"261",1,10,47,0
"262",NA,0,NA,0
"263",2,10,47,0
"264",1,10,25,0
"265",NA,0,NA,NA
"266",NA,0,35,0
"267",1,10,65,0
"268",2,7,62,0
"269",3,7,62,0
"270",1,10,23,1
"271",NA,0,15,0
"272",NA,0,35,0
"273",1,10,60,0
"274",2,5,55,0
"275",3,2,52,0
"276",1,10,47,0
"277",1,10,36,0
"278",2,10,36,0
"279",3,8,34,0
"280",4,5,31,0
"281",1,4,4,0
"282",2,2,2,1
"283",NA,0,15,0
"284",NA,0,1,0
"285",NA,0,35,0
"286",1,10,67,0
"287",2,5,62,0
"288",3,10,67,0
"289",4,10,67,0
"290",1,10,84,0
"291",2,10,84,0
"292",2,18,92,0
"293",3,1,75,0
"294",1,10,73,0
"295",2,8,71,0
"296",3,8,71,0
"297",4,8,71,0
"298",1,10,68,0
"299",1,10,32,0
"300",2,7,29,1
"301",NA,0,15,0
"302",NA,0,35,0
"303",1,10,84,0
"304",2,6,80,0
"305",NA,0,NA,NA
"306",1,10,72,0
"307",1,10,57,0
"308",2,6,53,0
"309",3,6,53,0
"310",1,2,2,0
"311",2,2,2,1
"312",NA,0,2,0
"313",NA,0,35,0
"314",1,10,65,0
"315",2,10,65,0
"316",3,10,65,0
"317",1,10,46,1
"318",NA,0,15,0
"319",NA,0,35,0
"320",1,10,72,0
"321",2,1,63,0
"322",1,10,57,0
"323",2,10,57,0
"324",3,1,48,0
"325",3,11,58,0
"326",4,16,63,0
"327",1,10,65,0
"328",2,7,62,0
"329",3,8,63,0
"330",3,13,68,0
"331",4,4,59,0
"332",1,10,80,0
"333",1,10,59,0
"334",2,4,53,0
"335",1,10,44,0
"336",2,10,44,0
"337",3,3,37,0
"338",1,10,29,0
"339",1,10,18,0
"340",2,10,18,0
"341",3,10,18,0
"342",4,2,10,1
"343",NA,0,15,0
"344",NA,0,35,0
"345",1,10,72,0
"346",1,10,59,0
"347",1,10,30,0
"348",1,1,1,0
"349",2,1,1,0
"350",3,1,1,1
"351",NA,0,2,0
"352",NA,0,35,0
"353",1,10,69,0
"354",NA,0,NA,0
"355",2,9,68,0
"356",NA,0,NA,0
"357",3,9,68,0
"358",NA,0,NA,0
"359",4,3,62,0
"360",1,10,80,0
"361",2,4,74,0
"362",1,10,66,0
"363",2,5,61,0
"364",2,10,66,0
"365",1,10,34,0
"366",NA,0,NA,0
"367",1,9,9,0
"368",NA,0,NA,0
"369",2,11,11,0
"370",NA,0,NA,0
"371",3,12,12,0
"372",4,14,14,0
"373",NA,0,NA,NA
"374",NA,0,NA,NA
"375",NA,0,35,0
"376",1,10,72,0
"377",2,10,72,0
"378",3,1,63,0
"379",4,1,63,0
"380",1,10,59,0
"381",1,20,69,0
"382",2,20,69,0
"383",3,10,59,0
"384",1,10,35,0
"385",1,20,45,0
"386",2,10,35,0
"387",1,10,19,0
"388",2,22,31,0
"389",3,12,21,0
"390",4,8,17,0
"391",NA,0,35,0
"392",1,10,71,0
"393",2,5,66,0
"394",3,2,63,0
"395",1,10,60,0
"396",2,3,53,0
"397",3,1,51,0
"398",1,10,49,0
"399",2,10,49,0
"400",3,7,46,0
"401",1,10,35,0
"402",2,5,30,0
"403",3,5,30,0
"404",4,5,30,0
"405",NA,0,35,0
"406",1,10,78,0
"407",NA,0,NA,NA
"408",2,6,74,0
"409",3,3,71,0
"410",4,5,73,0
"411",1,10,84,0
"412",2,1,75,0
"413",1,10,35,0
"414",2,3,28,0
"415",3,3,28,0
"416",1,10,21,0
"417",2,4,15,0
"418",3,3,14,0
"419",1,10,10,0
"420",2,6,6,1
"421",NA,0,15,0
"422",NA,0,NA,NA
"423",NA,0,NA,NA
"424",NA,0,35,0
"425",1,10,78,0
"426",2,8,76,0
"427",3,6,74,0
"428",1,10,62,0
"429",2,10,62,0
"430",3,11,63,0
"431",1,10,41,0
"432",2,8,39,0
"433",NA,0,NA,0
"434",3,8,39,0
"435",4,8,39,0
"436",1,10,91,0
"437",1,10,20,0
"438",2,2,12,0
"439",NA,0,NA,0
"440",NA,0,NA,0
"441",1,9,9,1
"442",NA,0,15,0
"443",NA,0,35,0
"444",1,10,60,0
"445",1,15,65,0
"446",2,7,57,0
"447",1,10,39,0
"448",2,10,39,0
"449",3,10,39,0
"450",1,10,68,0
"451",NA,0,NA,0
"452",2,7,65,0
"453",1,10,58,0
"454",1,10,47,0
"455",2,10,47,0
"456",NA,0,NA,0
"457",2,15,52,0
"458",NA,0,NA,0
"459",1,10,29,0
"460",NA,0,50,0
"461",1,10,80,0
"462",NA,0,NA,NA
"463",NA,0,35,0
"464",1,10,60,0
"465",2,1,51,0
"466",1,10,49,0
"467",2,1,40,0
"468",3,1,40,0
"469",1,10,14,0
"470",2,2,6,0
"471",3,2,6,0
"472",4,1,5,0
"473",1,10,94,0
"474",2,7,91,0
"475",3,7,91,0
"476",4,7,91,0
"477",1,10,73,0
"478",2,6,69,0
"479",3,3,66,0
"480",1,10,60,0
"481",2,1,51,0
"482",3,1,51,0
"483",4,13,63,0
"484",1,10,86,0
"485",2,10,86,0
"486",3,10,86,0
"487",1,10,69,0
"488",1,18,77,0
"489",1,28,87,0
"490",2,24,83,0
"491",1,10,38,0
"492",2,10,38,0
"493",2,15,43,0
"494",NA,0,NA,0
"495",3,6,34,0
"496",4,5,33,0
"497",1,10,67,0
"498",NA,0,NA,NA
"499",2,8,65,0
"500",1,10,53,0
"501",2,10,53,0
"502",1,10,43,0
"503",2,8,41,0
"504",3,2,35,0
"505",4,1,34,0
"506",1,10,31,0
"507",2,10,31,0
"508",3,8,29,0
"509",1,10,19,0
"510",2,9,18,0
"511",2,14,23,0
"512",3,14,23,0
"513",4,9,18,0
"514",NA,0,35,0
"515",1,10,80,0
"516",1,10,59,0
"517",2,1,50,0
"518",1,10,47,0
"519",2,10,47,0
"520",3,10,47,0
"521",1,10,32,0
"522",2,10,32,0
"523",3,10,32,0
"524",4,10,32,0
"525",1,10,27,1
"526",NA,0,15,0
"527",NA,0,35,0
"528",1,10,48,0
"529",NA,0,NA,0
"530",1,10,34,0
"531",NA,0,NA,0
"532",2,10,34,0
"533",1,10,17,0
"534",2,5,12,0
"535",3,4,11,0
"536",4,3,10,0
"537",NA,0,35,0
"538",1,10,65,0
"539",2,8,63,0
"540",3,5,60,0
"541",1,10,55,0
"542",1,10,48,0
"543",2,11,49,0
"544",NA,0,NA,NA
"545",NA,0,NA,NA
"546",NA,0,35,0
"547",1,10,68,0
"548",1,10,56,0
"549",2,11,57,0
"550",2,6,52,0
"551",3,1,47,0
"552",1,10,46,0
"553",2,10,46,0
"554",3,4,40,0
"555",1,10,27,0
"556",1,14,31,0
"557",2,7,24,0
"558",3,1,18,0
"559",1,10,13,0
"560",2,2,5,1
"561",NA,0,15,0
"562",NA,0,35,0
"563",1,10,67,0
"564",2,5,62,0
"565",1,10,57,0
"566",2,5,52,0
"567",3,3,50,0
"568",4,1,48,0
"569",1,10,46,0
"570",1,10,41,0
"571",2,3,34,0
"572",3,3,34,0
"573",1,10,28,0
"574",1,20,38,0
"575",2,13,31,0
"576",3,9,27,0
"577",1,10,23,0
"578",NA,0,NA,NA
"579",2,7,20,0
"580",1,4,4,0
"581",2,2,2,0
"582",3,1,1,0
"583",4,1,1,1
"584",NA,0,15,0
"585",NA,0,35,0
"586",NA,0,NA,0
"587",1,10,61,0
"588",2,9,60,0
"589",3,8,59,0
"590",1,10,45,0
"591",2,9,44,0
"592",3,9,44,0
"593",4,7,42,0
"594",1,10,80,0
"595",2,8,78,0
"596",3,8,78,0
"597",4,8,78,0
"598",1,10,54,0
"599",2,7,51,0
"600",1,10,31,0
"601",2,4,25,0
"602",3,2,23,0
"603",1,10,18,0
"604",1,3,3,0
"605",2,3,3,0
"606",3,1,1,1
"607",NA,0,15,0
"608",NA,0,35,0
"609",1,10,78,0
"610",2,10,78,0
"611",1,10,61,0
"612",2,11,62,0
"613",1,10,43,0
"614",2,10,43,0
"615",3,1,34,0
"616",1,10,32,0
"617",2,7,29,0
"618",NA,0,NA,0
"619",3,5,27,0
"620",4,5,27,0
"621",NA,0,35,0
"622",1,10,74,0
"623",NA,0,NA,0
"624",2,2,66,0
"625",NA,0,NA,NA
"626",NA,0,35,0
"627",1,10,69,0
"628",2,3,62,0
"629",3,3,62,0
"630",1,10,44,0
"631",1,20,54,0
"632",2,9,43,0
"633",3,9,43,0
"634",1,10,30,0
"635",2,10,30,0
"636",2,15,35,0
"637",3,1,21,0
"638",1,10,16,0
"639",2,10,16,0
"640",3,3,9,0
"641",1,5,5,1
"642",NA,0,15,0
"643",NA,0,35,0
"644",1,10,80,0
"645",2,5,75,0
"646",3,2,72,0
"647",4,2,72,0
"648",1,10,75,0
"649",2,16,81,0
"650",1,10,34,0
"651",2,9,33,0
"652",3,9,33,0
"653",1,10,23,0
"654",2,4,17,0
"655",3,4,17,0
"656",4,4,17,0
"657",NA,0,35,0
"658",1,10,75,0
"659",2,6,71,0
"660",3,4,69,0
"661",1,10,44,0
"662",NA,0,NA,NA
"663",2,9,43,0
"664",3,5,39,0
"665",4,5,39,0
"666",1,10,61,0
"667",2,9,60,0
"668",NA,0,NA,0
"669",3,9,60,0
"670",4,9,60,0
"671",1,10,80,0
"672",2,2,72,0
"673",1,10,67,0
"674",1,10,45,0
"675",2,13,48,0
"676",3,7,42,0
"677",4,7,42,0
"678",1,10,80,0
"679",NA,0,NA,0
"680",2,16,86,0
"681",3,21,91,0
"682",4,28,98,0
"683",1,10,42,0
"684",2,7,39,0
"685",3,7,39,0
"686",1,10,26,0
"687",2,10,26,0
"688",3,6,22,0
"689",1,10,13,0
"690",2,10,13,0
"691",3,9,12,0
"692",4,15,18,0
"693",1,10,74,0
"694",NA,0,NA,0
"695",2,11,75,0
"696",3,1,65,0
"697",4,1,65,0
"698",4,6,70,0
"699",1,10,67,0
"700",2,1,58,0
"701",1,10,40,0
"702",NA,0,NA,0
"703",2,12,42,0
"704",NA,0,NA,0
"705",2,7,37,0
"706",NA,0,NA,0
"707",3,12,42,0
"708",4,15,45,0
"709",4,20,50,0
"710",1,10,99,0
"711",2,10,99,0
"712",3,4,93,0
"713",3,7,96,0
"714",NA,0,NA,NA
"715",NA,0,NA,NA
"716",NA,0,35,0
"717",1,10,53,0
"718",2,3,46,0
"719",1,10,42,0
"720",2,4,36,0
"721",3,1,33,0
"722",1,1,1,0
"723",1,1,1,1
"724",NA,0,15,0
"725",NA,0,35,0
"726",1,10,70,0
"727",2,2,62,0
"728",1,10,59,0
"729",2,3,52,0
"730",1,10,36,0
"731",2,4,30,0
"732",1,10,25,0
"733",1,5,5,0
"734",2,3,3,0
"735",3,4,4,1
"736",NA,0,15,0
"737",NA,0,35,0
"738",1,10,88,0
"739",2,7,85,0
"740",1,10,67,0
"741",2,5,62,0
"742",3,2,59,0
"743",1,10,33,0
"744",1,20,43,0
"745",2,23,46,0
"746",1,10,12,0
"747",2,10,12,0
"748",NA,0,NA,NA
"749",1,1,1,1
"750",NA,0,15,0
"751",NA,0,35,0
"752",1,10,65,0
"753",2,4,59,0
"754",1,10,53,0
"755",2,6,49,0
"756",3,3,46,0
"757",1,10,39,0
"758",2,9,38,0
"759",1,10,29,0
"760",2,6,25,0
"761",3,5,24,0
"762",1,9,9,0
"763",2,8,8,1
"764",NA,0,15,0
"765",NA,0,35,0
"766",1,10,69,0
"767",2,7,66,0
"768",NA,0,50,0
"769",1,10,50,0
"770",1,10,35,0
"771",2,7,32,0
"772",3,2,27,0
"773",1,10,23,0
"774",2,10,23,0
"775",3,10,23,0
"776",4,10,23,0
"777",NA,0,35,0
"778",1,10,81,0
"779",2,6,77,0
"780",3,6,77,0
"781",1,10,26,0
"782",2,10,26,0
"783",3,2,18,0
"784",1,10,15,0
"785",2,5,10,1
"786",NA,0,15,0
"787",NA,0,35,0
"788",1,10,88,0
"789",1,10,79,0
"790",1,10,59,0
"791",NA,0,NA,0
"792",2,5,54,0
"793",3,5,54,0
"794",NA,0,NA,0
"795",NA,0,NA,0
"796",1,10,45,0
"797",1,10,35,0
"798",NA,0,NA,0
"799",2,10,35,0
"800",NA,0,NA,NA
"801",NA,0,35,0
"802",1,10,72,0
"803",2,5,67,0
"804",1,10,61,0
"805",2,7,58,0
"806",1,10,46,0
"807",2,1,37,0
"808",1,10,36,0
"809",2,10,36,0
"810",3,18,44,0
"811",4,14,40,0
"812",NA,0,35,0
"813",1,10,71,0
"814",2,4,65,0
"815",3,1,62,0
"816",1,10,60,0
"817",2,10,60,0
"818",1,10,11,0
"819",1,22,23,0
"820",2,22,23,0
"821",3,22,23,0
"822",1,10,11,0
"823",NA,0,NA,NA
"824",NA,0,NA,NA
"825",1,10,84,0
"826",2,11,85,0
"827",3,11,85,0
"828",4,3,77,0
"829",1,10,74,0
"830",2,6,70,0
"831",3,1,65,0
"832",1,10,51,0
"833",2,7,48,0
"834",NA,0,NA,NA
"835",3,10,51,0
"836",4,10,51,0
"837",1,10,87,0
"838",2,2,79,0
"839",3,1,78,0
"840",1,10,77,0
"841",1,5,72,0
"842",2,1,68,0
"843",3,1,68,0
"844",1,10,67,0
"845",2,3,60,0
"846",1,10,55,0
"847",NA,0,NA,0
"848",2,14,59,0
"849",3,14,59,0
"850",4,5,50,0
"851",4,10,55,0
"852",1,10,89,0
"853",1,10,76,0
"854",2,12,78,0
"855",3,10,76,0
"856",4,7,73,0
"857",1,10,76,0
"858",2,10,76,0
"859",3,7,73,0
"860",4,3,69,0
"861",1,10,82,0
"862",2,5,77,0
"863",3,5,77,0
"864",1,10,62,0
"865",2,10,62,0
"866",3,10,62,0
"867",4,3,55,0
"868",1,10,44,0
"869",NA,0,NA,0
"870",2,11,45,0
"871",NA,0,NA,0
"872",3,3,37,0
"873",NA,0,NA,0
"874",1,10,33,0
"875",2,11,34,0
"876",3,12,35,0
"877",NA,0,NA,NA
"878",NA,0,NA,NA
"879",NA,0,35,0
"880",1,10,83,0
"881",2,9,82,0
"882",1,10,62,0
"883",2,10,62,0
"884",3,10,62,0
"885",1,10,46,0
"886",2,8,44,0
"887",3,6,42,0
"888",1,10,31,0
"889",1,10,16,0
"890",2,9,15,0
"891",3,9,15,1
"892",NA,0,15,0
"893",NA,0,35,0
"894",1,10,76,0
"895",2,9,75,0
"896",3,7,73,0
"897",4,9,75,0
"898",4,14,80,0
"899",1,10,52,0
"900",2,10,52,0
"901",3,7,49,0
"902",1,10,23,0
"903",2,5,18,0
"904",3,3,16,0
"905",4,3,16,0
"906",NA,0,35,0
"907",1,10,90,0
"908",1,15,95,0
"909",2,1,81,0
"910",1,10,76,0
"911",2,12,78,0
"912",1,10,59,0
"913",2,5,54,0
"914",NA,0,50,NA
"915",3,1,50,0
"916",1,10,48,0
"917",2,11,49,0
"918",1,10,30,0
"919",2,7,27,0
"920",3,5,25,0
"921",1,10,17,0
"922",2,5,12,0
"923",3,5,12,0
"924",4,5,12,0
"925",NA,0,35,0
"926",1,10,65,0
"927",1,10,17,1
"928",NA,0,15,0
"929",NA,0,35,0
"930",1,10,71,0
"931",2,4,65,0
"932",3,1,62,0
"933",1,10,55,0
"934",2,4,49,0
"935",3,2,47,0
"936",1,10,38,0
"937",2,10,38,0
"938",3,6,34,0
"939",4,2,30,0
"940",1,10,19,0
"941",2,10,19,0
"942",3,7,16,0
"943",1,10,87,0
"944",2,5,82,0
"945",3,1,78,0
"946",NA,0,NA,0
"947",4,1,78,0
"948",1,10,82,0
"949",NA,0,NA,NA
"950",NA,0,35,0
"951",1,10,68,0
"952",2,5,63,0
"953",1,10,31,0
"954",2,9,30,0
"955",3,5,26,0
"956",1,10,10,0
"957",2,10,10,0
"958",3,16,16,0
"959",4,9,9,0
"960",NA,0,35,0
"961",1,10,76,0
"962",2,4,70,0
"963",3,1,67,0
"964",4,2,68,0
"965",1,10,79,0
"966",2,6,75,0
"967",1,10,66,0
"968",2,7,63,0
"969",3,6,62,0
"970",4,12,68,0
"971",1,10,85,0
"972",1,10,71,0
"973",2,6,67,0
"974",3,6,67,0
"975",1,10,62,0
"976",2,9,61,0
"977",1,10,51,0
"978",2,6,47,0
"979",3,5,46,0
"980",4,5,46,0
"981",NA,0,NA,NA
"982",1,10,92,0
"983",2,17,99,0
"984",3,16,98,0
"985",4,17,99,0
"986",4,17,99,0
"987",1,10,36,0
"988",2,8,34,0
"989",1,10,19,0
"990",2,4,13,0
"991",3,1,10,0
"992",4,1,10,0
"993",1,8,8,0
"994",2,3,3,1
"995",NA,0,15,0
"996",NA,0,35,0
"997",1,10,73,0
"998",2,3,66,0
"999",3,2,65,0
"1000",4,2,65,0
"1001",1,10,27,0
"1002",NA,0,NA,0
"1003",2,4,21,0
"1004",3,2,19,0
"1005",4,3,20,0
"1006",NA,0,35,0
"1007",1,10,65,0
"1008",2,10,65,0
"1009",NA,0,NA,0
"1010",3,14,69,0
"1011",4,5,60,0
"1012",1,10,55,0
"1013",1,5,50,0
"1014",1,10,41,0
"1015",2,3,34,0
"1016",1,10,30,0
"1017",2,11,31,0
"1018",1,10,20,0
"1019",2,10,20,0
"1020",3,10,20,0
"1021",NA,0,NA,0
"1022",4,3,13,1
"1023",NA,0,15,0
"1024",NA,0,35,0
"1025",1,10,49,0
"1026",2,6,45,0
"1027",NA,0,NA,NA
"1028",NA,0,NA,NA
"1029",NA,0,35,0
"1030",1,10,80,0
"1031",1,20,90,0
"1032",2,17,87,0
"1033",3,17,87,0
"1034",3,22,92,0
"1035",4,15,85,0
"1036",1,10,71,0
"1037",2,6,67,0
"1038",3,2,63,0
"1039",1,10,60,0
"1040",2,7,57,0
"1041",3,7,57,0
"1042",1,10,47,0
"1043",2,10,47,0
"1044",3,9,46,0
"1045",4,9,46,0
"1046",1,10,95,0
"1047",2,10,95,0
"1048",3,5,90,0
"1049",1,10,84,0
"1050",2,8,82,0
"1051",1,10,71,0
"1052",1,10,48,0
"1053",2,7,45,0
"1054",3,7,45,0
"1055",1,10,36,0
"1056",2,9,35,0
"1057",3,7,33,0
"1058",4,7,33,0
"1059",NA,0,35,0
"1060",1,10,75,0
"1061",2,10,75,0
"1062",3,7,72,0
"1063",NA,0,NA,NA
"1064",1,10,48,0
"1065",2,9,47,0
"1066",3,2,40,0
"1067",3,12,50,0
"1068",4,12,50,0
"1069",1,10,80,0
"1070",2,3,73,0
"1071",3,16,86,0
"1072",4,9,79,0
"1073",1,10,75,0
"1074",2,10,75,0
"1075",3,10,75,0
"1076",4,28,93,0
"1077",1,10,46,0
"1078",2,5,41,0
"1079",1,10,28,0
"1080",2,7,25,0
"1081",3,3,21,0
"1082",4,1,19,0
"1083",1,10,17,0
"1084",2,10,17,0
"1085",3,8,15,0
"1086",4,20,27,0
"1087",NA,0,35,0
"1088",1,10,65,0
"1089",2,5,60,0
"1090",1,10,41,0
"1091",2,9,40,0
"1092",1,10,31,0
"1093",NA,0,NA,0
"1094",1,7,7,0
"1095",2,2,2,0
"1096",NA,0,NA,0
"1097",3,1,1,0
"1098",NA,0,NA,0
"1099",4,1,1,1
"1100",NA,0,15,0
"1101",NA,0,35,0
"1102",1,10,77,0
"1103",2,5,72,0
"1104",1,10,49,0
"1105",1,15,54,0
"1106",1,10,49,0
"1107",2,10,49,0
"1108",NA,0,NA,0
"1109",1,10,35,0
"1110",NA,0,NA,NA
"1111",NA,0,35,0
"1112",1,10,68,0
"1113",2,13,71,0
"1114",1,10,56,0
"1115",2,8,54,0
"1116",1,10,18,0
"1117",1,10,13,1
"1118",NA,0,15,0
"1119",NA,0,35,0
"1120",1,10,80,0
"1121",1,15,85,0
"1122",2,3,73,0
"1123",1,10,63,0
"1124",1,15,68,0
"1125",2,1,54,0
"1126",1,10,51,0
"1127",2,22,63,0
"1128",1,10,59,0
"1129",2,4,53,0
"1130",3,11,60,0
"1131",4,11,60,0
"1132",1,10,76,0
"1133",2,10,76,0
"1134",1,10,61,0
"1135",2,9,60,0
"1136",1,10,50,0
"1137",2,8,48,0
"1138",2,23,63,0
"1139",3,19,59,0
"1140",4,10,50,0
"1141",1,10,87,0
"1142",2,6,83,0
"1143",1,10,70,0
"1144",2,8,68,0
"1145",NA,0,NA,NA
"1146",2,3,63,0
"1147",3,3,63,0
"1148",1,10,39,0
"1149",1,15,44,0
"1150",2,23,52,0
"1151",3,9,38,0
"1152",3,4,33,0
"1153",4,10,39,0
"1154",1,10,95,0
"1155",2,3,88,0
"1156",1,10,83,0
"1157",2,10,83,0
"1158",3,9,82,0
"1159",4,1,74,0
"1160",1,10,66,0
"1161",2,5,61,0
"1162",3,5,61,0
"1163",1,10,52,0
"1164",2,6,48,0
"1165",1,10,23,0
"1166",2,5,18,0
"1167",3,1,14,0
"1168",1,10,12,0
"1169",1,10,81,0
"1170",2,4,75,0
"1171",1,10,65,0
"1172",2,1,56,0
"1173",1,10,55,0
"1174",1,15,60,0
"1175",2,11,56,0
"1176",3,11,56,0
"1177",1,10,41,0
"1178",1,10,25,0
"1179",1,10,76,0
"1180",1,20,86,0
"1181",NA,0,NA,0
"1182",2,16,82,0
"1183",NA,0,NA,0
"1184",3,8,74,0
"1185",1,10,50,0
"1186",2,11,51,0
"1187",NA,0,NA,NA
"1188",NA,0,NA,NA
"1189",NA,0,35,0
"1190",1,10,76,0
"1191",2,6,72,0
"1192",3,6,72,0
"1193",4,6,72,0
"1194",1,10,68,0
"1195",2,4,62,0
"1196",1,10,29,0
"1197",2,1,20,0
"1198",1,10,12,0
"1199",2,7,9,0
"1200",3,8,10,0
"1201",3,3,5,1
"1202",NA,0,7,0
"1203",NA,0,35,0
"1204",1,10,65,0
"1205",1,10,54,0
"1206",2,9,53,0
"1207",1,10,43,0
"1208",1,15,48,0
"1209",2,9,42,0
"1210",NA,0,NA,0
"1211",3,9,42,0
"1212",4,9,42,0
"1213",1,10,98,0
"1214",2,10,98,0
"1215",3,2,90,0
"1216",4,2,90,0
"1217",1,10,58,0
"1218",2,10,58,0
"1219",3,9,57,0
"1220",4,9,57,0
"1221",1,10,79,0
"1222",1,10,56,0
"1223",2,10,56,0
"1224",1,10,45,0
"1225",1,10,32,0
"1226",1,10,15,0
"1227",1,20,25,0
"1228",NA,0,NA,NA
"1229",1,30,35,0
"1230",2,25,30,0
"1231",3,25,30,0
"1232",4,16,21,0
"1233",NA,0,35,0
"1234",1,10,66,0
"1235",2,4,60,0
"1236",3,4,60,0
"1237",4,1,57,0
"1238",1,10,51,0
"1239",2,4,45,0
"1240",1,10,41,0
"1241",2,6,37,0
"1242",3,1,32,0
"1243",NA,0,NA,0
"1244",4,1,32,0
"1245",1,10,26,0
"1246",1,20,36,0
"1247",2,4,20,0
"1248",1,10,10,0
"1249",2,10,10,0
"1250",3,9,9,0
"1251",4,17,17,0
"1252",NA,0,35,0
"1253",1,10,65,0
"1254",2,7,62,0
"1255",3,7,62,0
"1256",1,10,53,0
"1257",2,11,54,0
"1258",1,10,31,0
"1259",2,10,31,0
"1260",NA,0,NA,0
"1261",3,6,27,0
"1262",NA,0,NA,0
"1263",1,10,20,0
"1264",2,11,21,0
"1265",2,16,26,0
"1266",3,16,26,0
"1267",4,8,18,0
"1268",NA,0,35,0
"1269",1,10,71,0
"1270",1,10,33,0
"1271",2,10,33,0
"1272",3,10,33,0
"1273",3,15,38,0
"1274",3,20,43,0
"1275",4,17,40,0
"1276",NA,0,NA,NA
"1277",NA,0,35,0
"1278",1,10,72,0
"1279",2,9,71,0
"1280",3,9,71,0
"1281",4,9,71,0
"1282",1,10,80,0
"1283",1,10,69,0
"1284",1,20,79,0
"1285",2,6,65,0
"1286",3,2,61,0
"1287",1,10,48,0
"1288",2,3,41,0
"1289",2,8,46,0
"1290",3,8,46,0
"1291",1,10,31,0
"1292",2,8,29,0
"1293",3,1,22,0
"1294",1,10,11,1
"1295",NA,0,15,0
"1296",NA,0,35,0
"1297",1,10,74,0
"1298",2,7,71,0
"1299",3,15,79,0
"1300",4,1,65,0
"1301",1,10,61,0
"1302",1,15,66,0
"1303",2,8,59,0
"1304",1,10,44,0
"1305",1,10,28,0
"1306",2,5,23,0
"1307",1,10,18,0
"1308",2,3,11,0
"1309",3,3,11,1
"1310",NA,0,15,0
"1311",NA,0,35,0
"1312",1,10,65,0
"1313",NA,0,NA,NA
"1314",2,5,60,0
"1315",3,5,60,0
"1316",1,10,48,0
"1317",2,8,46,0
"1318",3,4,42,0
"1319",1,10,37,1
"1320",NA,0,2,0
"1321",NA,0,35,0
"1322",1,10,74,0
"1323",2,3,67,0
"1324",1,10,63,0
"1325",2,11,64,0
"1326",3,7,60,0
"1327",1,10,51,0
"1328",2,4,45,0
"1329",1,10,34,0
"1330",2,1,25,0
"1331",3,1,25,0
"1332",1,10,23,1
"1333",NA,0,7,0
"1334",NA,0,35,0
"1335",1,10,72,0
"1336",2,11,73,0
"1337",1,10,61,0
"1338",2,6,57,0
"1339",3,7,58,0
"1340",4,7,58,0
"1341",1,9,9,0
"1342",2,9,9,0
"1343",3,9,9,0
"1344",4,9,9,0
"1345",NA,0,35,0
"1346",1,10,80,0
"1347",NA,0,NA,0
"1348",1,10,62,0
"1349",NA,0,NA,0
"1350",2,9,61,0
"1351",NA,0,NA,0
"1352",3,14,66,0
"1353",1,10,47,0
"1354",2,11,48,0
"1355",3,13,50,0
"1356",NA,0,NA,NA
"1357",NA,0,NA,NA
"1358",NA,0,35,0
"1359",1,10,66,0
"1360",1,10,43,0
"1361",2,1,34,0
"1362",1,10,25,0
"1363",2,6,21,0
"1364",3,6,21,0
"1365",3,11,26,1
"1366",NA,0,15,0
"1367",NA,0,35,0
"1368",1,10,53,0
"1369",2,9,52,0
"1370",3,8,51,0
"1371",4,8,51,0
"1372",1,10,95,0
"1373",2,1,86,0
"1374",3,1,86,0
"1375",1,10,82,0
"1376",2,15,87,0
"1377",1,10,63,0
"1378",2,10,63,0
"1379",3,10,63,0
"1380",1,10,40,0
"1381",2,10,40,0
"1382",1,10,82,0
"1383",1,5,77,0
"1384",2,2,74,0
"1385",1,10,72,0
"1386",2,11,73,0
"1387",1,10,46,0
"1388",2,10,46,0
"1389",3,10,46,0
"1390",1,10,22,0
"1391",2,3,15,0
"1392",1,5,5,0
"1393",2,2,2,0
"1394",3,2,2,1
"1395",NA,0,15,0
"1396",NA,0,35,0
"1397",1,10,69,0
"1398",2,7,66,0
"1399",NA,0,NA,NA
"1400",3,8,67,0
"1401",4,13,72,0
"1402",1,10,74,0
"1403",1,20,84,0
"1404",2,15,79,0
"1405",3,1,65,0
"1406",1,10,51,0
"1407",2,7,48,0
"1408",1,10,29,0
"1409",2,10,29,0
"1410",1,10,15,0
"1411",2,12,17,0
"1412",3,12,17,0
"1413",3,17,22,0
"1414",4,17,22,0
"1415",1,10,70,0
"1416",2,10,70,0
"1417",3,6,66,0
"1418",4,6,66,0
"1419",1,10,73,0
"1420",1,20,83,0
"1421",2,15,78,0
"1422",1,10,56,0
"1423",2,4,50,0
"1424",3,1,47,0
"1425",NA,0,NA,0
"1426",4,1,47,0
"1427",1,10,25,0
"1428",2,14,29,0
"1429",3,9,24,0
"1430",4,2,17,0
"1431",NA,0,35,0
"1432",1,10,64,0
"1433",2,10,64,0
"1434",NA,0,NA,0
"1435",3,20,74,0
"1436",4,31,85,0
"1437",1,10,74,0
"1438",2,6,70,0
"1439",3,1,65,0
"1440",NA,0,NA,0
"1441",4,1,65,0
"1442",1,10,74,0
"1443",NA,0,NA,0
"1444",2,5,69,0
"1445",NA,0,NA,0
"1446",1,10,62,0
"1447",NA,0,NA,0
"1448",1,10,51,0
"1449",1,10,40,0
"1450",2,10,40,0
"1451",NA,0,NA,NA
"1452",NA,0,35,0
"1453",1,10,88,0
"1454",2,4,82,0
"1455",1,10,72,0
"1456",2,3,65,0
"1457",1,10,55,0
"1458",2,7,52,0
"1459",1,10,71,0
"1460",1,10,48,0
"1461",1,10,14,0
"1462",2,6,10,0
"1463",1,3,3,1
"1464",NA,0,15,0
"1465",NA,0,35,0
"1466",1,10,60,0
"1467",2,10,60,0
"1468",3,11,61,0
"1469",4,11,61,0
"1470",1,10,80,0
"1471",1,10,50,0
"1472",2,11,51,0
"1473",3,20,60,0
"1474",4,20,60,0
"1475",1,10,75,0
"1476",2,6,71,0
"1477",3,5,70,0
"1478",4,7,72,0
"1479",1,10,84,0
"1480",1,10,73,0
"1481",1,10,35,0
"1482",2,12,37,0
"1483",2,22,47,0
"1484",3,19,44,0
"1485",4,7,32,0
"1486",NA,0,35,0
"1487",1,10,69,0
"1488",1,15,74,0
"1489",2,5,64,0
"1490",3,5,64,0
"1491",NA,0,NA,NA
"1492",1,10,55,0
"1493",2,7,52,0
"1494",3,7,52,0
"1495",4,5,50,0
"1496",1,10,88,0
"1497",2,2,80,0
"1498",3,1,79,0
"1499",1,10,75,0
"1500",1,10,47,0
"1501",2,10,47,0
"1502",3,5,42,0
"1503",4,1,38,0
"1504",1,10,30,0
"1505",2,4,24,0
"1506",3,1,21,0
"1507",4,2,22,0
"1508",NA,0,35,0
"1509",1,10,72,0
"1510",2,10,72,0
"1511",1,10,56,0
"1512",2,18,64,0
"1513",3,18,64,0
"1514",4,5,51,0
"1515",4,10,56,0
"1516",1,10,65,0
"1517",1,15,70,0
"1518",2,16,71,0
"1519",3,20,75,0
"1520",NA,0,NA,0
"1521",1,10,39,0
"1522",2,10,39,0
"1523",3,11,40,0
"1524",NA,0,NA,0
"1525",4,10,39,0
"1526",1,10,80,0
"1527",1,10,61,0
"1528",2,2,53,0
"1529",NA,0,NA,0
"1530",3,2,53,0
"1531",4,2,53,0
"1532",1,10,50,0
"1533",1,10,38,0
"1534",1,10,26,0
"1535",2,10,26,0
"1536",3,10,26,0
"1537",NA,0,NA,0
"1538",NA,0,35,0
"1539",1,10,52,0
"1540",NA,0,NA,NA
"1541",NA,0,NA,NA
"1542",NA,0,35,0
"1543",1,10,68,0
"1544",1,10,54,0
"1545",2,10,54,0
"1546",3,2,46,0
"1547",1,10,32,0
"1548",1,10,11,0
"1549",2,8,9,0
"1550",3,8,9,0
"1551",4,5,6,0
"1552",NA,0,35,0
"1553",1,10,55,0
"1554",2,1,46,0
"1555",1,10,42,0
"1556",2,12,44,0
"1557",3,8,40,0
"1558",1,10,84,0
"1559",2,4,78,0
"1560",3,3,77,0
"1561",1,10,71,0
"1562",2,7,68,0
"1563",3,1,62,0
"1564",1,10,59,0
"1565",1,10,46,0
"1566",2,9,45,0
"1567",1,10,29,0
"1568",2,5,24,0
"1569",3,1,20,0
"1570",1,10,17,0
"1571",NA,0,NA,NA
"1572",2,20,27,1
"1573",NA,0,15,0
"1574",NA,0,35,0
"1575",1,10,62,0
"1576",2,4,56,0
"1577",1,10,42,0
"1578",1,10,24,0
"1579",1,4,4,0
"1580",2,2,2,0
"1581",3,1,1,1
"1582",NA,0,15,0
"1583",NA,0,35,0
"1584",1,10,76,0
"1585",2,10,76,0
"1586",1,10,65,0
"1587",2,10,65,0
"1588",3,9,64,0
"1589",1,10,50,0
"1590",NA,0,NA,0
"1591",2,17,57,0
"1592",3,8,48,0
"1593",4,14,54,0
"1594",1,10,88,0
"1595",2,5,83,0
"1596",1,10,77,0
"1597",2,10,77,0
"1598",3,5,72,0
"1599",4,2,69,0
"1600",1,10,64,0
"1601",2,10,64,0
"1602",3,10,64,0
"1603",1,10,50,0
"1604",2,9,49,0
"1605",NA,0,50,0
"1606",3,10,50,0
"1607",NA,0,NA,0
"1608",4,2,42,0
"1609",1,10,36,0
"1610",1,10,21,0
"1611",2,7,18,0
"1612",NA,0,NA,0
"1613",3,2,13,0
"1614",NA,0,NA,0
"1615",4,5,16,0
"1616",NA,0,NA,NA
"1617",NA,0,35,0
"1618",1,10,68,0
"1619",2,4,62,0
"1620",3,1,59,0
"1621",1,10,56,0
"1622",2,9,55,0
"1623",3,3,49,0
"1624",1,10,58,0
"1625",1,10,22,0
"1626",2,5,17,0
"1627",1,10,11,0
"1628",2,3,4,0
"1629",2,13,14,0
"1630",3,9,10,0
"1631",4,9,10,0
"1632",NA,0,35,0
"1633",1,10,75,0
"1634",1,10,54,0
"1635",2,6,50,0
"1636",1,10,35,0
"1637",2,6,31,0
"1638",3,6,31,0
"1639",4,6,31,0
"1640",1,10,69,0
"1641",1,10,54,0
"1642",2,4,48,0
"1643",3,2,46,0
"1644",4,2,46,0
"1645",1,10,40,0
"1646",1,20,50,0
"1647",1,30,60,0
"1648",1,10,44,0
"1649",NA,0,NA,NA
"1650",2,4,38,0
"1651",1,10,26,0
"1652",2,13,29,0
"1653",3,3,19,0
"1654",4,1,17,0
"1655",1,10,16,0
"1656",1,1,1,0
"1657",2,1,1,1
"1658",NA,0,15,0
"1659",NA,0,35,0
"1660",1,10,65,0
"1661",2,1,56,0
"1662",1,10,40,0
"1663",2,3,33,0
"1664",3,3,33,0
"1665",1,7,7,0
"1666",2,6,6,0
"1667",3,6,6,0
"1668",4,6,6,0
"1669",4,11,11,1
"1670",NA,0,NA,0
"1671",NA,0,2,0
"1672",NA,0,35,0
"1673",1,10,51,0
"1674",2,5,46,0
"1675",3,4,45,0
"1676",1,10,30,0
"1677",2,10,30,0
"1678",NA,0,NA,0
"1679",3,10,30,0
"1680",NA,0,NA,0
"1681",4,10,30,0
"1682",NA,0,35,0
"1683",1,10,66,0
"1684",2,4,60,0
"1685",3,4,60,0
"1686",1,10,51,0
"1687",2,10,51,0
"1688",3,10,51,0
"1689",1,10,40,0
"1690",2,7,37,0
"1691",1,10,30,0
"1692",NA,0,NA,NA
"1693",NA,0,NA,NA
"1694",NA,0,35,0
"1695",1,10,75,0
"1696",2,7,72,0
"1697",3,2,67,0
"1698",4,3,68,0
"1699",1,10,61,0
"1700",2,7,58,0
"1701",1,10,50,0
"1702",2,6,46,0
"1703",1,10,35,0
"1704",2,5,30,0
"1705",NA,0,NA,0
"1706",3,5,30,0
"1707",1,10,13,0
"1708",NA,0,NA,0
"1709",2,3,6,0
"1710",3,6,9,1
"1711",NA,0,15,0
"1712",NA,0,35,0
"1713",1,10,76,0
"1714",2,6,72,0
"1715",3,4,70,0
"1716",4,6,72,0
"1717",1,10,75,0
"1718",2,9,74,0
"1719",1,10,62,0
"1720",2,5,57,0
"1721",2,10,62,0
"1722",3,2,54,0
"1723",4,6,58,0
"1724",1,10,81,0
"1725",2,4,75,0
"1726",NA,0,NA,NA
"1727",1,10,69,0
"1728",1,10,27,0
"1729",1,10,16,0
"1730",2,5,11,0
"1731",3,8,14,0
"1732",4,8,14,0
"1733",NA,0,35,0
"1734",1,10,61,0
"1735",1,10,31,0
"1736",2,9,30,0
"1737",2,14,35,0
"1738",3,5,26,0
"1739",3,10,31,0
"1740",NA,0,NA,0
"1741",4,3,24,0
"1742",1,10,75,0
"1743",2,9,74,0
"1744",3,5,70,0
"1745",4,1,66,0
"1746",1,10,65,0
"1747",2,10,65,0
"1748",3,10,65,0
"1749",4,8,63,0
"1750",1,10,76,0
"1751",1,20,86,0
"1752",2,20,86,0
"1753",3,20,86,0
"1754",3,25,91,0
"1755",4,18,84,0
"1756",1,10,59,0
"1757",2,6,55,0
"1758",2,11,60,0
"1759",1,10,44,0
"1760",2,7,41,0
"1761",3,5,39,0
"1762",1,10,32,0
"1763",2,7,29,0
"1764",3,5,27,0
"1765",NA,0,NA,0
"1766",4,2,24,0
"1767",NA,0,35,0
"1768",1,10,69,0
"1769",NA,0,NA,0
"1770",1,10,41,0
"1771",NA,0,35,0
"1772",NA,0,NA,NA
"1773",NA,0,35,0
"1774",1,10,78,0
"1775",2,10,78,0
"1776",3,10,78,0
"1777",4,10,78,0
"1778",1,10,49,0
"1779",1,10,34,0
"1780",2,10,34,0
"1781",3,8,32,1
"1782",NA,0,15,0
"1783",NA,0,35,0
"1784",1,10,72,0
"1785",2,7,69,0
"1786",3,13,75,0
"1787",3,18,80,0
"1788",4,20,82,0
"1789",1,10,80,0
"1790",2,10,80,0
"1791",1,10,58,0
"1792",2,13,61,0
"1793",3,13,61,0
"1794",4,9,57,0
"1795",1,10,77,0
"1796",2,8,75,0
"1797",3,2,69,0
"1798",4,2,69,0
"1799",1,10,76,0
"1800",2,1,67,0
"1801",1,10,65,0
"1802",2,6,61,0
"1803",1,10,48,0
"1804",2,9,47,0
"1805",1,10,34,0
"1806",1,5,29,0
"1807",1,10,24,0
"1808",1,20,34,0
"1809",2,20,34,0
"1810",3,30,44,0
"1811",NA,0,NA,NA
"1812",4,18,32,0
"1813",1,10,60,0
"1814",2,3,53,0
"1815",1,10,35,0
"1816",1,10,18,0
"1817",2,5,13,0
"1818",3,5,13,1
"1819",NA,0,2,0
"1820",NA,0,1,0
"1821",NA,0,35,0
"1822",1,10,75,0
"1823",2,18,83,0
"1824",3,19,84,0
"1825",4,19,84,0
"1826",1,10,50,0
"1827",2,1,41,0
"1828",3,1,41,0
"1829",1,10,27,1
"1830",NA,0,2,0
"1831",NA,0,35,0
"1832",1,10,65,0
"1833",2,10,65,0
"1834",1,10,53,0
"1835",2,14,57,0
"1836",3,14,57,0
"1837",4,14,57,0
"1838",1,10,68,0
"1839",1,10,49,0
"1840",2,10,49,0
"1841",3,1,40,0
"1842",1,10,38,0
"1843",2,6,34,0
"1844",1,10,23,0
"1845",2,11,24,0
"1846",NA,0,NA,0
"1847",3,1,14,1
"1848",NA,0,15,0
"1849",NA,0,35,0
"1850",1,10,65,0
"1851",1,10,34,0
"1852",2,10,34,0
"1853",3,10,34,0
"1854",1,10,29,0
"1855",1,10,14,0
"1856",1,1,1,1
"1857",NA,0,15,0
"1858",NA,0,35,0
"1859",1,10,74,0
"1860",NA,0,NA,0
"1861",2,7,71,0
"1862",NA,0,NA,0
"1863",3,6,70,0
"1864",NA,0,NA,0
"1865",4,5,69,0
"1866",1,10,80,0
"1867",1,15,85,0
"1868",NA,0,NA,NA
"1869",NA,0,NA,NA
"1870",NA,0,35,0
"1871",1,10,80,0
"1872",2,6,76,0
"1873",3,1,71,0
"1874",1,10,64,0
"1875",2,5,59,0
"1876",3,5,59,0
"1877",3,10,64,0
"1878",4,10,64,0
"1879",1,10,77,0
"1880",2,11,78,0
"1881",3,11,78,0
"1882",4,7,74,0
"1883",1,10,89,0
"1884",2,4,83,0
"1885",1,10,49,0
"1886",2,2,41,0
"1887",1,10,23,0
"1888",2,2,15,0
"1889",1,10,11,0
"1890",2,6,7,1
"1891",NA,0,15,0
"1892",NA,0,35,0
"1893",1,10,78,0
"1894",2,10,78,0
"1895",3,4,72,0
"1896",1,10,67,0
"1897",2,4,61,0
"1898",1,10,54,0
"1899",1,10,29,0
"1900",2,4,23,0
"1901",3,6,25,0
"1902",1,8,8,0
"1903",NA,0,NA,0
"1904",2,10,10,0
"1905",3,10,10,0
"1906",NA,0,NA,NA
"1907",4,2,2,0
"1908",1,1,1,0
"1909",2,1,1,0
"1910",3,2,2,0
"1911",4,2,2,0
"1912",NA,0,35,0
"1913",1,10,70,0
"1914",2,9,69,0
"1915",3,9,69,0
"1916",4,9,69,0
"1917",1,10,85,0
"1918",2,9,84,0
"1919",3,1,76,0
"1920",4,1,76,0
"1921",1,10,58,0
"1922",1,10,47,0
"1923",2,16,53,0
"1924",1,10,37,0
"1925",1,10,32,0
"1926",1,15,37,0
"1927",2,19,41,0
"1928",3,6,28,0
"1929",1,10,12,0
"1930",2,4,6,1
"1931",NA,0,15,0
"1932",NA,0,35,0
"1933",1,10,79,0
"1934",2,10,79,0
"1935",3,5,74,0
"1936",NA,0,NA,0
"1937",3,1,70,0
"1938",1,10,68,0
"1939",2,7,65,0
"1940",3,7,65,0
"1941",3,12,70,0
"1942",4,21,79,0
"1943",1,10,59,0
"1944",2,10,59,0
"1945",1,10,48,0
"1946",2,21,59,0
"1947",NA,0,50,0
"1948",3,12,50,0
"1949",1,10,29,0
"1950",2,6,25,0
"1951",NA,0,NA,0
"1952",1,10,13,0
"1953",NA,0,NA,0
"1954",2,10,13,0
"1955",3,1,4,0
"1956",NA,0,NA,NA
"1957",NA,0,35,0
"1958",1,10,80,0
"1959",1,10,69,0
"1960",2,4,63,0
"1961",3,4,63,0
"1962",4,6,65,0
"1963",1,10,80,0
"1964",2,1,71,0
"1965",1,10,59,0
"1966",2,9,58,0
"1967",2,19,68,0
"1968",NA,0,NA,0
"1969",3,11,60,0
"1970",4,11,60,0
"1971",1,10,71,0
"1972",2,10,71,0
"1973",3,10,71,0
"1974",4,10,71,0
"1975",1,10,75,0
"1976",1,10,61,0
"1977",2,5,56,0
"1978",3,5,56,0
"1979",4,5,56,0
"1980",1,10,80,0
"1981",2,10,80,0
"1982",3,12,82,0
"1983",4,1,71,0
"1984",1,10,69,0
"1985",2,4,63,0
"1986",1,10,59,0
"1987",2,10,59,0
"1988",1,10,38,0
"1989",1,10,33,0
"1990",1,20,43,0
"1991",2,20,43,0
"1992",3,14,37,0
"1993",4,14,37,0
"1994",NA,0,35,0
"1995",1,10,61,0
"1996",2,14,65,0
"1997",1,10,60,0
"1998",2,6,56,0
"1999",NA,0,NA,NA
"2000",3,1,51,0
"2001",4,1,51,0
"2002",1,10,88,0
"2003",1,10,72,0
"2004",1,10,57,0
"2005",2,10,57,0
"2006",3,4,51,0
"2007",4,4,51,0
"2008",1,10,80,0
"2009",1,10,66,0
"2010",2,8,64,0
"2011",1,10,53,0
"2012",2,7,50,0
"2013",2,17,60,0
"2014",3,5,48,0
"2015",NA,0,NA,0
"2016",1,10,29,0
"2017",2,10,29,0
"2018",2,15,34,0
"2019",1,10,19,1
"2020",NA,0,15,0
"2021",NA,0,35,0
"2022",1,10,65,0
"2023",2,3,58,0
"2024",3,1,56,0
"2025",3,6,61,0
"2026",1,10,41,0
"2027",2,7,38,0
"2028",3,7,38,0
"2029",4,2,33,0
"2030",1,10,18,0
"2031",2,9,17,0
"2032",1,3,3,0
"2033",2,3,3,0
"2034",3,3,3,0
"2035",4,3,3,0
"2036",1,10,97,0
"2037",NA,0,NA,0
"2038",2,8,95,0
"2039",1,10,53,0
"2040",NA,0,NA,0
"2041",1,10,40,0
"2042",NA,0,NA,0
"2043",2,8,38,0
"2044",1,10,30,0
"2045",2,11,31,0
"2046",3,12,32,0
"2047",NA,0,NA,NA
"2048",NA,0,NA,NA
"2049",NA,0,35,0
"2050",1,10,65,0
"2051",1,10,47,0
"2052",2,3,40,0
"2053",3,1,38,0
"2054",1,10,33,0
"2055",2,2,25,0
"2056",1,10,19,0
"2057",2,9,18,0
"2058",3,11,20,0
"2059",4,8,17,0
"2060",NA,0,35,0
"2061",1,10,71,0
"2062",2,14,75,0
"2063",3,10,71,0
"2064",1,10,60,0
"2065",2,10,60,0
"2066",3,10,60,0
"2067",1,10,37,0
"2068",2,4,31,0
"2069",1,10,25,0
"2070",2,7,22,1
"2071",NA,0,15,0
"2072",NA,0,35,0
"2073",1,10,55,0
"2074",2,8,53,0
"2075",1,10,45,0
"2076",2,7,42,0
"2077",3,2,37,0
"2078",1,10,33,1
"2079",NA,0,15,0
"2080",NA,0,1,0
"2081",NA,0,35,0
"2082",1,10,72,0
"2083",NA,0,NA,NA
"2084",1,10,41,0
"2085",2,10,41,0
"2086",3,11,42,0
"2087",4,6,37,0
"2088",NA,0,35,0
"2089",1,10,68,0
"2090",2,4,62,0
"2091",3,4,62,0
"2092",1,10,58,0
"2093",1,10,25,0
"2094",2,8,23,0
"2095",1,8,8,1
"2096",NA,0,15,0
"2097",NA,0,35,0
"2098",1,10,72,0
"2099",2,8,70,0
"2100",3,4,66,0
"2101",4,8,70,0
"2102",1,10,74,0
"2103",1,10,63,0
"2104",2,7,60,0
"2105",3,9,62,0
"2106",1,10,38,0
"2107",1,15,43,0
"2108",2,9,37,0
"2109",3,1,29,0
"2110",NA,0,NA,0
"2111",4,5,33,0
"2112",NA,0,35,0
"2113",1,10,65,0
"2114",2,10,65,0
"2115",1,10,35,0
"2116",2,3,28,0
"2117",3,2,27,0
"2118",NA,0,NA,0
"2119",1,10,24,0
"2120",NA,0,NA,0
"2121",2,10,24,0
"2122",1,3,3,0
"2123",NA,0,NA,0
"2124",2,3,3,1
"2125",NA,0,15,0
"2126",NA,0,35,0
"2127",1,10,67,0
"2128",2,2,59,0
"2129",3,17,74,0
"2130",NA,0,NA,NA
"2131",NA,0,35,0
"2132",1,10,70,0
"2133",2,1,61,0
"2134",3,1,61,0
"2135",3,6,66,0
"2136",4,6,66,0
"2137",1,10,84,0
"2138",2,10,84,0
"2139",3,9,83,0
"2140",4,3,77,0
"2141",1,10,77,0
"2142",2,10,77,0
"2143",3,4,71,0
"2144",1,10,66,0
"2145",2,19,75,0
"2146",3,12,68,0
"2147",4,7,63,0
"2148",1,10,68,0
"2149",2,10,68,0
"2150",3,5,63,0
"2151",1,10,51,0
"2152",1,10,35,0
"2153",1,15,40,0
"2154",1,10,23,0
"2155",2,10,23,0
"2156",1,2,2,1
"2157",NA,0,15,0
"2158",NA,0,35,0
"2159",1,10,68,0
"2160",1,10,55,0
"2161",2,10,55,0
"2162",1,10,38,0
"2163",2,7,35,0
"2164",1,10,17,0
"2165",2,7,14,0
"2166",3,1,8,0
"2167",NA,0,NA,NA
"2168",1,5,5,1
"2169",NA,0,15,0
"2170",NA,0,35,0
"2171",1,10,22,0
"2172",2,6,18,1
"2173",NA,0,15,0
"2174",NA,0,35,0
"2175",1,10,67,0
"2176",1,10,55,0
"2177",2,14,59,0
"2178",3,1,46,0
"2179",1,10,43,0
"2180",1,10,23,0
"2181",2,6,19,0
"2182",3,1,14,0
"2183",NA,0,NA,0
"2184",1,5,5,0
"2185",2,4,4,0
"2186",3,10,10,0
"2187",NA,0,NA,0
"2188",4,1,1,1
"2189",NA,0,NA,0
"2190",NA,0,2,0
"2191",NA,0,35,0
"2192",1,10,63,0
"2193",2,15,68,0
"2194",3,15,68,0
"2195",4,24,77,0
"2196",1,10,79,0
"2197",2,5,74,0
"2198",3,3,72,0
"2199",4,5,74,0
"2200",1,10,81,0
"2201",1,10,71,0
"2202",1,10,52,0
"2203",1,10,41,0
"2204",2,9,40,0
"2205",NA,0,NA,0
"2206",3,11,42,0
"2207",4,11,42,0
"2208",NA,0,35,0
"2209",1,10,69,0
"2210",2,3,62,0
"2211",3,3,62,0
"2212",4,3,62,0
"2213",1,10,37,0
"2214",NA,0,NA,NA
"2215",NA,0,NA,NA
"2216",NA,0,35,0
"2217",1,10,65,0
"2218",1,10,47,0
"2219",2,6,43,0
"2220",3,5,42,0
"2221",4,5,42,0
"2222",4,10,47,0
"2223",1,10,95,0
"2224",2,7,92,0
"2225",3,4,89,0
"2226",1,10,81,0
"2227",2,6,77,0
"2228",3,8,79,0
"2229",1,10,53,0
"2230",1,10,40,0
"2231",2,10,40,0
"2232",3,9,39,0
"2233",1,10,24,0
"2234",2,7,21,0
"2235",1,10,10,0
"2236",1,15,15,0
"2237",2,14,14,0
"2238",3,5,5,1
"2239",NA,0,15,0
"2240",NA,0,35,0
"2241",1,10,69,0
"2242",2,4,63,0
"2243",1,10,43,0
"2244",1,10,22,0
"2245",2,5,17,0
"2246",3,1,13,0
"2247",1,10,11,0
"2248",NA,0,NA,NA
"2249",2,6,7,0
"2250",3,2,3,0
"2251",4,3,4,0
"2252",1,1,1,1
"2253",NA,0,15,0
"2254",NA,0,35,0
"2255",1,10,65,0
"2256",2,6,61,0
"2257",3,5,60,0
"2258",4,5,60,0
"2259",1,10,65,0
"2260",2,11,66,0
"2261",3,11,66,0
"2262",4,11,66,0
"2263",1,10,86,0
"2264",2,4,80,0
"2265",1,10,71,0
"2266",2,22,83,0
"2267",NA,0,NA,0
"2268",3,16,77,0
"2269",4,7,68,0
"2270",1,10,86,0
"2271",2,5,81,0
"2272",3,8,84,0
"2273",4,11,87,0
"2274",1,10,66,0
"2275",1,10,55,0
"2276",2,4,49,0
"2277",3,7,52,0
"2278",1,10,41,0
"2279",1,10,16,0
"2280",2,8,14,0
"2281",3,1,7,0
"2282",1,6,6,0
"2283",NA,0,NA,0
"2284",2,8,8,0
"2285",3,8,8,0
"2286",4,8,8,0
"2287",1,10,80,0
"2288",2,4,74,0
"2289",NA,0,NA,0
"2290",1,10,52,0
"2291",2,10,52,0
"2292",NA,0,NA,0
"2293",3,1,43,0
"2294",1,10,39,0
"2295",NA,0,NA,0
"2296",2,10,39,0
"2297",3,1,30,0
"2298",NA,0,35,0
"2299",1,10,65,0
"2300",NA,0,NA,NA
"2301",NA,0,35,0
"2302",1,10,75,0
"2303",1,10,50,0
"2304",2,6,46,0
"2305",3,1,41,0
"2306",1,10,39,0
"2307",1,10,71,0
"2308",2,3,64,0
"2309",3,3,64,0
"2310",4,3,64,0
"2311",1,10,75,0
"2312",2,1,66,0
"2313",1,10,62,0
"2314",2,4,56,0
"2315",1,10,49,0
"2316",2,2,41,0
"2317",1,10,38,0
"2318",2,1,29,0
"2319",3,2,30,0
"2320",4,2,30,0
"2321",1,10,26,0
"2322",2,9,25,NA
"2323",2,9,25,0
"2324",3,2,18,0
"2325",4,2,18,0
"2326",1,10,69,0
"2327",2,4,63,0
"2328",3,4,63,0
"2329",1,10,47,0
"2330",NA,0,NA,NA
"2331",2,8,45,0
"2332",1,10,66,0
"2333",1,10,61,0
"2334",1,10,48,0
"2335",2,8,46,0
"2336",1,10,22,0
"2337",2,1,13,0
"2338",3,2,14,0
"2339",4,2,14,0
"2340",1,8,8,0
"2341",2,9,9,0
"2342",3,9,9,0
"2343",3,14,14,0
"2344",4,14,14,0
"2345",NA,0,35,0
"2346",1,10,63,0
"2347",2,18,71,0
"2348",3,18,71,0
"2349",4,16,69,0
"2350",1,10,70,0
"2351",2,3,63,0
"2352",2,13,73,0
"2353",1,10,53,0
"2354",2,2,45,0
"2355",1,10,40,0
"2356",2,5,35,0
"2357",1,10,28,0
"2358",2,6,24,0
"2359",3,7,25,0
"2360",4,1,19,0
"2361",NA,0,35,0
"2362",1,10,68,0
"2363",2,9,67,0
"2364",1,10,22,0
"2365",2,8,20,0
"2366",1,10,11,0
"2367",NA,0,NA,0
"2368",2,9,10,0
"2369",NA,0,NA,0
"2370",3,3,4,1
"2371",NA,0,15,0
"2372",NA,0,35,0
"2373",1,10,65,0
"2374",1,10,54,0
"2375",2,10,54,0
"2376",1,10,14,0
"2377",1,5,9,0
"2378",2,5,9,0
"2379",1,10,92,0
"2380",NA,0,NA,NA
"2381",NA,0,NA,NA
"2382",NA,0,35,0
"2383",1,10,65,0
"2384",1,10,54,0
"2385",2,6,50,1
"2386",NA,0,15,0
"2387",NA,0,35,0
"2388",1,10,60,0
"2389",2,10,60,0
"2390",3,8,58,0
"2391",4,8,58,0
"2392",1,10,82,0
"2393",1,5,77,0
"2394",2,5,77,0
"2395",3,9,81,0
"2396",1,10,68,0
"2397",2,4,62,0
"2398",1,10,43,0
"2399",2,5,38,0
"2400",3,6,39,0
"2401",4,8,41,0
"2402",1,10,92,0
"2403",2,10,92,0
"2404",3,10,92,0
"2405",4,5,87,0
"2406",1,10,62,0
"2407",2,8,60,0
"2408",3,5,57,0
"2409",4,5,57,0
"2410",1,10,91,0
"2411",2,10,91,0
"2412",3,2,83,0
"2413",1,10,73,0
"2414",2,1,64,0
"2415",3,1,64,0
"2416",4,1,64,0
"2417",NA,0,NA,NA
"2418",1,10,58,0
"2419",1,5,53,0
"2420",1,13,61,0
"2421",2,4,52,0
"2422",3,2,50,0
"2423",1,10,45,0
"2424",1,10,34,0
"2425",2,7,31,0
"2426",3,6,30,0
"2427",4,6,30,0
"2428",NA,0,35,0
"2429",1,10,71,0
"2430",1,10,56,0
"2431",2,10,56,0
"2432",3,1,47,0
"2433",NA,0,NA,0
"2434",4,1,47,0
"2435",1,10,52,0
"2436",2,7,49,0
"2437",1,10,38,0
"2438",2,2,30,0
"2439",3,2,30,1
"2440",NA,0,15,0
"2441",NA,0,35,0
"2442",NA,0,NA,0
"2443",1,10,70,0
"2444",1,10,58,0
"2445",1,10,46,0
"2446",2,8,44,0
"2447",3,7,43,0
"2448",1,10,36,0
"2449",2,5,31,0
"2450",3,5,31,0
"2451",4,1,27,0
"2452",1,10,25,0
"2453",NA,0,NA,0
"2454",2,6,21,0
"2455",NA,0,NA,0
"2456",3,7,22,0
"2457",4,7,22,0
"2458",NA,0,35,0
"2459",1,10,78,0
"2460",2,7,75,0
"2461",3,7,75,0
"2462",NA,0,NA,0
"2463",4,15,83,0
"2464",1,10,62,0
"2465",2,10,62,0
"2466",NA,0,NA,NA
"2467",NA,0,35,0
"2468",1,10,65,0
"2469",2,8,63,0
"2470",1,10,44,0
"2471",2,10,44,0
"2472",1,10,30,0
"2473",2,8,28,0
"2474",NA,0,NA,0
"2475",3,8,28,0
"2476",4,6,26,0
"2477",1,10,66,0
"2478",1,16,72,0
"2479",2,12,68,0
"2480",2,17,73,0
"2481",3,17,73,0
"2482",4,17,73,0
"2483",1,10,32,0
"2484",2,6,28,0
"2485",3,6,28,0
"2486",1,8,8,0
"2487",2,9,9,1
"2488",NA,0,15,0
"2489",NA,0,35,0
"2490",1,10,71,0
"2491",2,10,71,0
"2492",2,15,76,0
"2493",3,3,64,0
"2494",1,10,50,0
"2495",1,10,38,0
"2496",1,15,43,0
"2497",2,11,39,0
"2498",3,10,38,0
"2499",1,10,15,0
"2500",2,5,10,0
"2501",3,4,9,0
"2502",4,13,18,0
"2503",NA,0,35,0
"2504",1,10,73,0
"2505",NA,0,NA,NA
"2506",2,9,72,0
"2507",3,9,72,0
"2508",1,10,62,0
"2509",2,1,53,0
"2510",3,1,53,0
"2511",1,10,49,0
"2512",2,12,51,0
"2513",3,12,51,0
"2514",4,12,51,0
"2515",1,10,91,0
"2516",2,11,92,0
"2517",3,6,87,0
"2518",1,10,77,0
"2519",1,10,62,0
"2520",2,5,57,0
"2521",3,3,55,0
"2522",1,10,48,0
"2523",2,10,48,0
"2524",1,10,24,0
"2525",2,10,24,0
"2526",1,10,11,0
"2527",2,4,5,0
"2528",3,1,2,0
"2529",4,2,3,0
"2530",1,1,1,0
"2531",NA,0,NA,0
"2532",2,4,4,0
"2533",3,4,4,0
"2534",4,4,4,NA
"2535",4,4,4,1
"2536",NA,0,15,0
"2537",NA,0,35,0
"2538",1,10,63,0
"2539",1,10,51,0
"2540",2,9,50,0
"2541",3,9,50,0
"2542",1,10,40,0
"2543",1,10,25,1
"2544",NA,0,15,0
"2545",NA,0,35,0
"2546",1,10,86,0
"2547",NA,0,NA,0
"2548",1,10,74,0
"2549",1,10,50,0
"2550",NA,0,NA,0
"2551",1,10,36,0
"2552",2,4,30,0
"2553",1,10,26,0
"2554",2,10,26,0
"2555",NA,0,NA,0
"2556",3,10,26,0
"2557",1,10,66,0
"2558",NA,0,NA,NA
"2559",NA,0,NA,NA
"2560",NA,0,35,0
"2561",1,10,65,0
"2562",2,11,66,0
"2563",3,10,65,0
"2564",1,10,36,0
"2565",2,10,36,0
"2566",3,10,36,0
"2567",4,6,32,0
"2568",NA,0,35,0
"2569",1,10,65,0
"2570",2,4,59,0
"2571",1,10,41,0
"2572",2,7,38,0
"2573",1,10,26,0
"2574",2,5,21,0
"2575",3,5,21,0
"2576",1,10,16,0
"2577",1,15,21,0
"2578",2,15,21,0
"2579",NA,0,NA,0
"2580",3,15,21,0
"2581",4,15,21,0
"2582",NA,0,35,0
"2583",1,10,70,0
"2584",2,6,66,0
"2585",1,10,50,0
"2586",1,20,60,0
"2587",2,19,59,0
"2588",3,18,58,0
"2589",4,18,58,0
"2590",1,10,92,0
"2591",2,2,84,0
"2592",3,2,84,0
"2593",1,10,78,0
"2594",2,11,79,0
"2595",3,6,74,0
"2596",1,10,68,0
"2597",2,8,66,0
"2598",2,18,76,0
"2599",1,10,54,0
"2600",NA,0,NA,NA
"2601",2,5,49,0
"2602",NA,0,NA,0
"2603",1,10,43,0
"2604",2,1,34,0
"2605",2,6,39,0
"2606",1,10,68,0
"2607",2,5,63,0
"2608",3,3,61,0
"2609",4,3,61,0
"2610",1,10,92,0
"2611",2,4,86,0
"2612",3,4,86,0
"2613",4,1,83,0
"2614",1,10,64,0
"2615",2,4,58,0
"2616",3,1,55,0
"2617",1,10,53,0
"2618",2,9,52,0
"2619",1,10,38,0
"2620",2,9,37,0
"2621",1,10,27,0
"2622",2,2,19,0
"2623",1,10,10,0
"2624",2,4,4,0
"2625",3,3,3,0
"2626",4,15,15,0
"2627",NA,0,35,0
"2628",1,10,73,0
"2629",2,5,68,0
"2630",3,2,65,0
"2631",1,10,60,0
"2632",1,15,65,0
"2633",2,15,65,0
"2634",3,2,52,0
"2635",4,2,52,0
"2636",1,10,93,0
"2637",2,10,93,0
"2638",3,10,93,0
"2639",NA,0,NA,0
"2640",4,16,99,0
"2641",1,10,38,0
"2642",1,10,22,1
"2643",NA,0,15,0
"2644",NA,0,35,0
"2645",1,10,24,0
"2646",NA,0,35,0
"2647",1,10,65,0
"2648",NA,0,NA,NA
"2649",NA,0,35,0
"2650",1,10,77,0
"2651",2,4,71,0
"2652",1,10,26,0
"2653",2,3,19,0
"2654",3,2,18,0
"2655",4,1,17,0
"2656",NA,0,35,0
"2657",1,10,63,0
"2658",2,8,61,0
"2659",3,8,61,0
"2660",1,10,39,0
"2661",1,20,49,0
"2662",2,18,47,0
"2663",3,7,36,0
"2664",1,10,28,0
"2665",2,2,20,0
"2666",3,1,19,0
"2667",1,10,18,0
"2668",2,7,15,0
"2669",3,2,10,0
"2670",4,2,10,0
"2671",4,7,15,0
"2672",NA,0,35,0
"2673",1,10,70,0
"2674",2,13,73,0
"2675",3,13,73,0
"2676",1,10,59,0
"2677",1,20,69,0
"2678",2,20,69,0
"2679",3,20,69,0
"2680",4,20,69,0
"2681",4,25,74,0
"2682",1,10,69,0
"2683",2,10,69,0
"2684",3,8,67,0
"2685",1,10,57,0
"2686",2,10,57,0
"2687",3,10,57,0
"2688",NA,0,NA,NA
"2689",4,6,53,0
"2690",1,10,90,0
"2691",2,8,88,0
"2692",1,10,75,0
"2693",2,9,74,0
"2694",3,9,74,0
"2695",4,1,66,0
"2696",1,10,24,0
"2697",2,8,22,0
"2698",NA,0,NA,0
"2699",3,24,38,0
"2700",4,35,49,0
"2701",1,10,80,0
"2702",1,10,30,0
"2703",2,5,25,0
"2704",1,10,19,1
"2705",NA,0,15,0
"2706",NA,0,35,0
"2707",1,10,70,0
"2708",2,2,62,0
"2709",3,18,78,0
"2710",4,13,73,0
"2711",1,10,63,0
"2712",2,10,63,0
"2713",3,9,62,0
"2714",4,1,54,0
"2715",1,10,46,0
"2716",2,10,46,0
"2717",3,10,46,0
"2718",4,10,46,0
"2719",1,10,94,0
"2720",1,10,82,0
"2721",1,10,52,0
"2722",NA,0,NA,0
"2723",2,7,49,0
"2724",2,14,56,0
"2725",NA,0,NA,0
"2726",3,10,52,0
"2727",1,10,38,0
"2728",2,6,34,0
"2729",3,5,33,0
"2730",NA,0,NA,0
"2731",NA,0,NA,0
"2732",4,8,36,0
"2733",1,10,64,0
"2734",2,10,64,0
"2735",3,10,64,0
"2736",4,10,64,0
"2737",1,10,34,0
"2738",NA,0,NA,NA
"2739",NA,0,NA,NA
"2740",NA,0,35,0
"2741",1,10,65,0
"2742",1,10,40,0
"2743",1,10,23,0
"2744",2,5,18,0
"2745",NA,0,NA,0
"2746",3,5,18,0
"2747",3,10,23,0
"2748",4,2,15,0
"2749",4,7,20,0
"2750",NA,0,35,0
"2751",1,10,73,0
"2752",2,8,71,0
"2753",3,7,70,0
"2754",4,1,64,0
"2755",1,10,36,0
"2756",2,3,29,0
"2757",3,3,29,0
"2758",1,10,15,0
"2759",2,5,10,0
"2760",3,5,10,0
"2761",4,5,10,0
"2762",NA,0,35,0
"2763",1,10,86,0
"2764",2,3,79,0
"2765",3,2,78,0
"2766",4,11,87,0
"2767",1,10,72,0
"2768",1,10,67,0
"2769",2,5,62,0
"2770",1,10,56,0
"2771",1,10,44,0
"2772",1,14,48,0
"2773",1,10,68,0
"2774",2,1,59,0
"2775",3,2,60,0
"2776",NA,0,NA,NA
"2777",1,10,57,0
"2778",2,8,55,0
"2779",3,6,53,0
"2780",1,10,41,0
"2781",2,4,35,0
"2782",2,9,40,0
"2783",3,1,32,0
"2784",1,10,30,0
"2785",2,18,38,0
"2786",3,18,38,0
"2787",1,10,19,0
"2788",1,2,2,0
"2789",2,2,2,0
"2790",2,7,7,0
"2791",3,14,14,0
"2792",4,15,15,0
"2793",NA,0,35,0
"2794",1,10,77,0
"2795",2,3,70,0
"2796",3,1,68,0
"2797",1,10,64,0
"2798",2,20,74,0
"2799",3,20,74,0
"2800",4,5,59,0
"2801",1,10,87,0
"2802",2,4,81,0
"2803",1,10,74,0
"2804",1,10,38,0
"2805",2,7,35,NA
"2806",NA,0,NA,0
"2807",2,7,35,0
"2808",3,1,29,0
"2809",1,10,19,0
"2810",2,6,15,0
"2811",3,6,15,0
"2812",4,6,15,0
"2813",NA,0,35,0
"2814",1,10,80,0
"2815",NA,0,NA,0
"2816",2,13,83,0
"2817",NA,0,NA,0
"2818",1,10,33,0
"2819",NA,0,NA,NA
"2820",NA,0,35,0
"2821",1,10,78,0
"2822",2,2,70,0
"2823",3,2,70,0
"2824",4,2,70,0
"2825",1,10,79,0
"2826",2,1,70,0
"2827",1,10,68,0
"2828",1,15,73,0
"2829",2,15,73,0
"2830",3,4,62,0
"2831",1,10,51,0
"2832",2,11,52,0
"2833",3,2,43,0
"2834",1,10,40,0
"2835",1,10,22,0
"2836",2,7,19,0
"2837",3,2,14,0
"2838",4,3,15,0
"2839",NA,0,35,0
"2840",1,10,69,0
"2841",2,7,66,0
"2842",3,1,60,0
"2843",4,1,60,0
"2844",1,10,59,0
"2845",1,20,69,0
"2846",2,20,69,0
"2847",3,4,53,0
"2848",3,9,58,0
"2849",4,9,58,0
"2850",1,10,83,0
"2851",2,6,79,0
"2852",3,14,87,0
"2853",4,14,87,0
"2854",NA,0,NA,NA
"2855",1,10,52,0
"2856",1,10,38,0
"2857",2,2,30,0
"2858",1,10,28,0
"2859",2,12,30,0
"2860",NA,0,NA,0
"2861",3,21,39,0
"2862",4,18,36,0
"2863",NA,0,35,0
"2864",1,10,81,0
"2865",2,3,74,0
"2866",3,1,72,0
"2867",4,1,72,0
"2868",1,10,83,0
"2869",2,8,81,0
"2870",3,2,75,0
"2871",1,10,65,0
"2872",1,20,75,0
"2873",1,10,54,0
"2874",2,6,50,0
"2875",1,10,37,0
"2876",1,10,20,0
"2877",NA,0,NA,0
"2878",2,9,19,0
"2879",NA,0,NA,0
"2880",3,7,17,0
"2881",NA,0,NA,0
"2882",4,1,11,0
"2883",1,6,6,0
"2884",2,5,5,1
"2885",NA,0,15,0
"2886",NA,0,35,0
"2887",1,10,70,0
"2888",2,10,70,0
"2889",1,10,58,0
"2890",1,10,36,0
"2891",1,10,97,0
"2892",2,3,90,0
"2893",3,1,88,0
"2894",NA,0,NA,0
"2895",4,1,88,0
"2896",1,10,44,0
"2897",NA,0,NA,NA
"2898",NA,0,NA,NA
"2899",NA,0,35,0
"2900",1,10,64,0
"2901",2,8,62,0
"2902",3,11,65,0
"2903",4,11,65,0
"2904",1,10,81,0
"2905",2,8,79,0
"2906",3,8,79,0
"2907",1,10,34,0
"2908",2,6,30,0
"2909",3,2,26,0
"2910",4,1,25,0
"2911",1,10,21,0
"2912",2,7,18,0
"2913",3,19,30,0
"2914",1,10,15,0
"2915",2,2,7,0
"2916",1,1,1,1
"2917",NA,0,15,0
"2918",NA,0,35,0
"2919",1,10,81,0
"2920",1,10,24,0
"2921",2,5,19,0
"2922",1,10,12,0
"2923",2,10,12,0
"2924",3,8,10,0
"2925",4,8,10,0
"2926",NA,0,35,0
"2927",1,10,75,0
"2928",1,10,63,0
"2929",1,10,45,0
"2930",2,20,55,0
"2931",3,20,55,0
"2932",4,20,55,0
"2933",1,10,80,0
"2934",2,7,77,0
"2935",3,7,77,0
"2936",1,10,45,0
"2937",NA,0,NA,NA
"2938",2,7,42,0
"2939",3,7,42,0
"2940",1,10,37,0
"2941",2,7,34,0
"2942",3,7,34,0
"2943",4,7,34,0
"2944",NA,0,35,0
"2945",1,10,68,0
"2946",2,15,73,0
"2947",3,25,83,0
"2948",4,17,75,0
"2949",1,10,73,0
"2950",2,7,70,0
"2951",1,10,63,0
"2952",1,10,51,0
"2953",2,3,44,1
"2954",NA,0,15,0
"2955",NA,0,35,0
"2956",1,10,63,0
"2957",2,3,56,0
"2958",1,10,50,0
"2959",1,10,39,0
"2960",2,10,39,0
"2961",3,6,35,0
"2962",4,3,32,0
"2963",NA,0,35,0
"2964",1,10,75,0
"2965",1,10,63,0
"2966",2,6,59,0
"2967",2,16,69,0
"2968",3,9,62,0
"2969",1,10,44,0
"2970",2,11,45,0
"2971",NA,0,NA,0
"2972",3,4,38,0
"2973",3,14,48,0
"2974",4,14,48,0
"2975",1,10,87,0
"2976",NA,0,NA,0
"2977",2,3,80,0
"2978",NA,0,NA,0
"2979",1,10,53,0
"2980",2,10,53,0
"2981",3,10,53,0
"2982",4,10,53,0
"2983",1,10,90,0
"2984",NA,0,NA,NA
"2985",NA,0,35,0
"2986",1,10,79,0
"2987",2,3,72,0
"2988",1,10,64,0
"2989",2,5,59,0
"2990",3,10,64,0
"2991",1,10,33,0
"2992",2,10,33,0
"2993",1,10,21,0
"2994",2,7,18,0
"2995",3,4,15,0
"2996",4,4,15,0
"2997",NA,0,35,0
"2998",1,10,81,0
"2999",2,4,75,0
"3000",3,3,74,0
"3001",4,1,72,0
"3002",1,10,79,0
"3003",2,5,74,0
"3004",1,10,67,0
"3005",1,10,52,0
"3006",2,4,46,0
"3007",NA,0,NA,0
"3008",3,1,43,0
"3009",4,1,43,0
"3010",1,10,31,0
"3011",1,10,17,0
"3012",2,7,14,0
"3013",3,3,10,0
"3014",NA,0,NA,NA
"3015",1,4,4,1
"3016",NA,0,15,0
"3017",NA,0,35,0
"3018",1,10,67,0
"3019",2,10,67,0
"3020",3,10,67,0
"3021",4,19,76,0
"3022",1,10,61,0
"3023",2,11,62,0
"3024",3,23,74,0
"3025",4,11,62,0
"3026",1,10,85,0
"3027",1,15,90,0
"3028",1,10,61,0
"3029",2,10,61,0
"3030",3,6,57,0
"3031",4,2,53,0
"3032",1,10,45,0
"3033",NA,0,NA,0
"3034",2,20,55,0
"3035",3,18,53,0
"3036",4,18,53,0
"3037",1,10,85,0
"3038",NA,0,NA,0
"3039",2,6,81,0
"3040",3,8,83,0
"3041",4,8,83,0
"3042",1,10,54,0
"3043",2,4,48,0
"3044",3,4,48,0
"3045",4,4,48,0
"3046",1,10,42,0
"3047",1,10,28,0
"3048",NA,0,NA,0
"3049",1,10,13,0
"3050",2,5,8,0
"3051",3,2,5,0
"3052",NA,0,NA,0
"3053",4,2,5,1
"3054",NA,0,15,0
"3055",NA,0,35,0
"3056",1,10,44,0
"3057",2,8,42,0
"3058",1,10,34,0
"3059",2,11,35,0
"3060",3,12,36,0
"3061",NA,0,NA,NA
"3062",NA,0,NA,NA
"3063",NA,0,35,0
"3064",1,10,73,0
"3065",2,4,67,0
"3066",3,7,70,1
"3067",NA,0,15,0
"3068",NA,0,35,0
"3069",1,10,77,0
"3070",2,7,74,0
"3071",3,4,71,0
"3072",1,10,66,0
"3073",2,7,63,0
"3074",1,10,48,0
"3075",2,10,48,0
"3076",3,12,50,0
"3077",1,10,48,NA
"3078",1,10,48,0
"3079",2,8,46,0
"3080",3,5,43,0
"3081",1,5,5,0
"3082",2,5,5,0
"3083",3,7,7,0
"3084",3,17,17,0
"3085",4,11,11,0
"3086",NA,0,35,0
"3087",1,10,64,0
"3088",2,8,62,0
"3089",1,10,22,0
"3090",2,7,19,0
"3091",3,7,19,0
"3092",1,9,9,0
"3093",2,12,12,0
"3094",3,9,9,0
"3095",4,9,9,0
"3096",NA,0,35,0
"3097",1,10,78,0
"3098",NA,0,NA,NA
"3099",2,8,76,0
"3100",3,8,76,0
"3101",1,10,67,0
"3102",2,8,65,0
"3103",3,7,64,0
"3104",4,16,73,0
"3105",1,10,76,0
"3106",1,10,54,0
"3107",2,8,52,0
"3108",3,1,45,0
"3109",1,10,42,0
"3110",2,10,42,0
"3111",3,8,40,0
"3112",3,13,45,0
"3113",4,8,40,0
"3114",4,13,45,0
"3115",1,10,90,0
"3116",2,6,86,0
"3117",1,10,78,0
"3118",2,10,78,0
"3119",1,10,60,0
"3120",NA,0,NA,0
"3121",2,10,60,0
"3122",1,10,29,0
"3123",1,25,44,0
"3124",2,20,39,0
"3125",2,30,49,0
"3126",3,21,40,0
"3127",4,10,29,0
"3128",NA,0,35,0
"3129",1,10,89,0
"3130",2,7,86,0
"3131",3,7,86,0
"3132",4,7,86,0
"3133",1,10,45,0
"3134",2,4,39,0
"3135",1,10,29,0
"3136",2,10,29,0
"3137",NA,0,NA,0
"3138",NA,0,NA,0
"3139",3,4,23,0
"3140",NA,0,NA,0
"3141",NA,0,NA,0
"3142",1,10,11,1
"3143",NA,0,15,0
"3144",NA,0,35,0
"3145",1,10,65,0
"3146",NA,0,NA,NA
"3147",NA,0,35,0
"3148",1,10,71,0
"3149",2,3,64,0
"3150",1,10,60,0
"3151",1,10,42,0
"3152",1,15,47,0
"3153",1,10,20,0
"3154",2,6,16,0
"3155",1,4,4,0
"3156",2,4,4,0
"3157",3,2,2,1
"3158",NA,0,15,0
"3159",NA,0,35,0
"3160",1,10,76,0
"3161",2,5,71,0
"3162",1,10,65,0
"3163",2,5,60,0
"3164",3,3,58,0
"3165",4,1,56,0
"3166",1,10,42,0
"3167",1,10,32,0
"3168",2,1,23,0
"3169",1,10,18,0
"3170",2,3,11,0
"3171",3,3,11,0
"3172",1,4,4,0
"3173",2,4,4,1
"3174",NA,0,2,0
"3175",NA,0,1,0
"3176",NA,0,35,0
"3177",1,10,72,0
"3178",1,10,60,0
"3179",2,9,59,0
"3180",NA,0,NA,NA
"3181",3,12,62,0
"3182",4,1,51,0
"3183",1,10,49,0
"3184",1,10,19,0
"3185",1,20,29,0
"3186",2,18,27,0
"3187",3,3,12,0
"3188",1,10,88,0
"3189",2,3,81,0
"3190",3,3,81,0
"3191",1,10,76,0
"3192",2,1,67,0
"3193",1,10,61,0
"3194",2,10,61,0
"3195",1,10,45,0
"3196",1,10,30,0
"3197",2,3,23,0
"3198",1,10,14,0
"3199",2,10,14,0
"3200",2,15,19,0
"3201",3,8,12,0
"3202",4,1,5,1
"3203",NA,0,2,0
"3204",NA,0,35,0
"3205",1,10,90,0
"3206",NA,0,NA,0
"3207",2,3,83,0
"3208",NA,0,NA,0
"3209",3,6,86,0
"3210",4,6,86,0
"3211",1,10,76,0
"3212",1,10,64,0
"3213",2,10,64,0
"3214",3,16,70,0
"3215",4,16,70,0
"3216",1,10,44,0
"3217",2,4,38,0
"3218",1,10,31,0
"3219",1,10,11,0
"3220",2,10,11,0
"3221",3,10,11,0
"3222",1,1,1,1
"3223",NA,0,15,0
"3224",NA,0,35,0
"3225",1,10,51,0
"3226",2,10,51,0
"3227",3,10,51,0
"3228",3,5,46,0
"3229",4,5,46,0
"3230",1,10,41,0
"3231",2,7,38,0
"3232",2,17,48,0
"3233",1,10,33,0
"3234",NA,0,NA,0
"3235",2,20,43,0
"3236",3,20,43,0
"3237",3,15,38,0
"3238",4,15,38,0
"3239",1,10,54,0
"3240",NA,0,NA,NA
"3241",NA,0,NA,NA
"3242",NA,0,35,0
"3243",1,10,60,0
"3244",1,10,26,0
"3245",2,1,17,0
"3246",1,10,11,0
"3247",2,5,6,1
"3248",NA,0,15,0
"3249",NA,0,35,0
"3250",1,10,74,0
"3251",2,5,69,0
"3252",3,4,68,0
"3253",1,10,62,0
"3254",1,15,67,0
"3255",1,10,47,0
"3256",1,10,29,0
"3257",2,9,28,0
"3258",3,9,28,1
"3259",NA,0,15,0
"3260",NA,0,35,0
"3261",1,10,70,0
"3262",1,10,54,0
"3263",2,10,54,0
"3264",3,6,50,0
"3265",4,6,50,0
"3266",1,10,90,0
"3267",2,9,89,0
"3268",NA,0,NA,0
"3269",3,8,88,0
"3270",4,2,82,0
"3271",1,10,50,0
"3272",2,7,47,NA
"3273",2,7,47,0
"3274",1,10,33,0
"3275",1,1,1,1
"3276",NA,0,15,0
"3277",NA,0,35,0
"3278",1,10,64,0
"3279",2,6,60,0
"3280",1,10,48,0
"3281",2,10,48,0
"3282",1,10,36,0
"3283",2,7,33,0
"3284",1,10,68,0
"3285",NA,0,NA,NA
"3286",2,9,67,0
"3287",NA,0,NA,0
"3288",3,9,67,0
"3289",4,9,67,0
"3290",1,10,72,0
"3291",2,1,63,0
"3292",3,1,63,0
"3293",4,1,63,0
"3294",1,10,37,0
"3295",2,12,39,0
"3296",3,10,37,0
"3297",4,10,37,0
"3298",1,10,55,0
"3299",2,3,48,0
"3300",1,10,41,0
"3301",1,20,51,0
"3302",2,17,48,0
"3303",2,32,63,0
"3304",1,10,67,0
"3305",2,6,63,0
"3306",3,4,61,0
"3307",1,10,55,0
"3308",2,1,46,0
"3309",1,10,37,0
"3310",1,10,19,0
"3311",1,8,8,1
"3312",NA,0,15,0
"3313",NA,0,35,0
"3314",1,10,57,0
"3315",2,10,57,0
"3316",1,10,36,0
"3317",1,10,21,0
"3318",2,2,13,0
"3319",3,3,14,0
"3320",1,6,6,1
"3321",NA,0,15,0
"3322",NA,0,35,0
"3323",1,10,76,0
"3324",2,2,68,0
"3325",1,10,58,0
"3326",NA,0,NA,0
"3327",1,10,46,0
"3328",2,3,39,0
"3329",NA,0,NA,0
"3330",3,1,37,0
"3331",1,10,33,0
"3332",1,4,4,1
"3333",NA,0,15,0
"3334",NA,0,35,0
"3335",NA,0,NA,NA
"3336",NA,0,35,0
"3337",1,10,76,0
"3338",1,15,81,0
"3339",2,11,77,0
"3340",3,9,75,0
"3341",4,9,75,0
"3342",1,10,76,0
"3343",1,10,12,0
"3344",2,9,11,0
"3345",3,20,22,0
"3346",4,14,16,0
"3347",NA,0,35,0
"3348",1,10,69,0
"3349",1,10,59,0
"3350",2,6,55,0
"3351",3,14,63,0
"3352",4,5,54,0
"3353",1,10,46,0
"3354",2,7,43,0
"3355",3,8,44,1
"3356",NA,0,15,0
"3357",NA,0,35,0
"3358",1,10,69,0
"3359",2,10,69,0
"3360",1,10,54,0
"3361",1,25,69,0
"3362",2,34,78,0
"3363",3,34,78,0
"3364",4,34,78,0
"3365",1,10,84,0
"3366",1,10,72,0
"3367",1,10,59,0
"3368",2,6,55,0
"3369",1,10,13,0
"3370",2,8,11,0
"3371",NA,0,NA,NA
"3372",3,5,8,1
"3373",NA,0,15,0
"3374",NA,0,35,0
"3375",1,10,60,0
"3376",2,8,58,0
"3377",3,15,65,0
"3378",1,10,28,0
"3379",2,2,20,0
"3380",3,7,25,0
"3381",1,10,12,0
"3382",2,10,12,0
"3383",3,1,3,1
"3384",NA,0,15,0
"3385",NA,0,35,0
"3386",1,10,43,0
"3387",2,2,35,0
"3388",1,9,9,0
"3389",2,4,4,0
"3390",3,3,3,0
"3391",4,4,4,1
"3392",NA,0,15,0
"3393",NA,0,35,0
"3394",1,10,83,0
"3395",2,10,83,0
"3396",3,9,82,0
"3397",4,4,77,0
"3398",1,10,71,0
"3399",2,9,70,0
"3400",3,9,70,0
"3401",4,6,67,0
"3402",1,10,85,0
"3403",2,3,78,0
"3404",1,10,68,0
"3405",2,10,68,0
"3406",3,7,65,0
"3407",1,10,43,0
"3408",2,7,40,0
"3409",3,4,37,0
"3410",NA,0,NA,NA
"3411",NA,0,NA,NA
"3412",NA,0,35,0
"3413",1,10,78,0
"3414",2,4,72,0
"3415",1,10,60,0
"3416",2,12,62,0
"3417",3,15,65,0
"3418",3,20,70,0
"3419",4,8,58,0
"3420",1,10,89,0
"3421",2,9,88,0
"3422",3,7,86,0
"3423",1,10,76,0
"3424",2,3,69,0
"3425",3,7,73,0
"3426",4,7,73,0
"3427",1,10,85,0
"3428",2,6,81,0
"3429",3,6,81,0
"3430",4,6,81,0
"3431",1,10,49,0
"3432",1,10,39,0
"3433",2,10,39,0
"3434",3,1,30,0
"3435",1,10,28,0
"3436",2,12,30,0
"3437",3,7,25,0
"3438",4,7,25,0
"3439",NA,0,35,0
"3440",1,10,60,0
"3441",2,14,64,0
"3442",3,14,64,0
"3443",4,14,64,0
"3444",1,10,78,0
"3445",2,20,88,0
"3446",3,21,89,0
"3447",3,16,84,0
"3448",NA,0,NA,NA
"3449",4,8,76,0
"3450",1,10,72,0
"3451",2,3,65,0
"3452",3,1,63,0
"3453",1,10,57,0
"3454",2,8,55,0
"3455",3,8,55,0
"3456",4,8,55,0
"3457",1,10,24,0
"3458",2,1,15,1
"3459",NA,0,15,0
"3460",NA,0,35,0
"3461",1,10,72,0
"3462",2,10,72,0
"3463",3,6,68,0
"3464",1,10,42,0
"3465",2,11,43,0
"3466",3,8,40,0
"3467",4,8,40,0
"3468",1,10,91,0
"3469",2,8,89,0
"3470",3,8,89,0
"3471",4,4,85,0
"3472",1,10,72,0
"3473",2,1,63,0
"3474",1,10,60,0
"3475",2,6,56,0
"3476",3,4,54,0
"3477",4,4,54,0
"3478",1,10,96,0
"3479",2,10,96,0
"3480",3,3,89,0
"3481",4,1,87,0
"3482",4,5,91,0
"3483",1,10,48,0
"3484",2,6,44,0
"3485",NA,0,NA,0
"3486",3,13,51,0
"3487",1,10,28,0
"3488",2,10,28,0
"3489",3,10,28,0
"3490",NA,0,NA,0
"3491",NA,0,NA,0
"3492",4,2,20,0
"3493",NA,0,35,0
"3494",1,10,74,0
"3495",2,10,74,0
"3496",3,10,74,0
"3497",NA,0,NA,0
"3498",4,4,68,0
"3499",NA,0,NA,NA
"3500",NA,0,35,0
"3501",1,10,65,0
"3502",1,10,46,0
"3503",2,6,42,0
"3504",1,1,1,0
"3505",2,1,1,0
"3506",2,5,5,0
"3507",3,5,5,0
"3508",4,14,14,0
"3509",NA,0,35,0
"3510",1,10,60,0
"3511",2,4,54,0
"3512",3,4,54,0
"3513",1,5,5,0
"3514",2,4,4,0
"3515",NA,0,NA,0
"3516",3,2,2,0
"3517",4,2,2,1
"3518",NA,0,15,0
"3519",NA,0,35,0
"3520",1,10,71,0
"3521",1,10,51,0
"3522",2,7,48,0
"3523",3,2,43,0
"3524",1,10,39,0
"3525",2,10,39,0
"3526",3,4,33,0
"3527",1,10,25,0
"3528",2,7,22,0
"3529",NA,0,NA,0
"3530",3,7,22,0
"3531",4,3,18,1
"3532",NA,0,15,0
"3533",NA,0,35,0
"3534",1,10,66,0
"3535",1,20,76,0
"3536",1,10,60,0
"3537",2,5,55,0
"3538",1,10,47,0
"3539",2,19,56,0
"3540",3,13,50,0
"3541",1,10,34,0
"3542",NA,0,NA,NA
"3543",2,8,32,0
"3544",1,10,20,0
"3545",2,4,14,0
"3546",2,14,24,1
"3547",NA,0,15,0
"3548",NA,0,35,0
"3549",1,10,71,0
"3550",2,6,67,0
"3551",1,10,59,0
"3552",1,20,69,0
"3553",2,9,58,0
"3554",3,1,50,0
"3555",1,10,48,0
"3556",2,10,48,0
"3557",1,10,37,0
"3558",2,10,37,0
"3559",3,6,33,0
"3560",4,6,33,1
"3561",NA,0,15,0
"3562",NA,0,35,0
"3563",1,10,75,0
"3564",2,2,67,0
"3565",1,10,64,0
"3566",2,4,58,0
"3567",3,5,59,0
"3568",4,5,59,0
"3569",4,10,64,0
"3570",1,10,36,0
"3571",2,9,35,0
"3572",1,10,23,0
"3573",2,10,23,1
"3574",NA,0,15,0
"3575",NA,0,35,0
"3576",1,10,65,0
"3577",1,10,34,0
"3578",2,10,34,0
"3579",3,3,27,0
"3580",1,10,22,0
"3581",2,2,14,0
"3582",1,8,8,1
"3583",NA,0,15,0
"3584",NA,0,35,0
"3585",1,10,71,0
"3586",2,12,73,0
"3587",3,13,74,0
"3588",NA,0,NA,NA
"3589",NA,0,NA,NA
"3590",NA,0,35,0
"3591",1,10,72,0
"3592",2,6,68,0
"3593",1,10,49,0
"3594",2,10,49,0
"3595",1,10,39,0
"3596",1,10,14,0
"3597",2,10,14,0
"3598",3,7,11,0
"3599",4,7,11,0
"3600",NA,0,35,0
"3601",1,10,64,0
"3602",1,10,46,0
"3603",2,7,43,0
"3604",1,10,36,0
"3605",2,9,35,0
"3606",1,10,23,1
"3607",NA,0,15,0
"3608",NA,0,35,0
"3609",1,10,70,0
"3610",2,5,65,0
"3611",3,1,61,0
"3612",1,10,59,0
"3613",1,10,18,0
"3614",2,2,10,0
"3615",3,7,15,0
"3616",4,7,15,0
"3617",NA,0,35,0
"3618",1,10,65,0
"3619",2,6,61,0
"3620",3,3,58,0
"3621",4,3,58,0
"3622",1,10,85,0
"3623",1,10,62,0
"3624",2,10,62,0
"3625",3,2,54,0
"3626",1,10,11,0
"3627",2,6,7,0
"3628",NA,0,NA,NA
"3629",1,1,1,0
"3630",2,1,1,0
"3631",2,1,1,1
"3632",NA,0,15,0
"3633",NA,0,35,0
"3634",1,10,67,0
"3635",2,13,70,0
"3636",1,10,28,0
"3637",2,7,25,0
"3638",1,10,18,0
"3639",1,2,2,0
"3640",2,3,3,1
"3641",NA,0,15,0
"3642",NA,0,35,0
"3643",1,10,72,0
"3644",2,8,70,0
"3645",1,10,59,0
"3646",1,15,64,0
"3647",2,3,52,0
"3648",3,3,52,0
"3649",4,1,50,0
"3650",1,10,50,0
"3651",1,10,39,0
"3652",2,7,36,0
"3653",3,6,35,0
"3654",1,10,29,0
"3655",2,7,26,0
"3656",3,7,26,0
"3657",1,10,10,0
"3658",2,6,6,0
"3659",1,3,3,0
"3660",2,3,3,0
"3661",1,1,1,0
"3662",2,2,2,1
"3663",NA,0,15,0
"3664",NA,0,35,0
"3665",1,10,81,0
"3666",2,4,75,0
"3667",3,3,74,0
"3668",1,10,65,0
"3669",1,10,21,0
"3670",NA,0,NA,0
"3671",1,7,7,1
"3672",NA,0,15,0
"3673",NA,0,35,0
"3674",1,10,68,0
"3675",2,6,64,0
"3676",3,6,64,0
"3677",4,6,64,0
"3678",1,10,93,0
"3679",NA,0,NA,NA
"3680",NA,0,35,0
"3681",1,10,60,0
"3682",2,5,55,0
"3683",3,4,54,0
"3684",1,10,36,0
"3685",2,4,30,0
"3686",1,10,14,0
"3687",2,1,5,1
"3688",NA,0,15,0
"3689",NA,0,35,0
"3690",1,10,60,0
"3691",1,10,45,0
"3692",1,10,38,0
"3693",1,10,26,0
"3694",2,4,20,0
"3695",3,4,20,0
"3696",1,10,15,0
"3697",2,1,6,0
"3698",2,11,16,0
"3699",3,21,26,0
"3700",4,13,18,0
"3701",NA,0,35,0
"3702",1,10,65,0
"3703",2,10,65,0
"3704",3,10,65,0
"3705",3,15,70,0
"3706",1,10,51,0
"3707",2,7,48,0
"3708",3,4,45,0
"3709",4,4,45,0
"3710",1,10,92,0
"3711",2,8,90,0
"3712",3,2,84,0
"3713",1,10,75,0
"3714",1,15,80,0
"3715",NA,0,NA,NA
"3716",2,5,70,0
"3717",1,10,58,0
"3718",2,10,58,0
"3719",3,5,53,0
"3720",4,2,50,0
"3721",1,10,50,0
"3722",1,10,35,0
"3723",2,1,26,0
"3724",3,3,28,0
"3725",1,10,91,0
"3726",2,1,82,0
"3727",1,10,80,0
"3728",1,10,12,0
"3729",2,8,10,0
"3730",3,8,10,0
"3731",4,8,10,0
"3732",NA,0,35,0
"3733",1,10,65,0
"3734",2,3,58,0
"3735",3,1,56,0
"3736",1,10,54,0
"3737",2,11,55,0
"3738",1,10,43,0
"3739",1,10,25,0
"3740",1,25,40,0
"3741",2,24,39,0
"3742",3,24,39,0
"3743",4,9,24,0
"3744",1,10,68,0
"3745",2,6,64,0
"3746",1,10,54,0
"3747",NA,0,50,0
"3748",2,6,50,0
"3749",NA,0,50,0
"3750",3,6,50,0
"3751",NA,0,NA,0
"3752",1,10,43,0
"3753",2,8,41,0
"3754",NA,0,NA,0
"3755",3,7,40,0
"3756",NA,0,NA,0
"3757",4,9,42,0
"3758",1,10,27,0
"3759",NA,0,NA,NA
"3760",NA,0,NA,NA
"3761",NA,0,35,0
"3762",1,10,69,0
"3763",2,3,62,0
"3764",3,3,62,0
"3765",1,10,44,0
"3766",1,10,26,0
"3767",2,7,23,0
"3768",NA,0,NA,0
"3769",3,7,23,0
"3770",1,10,13,0
"3771",2,6,9,1
"3772",NA,0,15,0
"3773",NA,0,35,0
"3774",1,10,74,0
"3775",2,9,73,0
"3776",3,9,73,0
"3777",4,12,76,0
"3778",1,10,72,0
"3779",2,4,66,0
"3780",1,10,60,0
"3781",1,10,36,0
"3782",2,4,30,0
"3783",1,10,10,0
"3784",2,10,10,0
"3785",3,8,8,0
"3786",1,10,80,0
"3787",2,10,80,0
"3788",1,10,69,0
"3789",1,10,56,0
"3790",1,10,31,0
"3791",2,10,31,0
"3792",3,4,25,0
"3793",1,10,15,0
"3794",1,5,5,0
"3795",2,4,4,0
"3796",3,4,4,1
"3797",NA,0,15,0
"3798",NA,0,35,0
"3799",1,10,75,0
"3800",NA,0,NA,NA
"3801",2,3,68,0
"3802",1,10,62,0
"3803",2,1,53,0
"3804",1,10,50,0
"3805",2,1,41,0
"3806",1,10,11,0
"3807",2,7,8,1
"3808",NA,0,15,0
"3809",NA,0,35,0
"3810",1,10,66,0
"3811",1,10,61,0
"3812",2,7,58,0
"3813",NA,0,NA,0
"3814",3,7,58,0
"3815",1,10,50,0
"3816",1,20,60,0
"3817",2,20,60,0
"3818",3,25,65,0
"3819",4,19,59,0
"3820",1,10,87,0
"3821",2,10,87,0
"3822",3,6,83,0
"3823",1,10,30,0
"3824",2,3,23,0
"3825",3,2,22,0
"3826",1,10,20,0
"3827",2,10,20,0
"3828",3,17,27,0
"3829",4,3,13,0
"3830",NA,0,35,0
"3831",1,10,65,0
"3832",2,10,65,0
"3833",3,7,62,0
"3834",1,10,22,0
"3835",2,10,22,0
"3836",3,10,22,0
"3837",4,12,24,0
"3838",NA,0,35,0
"3839",1,10,60,0
"3840",1,10,35,0
"3841",2,10,35,0
"3842",3,11,36,0
"3843",1,10,73,0
"3844",2,10,73,0
"3845",NA,0,NA,NA
"3846",NA,0,35,0
"3847",1,10,76,0
"3848",2,5,71,0
"3849",1,10,65,0
"3850",1,10,40,0
"3851",2,7,37,0
"3852",1,10,25,0
"3853",1,10,13,1
"3854",NA,0,15,0
"3855",NA,0,35,0
"3856",1,10,81,0
"3857",2,5,76,0
"3858",3,1,72,0
"3859",4,1,72,0
"3860",1,10,77,0
"3861",1,10,65,0
"3862",2,10,65,0
"3863",3,6,61,0
"3864",1,10,30,0
"3865",2,4,24,0
"3866",2,9,29,0
"3867",3,4,24,0
"3868",1,10,20,0
"3869",2,1,11,1
"3870",NA,0,15,0
"3871",NA,0,35,0
"3872",1,10,47,0
"3873",2,7,44,0
"3874",3,5,42,1
"3875",NA,0,15,0
"3876",NA,0,35,0
"3877",1,10,75,0
"3878",2,1,66,0
"3879",1,10,65,0
"3880",2,8,63,0
"3881",NA,0,NA,NA
"3882",1,10,54,0
"3883",2,9,53,0
"3884",1,10,36,0
"3885",1,10,19,0
"3886",2,3,12,0
"3887",1,7,7,0
"3888",2,7,7,0
"3889",3,7,7,0
"3890",4,7,7,0
"3891",NA,0,35,0
"3892",1,10,63,0
"3893",2,12,65,0
"3894",3,12,65,0
"3895",4,12,65,0
"3896",1,10,88,0
"3897",2,5,83,0
"3898",3,5,83,0
"3899",1,10,68,0
"3900",2,9,67,0
"3901",3,4,62,0
"3902",1,10,55,0
"3903",2,6,51,0
"3904",3,2,47,0
"3905",4,2,47,0
"3906",1,10,88,0
"3907",1,10,77,0
"3908",2,10,77,0
"3909",1,10,12,0
"3910",2,14,16,0
"3911",3,14,16,0
"3912",4,5,7,0
"3913",1,10,92,0
"3914",2,10,92,0
"3915",3,10,92,0
"3916",4,3,85,0
"3917",1,10,72,0
"3918",2,11,73,0
"3919",3,5,67,0
"3920",4,5,67,0
"3921",1,10,42,0
"3922",2,5,37,0
"3923",1,10,21,0
"3924",NA,0,NA,0
"3925",1,10,11,0
"3926",NA,0,NA,0
"3927",2,3,4,0
"3928",NA,0,NA,0
"3929",1,1,1,0
"3930",1,5,5,0
"3931",NA,0,NA,0
"3932",2,3,3,0
"3933",NA,0,NA,0
"3934",3,1,1,1
"3935",NA,0,15,0
"3936",NA,0,35,0
"3937",1,10,65,0
"3938",2,20,75,0
"3939",NA,0,NA,NA
"3940",NA,0,NA,NA
"3941",NA,0,35,0
"3942",1,10,76,0
"3943",1,10,25,0
"3944",2,10,25,0
"3945",3,5,20,0
"3946",4,5,20,0
"3947",NA,0,35,0
"3948",1,10,78,0
"3949",1,10,65,0
"3950",2,5,60,0
"3951",3,5,60,0
"3952",1,10,40,0
"3953",2,7,37,0
"3954",3,7,37,0
"3955",1,10,29,0
"3956",2,7,26,0
"3957",3,7,26,0
"3958",4,17,36,0
"3959",NA,0,35,0
"3960",1,10,65,0
"3961",2,10,65,0
"3962",2,15,70,0
"3963",3,15,70,0
"3964",4,10,65,0
"3965",1,10,84,0
"3966",2,7,81,0
"3967",3,12,86,0
"3968",4,7,81,0
"3969",1,10,72,0
"3970",1,10,53,0
"3971",2,4,47,0
"3972",1,10,35,0
"3973",2,13,38,0
"3974",3,3,28,0
"3975",3,8,33,0
"3976",1,10,12,0
"3977",1,5,7,0
"3978",2,8,10,1
"3979",NA,0,15,0
"3980",NA,0,35,0
"3981",1,10,65,0
"3982",NA,0,NA,NA
"3983",2,3,58,0
"3984",1,10,53,0
"3985",2,10,53,0
"3986",3,10,53,0
"3987",1,10,28,0
"3988",1,20,38,0
"3989",2,17,35,0
"3990",3,2,20,0
"3991",1,10,17,0
"3992",2,6,13,0
"3993",3,6,13,0
"3994",4,15,22,0
"3995",NA,0,35,0
"3996",1,10,68,0
"3997",2,12,70,0
"3998",3,6,64,0
"3999",4,6,64,0
"4000",1,10,89,0
"4001",2,4,83,0
"4002",1,10,77,0
"4003",1,10,67,0
"4004",2,1,58,0
"4005",NA,0,NA,0
"4006",3,1,58,0
"4007",4,6,63,0
"4008",1,10,91,0
"4009",2,1,82,0
"4010",3,1,82,0
"4011",1,10,67,0
"4012",2,3,60,1
"4013",NA,0,15,0
"4014",NA,0,35,0
"4015",1,10,72,0
"4016",1,10,59,0
"4017",2,6,55,0
"4018",3,6,55,0
"4019",1,10,99,0
"4020",NA,0,NA,0
"4021",2,8,97,0
"4022",NA,0,NA,0
"4023",3,1,90,0
"4024",1,10,88,0
"4025",NA,0,NA,NA
"4026",NA,0,35,0
"4027",1,10,74,0
"4028",2,11,75,0
"4029",1,10,51,0
"4030",2,6,47,0
"4031",1,10,38,0
"4032",2,13,41,0
"4033",3,12,40,0
"4034",NA,0,NA,0
"4035",4,2,30,0
"4036",NA,0,NA,0
"4037",1,5,5,0
"4038",2,2,2,0
"4039",3,1,1,0
"4040",4,2,2,0
"4041",NA,0,35,0
"4042",1,10,80,0
"4043",2,10,80,0
"4044",3,5,75,0
"4045",1,10,66,0
"4046",2,5,61,0
"4047",3,1,57,0
"4048",1,10,55,0
"4049",2,8,53,0
"4050",3,6,51,0
"4051",1,10,42,0
"4052",2,1,33,0
"4053",3,1,33,0
"4054",1,10,32,0
"4055",NA,0,NA,NA
"4056",2,10,32,0
"4057",3,6,28,0
"4058",3,1,23,0
"4059",1,10,18,0
"4060",2,10,18,0
"4061",3,6,14,0
"4062",3,16,24,0
"4063",4,10,18,0
"4064",NA,0,35,0
"4065",1,10,80,0
"4066",2,1,71,0
"4067",1,10,70,0
"4068",1,10,59,0
"4069",2,10,59,0
"4070",3,1,50,0
"4071",4,1,50,0
"4072",1,10,43,0
"4073",2,2,35,0
"4074",3,2,35,0
"4075",1,10,15,0
"4076",2,10,15,0
"4077",3,15,20,0
"4078",1,10,80,0
"4079",2,3,73,0
"4080",3,4,74,0
"4081",4,4,74,0
"4082",1,10,67,0
"4083",2,10,67,0
"4084",3,3,60,0
"4085",NA,0,NA,0
"4086",4,3,60,0
"4087",1,10,29,0
"4088",1,10,70,0
"4089",2,10,70,0
"4090",3,6,66,0
"4091",4,6,66,0
"4092",1,10,34,0
"4093",NA,0,NA,0
"4094",2,6,30,0
"4095",1,10,23,0
"4096",NA,0,NA,0
"4097",2,6,19,0
"4098",2,11,24,0
"4099",3,6,19,0
"4100",1,10,12,0
"4101",2,11,13,0
"4102",NA,0,NA,NA
"4103",NA,0,NA,NA
"4104",NA,0,35,0
"4105",1,10,72,0
"4106",2,5,67,0
"4107",2,10,72,0
"4108",2,15,77,0
"4109",3,23,85,0
"4110",4,9,71,0
"4111",1,10,72,0
"4112",2,7,69,0
"4113",2,3,65,0
"4114",1,10,54,0
"4115",2,5,49,0
"4116",2,10,54,0
"4117",3,2,46,0
"4118",4,1,45,1
"4119",NA,0,15,0
"4120",NA,0,35,0
"4121",1,10,65,0
"4122",2,5,60,0
"4123",3,5,60,0
"4124",4,3,58,0
"4125",1,10,90,0
"4126",2,9,89,0
"4127",3,3,83,0
"4128",1,10,73,0
"4129",2,6,69,0
"4130",3,3,66,0
"4131",4,3,66,0
"4132",1,10,85,0
"4133",1,10,59,0
"4134",2,7,56,0
"4135",3,8,57,0
"4136",NA,0,NA,0
"4137",3,3,52,0
"4138",NA,0,50,NA
"4139",4,1,50,0
"4140",1,10,47,0
"4141",2,6,43,0
"4142",1,10,35,0
"4143",2,16,41,0
"4144",3,12,37,0
"4145",4,12,37,0
"4146",NA,0,35,0
"4147",1,10,75,0
"4148",1,10,42,0
"4149",NA,0,NA,0
"4150",2,10,42,0
"4151",3,1,33,0
"4152",1,10,13,0
"4153",2,4,7,0
"4154",1,3,3,0
"4155",2,3,3,0
"4156",NA,0,NA,0
"4157",3,3,3,0
"4158",4,3,3,0
"4159",NA,0,35,0
"4160",1,10,85,0
"4161",1,10,64,0
"4162",2,7,61,0
"4163",3,7,61,0
"4164",1,10,45,0
"4165",2,8,43,0
"4166",3,8,43,0
"4167",3,13,48,0
"4168",4,13,48,0
"4169",1,10,95,0
"4170",2,6,91,0
"4171",3,5,90,0
"4172",4,5,90,0
"4173",1,10,56,0
"4174",1,10,46,0
"4175",2,4,40,0
"4176",3,1,37,0
"4177",1,10,36,0
"4178",2,6,32,0
"4179",3,6,32,0
"4180",1,9,9,0
"4181",2,9,9,0
"4182",3,9,9,1
"4183",NA,0,15,0
"4184",NA,0,35,0
"4185",1,10,65,0
"4186",1,10,46,0
"4187",1,10,32,0
"4188",NA,0,NA,0
"4189",2,7,29,0
"4190",NA,0,NA,0
"4191",1,10,19,0
"4192",NA,0,NA,NA
"4193",NA,0,35,0
"4194",1,10,65,0
"4195",2,10,65,0
"4196",1,10,46,0
"4197",2,9,45,0
"4198",3,9,45,0
"4199",1,10,19,0
"4200",2,3,12,0
"4201",1,9,9,0
"4202",2,8,8,0
"4203",3,3,3,0
"4204",4,3,3,0
"4205",NA,0,35,0
"4206",1,10,74,0
"4207",2,6,70,0
"4208",1,10,63,0
"4209",2,1,54,0
"4210",1,10,50,0
"4211",2,5,45,0
"4212",NA,0,NA,0
"4213",3,1,41,0
"4214",1,10,38,0
"4215",2,7,35,0
"4216",3,13,41,0
"4217",4,11,39,0
"4218",NA,0,35,0
"4219",1,10,69,0
"4220",1,10,45,0
"4221",1,10,23,0
"4222",1,8,8,1
"4223",NA,0,15,0
"4224",NA,0,35,0
"4225",1,10,86,0
"4226",2,10,86,0
"4227",3,5,81,0
"4228",4,5,81,0
"4229",1,10,74,0
"4230",NA,0,NA,NA
"4231",2,8,72,0
"4232",3,2,66,0
"4233",1,10,53,0
"4234",2,11,54,0
"4235",3,19,62,0
"4236",4,10,53,0
"4237",1,10,73,0
"4238",2,8,71,0
"4239",1,10,21,0
"4240",2,7,18,0
"4241",3,5,16,1
"4242",NA,0,15,0
"4243",NA,0,35,0
"4244",1,10,76,0
"4245",1,15,81,0
"4246",2,15,81,0
"4247",3,15,81,0
"4248",4,15,81,0
"4249",1,10,66,0
"4250",2,10,66,0
"4251",1,10,51,0
"4252",NA,0,NA,0
"4253",1,10,11,0
"4254",2,1,2,0
"4255",1,1,1,1
"4256",NA,0,15,0
"4257",NA,0,35,0
"4258",1,10,65,0
"4259",1,10,55,0
"4260",2,4,49,0
"4261",1,10,40,0
"4262",2,2,32,0
"4263",3,4,34,0
"4264",1,10,29,0
"4265",2,3,22,0
"4266",1,10,17,0
"4267",2,10,17,0
"4268",3,10,17,0
"4269",4,10,17,0
"4270",NA,0,35,0
"4271",1,10,41,0
"4272",NA,0,NA,0
"4273",1,10,29,0
"4274",NA,0,NA,0
"4275",2,10,29,0
"4276",NA,0,NA,0
"4277",1,7,7,0
"4278",2,1,1,0
"4279",3,5,5,0
"4280",4,7,7,0
"4281",NA,0,NA,NA
"4282",NA,0,NA,NA
"4283",NA,0,35,0
"4284",1,10,68,0
"4285",2,7,65,0
"4286",3,1,59,0
"4287",1,10,50,0
"4288",2,13,53,0
"4289",3,13,53,0
"4290",4,3,43,0
"4291",1,10,33,0
"4292",1,10,11,0
"4293",2,7,8,1
"4294",NA,0,15,0
"4295",NA,0,35,0
"4296",1,10,75,0
"4297",2,3,68,0
"4298",3,5,70,NA
"4299",3,5,70,0
"4300",4,5,70,0
"4301",1,10,70,0
"4302",2,7,67,0
"4303",2,12,72,0
"4304",3,4,64,0
"4305",1,10,49,0
"4306",2,8,47,0
"4307",3,6,45,0
"4308",1,10,32,0
"4309",2,4,26,0
"4310",1,10,20,0
"4311",2,8,18,0
"4312",3,6,16,1
"4313",NA,0,15,0
"4314",NA,0,35,0
"4315",1,10,83,0
"4316",2,1,74,0
"4317",NA,0,NA,NA
"4318",1,10,70,0
"4319",2,1,61,0
"4320",1,10,48,0
"4321",2,6,44,0
"4322",1,10,26,0
"4323",2,2,18,1
"4324",NA,0,15,0
"4325",NA,0,35,0
"4326",1,10,75,0
"4327",2,1,66,0
"4328",1,10,59,0
"4329",1,10,38,0
"4330",2,15,43,0
"4331",2,25,53,0
"4332",1,10,48,0
"4333",2,5,43,0
"4334",2,10,48,0
"4335",1,10,33,0
"4336",2,1,24,0
"4337",1,10,21,0
"4338",2,10,21,0
"4339",3,1,12,0
"4340",1,10,10,0
"4341",NA,0,NA,0
"4342",2,8,8,0
"4343",NA,0,NA,0
"4344",3,4,4,0
"4345",4,4,4,0
"4346",NA,0,35,0
"4347",1,10,77,0
"4348",1,10,55,0
"4349",2,6,51,0
"4350",3,1,46,0
"4351",NA,0,NA,0
"4352",1,10,34,0
"4353",2,5,29,1
"4354",NA,0,NA,0
"4355",NA,0,2,0
"4356",NA,0,20,0
"4357",NA,0,35,0
"4358",1,10,96,0
"4359",NA,0,NA,NA
"4360",NA,0,35,0
"4361",1,10,71,0
"4362",2,3,64,0
"4363",2,13,74,0
"4364",NA,0,NA,0
"4365",3,13,74,0
"4366",1,10,27,0
"4367",2,9,26,0
"4368",3,7,24,0
"4369",3,12,29,0
"4370",4,5,22,0
"4371",NA,0,35,0
"4372",1,10,83,0
"4373",2,7,80,0
"4374",3,7,80,0
"4375",4,18,91,0
"4376",4,23,96,0
"4377",1,10,56,0
"4378",2,10,56,0
"4379",1,10,33,0
"4380",2,10,33,0
"4381",3,5,28,0
"4382",1,10,19,0
"4383",1,20,29,0
"4384",1,15,24,0
"4385",2,15,24,0
"4386",3,11,20,0
"4387",4,17,26,0
"4388",NA,0,35,0
"4389",1,10,83,0
"4390",2,2,75,0
"4391",2,12,85,0
"4392",3,3,76,0
"4393",1,10,21,0
"4394",1,6,6,1
"4395",NA,0,2,0
"4396",NA,0,35,0
"4397",NA,0,NA,NA
"4398",1,10,69,0
"4399",2,10,69,0
"4400",1,10,54,0
"4401",2,10,54,0
"4402",3,8,52,0
"4403",4,9,53,0
"4404",1,10,87,0
"4405",1,15,92,0
"4406",2,7,84,0
"4407",3,13,90,0
"4408",1,10,76,0
"4409",1,15,81,0
"4410",2,13,79,0
"4411",3,26,92,0
"4412",4,25,91,1
"4413",NA,0,15,0
"4414",NA,0,35,1
"4415",NA,0,15,0
"4416",NA,0,35,0
"4417",1,10,87,0
"4418",1,10,76,0
"4419",1,10,63,0
"4420",2,12,65,0
"4421",3,7,60,0
"4422",1,10,53,0
"4423",1,15,58,0
"4424",2,15,58,0
"4425",2,20,63,0
"4426",3,7,50,0
"4427",4,9,52,0
"4428",1,10,38,0
"4429",2,8,36,0
"4430",3,8,36,0
"4431",NA,0,NA,0
"4432",4,2,30,0
"4433",4,7,35,0
"4434",NA,0,35,0
"4435",1,10,60,0
"4436",2,3,53,0
"4437",1,10,44,0
"4438",1,10,26,0
"4439",1,15,31,0
"4440",1,20,36,0
"4441",NA,0,NA,0
"4442",2,20,36,0
"4443",NA,0,NA,0
"4444",3,12,28,0
"4445",4,12,28,0
"4446",1,10,63,0
"4447",2,11,64,0
"4448",NA,0,NA,NA
"4449",NA,0,NA,NA
"4450",NA,0,35,0
"4451",1,10,80,0
"4452",2,6,76,0
"4453",3,1,71,0
"4454",1,10,68,0
"4455",2,1,59,0
"4456",2,2,60,0
"4457",1,10,58,0
"4458",2,10,58,0
"4459",3,4,52,0
"4460",1,10,38,0
"4461",2,15,43,0
"4462",2,30,58,0
"4463",NA,0,NA,0
"4464",3,19,47,0
"4465",3,24,52,0
"4466",1,10,17,0
"4467",2,8,15,0
"4468",2,13,20,0
"4469",3,13,20,0
"4470",4,13,20,0
"4471",NA,0,35,0
"4472",1,10,68,0
"4473",2,3,61,0
"4474",3,1,59,0
"4475",4,1,59,0
"4476",4,6,64,0
"4477",1,10,69,0
"4478",1,15,74,0
"4479",2,6,65,0
"4480",3,1,60,0
"4481",1,10,32,0
"4482",1,10,17,0
"4483",2,8,15,0
"4484",3,7,14,0
"4485",4,7,14,0
"4486",NA,0,35,0
"4487",1,10,69,0
"4488",2,7,66,0
"4489",NA,0,NA,NA
"4490",3,7,66,0
"4491",4,8,67,0
"4492",1,10,81,0
"4493",2,9,80,0
"4494",3,7,78,0
"4495",4,4,75,0
"4496",1,10,75,0
"4497",2,6,71,0
"4498",1,10,38,0
"4499",2,3,31,0
"4500",1,10,25,0
"4501",2,10,25,0
"4502",3,10,25,0
"4503",4,18,33,0
"4504",NA,0,35,0
"4505",1,10,70,0
"4506",2,5,65,0
"4507",3,3,63,0
"4508",1,10,54,0
"4509",1,10,29,1
"4510",NA,0,15,0
"4511",NA,0,35,0
"4512",1,10,64,0
"4513",1,10,52,0
"4514",1,10,33,0
"4515",2,1,24,0
"4516",1,10,19,0
"4517",2,10,19,0
"4518",1,10,11,0
"4519",2,9,10,0
"4520",NA,0,NA,0
"4521",3,9,10,NA
"4522",3,9,10,1
"4523",NA,0,15,0
"4524",NA,0,35,0
"4525",1,10,77,0
"4526",2,10,77,0
"4527",NA,0,NA,0
"4528",3,19,86,0
"4529",NA,0,NA,0
"4530",4,5,72,0
"4531",1,10,80,0
"4532",2,4,74,0
"4533",1,10,64,0
"4534",1,20,74,0
"4535",2,12,66,0
"4536",3,12,66,0
"4537",1,10,50,0
"4538",2,10,50,0
"4539",NA,0,50,0
"4540",3,10,50,0
"4541",4,8,48,0
"4542",NA,0,NA,NA
"4543",NA,0,35,0
"4544",1,10,79,0
"4545",2,10,79,0
"4546",1,10,40,0
"4547",1,10,29,0
"4548",2,10,29,0
"4549",3,5,24,0
"4550",1,10,17,0
"4551",2,9,16,0
"4552",3,3,10,0
"4553",4,3,10,0
"4554",1,10,90,0
"4555",2,6,86,0
"4556",1,10,79,0
"4557",2,11,80,0
"4558",1,10,53,0
"4559",2,9,52,0
"4560",1,10,30,1
"4561",NA,0,15,0
"4562",NA,0,35,0
"4563",1,10,67,0
"4564",1,10,15,0
"4565",2,5,10,0
"4566",3,5,10,0
"4567",4,5,10,0
"4568",4,10,15,0
"4569",NA,0,35,0
"4570",1,10,82,0
"4571",2,4,76,0
"4572",1,10,70,0
"4573",2,11,71,0
"4574",3,8,68,0
"4575",1,10,51,0
"4576",2,7,48,0
"4577",3,5,46,0
"4578",1,10,23,0
"4579",2,10,23,0
"4580",NA,0,NA,NA
"4581",3,11,24,0
"4582",3,16,29,0
"4583",4,13,26,0
"4584",NA,0,35,0
"4585",1,10,60,0
"4586",2,8,58,0
"4587",1,10,46,0
"4588",1,10,25,0
"4589",1,1,1,1
"4590",NA,0,15,0
"4591",NA,0,35,0
"4592",1,10,85,0
"4593",2,7,82,0
"4594",3,4,79,0
"4595",1,10,63,0
"4596",2,11,64,0
"4597",1,10,24,0
"4598",2,12,26,0
"4599",3,5,19,0
"4600",1,10,10,0
"4601",2,4,4,1
"4602",NA,0,15,0
"4603",NA,0,35,0
"4604",1,10,63,0
"4605",2,1,54,0
"4606",1,10,51,0
"4607",1,10,38,0
"4608",2,1,29,0
"4609",3,4,32,0
"4610",4,4,32,1
"4611",NA,0,15,0
"4612",NA,0,35,0
"4613",1,10,71,0
"4614",2,3,64,0
"4615",3,3,64,0
"4616",4,3,64,0
"4617",1,10,53,0
"4618",2,10,53,0
"4619",3,5,48,0
"4620",1,10,34,0
"4621",1,10,22,0
"4622",NA,0,NA,0
"4623",1,9,9,0
"4624",NA,0,NA,0
"4625",2,6,6,1
"4626",NA,0,15,0
"4627",NA,0,35,0
"4628",1,10,63,0
"4629",2,10,63,0
"4630",NA,0,NA,0
"4631",1,10,48,1
"4632",NA,0,15,0
"4633",NA,0,35,0
"4634",1,10,67,0
"4635",2,10,67,0
"4636",NA,0,NA,0
"4637",1,10,49,0
"4638",NA,0,NA,0
"4639",2,7,46,0
"4640",NA,0,NA,NA
"4641",NA,0,35,0
"4642",1,10,81,0
"4643",2,2,73,0
"4644",1,10,69,0
"4645",1,10,58,0
"4646",2,9,57,0
"4647",3,10,58,0
"4648",4,10,58,0
"4649",1,10,86,0
"4650",1,10,72,0
"4651",2,3,65,0
"4652",3,17,79,0
"4653",4,17,79,0
"4654",1,10,62,0
"4655",2,19,71,0
"4656",2,29,81,0
"4657",NA,0,NA,0
"4658",3,10,62,0
"4659",4,5,57,0
"4660",4,10,62,0
"4661",1,10,66,0
"4662",2,14,70,0
"4663",1,10,70,0
"4664",1,10,43,0
"4665",2,9,42,0
"4666",NA,0,NA,0
"4667",NA,0,NA,0
"4668",1,10,28,0
"4669",NA,0,NA,NA
"4670",NA,0,NA,NA
"4671",NA,0,35,0
"4672",1,10,69,0
"4673",2,13,72,0
"4674",3,13,72,0
"4675",3,8,67,0
"4676",4,1,60,0
"4677",1,10,55,0
"4678",2,11,56,0
"4679",3,11,56,0
"4680",4,5,50,0
"4681",1,10,91,0
"4682",2,3,84,0
"4683",3,3,84,0
"4684",4,3,84,0
"4685",1,10,78,0
"4686",2,10,78,0
"4687",3,10,78,0
"4688",4,10,78,0
"4689",1,10,65,0
"4690",1,10,54,0
"4691",2,4,48,0
"4692",3,1,45,0
"4693",1,10,37,0
"4694",2,11,38,0
"4695",3,11,38,0
"4696",3,16,43,0
"4697",4,13,40,0
"4698",1,10,52,0
"4699",2,7,49,0
"4700",3,1,43,0
"4701",1,10,41,0
"4702",2,6,37,0
"4703",1,10,24,0
"4704",2,5,19,0
"4705",1,10,13,1
"4706",NA,0,15,0
"4707",NA,0,35,0
"4708",1,10,69,0
"4709",NA,0,NA,NA
"4710",2,8,67,0
"4711",1,10,51,0
"4712",2,10,51,0
"4713",1,10,29,0
"4714",2,8,27,0
"4715",3,8,27,0
"4716",4,19,38,0
"4717",NA,0,35,0
"4718",1,10,76,0
"4719",2,6,72,0
"4720",2,11,77,0
"4721",3,5,71,0
"4722",3,15,81,0
"4723",4,10,76,0
"4724",1,10,69,0
"4725",1,10,59,0
"4726",1,10,48,0
"4727",2,7,45,0
"4728",3,7,45,0
"4729",4,4,42,0
"4730",1,10,24,0
"4731",2,6,20,0
"4732",3,5,19,NA
"4733",3,5,19,0
"4734",1,10,13,1
"4735",NA,0,15,0
"4736",NA,0,35,0
"4737",1,10,77,0
"4738",1,10,66,0
"4739",1,10,55,0
"4740",2,10,55,0
"4741",3,3,48,0
"4742",1,10,44,0
"4743",NA,0,NA,0
"4744",2,10,44,0
"4745",NA,0,NA,0
"4746",3,9,43,0
"4747",NA,0,NA,0
"4748",4,1,35,0
"4749",4,5,39,0
"4750",NA,0,NA,NA
"4751",NA,0,35,0
"4752",1,10,73,0
"4753",2,5,68,0
"4754",3,1,64,0
"4755",4,1,64,0
"4756",1,10,35,0
"4757",2,9,34,0
"4758",3,8,33,0
"4759",4,8,33,0
"4760",NA,0,35,0
"4761",1,10,71,0
"4762",2,5,66,0
"4763",3,5,66,0
"4764",4,5,66,0
"4765",1,10,90,0
"4766",2,1,81,0
"4767",1,10,76,0
"4768",1,10,65,0
"4769",2,7,62,0
"4770",2,12,67,0
"4771",3,16,71,0
"4772",4,8,63,0
"4773",1,10,80,0
"4774",2,3,73,0
"4775",1,10,70,0
"4776",2,7,67,0
"4777",1,10,44,0
"4778",2,7,41,0
"4779",3,1,35,0
"4780",1,10,33,0
"4781",1,10,22,0
"4782",2,12,24,0
"4783",NA,0,NA,NA
"4784",3,2,14,0
"4785",4,1,13,0
"4786",1,10,10,0
"4787",2,6,6,0
"4788",1,10,59,0
"4789",1,10,43,0
"4790",2,3,36,0
"4791",1,10,31,0
"4792",2,10,31,0
"4793",3,10,31,0
"4794",1,3,3,0
"4795",2,5,5,0
"4796",3,1,1,0
"4797",4,1,1,1
"4798",NA,0,15,0
"4799",NA,0,35,0
"4800",1,10,74,0
"4801",2,7,71,0
"4802",3,7,71,0
"4803",4,7,71,0
"4804",1,10,84,0
"4805",2,6,80,0
"4806",3,1,75,0
"4807",NA,0,NA,0
"4808",1,10,74,0
"4809",NA,0,NA,0
"4810",2,9,73,0
"4811",NA,0,NA,0
"4812",3,10,74,0
"4813",NA,0,NA,0
"4814",4,4,68,0
"4815",1,10,72,0
"4816",2,13,75,0
"4817",3,13,75,0
"4818",1,10,60,0
"4819",2,10,60,0
"4820",3,10,60,0
"4821",1,10,39,0
"4822",1,20,49,1
"4823",NA,0,15,0
"4824",NA,0,35,0
"4825",1,10,41,0
"4826",2,1,32,NA
"4827",2,1,32,0
"4828",3,1,32,0
"4829",NA,0,NA,0
"4830",1,10,30,0
"4831",2,11,31,0
"4832",NA,0,NA,NA
"4833",NA,0,NA,NA
"4834",NA,0,35,0
"4835",1,10,65,0
"4836",2,9,64,0
"4837",3,6,61,0
"4838",1,10,46,0
"4839",1,10,33,0
"4840",2,10,33,0
"4841",3,10,33,0
"4842",1,10,21,1
"4843",NA,0,15,0
"4844",NA,0,35,0
"4845",1,10,76,0
"4846",1,10,64,0
"4847",2,6,60,0
"4848",3,6,60,0
"4849",1,10,55,0
"4850",2,3,48,0
"4851",3,2,47,0
"4852",1,10,38,0
"4853",2,9,37,0
"4854",3,2,30,0
"4855",4,2,30,0
"4856",NA,0,35,0
"4857",1,10,71,0
"4858",1,10,44,0
"4859",2,1,35,0
"4860",1,10,31,0
"4861",2,10,31,0
"4862",3,9,30,0
"4863",4,9,30,0
"4864",NA,0,35,0
"4865",1,10,70,0
"4866",2,11,71,0
"4867",1,10,54,0
"4868",1,10,30,0
"4869",1,15,35,0
"4870",NA,0,NA,NA
"4871",2,14,34,0
"4872",3,12,32,0
"4873",4,1,21,0
"4874",1,10,19,0
"4875",2,10,19,0
"4876",3,8,17,0
"4877",4,8,17,0
"4878",1,10,74,0
"4879",2,10,74,0
"4880",3,7,71,0
"4881",4,12,76,0
"4882",1,10,70,0
"4883",2,1,61,0
"4884",1,10,58,0
"4885",2,18,66,0
"4886",3,14,62,0
"4887",4,1,49,0
"4888",1,10,87,0
"4889",2,9,86,0
"4890",3,9,86,0
"4891",4,9,86,0
"4892",1,10,52,0
"4893",1,10,38,0
"4894",2,5,33,0
"4895",3,7,35,0
"4896",4,1,29,0
"4897",1,10,21,0
"4898",2,10,21,0
"4899",3,1,12,0
"4900",1,9,9,0
"4901",2,4,4,0
"4902",3,2,2,1
"4903",NA,0,2,0
"4904",NA,0,35,0
"4905",1,10,73,0
"4906",1,10,56,0
"4907",2,10,56,0
"4908",NA,0,NA,0
"4909",3,6,52,0
"4910",4,6,52,0
"4911",1,10,80,0
"4912",NA,0,NA,NA
"4913",NA,0,35,0
"4914",1,10,83,0
"4915",2,6,79,0
"4916",3,1,74,0
"4917",1,10,72,0
"4918",2,5,67,0
"4919",3,2,64,0
"4920",4,2,64,0
"4921",1,10,80,0
"4922",2,1,71,0
"4923",1,10,56,0
"4924",2,11,57,0
"4925",3,4,50,0
"4926",1,10,33,0
"4927",1,10,17,0
"4928",2,5,12,0
"4929",1,7,7,1
"4930",NA,0,15,0
"4931",NA,0,35,0
"4932",1,10,70,0
"4933",1,5,5,0
"4934",2,5,5,0
"4935",3,4,4,0
"4936",1,10,80,0
"4937",2,10,80,0
"4938",NA,0,NA,0
"4939",3,10,80,0
"4940",4,10,80,0
"4941",1,10,61,0
"4942",2,10,61,0
"4943",3,10,61,0
"4944",4,1,52,0
"4945",1,10,91,0
"4946",2,3,84,0
"4947",1,10,81,0
"4948",2,10,81,0
"4949",NA,0,NA,NA
"4950",3,1,72,0
"4951",1,10,59,0
"4952",1,10,39,0
"4953",2,7,36,0
"4954",3,7,36,0
"4955",4,7,36,0
"4956",NA,0,35,1
"4957",NA,0,15,0
"4958",NA,0,35,0
"4959",1,10,72,0
"4960",2,8,70,0
"4961",3,2,64,0
"4962",1,10,44,0
"4963",2,1,35,0
"4964",1,10,34,0
"4965",2,10,34,0
"4966",3,6,30,0
"4967",4,3,27,0
"4968",NA,0,35,0
"4969",1,10,73,0
"4970",2,10,73,0
"4971",3,9,72,0
"4972",1,10,53,0
"4973",1,10,10,0
"4974",2,10,10,0
"4975",3,19,19,1
"4976",NA,0,15,0
"4977",NA,0,35,0
"4978",1,10,65,0
"4979",2,19,74,0
"4980",3,15,70,0
"4981",3,20,75,0
"4982",4,13,68,0
"4983",1,10,46,0
"4984",2,10,46,0
"4985",NA,0,NA,0
"4986",3,20,56,0
"4987",4,10,46,0
"4988",1,10,54,0
"4989",NA,0,NA,0
"4990",2,17,61,0
"4991",NA,0,NA,0
"4992",3,16,60,0
"4993",NA,0,NA,0
"4994",4,11,55,0
"4995",1,10,91,0
"4996",1,10,78,0
"4997",2,4,72,0
"4998",NA,0,NA,NA
"4999",NA,0,NA,NA
"5000",NA,0,35,0
"5001",1,10,65,0
"5002",2,5,60,0
"5003",2,10,65,0
"5004",1,10,26,0
"5005",2,6,22,0
"5006",3,6,22,0
"5007",4,6,22,0
"5008",1,10,70,0
"5009",2,10,70,0
"5010",3,10,70,0
"5011",4,10,70,0
"5012",1,10,60,0
"5013",2,4,54,0
"5014",1,10,41,0
"5015",2,10,41,0
"5016",3,10,41,0
"5017",4,10,41,0
"5018",1,10,80,0
"5019",2,5,75,0
"5020",3,7,77,0
"5021",1,10,67,0
"5022",2,14,71,0
"5023",3,14,71,0
"5024",1,10,56,0
"5025",1,10,48,0
"5026",2,6,44,0
"5027",1,10,37,0
"5028",2,14,41,0
"5029",3,1,28,0
"5030",1,10,20,0
"5031",2,5,15,0
"5032",3,1,11,1
"5033",NA,0,15,0
"5034",NA,0,35,0
"5035",1,10,68,0
"5036",2,8,66,0
"5037",2,18,76,0
"5038",3,18,76,0
"5039",4,16,74,0
"5040",NA,0,NA,0
"5041",1,10,65,0
"5042",1,10,55,0
"5043",NA,0,NA,NA
"5044",2,3,48,0
"5045",1,10,37,0
"5046",2,8,35,0
"5047",1,10,22,0
"5048",2,9,21,0
"5049",3,14,26,0
"5050",4,14,26,0
"5051",NA,0,35,0
"5052",1,10,71,0
"5053",2,17,78,0
"5054",3,13,74,0
"5055",4,9,70,0
"5056",1,10,81,0
"5057",1,10,67,0
"5058",2,10,67,0
"5059",3,13,70,0
"5060",4,13,70,0
"5061",1,10,84,0
"5062",2,14,88,0
"5063",1,10,68,0
"5064",2,10,68,0
"5065",1,10,57,0
"5066",2,3,50,0
"5067",1,10,35,0
"5068",2,10,35,0
"5069",3,6,31,0
"5070",1,10,22,0
"5071",2,8,20,0
"5072",3,6,18,1
"5073",NA,0,15,0
"5074",NA,0,35,0
"5075",1,10,77,0
"5076",1,10,64,0
"5077",NA,0,NA,0
"5078",2,10,64,0
"5079",3,6,60,0
"5080",1,10,31,0
"5081",2,2,23,0
"5082",1,10,12,0
"5083",2,10,12,0
"5084",NA,0,NA,0
"5085",NA,0,NA,0
"5086",3,5,7,1
"5087",NA,0,15,0
"5088",NA,0,35,0
"5089",1,10,65,0
"5090",NA,0,NA,NA
"5091",NA,0,35,0
"5092",1,10,60,0
"5093",2,8,58,0
"5094",3,8,58,0
"5095",3,13,63,0
"5096",1,10,58,0
"5097",2,3,51,0
"5098",3,1,49,0
"5099",1,10,48,0
"5100",1,10,47,0
"5101",2,8,45,0
"5102",1,10,30,0
"5103",2,8,28,0
"5104",3,6,26,0
"5105",4,1,21,0
"5106",1,10,18,0
"5107",2,1,9,0
"5108",1,6,6,0
"5109",2,3,3,1
"5110",NA,0,15,0
"5111",NA,0,35,0
"5112",1,10,77,0
"5113",1,10,63,0
"5114",2,3,56,0
"5115",1,10,47,0
"5116",1,10,36,0
"5117",2,6,32,0
"5118",3,6,32,0
"5119",4,2,28,0
"5120",NA,0,35,0
"5121",1,10,65,0
"5122",1,10,48,0
"5123",1,10,36,0
"5124",2,4,30,0
"5125",1,10,68,0
"5126",1,10,54,0
"5127",2,5,49,0
"5128",NA,0,NA,NA
"5129",2,15,59,0
"5130",3,10,54,0
"5131",1,10,41,0
"5132",2,10,41,0
"5133",3,11,42,1
"5134",NA,0,15,0
"5135",NA,0,35,0
"5136",1,10,71,0
"5137",2,12,73,0
"5138",3,12,73,0
"5139",1,10,68,0
"5140",2,5,63,0
"5141",1,10,52,0
"5142",2,10,52,0
"5143",3,5,47,0
"5144",1,10,42,0
"5145",2,6,38,0
"5146",3,3,35,0
"5147",1,10,24,0
"5148",2,2,16,0
"5149",3,3,17,0
"5150",1,3,3,1
"5151",NA,0,15,0
"5152",NA,0,35,0
"5153",1,10,65,0
"5154",1,10,52,0
"5155",2,6,48,0
"5156",3,6,48,0
"5157",4,6,48,0
"5158",1,10,89,0
"5159",2,6,85,0
"5160",3,6,85,0
"5161",4,11,90,0
"5162",1,10,49,0
"5163",NA,0,NA,0
"5164",2,15,54,0
"5165",NA,0,NA,0
"5166",3,6,45,0
"5167",4,6,45,0
"5168",1,10,94,0
"5169",2,4,88,0
"5170",1,10,82,0
"5171",2,2,74,0
"5172",1,10,67,0
"5173",2,7,64,0
"5174",3,1,58,0
"5175",NA,0,NA,0
"5176",4,1,58,0
"5177",1,10,27,0
"5178",NA,0,NA,0
"5179",2,11,28,0
"5180",3,12,29,0
"5181",NA,0,NA,NA
"5182",NA,0,NA,NA
"5183",NA,0,35,0
"5184",1,10,64,0
"5185",2,10,64,0
"5186",3,1,55,0
"5187",1,10,54,0
"5188",2,12,56,0
"5189",1,10,29,1
"5190",NA,0,15,0
"5191",NA,0,35,0
"5192",1,10,65,0
"5193",2,10,65,0
"5194",3,6,61,0
"5195",1,10,53,0
"5196",2,10,53,0
"5197",1,10,41,0
"5198",2,4,35,0
"5199",1,10,20,0
"5200",1,20,30,0
"5201",2,10,20,1
"5202",NA,0,15,0
"5203",NA,0,35,0
"5204",1,10,66,0
"5205",1,10,59,0
"5206",2,6,55,0
"5207",1,10,18,0
"5208",2,2,10,0
"5209",2,12,20,0
"5210",3,9,17,0
"5211",4,9,17,0
"5212",NA,0,35,0
"5213",1,10,77,0
"5214",2,4,71,0
"5215",3,2,69,0
"5216",1,10,66,0
"5217",2,5,61,0
"5218",1,10,56,0
"5219",NA,0,NA,NA
"5220",2,3,49,0
"5221",1,10,40,0
"5222",2,6,36,0
"5223",3,1,31,0
"5224",1,10,29,0
"5225",1,15,34,0
"5226",1,10,29,0
"5227",2,4,23,0
"5228",1,10,19,0
"5229",2,10,19,0
"5230",3,6,15,1
"5231",NA,0,15,0
"5232",NA,0,35,0
"5233",1,10,78,0
"5234",2,12,80,0
"5235",1,10,60,0
"5236",2,10,60,0
"5237",3,8,58,0
"5238",4,8,58,0
"5239",1,10,87,0
"5240",2,3,80,0
"5241",1,10,74,0
"5242",1,15,79,0
"5243",2,16,80,0
"5244",1,10,75,0
"5245",2,8,73,0
"5246",3,16,81,0
"5247",4,9,74,0
"5248",1,10,70,0
"5249",2,3,63,0
"5250",1,10,44,0
"5251",2,6,40,0
"5252",NA,0,NA,0
"5253",3,14,48,0
"5254",4,14,48,0
"5255",1,10,80,0
"5256",NA,0,NA,0
"5257",2,1,71,0
"5258",3,1,71,0
"5259",4,1,71,0
"5260",1,10,71,0
"5261",NA,0,NA,NA
"5262",NA,0,35,0
"5263",1,10,72,0
"5264",2,3,65,0
"5265",3,1,63,0
"5266",1,10,58,0
"5267",2,3,51,0
"5268",3,4,52,0
"5269",4,9,57,0
"5270",1,10,80,0
"5271",2,6,76,0
"5272",1,10,60,0
"5273",2,8,58,0
"5274",3,2,52,0
"5275",4,11,61,0
"5276",1,10,92,0
"5277",2,8,90,0
"5278",1,10,82,0
"5279",2,7,79,0
"5280",3,7,79,0
"5281",4,7,79,0
"5282",1,10,67,0
"5283",2,7,64,0
"5284",3,7,64,0
"5285",4,15,72,0
"5286",1,10,79,0
"5287",1,10,57,0
"5288",2,10,57,0
"5289",1,10,45,0
"5290",2,1,36,0
"5291",1,10,20,0
"5292",2,9,19,0
"5293",3,9,19,0
"5294",4,9,19,0
"5295",1,10,72,0
"5296",2,3,65,0
"5297",1,10,60,0
"5298",NA,0,NA,NA
"5299",2,1,51,0
"5300",1,10,23,0
"5301",2,11,24,0
"5302",3,11,24,0
"5303",1,8,8,0
"5304",2,1,1,0
"5305",3,1,1,0
"5306",4,1,1,0
"5307",1,10,99,0
"5308",2,6,95,0
"5309",1,10,80,0
"5310",2,10,80,0
"5311",3,10,80,0
"5312",1,10,64,0
"5313",1,10,59,0
"5314",1,15,64,0
"5315",2,10,59,0
"5316",3,3,52,0
"5317",4,6,55,0
"5318",1,10,35,0
"5319",2,10,35,0
"5320",3,10,35,0
"5321",4,10,35,0
"5322",NA,0,35,0
"5323",1,10,65,0
"5324",2,10,65,0
"5325",3,8,63,0
"5326",4,16,71,0
"5327",1,10,26,0
"5328",2,9,25,1
"5329",NA,0,2,0
"5330",NA,0,35,0
"5331",1,10,80,0
"5332",1,10,68,0
"5333",2,10,68,0
"5334",3,10,68,0
"5335",4,10,68,0
"5336",1,10,53,0
"5337",NA,0,NA,0
"5338",2,2,45,0
"5339",NA,0,NA,0
"5340",1,10,23,0
"5341",2,5,18,0
"5342",1,7,7,0
"5343",NA,0,NA,0
"5344",2,2,2,1
"5345",NA,0,NA,0
"5346",NA,0,2,0
"5347",NA,0,35,0
"5348",NA,0,NA,NA
"5349",NA,0,NA,NA
"5350",NA,0,35,0
"5351",1,10,72,0
"5352",2,6,68,0
"5353",3,3,65,0
"5354",1,10,59,0
"5355",1,10,46,0
"5356",2,9,45,0
"5357",1,10,40,0
"5358",1,15,45,0
"5359",2,15,45,0
"5360",3,9,39,0
"5361",3,19,49,0
"5362",4,3,33,0
"5363",1,10,67,0
"5364",2,7,64,0
"5365",3,8,65,0
"5366",4,4,61,0
"5367",1,10,96,0
"5368",1,10,81,0
"5369",2,6,77,0
"5370",1,10,20,0
"5371",2,9,19,0
"5372",3,9,19,0
"5373",1,5,5,1
"5374",NA,0,15,0
"5375",NA,0,35,0
"5376",1,10,65,0
"5377",2,11,66,0
"5378",3,7,62,0
"5379",3,17,72,0
"5380",4,15,70,0
"5381",1,10,76,0
"5382",2,4,70,0
"5383",3,14,80,0
"5384",NA,0,NA,NA
"5385",4,4,70,0
"5386",1,10,55,0
"5387",2,10,55,0
"5388",3,3,48,0
"5389",1,10,44,0
"5390",2,9,43,0
"5391",3,9,43,0
"5392",4,9,43,0
"5393",1,10,92,0
"5394",2,10,92,0
"5395",3,1,83,0
"5396",1,10,80,0
"5397",1,10,43,0
"5398",2,7,40,0
"5399",1,10,23,0
"5400",2,11,24,0
"5401",1,7,7,0
"5402",2,2,2,1
"5403",NA,0,15,0
"5404",NA,0,35,0
"5405",1,10,70,0
"5406",2,5,65,0
"5407",1,10,51,0
"5408",2,10,51,0
"5409",3,1,42,0
"5410",1,10,38,0
"5411",2,5,33,0
"5412",3,5,33,0
"5413",4,5,33,0
"5414",NA,0,35,0
"5415",1,10,73,0
"5416",2,2,65,0
"5417",2,12,75,0
"5418",3,11,74,0
"5419",4,11,74,0
"5420",1,10,57,0
"5421",2,2,49,0
"5422",1,10,46,0
"5423",2,5,41,0
"5424",2,10,46,0
"5425",3,4,40,0
"5426",4,4,40,0
"5427",1,10,52,0
"5428",1,10,38,0
"5429",NA,0,NA,0
"5430",2,2,30,0
"5431",NA,0,NA,NA
"5432",NA,0,35,0
"5433",1,10,44,0
"5434",2,6,40,0
"5435",3,6,40,0
"5436",1,10,31,0
"5437",2,6,27,0
"5438",3,3,24,0
"5439",4,13,34,0
"5440",1,10,58,0
"5441",1,10,35,0
"5442",2,10,35,0
"5443",3,1,26,0
"5444",1,10,17,0
"5445",1,20,27,0
"5446",1,25,32,0
"5447",2,6,13,0
"5448",1,7,7,0
"5449",2,7,7,0
"5450",3,4,4,0
"5451",4,4,4,0
"5452",NA,0,35,0
"5453",1,10,73,0
"5454",2,3,66,0
"5455",3,3,66,0
"5456",4,3,66,0
"5457",1,10,91,0
"5458",2,9,90,0
"5459",3,8,89,0
"5460",4,8,89,0
"5461",1,10,50,0
"5462",2,10,50,0
"5463",3,1,41,0
"5464",4,1,41,0
"5465",1,10,40,0
"5466",2,18,48,0
"5467",3,7,37,0
"5468",4,7,37,0
"5469",1,10,32,0
"5470",NA,0,NA,NA
"5471",2,10,32,0
"5472",NA,0,NA,0
"5473",3,9,31,0
"5474",1,10,20,1
"5475",NA,0,15,0
"5476",NA,0,35,0
"5477",1,10,65,0
"5478",1,10,54,0
"5479",1,10,49,0
"5480",2,10,49,0
"5481",3,6,45,0
"5482",1,10,37,0
"5483",2,8,35,0
"5484",1,10,19,0
"5485",2,1,10,0
"5486",1,8,8,1
"5487",NA,0,15,0
"5488",NA,0,35,0
"5489",1,10,65,0
"5490",2,9,64,0
"5491",3,4,59,0
"5492",4,4,59,0
"5493",1,10,40,0
"5494",2,10,40,0
"5495",3,8,38,0
"5496",NA,0,NA,0
"5497",4,8,38,0
"5498",NA,0,35,0
"5499",1,10,65,0
"5500",2,2,57,0
"5501",1,10,45,0
"5502",2,10,45,0
"5503",3,10,45,0
"5504",1,10,33,0
"5505",1,10,14,0
"5506",2,9,13,0
"5507",3,2,6,0
"5508",NA,0,NA,0
"5509",1,3,3,0
"5510",1,8,8,0
"5511",2,10,10,1
"5512",NA,0,2,0
"5513",NA,0,40,0
"5514",1,10,52,0
"5515",NA,0,50,0
"5516",2,8,50,0
"5517",3,21,63,0
"5518",4,11,53,0
"5519",1,10,80,0
"5520",2,4,74,0
"5521",1,10,67,0
"5522",2,10,67,0
"5523",3,10,67,0
"5524",4,10,67,0
"5525",1,10,33,0
"5526",2,11,34,0
"5527",NA,0,NA,NA
"5528",NA,0,NA,NA
"5529",NA,0,35,0
"5530",1,10,61,0
"5531",2,8,59,0
"5532",3,2,53,0
"5533",4,1,52,0
"5534",1,10,51,NA
"5535",1,10,51,0
"5536",2,5,46,0
"5537",2,10,51,0
"5538",1,10,41,0
"5539",1,15,46,0
"5540",2,9,40,0
"5541",3,8,39,0
"5542",4,8,39,0
"5543",1,10,53,0
"5544",2,2,45,0
"5545",3,4,47,0
"5546",4,4,47,0
"5547",1,10,92,0
"5548",2,2,84,0
"5549",3,1,83,0
"5550",1,10,82,0
"5551",2,6,78,0
"5552",1,10,71,0
"5553",2,8,69,0
"5554",3,8,69,0
"5555",1,10,60,0
"5556",2,9,59,0
"5557",3,9,59,0
"5558",4,9,59,0
"5559",1,10,77,0
"5560",2,7,74,0
"5561",3,7,74,0
"5562",NA,0,NA,NA
"5563",4,9,76,0
"5564",1,10,65,0
"5565",2,3,58,0
"5566",3,4,59,0
"5567",1,10,42,0
"5568",2,6,38,0
"5569",3,5,37,0
"5570",1,10,31,0
"5571",2,8,29,0
"5572",1,10,21,0
"5573",2,10,21,0
"5574",3,10,21,0
"5575",4,5,16,0
"5576",NA,0,35,0
"5577",1,10,68,0
"5578",2,1,59,0
"5579",1,10,41,0
"5580",2,7,38,0
"5581",1,10,29,0
"5582",1,10,19,0
"5583",2,15,24,0
"5584",3,15,24,0
"5585",4,10,19,0
"5586",NA,0,35,0
"5587",1,10,72,0
"5588",2,9,71,0
"5589",3,1,63,0
"5590",4,1,63,0
"5591",1,10,86,0
"5592",2,3,79,0
"5593",1,10,69,0
"5594",2,10,69,0
"5595",3,10,69,0
"5596",1,10,49,0
"5597",2,4,43,0
"5598",NA,0,NA,0
"5599",1,10,39,0
"5600",1,20,49,0
"5601",NA,0,NA,0
"5602",2,9,38,0
"5603",3,9,38,0
"5604",NA,0,NA,0
"5605",4,4,33,0
"5606",NA,0,35,0
"5607",1,10,63,0
"5608",NA,0,NA,NA
"5609",NA,0,35,0
"5610",1,10,65,0
"5611",1,16,71,0
"5612",1,10,54,0
"5613",2,10,54,0
"5614",3,10,54,0
"5615",4,10,54,0
"5616",1,10,86,0
"5617",2,1,77,0
"5618",1,10,76,0
"5619",2,10,76,0
"5620",3,7,73,0
"5621",1,10,55,0
"5622",2,10,55,0
"5623",2,15,60,0
"5624",NA,0,NA,0
"5625",3,3,48,0
"5626",4,4,49,0
"5627",1,10,44,0
"5628",2,9,43,0
"5629",1,10,14,0
"5630",2,5,9,0
"5631",3,5,9,0
"5632",4,5,9,0
"5633",NA,0,35,0
"5634",1,10,64,0
"5635",1,10,46,0
"5636",2,2,38,0
"5637",1,10,23,0
"5638",1,17,30,0
"5639",2,12,25,0
"5640",3,3,16,0
"5641",1,6,6,0
"5642",2,3,3,0
"5643",3,1,1,0
"5644",4,1,1,0
"5645",1,10,98,0
"5646",NA,0,NA,NA
"5647",2,4,92,0
"5648",3,1,89,0
"5649",4,11,99,0
"5650",1,10,48,0
"5651",2,8,46,0
"5652",3,5,43,0
"5653",4,2,40,0
"5654",1,6,6,0
"5655",2,1,1,1
"5656",NA,0,15,0
"5657",NA,0,35,0
"5658",1,10,65,0
"5659",1,10,33,0
"5660",2,11,34,0
"5661",1,1,1,0
"5662",2,1,1,1
"5663",NA,0,15,0
"5664",NA,0,35,0
"5665",1,10,72,0
"5666",2,1,63,0
"5667",1,10,60,0
"5668",1,10,41,0
"5669",2,5,36,0
"5670",3,5,36,0
"5671",1,10,61,0
"5672",2,9,60,0
"5673",3,5,56,0
"5674",4,5,56,0
"5675",1,10,94,0
"5676",2,10,94,0
"5677",NA,0,20,0
"5678",1,10,65,0
"5679",2,1,56,0
"5680",NA,0,NA,0
"5681",1,10,51,0
"5682",NA,0,50,0
"5683",2,9,50,0
"5684",3,9,50,0
"5685",4,9,50,0
"5686",1,10,80,0
"5687",2,10,80,0
"5688",1,10,69,0
"5689",1,10,59,0
"5690",1,10,54,0
"5691",2,3,47,0
"5692",1,10,36,0
"5693",2,10,36,0
"5694",1,10,16,0
"5695",2,10,16,0
"5696",NA,0,NA,0
"5697",3,11,17,0
"5698",NA,0,NA,NA
"5699",NA,0,NA,NA
"5700",NA,0,35,0
"5701",1,10,73,0
"5702",2,10,73,0
"5703",1,10,63,0
"5704",2,7,60,0
"5705",3,7,60,0
"5706",1,10,44,0
"5707",1,10,33,0
"5708",2,8,31,0
"5709",3,8,31,0
"5710",4,8,31,0
"5711",1,10,61,0
"5712",2,3,54,0
"5713",1,10,46,0
"5714",2,9,45,0
"5715",3,3,39,0
"5716",4,3,39,0
"5717",1,10,16,0
"5718",1,4,4,0
"5719",2,4,4,1
"5720",NA,0,15,0
"5721",NA,0,35,0
"5722",1,10,74,0
"5723",2,4,68,0
"5724",NA,0,NA,0
"5725",3,1,65,0
"5726",3,6,70,0
"5727",4,6,70,0
"5728",1,10,33,0
"5729",2,8,31,0
"5730",3,13,36,0
"5731",4,13,36,0
"5732",1,10,55,0
"5733",2,4,49,0
"5734",1,10,45,0
"5735",2,2,37,0
"5736",2,12,47,0
"5737",3,7,42,0
"5738",4,7,42,0
"5739",4,12,47,0
"5740",1,10,90,0
"5741",NA,0,NA,NA
"5742",2,6,86,0
"5743",1,10,77,0
"5744",2,6,73,0
"5745",3,3,70,0
"5746",1,10,45,0
"5747",2,10,45,0
"5748",3,8,43,0
"5749",4,8,43,0
"5750",1,10,87,0
"5751",1,10,66,0
"5752",2,5,61,0
"5753",1,10,53,0
"5754",2,11,54,0
"5755",3,3,46,0
"5756",1,10,42,0
"5757",2,10,42,0
"5758",3,2,34,0
"5759",3,7,39,0
"5760",4,7,39,0
"5761",NA,0,35,0
"5762",1,10,80,0
"5763",2,1,71,0
"5764",1,10,61,0
"5765",2,8,59,0
"5766",NA,0,NA,0
"5767",3,5,56,0
"5768",4,5,56,0
"5769",1,10,69,0
"5770",2,8,67,0
"5771",3,5,64,0
"5772",3,15,74,0
"5773",NA,0,NA,0
"5774",4,16,75,0
"5775",1,10,79,0
"5776",1,10,62,0
"5777",2,10,62,0
"5778",3,1,53,0
"5779",NA,0,NA,NA
"5780",NA,0,35,0
"5781",1,10,71,0
"5782",2,1,62,0
"5783",1,10,58,0
"5784",2,11,59,0
"5785",3,10,58,0
"5786",4,10,58,0
"5787",1,10,86,0
"5788",2,8,84,1
"5789",NA,0,30,0
"5790",NA,0,35,0
"5791",1,10,90,0
"5792",1,10,78,0
"5793",1,10,61,0
"5794",2,10,61,0
"5795",3,10,61,0
"5796",4,4,55,0
"5797",1,10,45,0
"5798",2,4,39,0
"5799",3,3,38,0
"5800",1,10,31,0
"5801",2,10,31,0
"5802",3,10,31,0
"5803",1,10,18,0
"5804",2,8,16,0
"5805",3,7,15,0
"5806",3,2,10,0
"5807",4,9,17,0
"5808",NA,0,35,0
"5809",1,10,80,0
"5810",2,3,73,0
"5811",1,10,68,0
"5812",2,10,68,0
"5813",3,1,59,0
"5814",1,10,51,0
"5815",2,10,51,0
"5816",1,10,33,0
"5817",2,10,33,0
"5818",3,8,31,0
"5819",4,8,31,0
"5820",1,10,30,0
"5821",2,3,23,0
"5822",NA,0,NA,NA
"5823",1,10,19,0
"5824",2,9,18,0
"5825",3,4,13,0
"5826",1,9,9,0
"5827",2,3,3,0
"5828",3,3,3,0
"5829",NA,0,NA,0
"5830",4,1,1,1
"5831",NA,0,15,0
"5832",NA,0,35,0
"5833",1,10,90,0
"5834",2,1,81,0
"5835",1,10,76,0
"5836",2,7,73,0
"5837",1,10,62,0
"5838",2,12,64,0
"5839",3,12,64,0
"5840",4,4,56,0
"5841",1,10,44,0
"5842",2,4,38,0
"5843",1,10,30,0
"5844",1,18,38,0
"5845",2,14,34,0
"5846",3,7,27,0
"5847",4,3,23,0
"5848",NA,0,35,0
"5849",1,10,78,0
"5850",2,7,75,0
"5851",3,3,71,0
"5852",1,10,61,0
"5853",2,1,52,0
"5854",1,10,43,0
"5855",NA,0,NA,0
"5856",2,8,41,0
"5857",1,10,71,0
"5858",NA,0,NA,NA
"5859",NA,0,NA,NA
"5860",NA,0,35,0
"5861",1,10,64,0
"5862",1,10,49,0
"5863",1,10,33,0
"5864",1,10,17,0
"5865",2,10,17,0
"5866",3,5,12,1
"5867",NA,0,15,0
"5868",NA,0,35,0
"5869",1,10,71,0
"5870",2,11,72,0
"5871",3,10,71,0
"5872",4,10,71,0
"5873",1,10,74,0
"5874",2,7,71,0
"5875",3,4,68,0
"5876",3,9,73,0
"5877",4,19,83,0
"5878",1,10,52,0
"5879",2,1,43,0
"5880",1,10,40,0
"5881",1,10,30,0
"5882",2,9,29,1
"5883",NA,0,15,0
"5884",NA,0,35,0
"5885",1,10,75,0
"5886",2,8,73,0
"5887",3,8,73,0
"5888",4,17,82,0
"5889",1,10,57,0
"5890",2,15,62,0
"5891",3,7,54,0
"5892",4,6,53,0
"5893",1,10,93,0
"5894",2,12,95,0
"5895",3,12,95,0
"5896",1,10,83,0
"5897",NA,0,NA,NA
"5898",2,7,80,0
"5899",3,7,80,0
"5900",3,17,90,0
"5901",4,16,89,0
"5902",1,10,43,0
"5903",2,1,34,0
"5904",1,10,32,0
"5905",1,17,39,0
"5906",2,4,26,0
"5907",3,1,23,0
"5908",1,10,21,0
"5909",2,10,21,0
"5910",3,6,17,0
"5911",4,6,17,0
"5912",NA,0,35,0
"5913",1,10,75,0
"5914",2,8,73,0
"5915",3,5,70,0
"5916",1,10,40,0
"5917",2,8,38,0
"5918",1,10,29,0
"5919",2,10,29,0
"5920",NA,0,NA,0
"5921",3,8,27,0
"5922",4,8,27,0
"5923",NA,0,35,0
"5924",1,10,77,0
"5925",1,15,82,0
"5926",2,15,82,0
"5927",3,7,74,0
"5928",3,12,79,0
"5929",4,16,83,0
"5930",1,10,48,0
"5931",2,1,39,0
"5932",1,10,36,1
"5933",NA,0,15,0
"5934",NA,0,35,0
"5935",1,10,73,0
"5936",2,10,73,0
"5937",2,5,68,0
"5938",1,10,52,0
"5939",1,10,16,0
"5940",1,5,5,1
"5941",NA,0,15,0
"5942",NA,0,35,0
"5943",1,10,70,0
"5944",1,10,47,0
"5945",1,15,52,0
"5946",2,15,52,0
"5947",NA,0,NA,0
"5948",NA,0,NA,0
"5949",3,7,44,0
"5950",NA,0,NA,0
"5951",4,7,44,0
"5952",NA,0,NA,NA
"5953",NA,0,35,0
"5954",1,10,76,0
"5955",2,11,77,0
"5956",3,7,73,0
"5957",4,7,73,0
"5958",1,10,74,0
"5959",1,10,55,0
"5960",2,2,47,0
"5961",2,7,52,0
"5962",3,2,47,0
"5963",1,10,40,0
"5964",1,20,50,0
"5965",2,6,36,0
"5966",1,10,25,0
"5967",2,9,24,0
"5968",1,10,15,0
"5969",1,4,4,1
"5970",NA,0,15,0
"5971",NA,0,35,0
"5972",1,10,70,0
"5973",2,6,66,0
"5974",3,2,62,0
"5975",1,10,46,0
"5976",2,10,46,0
"5977",1,10,68,0
"5978",1,10,44,0
"5979",1,10,22,0
"5980",1,9,9,0
"5981",2,8,8,0
"5982",3,5,5,1
"5983",NA,0,15,0
"5984",NA,0,35,NA
"5985",NA,0,35,0
"5986",1,10,65,0
"5987",NA,0,NA,NA
"5988",2,3,58,0
"5989",1,10,30,0
"5990",2,9,29,0
"5991",NA,0,NA,0
"5992",3,3,23,0
"5993",4,1,21,0
"5994",1,10,15,0
"5995",1,1,1,0
"5996",2,4,4,1
"5997",NA,0,15,0
"5998",NA,0,35,0
"5999",1,10,65,0
"6000",2,7,62,0
"6001",3,7,62,0
"6002",4,7,62,0
"6003",1,10,80,0
"6004",2,4,74,0
"6005",3,3,73,0
"6006",4,14,84,0
"6007",1,10,57,0
"6008",1,15,62,0
"6009",2,15,62,0
"6010",3,13,60,0
"6011",4,4,51,0
"6012",1,10,91,0
"6013",2,8,89,0
"6014",3,2,83,0
"6015",4,4,85,0
"6016",1,10,56,0
"6017",2,9,55,0
"6018",1,10,41,0
"6019",2,5,36,0
"6020",3,6,37,0
"6021",NA,0,NA,0
"6022",4,6,37,0
"6023",NA,0,NA,NA
"6024",NA,0,NA,NA
"6025",NA,0,35,0
"6026",1,10,81,0
"6027",2,10,81,0
"6028",3,14,85,0
"6029",4,12,83,0
"6030",1,10,57,0
"6031",2,3,50,0
"6032",1,10,76,0
"6033",1,10,68,0
"6034",1,10,37,0
"6035",2,10,37,0
"6036",3,8,35,1
"6037",NA,0,15,0
"6038",NA,0,35,0
"6039",1,10,80,0
"6040",2,1,71,0
"6041",1,10,64,0
"6042",2,9,63,NA
"6043",2,9,63,0
"6044",3,4,58,0
"6045",1,10,53,0
"6046",2,6,49,0
"6047",1,10,42,0
"6048",2,10,42,0
"6049",3,5,37,0
"6050",NA,0,NA,0
"6051",4,2,34,0
"6052",NA,0,35,0
"6053",1,10,65,1
"6054",NA,0,15,0
"6055",NA,0,35,0
"6056",1,10,65,0
"6057",1,10,49,0
"6058",2,4,43,0
"6059",1,10,35,0
"6060",2,5,30,0
"6061",3,4,29,0
"6062",1,10,17,0
"6063",NA,0,NA,NA
"6064",2,6,13,0
"6065",3,3,10,0
"6066",3,8,15,0
"6067",4,8,15,0
"6068",NA,0,35,0
"6069",1,10,65,0
"6070",1,20,75,0
"6071",2,20,75,0
"6072",3,9,64,0
"6073",4,9,64,0
"6074",1,10,57,0
"6075",2,5,52,0
"6076",1,10,46,0
"6077",2,6,42,0
"6078",1,10,21,0
"6079",2,4,15,0
"6080",1,10,10,0
"6081",2,2,2,1
"6082",NA,0,2,0
"6083",NA,0,35,0
"6084",1,10,65,0
"6085",2,4,59,0
"6086",2,9,64,0
"6087",3,9,64,0
"6088",1,10,23,0
"6089",1,10,11,0
"6090",2,10,11,0
"6091",3,10,11,0
"6092",4,10,11,0
"6093",NA,0,35,0
"6094",1,10,76,0
"6095",2,9,75,0
"6096",3,9,75,0
"6097",4,4,70,0
"6098",1,10,71,0
"6099",2,5,66,0
"6100",1,10,60,0
"6101",NA,0,NA,0
"6102",2,6,56,0
"6103",3,2,52,0
"6104",1,10,39,0
"6105",NA,0,NA,0
"6106",1,10,10,1
"6107",NA,0,15,0
"6108",NA,0,35,0
"6109",1,10,78,0
"6110",NA,0,NA,NA
"6111",NA,0,35,0
"6112",1,10,72,0
"6113",2,1,63,0
"6114",1,10,61,0
"6115",2,4,55,0
"6116",1,10,49,0
"6117",2,6,45,0
"6118",3,16,55,0
"6119",4,15,54,0
"6120",1,10,76,0
"6121",1,10,65,0
"6122",2,10,65,0
"6123",3,10,65,0
"6124",1,10,53,0
"6125",2,1,44,0
"6126",3,1,44,0
"6127",1,10,42,0
"6128",2,3,35,0
"6129",1,10,31,0
"6130",2,8,29,0
"6131",3,4,25,0
"6132",1,10,18,0
"6133",2,5,13,0
"6134",3,1,9,0
"6135",1,7,7,0
"6136",2,15,15,0
"6137",3,11,11,0
"6138",4,4,4,1
"6139",NA,0,15,0
"6140",NA,0,35,0
"6141",1,10,66,0
"6142",NA,0,NA,NA
"6143",1,10,39,0
"6144",2,9,38,0
"6145",3,2,31,0
"6146",3,12,41,0
"6147",1,10,36,0
"6148",1,10,73,0
"6149",1,10,59,0
"6150",2,14,63,0
"6151",3,6,55,0
"6152",1,10,48,0
"6153",2,8,46,0
"6154",3,6,44,0
"6155",4,6,44,0
"6156",1,10,92,0
"6157",2,1,83,0
"6158",3,8,90,0
"6159",4,2,84,0
"6160",1,10,78,0
"6161",2,10,78,0
"6162",3,5,73,0
"6163",4,5,73,0
"6164",1,10,63,0
"6165",1,10,51,0
"6166",1,10,14,0
"6167",2,7,11,0
"6168",1,5,5,0
"6169",2,5,5,0
"6170",3,1,1,0
"6171",4,1,1,0
"6172",1,10,80,0
"6173",NA,0,NA,0
"6174",2,5,75,0
"6175",NA,0,NA,0
"6176",3,9,79,0
"6177",NA,0,NA,0
"6178",4,3,73,0
"6179",1,10,68,0
"6180",1,10,44,0
"6181",2,7,41,0
"6182",2,12,46,0
"6183",3,1,35,0
"6184",1,10,29,0
"6185",2,3,22,0
"6186",1,10,18,0
"6187",2,10,18,0
"6188",3,7,15,0
"6189",1,10,80,0
"6190",2,11,81,0
"6191",NA,0,NA,NA
"6192",NA,0,NA,NA
"6193",NA,0,35,0
"6194",1,10,69,0
"6195",2,14,73,0
"6196",1,10,55,0
"6197",2,7,52,0
"6198",3,7,52,0
"6199",1,10,15,0
"6200",2,8,13,0
"6201",3,8,13,0
"6202",4,8,13,0
"6203",NA,0,35,0
"6204",1,10,67,0
"6205",2,7,64,0
"6206",3,3,60,0
"6207",4,3,60,0
"6208",1,10,79,0
"6209",2,3,72,0
"6210",3,3,72,0
"6211",4,4,73,0
"6212",1,10,68,0
"6213",1,10,57,0
"6214",1,20,67,0
"6215",2,14,61,0
"6216",3,14,61,0
"6217",4,14,61,0
"6218",1,10,61,0
"6219",NA,0,NA,0
"6220",1,20,71,0
"6221",2,20,71,0
"6222",3,20,71,0
"6223",4,11,62,0
"6224",1,10,82,0
"6225",2,18,90,0
"6226",3,11,83,0
"6227",4,18,90,0
"6228",1,10,46,0
"6229",2,12,48,0
"6230",3,12,48,0
"6231",4,12,48,0
"6232",1,10,88,0
"6233",2,5,83,0
"6234",3,1,79,0
"6235",NA,0,NA,NA
"6236",1,10,78,0
"6237",2,10,78,0
"6238",1,10,64,0
"6239",2,5,59,0
"6240",1,10,49,0
"6241",2,6,45,0
"6242",1,10,28,0
"6243",2,9,27,0
"6244",3,9,27,0
"6245",1,10,91,0
"6246",1,10,78,0
"6247",2,6,74,0
"6248",3,5,73,0
"6249",1,10,54,0
"6250",2,16,60,0
"6251",3,19,63,0
"6252",4,19,63,0
"6253",1,10,54,0
"6254",2,4,48,0
"6255",1,10,38,0
"6256",2,7,35,0
"6257",3,2,30,0
"6258",1,10,27,0
"6259",2,8,25,0
"6260",1,3,3,0
"6261",2,3,3,1
"6262",NA,0,15,0
"6263",NA,0,35,0
"6264",1,10,72,0
"6265",2,2,64,0
"6266",3,2,64,0
"6267",1,10,60,0
"6268",2,10,60,0
"6269",3,10,60,0
"6270",NA,0,NA,0
"6271",4,2,52,1
"6272",NA,0,15,0
"6273",NA,0,35,0
"6274",1,10,75,0
"6275",2,10,75,0
"6276",2,20,85,0
"6277",3,15,80,0
"6278",NA,0,NA,0
"6279",4,9,74,0
"6280",1,10,80,0
"6281",NA,0,NA,NA
"6282",NA,0,35,0
"6283",1,10,66,0
"6284",1,10,25,0
"6285",2,4,19,1
"6286",NA,0,15,0
"6287",NA,0,35,0
"6288",1,10,30,0
"6289",2,8,28,0
"6290",3,8,28,0
"6291",4,4,24,0
"6292",NA,0,35,0
"6293",1,10,75,0
"6294",2,9,74,0
"6295",1,10,69,0
"6296",1,10,58,0
"6297",1,10,50,0
"6298",1,10,45,0
"6299",2,6,41,0
"6300",1,10,34,0
"6301",2,6,30,0
"6302",3,6,30,0
"6303",1,10,18,0
"6304",2,10,18,0
"6305",3,10,18,0
"6306",1,6,6,0
"6307",2,6,6,0
"6308",3,6,6,0
"6309",4,6,6,0
"6310",NA,0,35,0
"6311",1,10,66,0
"6312",2,9,65,0
"6313",3,11,67,0
"6314",4,9,65,0
"6315",1,10,86,0
"6316",2,18,94,0
"6317",3,18,94,0
"6318",4,5,81,0
"6319",1,10,59,0
"6320",2,3,52,0
"6321",1,10,41,0
"6322",2,6,37,0
"6323",NA,0,NA,NA
"6324",3,10,41,0
"6325",4,1,32,0
"6326",1,5,5,0
"6327",2,4,4,0
"6328",2,14,14,0
"6329",3,8,8,0
"6330",4,8,8,0
"6331",NA,0,35,0
"6332",1,10,78,0
"6333",2,3,71,0
"6334",3,3,71,0
"6335",1,10,64,0
"6336",2,6,60,0
"6337",1,10,53,0
"6338",1,10,41,0
"6339",2,4,35,0
"6340",3,4,35,0
"6341",4,10,41,0
"6342",1,10,80,0
"6343",2,6,76,0
"6344",2,11,81,0
"6345",2,20,90,0
"6346",3,13,83,0
"6347",4,1,71,0
"6348",1,10,76,0
"6349",2,10,76,0
"6350",3,10,76,0
"6351",1,10,50,0
"6352",2,6,46,0
"6353",1,10,24,0
"6354",2,6,20,1
"6355",NA,0,15,0
"6356",NA,0,35,0
"6357",1,10,78,0
"6358",2,10,78,0
"6359",3,10,78,0
"6360",4,10,78,0
"6361",1,10,68,0
"6362",2,1,59,0
"6363",1,10,53,0
"6364",2,1,44,0
"6365",NA,0,NA,0
"6366",1,10,36,0
"6367",NA,0,NA,0
"6368",2,13,39,0
"6369",NA,0,NA,0
"6370",3,1,27,0
"6371",NA,0,NA,0
"6372",1,10,25,0
"6373",NA,0,NA,NA
"6374",NA,0,NA,NA
"6375",NA,0,35,0
"6376",1,10,67,0
"6377",2,8,65,0
"6378",1,10,41,0
"6379",2,13,44,0
"6380",3,6,37,0
"6381",1,10,18,0
"6382",2,8,16,0
"6383",3,3,11,0
"6384",4,3,11,0
"6385",1,4,4,0
"6386",2,1,1,1
"6387",NA,0,15,0
"6388",NA,0,35,0
"6389",1,10,80,0
"6390",1,10,61,0
"6391",1,5,56,0
"6392",1,10,49,0
"6393",1,10,37,0
"6394",2,2,29,0
"6395",3,1,28,1
"6396",NA,0,15,0
"6397",NA,0,35,0
"6398",1,10,68,0
"6399",2,19,77,0
"6400",3,19,77,0
"6401",4,11,69,0
"6402",1,10,73,0
"6403",2,3,66,0
"6404",3,3,66,0
"6405",4,3,66,0
"6406",1,10,98,0
"6407",2,6,94,0
"6408",3,7,95,0
"6409",NA,0,NA,NA
"6410",1,10,85,0
"6411",1,10,72,0
"6412",2,5,67,0
"6413",3,8,70,0
"6414",1,10,56,0
"6415",2,10,56,0
"6416",3,1,47,0
"6417",1,10,46,0
"6418",2,1,37,0
"6419",1,10,29,0
"6420",1,10,19,0
"6421",2,9,18,0
"6422",3,1,10,0
"6423",1,8,8,0
"6424",2,1,1,1
"6425",NA,0,15,0
"6426",NA,0,35,0
"6427",1,10,51,0
"6428",2,6,47,0
"6429",3,6,47,0
"6430",1,10,37,0
"6431",1,3,3,0
"6432",2,1,1,0
"6433",3,1,1,0
"6434",4,2,2,0
"6435",1,10,80,0
"6436",1,10,75,0
"6437",2,10,75,0
"6438",3,10,75,0
"6439",NA,0,NA,0
"6440",4,10,75,0
"6441",1,10,49,0
"6442",1,10,36,0
"6443",2,6,32,0
"6444",1,10,19,0
"6445",1,3,3,1
"6446",NA,0,15,0
"6447",NA,0,35,0
"6448",1,10,67,0
"6449",NA,0,NA,0
"6450",2,6,63,0
"6451",NA,0,NA,0
"6452",NA,0,NA,0
"6453",3,3,60,0
"6454",NA,0,NA,0
"6455",NA,0,NA,0
"6456",1,10,48,0
"6457",NA,0,NA,NA
"6458",NA,0,35,0
"6459",1,10,73,0
"6460",2,3,66,0
"6461",3,1,64,0
"6462",1,10,58,0
"6463",2,10,58,0
"6464",3,6,54,0
"6465",1,10,48,0
"6466",2,6,44,0
"6467",1,10,29,0
"6468",1,10,10,0
"6469",2,10,10,0
"6470",3,14,14,1
"6471",NA,0,15,0
"6472",NA,0,35,0
"6473",1,10,60,0
"6474",2,10,60,0
"6475",3,3,53,0
"6476",1,10,46,0
"6477",2,1,37,0
"6478",1,10,35,0
"6479",1,10,18,1
"6480",NA,0,15,0
"6481",NA,0,35,0
"6482",1,10,60,0
"6483",2,3,53,0
"6484",3,10,60,0
"6485",4,10,60,0
"6486",1,10,96,0
"6487",1,10,85,0
"6488",2,10,85,0
"6489",1,10,13,0
"6490",2,5,8,0
"6491",NA,0,NA,0
"6492",3,3,6,0
"6493",NA,0,NA,NA
"6494",4,1,4,1
"6495",NA,0,15,0
"6496",NA,0,35,0
"6497",1,10,72,0
"6498",2,7,69,0
"6499",3,7,69,0
"6500",1,10,49,0
"6501",1,10,31,0
"6502",1,15,36,0
"6503",2,15,36,0
"6504",1,10,20,0
"6505",2,9,19,0
"6506",3,13,23,0
"6507",4,13,23,0
"6508",NA,0,35,0
"6509",1,10,65,0
"6510",2,5,60,0
"6511",NA,0,NA,0
"6512",3,5,60,0
"6513",4,5,60,0
"6514",1,10,79,0
"6515",1,10,16,0
"6516",2,7,13,0
"6517",2,22,28,0
"6518",3,21,27,0
"6519",4,21,27,0
"6520",NA,0,35,0
"6521",1,10,69,0
"6522",2,16,75,0
"6523",3,12,71,0
"6524",4,9,68,0
"6525",1,10,70,0
"6526",2,3,63,0
"6527",1,10,59,0
"6528",2,8,57,0
"6529",3,5,54,0
"6530",4,2,51,0
"6531",1,10,31,1
"6532",NA,0,15,0
"6533",NA,0,35,0
"6534",1,10,65,0
"6535",2,10,65,0
"6536",3,26,81,0
"6537",1,10,44,0
"6538",1,10,30,0
"6539",NA,0,NA,0
"6540",2,7,27,1
"6541",NA,0,2,NA
"6542",NA,0,2,0
"6543",NA,0,35,0
"6544",1,10,45,0
"6545",NA,0,NA,NA
"6546",NA,0,NA,NA
"6547",NA,0,35,0
"6548",1,10,74,0
"6549",2,3,67,0
"6550",1,10,60,0
"6551",2,7,57,0
"6552",3,1,51,0
"6553",1,10,49,0
"6554",2,10,49,0
"6555",3,7,46,0
"6556",4,5,44,0
"6557",1,10,80,0
"6558",2,2,72,0
"6559",3,7,77,0
"6560",4,7,77,0
"6561",1,10,79,0
"6562",1,20,89,0
"6563",2,21,90,0
"6564",3,4,73,0
"6565",4,4,73,0
"6566",1,10,64,0
"6567",2,10,64,0
"6568",3,3,57,0
"6569",1,10,51,0
"6570",NA,0,NA,0
"6571",2,3,44,0
"6572",3,1,42,0
"6573",1,10,38,0
"6574",2,6,34,0
"6575",3,3,31,0
"6576",1,10,22,0
"6577",2,8,20,0
"6578",3,4,16,0
"6579",NA,0,NA,NA
"6580",3,9,21,0
"6581",4,9,21,0
"6582",NA,0,35,0
"6583",1,10,65,0
"6584",2,6,61,0
"6585",3,2,57,0
"6586",1,10,48,0
"6587",2,12,50,0
"6588",3,7,45,NA
"6589",3,7,45,0
"6590",4,14,52,0
"6591",1,10,88,0
"6592",2,1,79,0
"6593",2,6,84,0
"6594",3,4,82,0
"6595",1,10,76,0
"6596",2,6,72,0
"6597",3,6,72,0
"6598",NA,0,NA,0
"6599",1,10,56,0
"6600",2,7,53,0
"6601",3,6,52,0
"6602",3,2,48,0
"6603",1,10,38,0
"6604",1,15,43,0
"6605",2,10,38,0
"6606",3,15,43,0
"6607",3,22,50,0
"6608",4,30,58,0
"6609",1,10,80,0
"6610",2,7,77,0
"6611",1,10,67,0
"6612",2,5,62,0
"6613",3,5,62,0
"6614",NA,0,NA,0
"6615",1,10,45,0
"6616",2,10,45,0
"6617",3,6,41,0
"6618",3,16,51,0
"6619",NA,0,NA,0
"6620",NA,0,NA,0
"6621",4,8,43,0
"6622",1,10,91,0
"6623",NA,0,NA,NA
"6624",NA,0,35,0
"6625",1,10,74,0
"6626",2,6,70,0
"6627",3,1,65,0
"6628",3,6,70,0
"6629",4,11,75,0
"6630",1,10,71,0
"6631",2,10,71,0
"6632",3,8,69,0
"6633",4,18,79,0
"6634",1,10,71,0
"6635",2,13,74,0
"6636",2,18,79,0
"6637",1,10,48,0
"6638",2,6,44,0
"6639",NA,0,NA,0
"6640",3,1,39,0
"6641",1,10,38,0
"6642",2,7,35,0
"6643",3,3,31,0
"6644",1,10,22,0
"6645",2,8,20,0
"6646",3,7,19,0
"6647",1,3,3,0
"6648",2,3,3,0
"6649",3,3,3,1
"6650",NA,0,15,0
"6651",NA,0,35,0
"6652",1,10,74,0
"6653",2,9,73,0
"6654",1,10,60,0
"6655",2,10,60,0
"6656",3,4,54,0
"6657",4,4,54,0
"6658",1,10,65,0
"6659",2,3,58,0
"6660",3,1,56,0
"6661",NA,0,NA,NA
"6662",4,12,67,0
"6663",1,10,75,0
"6664",2,8,73,0
"6665",3,1,66,0
"6666",4,1,66,0
"6667",1,10,65,0
"6668",2,10,65,0
"6669",3,10,65,0
"6670",3,20,75,0
"6671",3,15,70,0
"6672",4,5,60,0
"6673",1,10,98,0
"6674",2,10,98,0
"6675",3,8,96,0
"6676",1,10,62,0
"6677",2,11,63,0
"6678",3,11,63,0
"6679",4,11,63,0
"6680",1,10,80,0
"6681",1,10,66,0
"6682",1,10,28,0
"6683",2,9,27,0
"6684",1,10,14,0
"6685",2,9,13,0
"6686",3,9,13,0
"6687",1,8,8,0
"6688",2,5,5,0
"6689",3,3,3,0
"6690",1,1,1,0
"6691",2,1,1,0
"6692",2,16,16,0
"6693",3,20,20,0
"6694",4,17,17,0
"6695",NA,0,35,0
"6696",1,10,82,0
"6697",NA,0,NA,0
"6698",2,6,78,0
"6699",NA,0,NA,0
"6700",3,3,75,0
"6701",1,4,4,0
"6702",1,1,1,1
"6703",NA,0,15,0
"6704",NA,0,35,0
"6705",1,10,60,0
"6706",1,10,40,0
"6707",1,10,22,0
"6708",NA,0,NA,0
"6709",2,9,21,0
"6710",3,10,22,0
"6711",3,15,27,0
"6712",NA,0,NA,0
"6713",4,13,25,0
"6714",1,10,53,0
"6715",1,5,48,0
"6716",2,2,45,0
"6717",3,2,45,0
"6718",1,10,37,0
"6719",NA,0,NA,0
"6720",2,10,37,0
"6721",NA,0,NA,NA
"6722",NA,0,NA,NA
"6723",NA,0,35,0
"6724",1,10,65,0
"6725",2,4,59,0
"6726",3,4,59,0
"6727",4,3,58,0
"6728",1,10,97,0
"6729",2,9,96,0
"6730",3,9,96,0
"6731",4,3,90,0
"6732",1,10,52,0
"6733",2,12,54,0
"6734",1,10,42,0
"6735",2,2,34,0
"6736",1,10,31,0
"6737",2,6,27,0
"6738",3,7,28,0
"6739",3,12,33,0
"6740",4,12,33,0
"6741",1,10,58,0
"6742",2,10,58,0
"6743",1,10,42,0
"6744",2,8,40,0
"6745",1,10,31,0
"6746",2,3,24,0
"6747",1,10,13,0
"6748",2,9,12,0
"6749",3,9,12,0
"6750",1,1,1,1
"6751",NA,0,15,0
"6752",NA,0,35,0
"6753",1,10,80,0
"6754",2,10,80,0
"6755",3,22,92,0
"6756",4,14,84,0
"6757",1,10,69,0
"6758",2,10,69,0
"6759",3,10,69,0
"6760",3,5,64,0
"6761",NA,0,NA,NA
"6762",1,10,58,0
"6763",2,10,58,0
"6764",2,15,63,0
"6765",3,15,63,0
"6766",4,6,54,0
"6767",1,10,80,NA
"6768",1,10,80,0
"6769",2,5,75,0
"6770",3,5,75,0
"6771",1,10,63,0
"6772",2,6,59,0
"6773",2,16,69,0
"6774",3,14,67,0
"6775",1,10,34,0
"6776",2,7,31,0
"6777",3,1,25,0
"6778",1,10,20,0
"6779",1,10,15,0
"6780",2,10,15,0
"6781",3,4,9,0
"6782",4,4,9,0
"6783",NA,0,35,0
"6784",1,10,80,0
"6785",2,5,75,0
"6786",NA,0,NA,0
"6787",3,5,75,0
"6788",4,5,75,0
"6789",1,10,65,0
"6790",2,7,62,0
"6791",3,7,62,0
"6792",4,1,56,0
"6793",1,10,69,0
"6794",2,8,67,0
"6795",2,13,72,0
"6796",3,13,72,0
"6797",3,18,77,0
"6798",4,31,90,0
"6799",1,10,58,0
"6800",1,15,63,0
"6801",2,12,60,0
"6802",NA,0,NA,0
"6803",3,12,60,0
"6804",4,4,52,0
"6805",1,10,81,0
"6806",NA,0,NA,0
"6807",2,9,80,0
"6808",1,10,64,0
"6809",2,2,56,0
"6810",3,2,56,0
"6811",4,2,56,0
"6812",1,10,82,0
"6813",NA,0,NA,NA
"6814",NA,0,35,0
"6815",1,10,80,0
"6816",2,3,73,0
"6817",1,10,67,0
"6818",1,20,77,0
"6819",1,10,56,0
"6820",2,9,55,0
"6821",3,3,49,0
"6822",1,10,33,0
"6823",2,11,34,0
"6824",2,21,44,0
"6825",3,23,46,0
"6826",4,10,33,0
"6827",1,10,18,0
"6828",2,9,17,0
"6829",3,13,21,0
"6830",4,13,21,0
"6831",NA,0,35,0
"6832",1,10,70,0
"6833",1,23,83,0
"6834",2,19,79,0
"6835",3,13,73,0
"6836",4,21,81,0
"6837",1,10,54,0
"6838",1,10,38,0
"6839",2,6,34,0
"6840",3,2,30,0
"6841",NA,0,NA,0
"6842",4,1,29,0
"6843",1,10,63,0
"6844",2,5,58,0
"6845",NA,0,NA,NA
"6846",3,2,55,0
"6847",1,10,38,0
"6848",2,4,32,0
"6849",1,10,75,0
"6850",2,3,68,0
"6851",3,3,68,0
"6852",4,3,68,0
"6853",1,10,92,0
"6854",2,8,90,0
"6855",3,9,91,0
"6856",4,4,86,0
"6857",1,10,67,0
"6858",2,10,67,0
"6859",3,10,67,0
"6860",1,10,50,1
"6861",NA,0,15,0
"6862",NA,0,35,0
"6863",1,10,72,0
"6864",2,3,65,0
"6865",3,3,65,0
"6866",1,10,55,0
"6867",2,7,52,0
"6868",3,7,52,0
"6869",NA,0,NA,0
"6870",4,2,47,0
"6871",1,10,53,0
"6872",2,7,50,0
"6873",1,10,39,0
"6874",2,6,35,0
"6875",3,2,31,0
"6876",1,10,83,0
"6877",2,10,83,0
"6878",3,6,79,0
"6879",1,10,69,0
"6880",NA,0,NA,0
"6881",2,3,62,0
"6882",1,10,56,0
"6883",1,10,10,1
"6884",NA,0,15,0
"6885",NA,0,35,0
"6886",1,10,74,0
"6887",2,10,74,0
"6888",3,3,67,0
"6889",4,3,67,0
"6890",1,10,54,0
"6891",2,10,54,0
"6892",1,10,49,0
"6893",1,10,37,0
"6894",2,10,37,0
"6895",NA,0,NA,0
"6896",3,1,28,0
"6897",1,10,96,0
"6898",NA,0,NA,NA
"6899",NA,0,NA,NA
"6900",NA,0,35,0
"6901",1,10,65,0
"6902",2,9,64,0
"6903",3,9,64,1
"6904",NA,0,15,0
"6905",NA,0,35,0
"6906",1,10,60,0
"6907",1,10,38,0
"6908",2,11,39,0
"6909",3,11,39,0
"6910",4,11,39,0
"6911",NA,0,35,0
"6912",1,10,65,0
"6913",2,10,65,0
"6914",1,10,49,0
"6915",2,8,47,0
"6916",3,3,42,0
"6917",1,10,13,0
"6918",1,20,23,0
"6919",2,5,8,0
"6920",3,4,7,0
"6921",4,3,6,0
"6922",NA,0,35,0
"6923",1,10,66,0
"6924",2,9,65,0
"6925",3,12,68,0
"6926",4,19,75,0
"6927",1,10,77,0
"6928",1,10,60,0
"6929",1,10,45,0
"6930",2,7,42,0
"6931",3,7,42,0
"6932",1,10,25,0
"6933",2,10,25,0
"6934",1,8,8,0
"6935",2,2,2,0
"6936",1,1,1,1
"6937",NA,0,15,0
"6938",NA,0,35,0
"6939",1,10,78,0
"6940",2,16,84,0
"6941",NA,0,NA,NA
"6942",1,10,57,0
"6943",1,15,62,0
"6944",2,13,60,0
"6945",3,5,52,0
"6946",1,10,45,0
"6947",1,10,35,0
"6948",1,10,24,0
"6949",2,10,24,0
"6950",3,10,24,0
"6951",4,10,24,0
"6952",NA,0,35,0
"6953",1,10,60,0
"6954",2,7,57,0
"6955",3,5,55,0
"6956",4,5,55,0
"6957",1,10,91,0
"6958",2,3,84,0
"6959",1,10,73,0
"6960",1,10,60,0
"6961",1,10,49,0
"6962",2,10,49,0
"6963",3,8,47,0
"6964",4,8,47,0
"6965",1,10,46,0
"6966",1,10,34,0
"6967",2,10,34,0
"6968",3,8,32,0
"6969",4,8,32,0
"6970",1,10,59,0
"6971",2,2,51,0
"6972",1,10,48,0
"6973",2,4,42,0
"6974",3,2,40,0
"6975",NA,0,NA,0
"6976",NA,0,NA,0
"6977",4,1,39,0
"6978",4,6,44,0
"6979",1,10,48,0
"6980",NA,0,NA,0
"6981",1,10,38,0
"6982",1,10,24,0
"6983",2,10,24,0
"6984",NA,0,NA,0
"6985",3,4,18,0
"6986",NA,0,NA,NA
"6987",NA,0,35,0
"6988",1,10,67,0
"6989",2,5,62,0
"6990",1,10,57,0
"6991",1,10,38,0
"6992",2,2,30,0
"6993",1,10,21,0
"6994",2,9,20,1
"6995",NA,0,15,0
"6996",NA,0,35,0
"6997",1,10,73,0
"6998",2,10,73,0
"6999",1,10,63,0
"7000",2,6,59,0
"7001",1,10,51,0
"7002",2,7,48,0
"7003",3,1,42,0
"7004",1,10,39,0
"7005",2,5,34,0
"7006",3,2,31,0
"7007",1,4,4,0
"7008",2,5,5,0
"7009",1,2,2,0
"7010",2,1,1,1
"7011",NA,0,15,0
"7012",NA,0,35,0
"7013",1,10,80,0
"7014",1,10,63,0
"7015",2,4,57,0
"7016",3,4,57,0
"7017",4,1,54,0
"7018",1,10,52,0
"7019",2,4,46,1
"7020",NA,0,15,0
"7021",NA,0,35,0
"7022",1,10,77,0
"7023",1,10,60,0
"7024",2,19,69,0
"7025",NA,0,NA,NA
"7026",3,8,58,0
"7027",3,3,53,0
"7028",1,10,37,0
"7029",2,1,28,0
"7030",1,10,26,0
"7031",2,10,26,0
"7032",3,10,26,0
"7033",3,15,31,0
"7034",4,4,20,0
"7035",1,10,15,0
"7036",2,10,15,0
"7037",3,2,7,0
"7038",1,5,5,0
"7039",2,2,2,0
"7040",2,7,7,0
"7041",3,8,8,0
"7042",4,8,8,1
"7043",NA,0,15,0
"7044",NA,0,35,0
"7045",1,10,58,0
"7046",2,1,49,0
"7047",1,10,44,0
"7048",2,6,40,0
"7049",1,3,3,0
"7050",2,1,1,1
"7051",NA,0,15,0
"7052",NA,0,35,0
"7053",1,10,66,0
"7054",2,7,63,0
"7055",3,11,67,0
"7056",4,11,67,0
"7057",1,10,32,0
"7058",2,8,30,0
"7059",3,4,26,0
"7060",NA,0,NA,0
"7061",4,1,23,0
"7062",1,10,21,0
"7063",2,11,22,0
"7064",3,12,23,0
"7065",NA,0,NA,NA
"7066",NA,0,NA,NA
"7067",NA,0,35,0
"7068",1,10,69,0
"7069",2,9,68,0
"7070",1,10,58,0
"7071",2,6,54,0
"7072",1,10,47,0
"7073",2,9,46,0
"7074",1,10,35,0
"7075",2,11,36,0
"7076",3,7,32,0
"7077",4,3,28,0
"7078",1,10,72,0
"7079",2,6,68,0
"7080",3,3,65,0
"7081",1,10,58,0
"7082",2,7,55,0
"7083",2,17,65,0
"7084",1,10,47,0
"7085",2,10,47,0
"7086",3,2,39,0
"7087",1,10,36,0
"7088",2,10,36,0
"7089",NA,0,NA,0
"7090",3,10,36,0
"7091",4,10,36,0
"7092",NA,0,35,0
"7093",1,10,64,0
"7094",2,1,55,0
"7095",1,10,51,0
"7096",2,8,49,0
"7097",3,5,46,0
"7098",4,6,47,NA
"7099",4,6,47,0
"7100",1,10,81,0
"7101",NA,0,NA,NA
"7102",2,7,78,0
"7103",1,10,68,0
"7104",2,18,76,0
"7105",1,10,71,0
"7106",1,10,60,0
"7107",1,10,33,0
"7108",2,9,32,0
"7109",3,12,35,0
"7110",3,17,40,0
"7111",4,7,30,0
"7112",NA,0,35,0
"7113",1,10,74,0
"7114",2,10,74,0
"7115",3,7,71,0
"7116",1,10,47,0
"7117",2,2,39,0
"7118",1,10,32,0
"7119",2,4,26,0
"7120",1,10,20,0
"7121",2,10,20,0
"7122",3,12,22,0
"7123",4,12,22,0
"7124",1,10,70,0
"7125",2,3,63,0
"7126",1,10,52,0
"7127",2,6,48,0
"7128",3,8,50,0
"7129",1,10,34,0
"7130",2,9,33,0
"7131",3,9,33,0
"7132",1,10,18,0
"7133",1,10,13,1
"7134",NA,0,15,0
"7135",NA,0,35,0
"7136",1,10,78,0
"7137",2,10,78,0
"7138",NA,0,NA,0
"7139",3,25,93,0
"7140",NA,0,NA,0
"7141",4,19,87,0
"7142",1,10,41,0
"7143",2,10,41,0
"7144",1,10,26,0
"7145",NA,0,NA,0
"7146",2,7,23,0
"7147",1,10,80,0
"7148",NA,0,NA,0
"7149",2,10,80,0
"7150",NA,0,NA,0
"7151",3,1,71,0
"7152",NA,0,NA,0
"7153",1,10,68,0
"7154",2,10,68,0
"7155",3,10,68,0
"7156",1,10,63,0
"7157",1,10,11,0
"7158",2,10,11,0
"7159",NA,0,NA,NA
"7160",NA,0,35,0
"7161",1,10,74,0
"7162",2,7,71,0
"7163",1,10,54,0
"7164",2,2,46,0
"7165",3,3,47,0
"7166",1,10,34,0
"7167",2,3,27,0
"7168",1,10,22,0
"7169",1,10,12,0
"7170",2,6,8,0
"7171",3,3,5,1
"7172",NA,0,15,0
"7173",NA,0,35,0
"7174",1,10,68,0
"7175",2,10,68,0
"7176",1,10,54,0
"7177",2,7,51,0
"7178",3,12,56,0
"7179",4,4,48,0
"7180",1,10,81,0
"7181",2,7,78,0
"7182",3,2,73,0
"7183",1,10,63,0
"7184",2,7,60,0
"7185",3,1,54,0
"7186",NA,0,NA,0
"7187",4,1,54,0
"7188",1,10,80,0
"7189",1,10,59,0
"7190",NA,0,NA,NA
"7191",1,10,49,0
"7192",2,10,49,0
"7193",3,6,45,0
"7194",4,6,45,0
"7195",1,10,40,0
"7196",1,10,28,0
"7197",2,3,21,0
"7198",1,10,12,0
"7199",2,7,9,0
"7200",3,4,6,0
"7201",4,5,7,0
"7202",NA,0,35,0
"7203",1,10,77,0
"7204",2,6,73,0
"7205",3,6,73,0
"7206",1,10,52,0
"7207",2,2,44,0
"7208",1,10,34,0
"7209",2,10,34,0
"7210",3,10,34,0
"7211",1,1,1,1
"7212",NA,0,30,0
"7213",NA,0,35,0
"7214",1,10,63,0
"7215",2,1,54,0
"7216",1,10,45,0
"7217",2,14,49,0
"7218",1,10,35,0
"7219",1,15,40,0
"7220",2,9,34,0
"7221",3,5,30,0
"7222",4,5,30,0
"7223",1,4,4,0
"7224",2,14,14,0
"7225",3,10,10,0
"7226",4,10,10,0
"7227",1,10,90,0
"7228",NA,0,NA,0
"7229",2,4,84,0
"7230",NA,0,NA,0
"7231",3,4,84,0
"7232",4,4,84,0
"7233",1,10,61,0
"7234",1,15,66,0
"7235",2,6,57,0
"7236",3,6,57,0
"7237",4,6,57,0
"7238",1,10,45,0
"7239",2,11,46,0
"7240",3,12,47,0
"7241",NA,0,NA,NA
"7242",NA,0,NA,NA
"7243",NA,0,35,0
"7244",1,10,77,0
"7245",2,5,72,0
"7246",1,10,64,0
"7247",2,10,64,0
"7248",1,10,38,0
"7249",2,9,37,0
"7250",3,4,32,0
"7251",4,2,30,0
"7252",1,10,12,0
"7253",2,12,14,0
"7254",3,12,14,0
"7255",4,1,3,0
"7256",1,2,2,0
"7257",1,1,1,1
"7258",NA,0,15,0
"7259",NA,0,35,0
"7260",1,10,70,0
"7261",2,4,64,0
"7262",1,10,59,0
"7263",1,10,48,0
"7264",2,10,48,0
"7265",1,10,37,0
"7266",2,10,37,0
"7267",3,6,33,0
"7268",4,6,33,0
"7269",NA,0,35,0
"7270",1,10,80,0
"7271",2,10,80,0
"7272",3,18,88,0
"7273",4,15,85,0
"7274",1,10,54,0
"7275",2,10,54,0
"7276",1,10,44,1
"7277",NA,0,15,0
"7278",NA,0,35,0
"7279",1,10,81,0
"7280",2,10,81,0
"7281",3,8,79,0
"7282",NA,0,NA,NA
"7283",4,18,89,0
"7284",1,10,66,0
"7285",1,10,53,0
"7286",2,10,53,0
"7287",3,7,50,0
"7288",1,10,33,0
"7289",2,7,30,0
"7290",1,10,23,0
"7291",2,3,16,0
"7292",1,6,6,0
"7293",2,6,6,0
"7294",3,2,2,0
"7295",3,10,10,0
"7296",4,10,10,0
"7297",NA,0,35,0
"7298",1,10,91,0
"7299",2,9,90,0
"7300",3,7,88,0
"7301",4,7,88,0
"7302",1,10,54,0
"7303",2,6,50,0
"7304",1,10,35,0
"7305",2,6,31,0
"7306",1,10,22,0
"7307",2,4,16,0
"7308",3,3,15,0
"7309",4,3,15,0
"7310",NA,0,35,0
"7311",1,10,86,0
"7312",2,17,93,0
"7313",3,16,92,0
"7314",4,9,85,0
"7315",1,10,48,0
"7316",1,10,36,0
"7317",2,2,28,0
"7318",3,2,28,0
"7319",4,2,28,0
"7320",NA,0,35,0
"7321",1,10,65,0
"7322",NA,0,NA,NA
"7323",NA,0,35,0
"7324",1,10,90,0
"7325",2,7,87,0
"7326",1,10,10,1
"7327",NA,0,15,0
"7328",NA,0,35,0
"7329",1,10,79,0
"7330",2,2,71,0
"7331",1,10,68,0
"7332",2,3,61,0
"7333",2,13,71,0
"7334",1,10,33,1
"7335",NA,0,15,0
"7336",NA,0,35,0
"7337",1,10,69,0
"7338",1,10,57,0
"7339",2,4,51,0
"7340",3,2,49,0
"7341",4,2,49,0
"7342",1,10,87,0
"7343",2,10,87,0
"7344",3,10,87,0
"7345",1,10,71,0
"7346",2,3,64,0
"7347",1,10,49,0
"7348",2,1,40,0
"7349",1,10,32,0
"7350",1,10,20,0
"7351",2,10,20,0
"7352",3,4,14,0
"7353",4,1,11,0
"7354",1,10,10,0
"7355",2,9,9,1
"7356",NA,0,15,0
"7357",NA,0,35,0
"7358",1,10,70,0
"7359",NA,0,NA,0
"7360",2,6,66,0
"7361",3,8,68,0
"7362",1,10,60,0
"7363",1,10,55,0
"7364",NA,0,NA,NA
"7365",2,4,49,0
"7366",3,1,46,0
"7367",NA,0,NA,0
"7368",4,1,46,0
"7369",1,10,53,0
"7370",2,10,53,0
"7371",3,4,47,0
"7372",4,7,50,0
"7373",1,10,50,0
"7374",1,10,38,0
"7375",2,9,37,0
"7376",1,10,26,0
"7377",2,9,25,0
"7378",3,2,18,0
"7379",4,2,18,0
"7380",1,10,91,0
"7381",2,10,91,0
"7382",3,10,91,0
"7383",1,10,66,0
"7384",1,10,55,0
"7385",2,8,53,0
"7386",3,3,48,0
"7387",1,10,38,0
"7388",2,10,38,0
"7389",NA,0,NA,0
"7390",3,10,38,0
"7391",1,10,15,0
"7392",2,8,13,0
"7393",3,3,8,0
"7394",1,4,4,0
"7395",2,9,9,0
"7396",3,4,4,0
"7397",4,4,4,1
"7398",NA,0,2,0
"7399",NA,0,35,0
"7400",1,10,70,0
"7401",2,10,70,0
"7402",3,1,61,0
"7403",1,10,56,0
"7404",1,10,44,0
"7405",2,10,44,0
"7406",3,1,35,0
"7407",NA,0,NA,0
"7408",1,10,33,0
"7409",2,10,33,0
"7410",NA,0,NA,0
"7411",NA,0,NA,0
"7412",3,3,26,1
"7413",NA,0,NA,NA
"7414",NA,0,NA,NA
"7415",NA,0,35,0
"7416",1,10,27,0
"7417",2,5,22,0
"7418",1,8,8,0
"7419",2,4,4,0
"7420",3,2,2,1
"7421",NA,0,15,0
"7422",NA,0,35,0
"7423",1,10,60,0
"7424",1,10,15,0
"7425",2,9,14,0
"7426",3,9,14,0
"7427",4,9,14,0
"7428",4,14,19,0
"7429",NA,0,35,0
"7430",1,10,71,0
"7431",2,6,67,0
"7432",1,10,58,0
"7433",2,1,49,0
"7434",1,10,76,0
"7435",2,13,79,0
"7436",3,12,78,0
"7437",4,6,72,0
"7438",1,10,76,0
"7439",1,20,86,0
"7440",2,20,86,0
"7441",1,10,62,0
"7442",2,8,60,0
"7443",1,10,51,0
"7444",1,10,37,0
"7445",1,10,24,0
"7446",NA,0,NA,0
"7447",2,10,24,0
"7448",3,5,19,0
"7449",4,5,19,0
"7450",1,10,73,0
"7451",2,10,73,0
"7452",3,10,73,0
"7453",4,10,73,0
"7454",1,10,72,0
"7455",NA,0,NA,NA
"7456",2,6,68,0
"7457",1,10,49,0
"7458",2,1,40,0
"7459",1,10,31,0
"7460",2,6,27,0
"7461",2,16,37,0
"7462",3,12,33,0
"7463",3,17,38,0
"7464",4,7,28,0
"7465",NA,0,35,0
"7466",1,10,80,0
"7467",2,7,77,0
"7468",3,1,71,0
"7469",1,10,53,0
"7470",1,10,37,0
"7471",2,9,36,0
"7472",2,14,41,0
"7473",1,10,24,0
"7474",1,10,13,0
"7475",2,7,10,1
"7476",NA,0,15,0
"7477",NA,0,35,0
"7478",1,10,65,0
"7479",2,5,60,1
"7480",NA,0,15,0
"7481",NA,0,35,0
"7482",1,10,70,0
"7483",2,6,66,0
"7484",3,1,61,0
"7485",4,1,61,0
"7486",1,10,59,0
"7487",2,10,59,0
"7488",NA,0,NA,0
"7489",3,17,66,0
"7490",NA,0,NA,0
"7491",4,15,64,0
"7492",1,10,65,0
"7493",2,1,56,0
"7494",3,1,56,0
"7495",1,10,40,0
"7496",NA,0,NA,0
"7497",2,7,37,0
"7498",NA,0,NA,NA
"7499",NA,0,35,0
"7500",1,10,70,0
"7501",2,4,64,0
"7502",3,6,66,0
"7503",4,12,72,0
"7504",1,10,79,0
"7505",2,12,81,0
"7506",2,21,90,0
"7507",3,21,90,0
"7508",4,18,87,0
"7509",1,10,64,0
"7510",2,10,64,0
"7511",3,12,66,0
"7512",4,12,66,1
"7513",NA,0,7,0
"7514",NA,0,35,0
"7515",1,10,81,0
"7516",2,11,82,0
"7517",3,9,80,0
"7518",1,10,70,0
"7519",2,13,73,0
"7520",3,24,84,0
"7521",4,15,75,0
"7522",1,10,63,0
"7523",2,4,57,0
"7524",1,1,1,0
"7525",2,1,1,0
"7526",3,1,1,1
"7527",NA,0,15,0
"7528",NA,0,35,0
"7529",1,10,70,0
"7530",2,10,70,0
"7531",1,10,52,0
"7532",1,15,57,0
"7533",2,14,56,0
"7534",3,2,44,0
"7535",4,1,43,0
"7536",NA,0,NA,NA
"7537",1,10,40,0
"7538",2,10,40,0
"7539",NA,0,NA,0
"7540",3,8,38,0
"7541",1,10,26,0
"7542",1,10,10,1
"7543",NA,0,2,0
"7544",NA,0,35,0
"7545",1,10,71,0
"7546",2,9,70,0
"7547",3,2,63,0
"7548",1,10,51,0
"7549",2,9,50,0
"7550",3,3,44,0
"7551",1,10,40,0
"7552",1,10,29,0
"7553",2,11,30,0
"7554",3,10,29,0
"7555",4,20,39,0
"7556",1,10,93,0
"7557",2,10,93,0
"7558",1,10,78,0
"7559",1,10,58,0
"7560",2,10,58,0
"7561",3,1,49,0
"7562",4,1,49,0
"7563",1,10,51,0
"7564",NA,0,NA,0
"7565",2,11,52,0
"7566",NA,0,NA,0
"7567",3,19,60,0
"7568",NA,0,NA,0
"7569",4,21,62,0
"7570",1,10,83,0
"7571",1,10,65,0
"7572",2,6,61,1
"7573",NA,0,2,0
"7574",NA,0,35,0
"7575",1,10,46,0
"7576",2,6,42,0
"7577",NA,0,NA,0
"7578",3,7,43,1
"7579",NA,0,15,0
"7580",NA,0,35,0
"7581",1,10,70,0
"7582",2,5,65,0
"7583",3,2,62,0
"7584",NA,0,NA,NA
"7585",NA,0,NA,NA
"7586",NA,0,35,0
"7587",1,10,47,0
"7588",2,5,42,0
"7589",3,4,41,0
"7590",1,10,36,0
"7591",1,10,21,0
"7592",2,7,18,0
"7593",2,12,23,0
"7594",3,1,12,0
"7595",1,4,4,0
"7596",2,6,6,0
"7597",3,2,2,1
"7598",NA,0,15,0
"7599",NA,0,35,0
"7600",1,10,85,0
"7601",1,10,65,0
"7602",2,5,60,0
"7603",1,10,44,0
"7604",1,10,33,0
"7605",2,7,30,0
"7606",1,10,21,0
"7607",2,9,20,1
"7608",NA,0,15,0
"7609",NA,0,35,0
"7610",1,10,85,0
"7611",2,10,85,0
"7612",3,5,80,0
"7613",4,3,78,0
"7614",1,10,63,0
"7615",2,1,54,0
"7616",1,10,43,0
"7617",1,10,31,0
"7618",NA,0,NA,NA
"7619",2,5,26,0
"7620",3,2,23,0
"7621",1,10,18,0
"7622",2,10,18,0
"7623",3,1,9,0
"7624",NA,0,NA,0
"7625",1,5,5,1
"7626",NA,0,15,0
"7627",NA,0,35,0
"7628",1,10,74,0
"7629",2,10,74,0
"7630",3,9,73,0
"7631",4,9,73,0
"7632",1,10,73,0
"7633",2,4,67,0
"7634",1,10,41,0
"7635",2,10,41,0
"7636",3,2,33,0
"7637",1,10,16,0
"7638",2,8,14,0
"7639",3,8,14,0
"7640",4,15,21,0
"7641",1,10,71,0
"7642",2,8,69,0
"7643",3,1,62,0
"7644",1,10,58,0
"7645",2,6,54,0
"7646",3,12,60,0
"7647",1,10,41,0
"7648",2,10,41,0
"7649",3,10,41,0
"7650",1,10,28,0
"7651",NA,0,NA,0
"7652",2,5,23,0
"7653",NA,0,NA,0
"7654",3,7,25,0
"7655",NA,0,NA,0
"7656",1,10,17,0
"7657",2,10,17,0
"7658",NA,0,NA,0
"7659",3,3,10,0
"7660",1,3,3,1
"7661",NA,0,15,0
"7662",NA,0,35,0
"7663",1,10,70,0
"7664",NA,0,NA,NA
"7665",NA,0,35,0
"7666",1,10,61,0
"7667",2,9,60,0
"7668",3,1,52,0
"7669",1,10,44,0
"7670",1,10,29,0
"7671",1,20,39,0
"7672",2,1,20,0
"7673",1,1,1,0
"7674",1,2,2,1
"7675",NA,0,15,0
"7676",NA,0,35,0
"7677",1,10,71,0
"7678",2,13,74,0
"7679",3,11,72,0
"7680",4,11,72,0
"7681",1,10,80,0
"7682",2,9,79,0
"7683",3,9,79,0
"7684",4,3,73,0
"7685",1,10,64,0
"7686",2,5,59,0
"7687",NA,0,NA,0
"7688",3,5,59,0
"7689",4,5,59,0
"7690",1,10,84,0
"7691",2,6,80,0
"7692",3,2,76,0
"7693",1,10,69,0
"7694",2,10,69,0
"7695",3,10,69,0
"7696",4,10,69,0
"7697",1,10,67,0
"7698",2,1,58,0
"7699",1,10,42,0
"7700",2,12,44,0
"7701",2,17,49,0
"7702",NA,0,NA,NA
"7703",3,14,46,0
"7704",4,4,36,0
"7705",1,10,21,0
"7706",1,7,7,0
"7707",2,5,5,1
"7708",NA,0,15,0
"7709",NA,0,35,0
"7710",1,10,65,0
"7711",1,10,54,0
"7712",2,10,54,0
"7713",3,7,51,0
"7714",4,7,51,0
"7715",1,10,36,0
"7716",2,4,30,0
"7717",3,1,27,0
"7718",1,10,20,0
"7719",2,5,15,1
"7720",NA,0,15,0
"7721",NA,0,35,0
"7722",1,10,63,0
"7723",2,8,61,0
"7724",3,8,61,0
"7725",1,10,50,0
"7726",2,8,48,0
"7727",NA,0,NA,0
"7728",3,4,44,0
"7729",1,10,31,0
"7730",2,6,27,0
"7731",1,10,21,0
"7732",1,10,59,0
"7733",1,20,69,0
"7734",NA,0,NA,0
"7735",2,16,65,0
"7736",1,10,35,0
"7737",NA,0,NA,0
"7738",2,7,32,0
"7739",3,7,32,0
"7740",NA,0,NA,0
"7741",4,5,30,0
"7742",NA,0,35,0
"7743",1,10,65,0
"7744",1,10,52,0
"7745",2,10,52,0
"7746",NA,0,NA,NA
"7747",NA,0,NA,NA
"7748",NA,0,35,0
"7749",1,10,69,0
"7750",2,1,60,0
"7751",1,10,53,0
"7752",2,9,52,0
"7753",3,2,45,0
"7754",4,2,45,0
"7755",1,10,55,0
"7756",2,10,55,0
"7757",1,10,26,0
"7758",2,9,25,0
"7759",3,8,24,0
"7760",1,10,12,1
"7761",NA,0,15,0
"7762",NA,0,35,0
"7763",1,10,71,0
"7764",2,2,63,0
"7765",3,1,62,0
"7766",4,1,62,0
"7767",4,5,66,1
"7768",NA,0,15,0
"7769",NA,0,35,0
"7770",1,10,68,0
"7771",1,15,73,0
"7772",2,10,68,0
"7773",2,15,73,0
"7774",2,25,83,0
"7775",3,21,79,0
"7776",4,12,70,0
"7777",1,10,11,0
"7778",2,2,3,1
"7779",NA,0,15,0
"7780",NA,0,35,0
"7781",1,10,74,0
"7782",2,8,72,0
"7783",3,8,72,0
"7784",1,10,58,0
"7785",2,3,51,0
"7786",1,10,45,0
"7787",2,8,43,0
"7788",1,10,38,0
"7789",2,5,33,0
"7790",3,7,35,0
"7791",NA,0,NA,NA
"7792",1,10,26,0
"7793",2,10,26,0
"7794",3,2,18,0
"7795",1,10,15,0
"7796",2,9,14,0
"7797",3,4,9,0
"7798",4,4,9,0
"7799",NA,0,35,0
"7800",1,10,38,0
"7801",2,9,37,0
"7802",1,10,14,1
"7803",NA,0,15,0
"7804",NA,0,35,0
"7805",1,10,72,0
"7806",2,10,72,0
"7807",3,6,68,0
"7808",4,6,68,0
"7809",1,10,76,0
"7810",1,10,16,0
"7811",2,7,13,0
"7812",1,1,1,1
"7813",NA,0,15,0
"7814",NA,0,35,0
"7815",1,10,75,0
"7816",2,6,71,0
"7817",1,10,63,0
"7818",2,8,61,0
"7819",2,13,66,0
"7820",1,10,51,0
"7821",2,8,49,0
"7822",3,3,44,0
"7823",1,10,41,0
"7824",2,9,40,0
"7825",3,9,40,0
"7826",4,2,33,0
"7827",1,10,58,0
"7828",2,10,58,0
"7829",3,1,49,0
"7830",1,10,43,0
"7831",1,20,53,0
"7832",NA,0,NA,0
"7833",2,22,55,0
"7834",3,14,47,0
"7835",NA,0,NA,0
"7836",4,5,38,0
"7837",NA,0,35,0
"7838",1,10,74,0
"7839",2,5,69,0
"7840",1,10,48,0
"7841",2,2,40,0
"7842",1,10,35,0
"7843",2,5,30,0
"7844",1,10,20,0
"7845",NA,0,NA,0
"7846",1,5,5,0
"7847",NA,0,NA,NA
"7848",NA,0,35,0
"7849",1,10,65,0
"7850",1,10,55,0
"7851",1,10,32,0
"7852",1,10,25,0
"7853",1,20,35,0
"7854",2,17,32,0
"7855",3,17,32,0
"7856",4,18,33,0
"7857",4,13,28,0
"7858",NA,0,35,0
"7859",1,10,76,0
"7860",2,6,72,0
"7861",3,6,72,0
"7862",4,12,78,0
"7863",1,10,65,0
"7864",2,3,58,0
"7865",3,2,57,0
"7866",1,10,55,0
"7867",1,10,43,0
"7868",2,9,42,0
"7869",1,10,32,0
"7870",1,10,20,0
"7871",2,9,19,0
"7872",3,9,19,0
"7873",4,9,19,0
"7874",NA,0,35,0
"7875",1,10,80,0
"7876",2,2,72,0
"7877",3,2,72,0
"7878",1,10,66,0
"7879",2,14,70,0
"7880",1,10,62,0
"7881",2,6,58,0
"7882",1,10,52,0
"7883",2,4,46,0
"7884",1,10,34,0
"7885",NA,0,NA,NA
"7886",1,10,13,1
"7887",NA,0,15,0
"7888",NA,0,20,0
"7889",NA,0,35,0
"7890",1,10,65,0
"7891",2,6,61,0
"7892",3,7,62,0
"7893",3,12,67,0
"7894",4,8,63,0
"7895",1,10,44,0
"7896",2,8,42,0
"7897",3,3,37,0
"7898",4,4,38,0
"7899",1,10,75,0
"7900",1,10,64,0
"7901",2,9,63,0
"7902",3,9,63,0
"7903",4,4,58,0
"7904",1,10,87,0
"7905",2,10,87,0
"7906",3,7,84,0
"7907",4,7,84,0
"7908",1,10,55,0
"7909",2,7,52,0
"7910",NA,0,NA,0
"7911",3,1,46,0
"7912",1,10,45,0
"7913",2,9,44,0
"7914",1,10,34,0
"7915",2,10,34,0
"7916",1,10,66,0
"7917",2,4,60,0
"7918",3,4,60,0
"7919",4,4,60,0
"7920",1,10,77,0
"7921",2,6,73,0
"7922",3,2,69,0
"7923",1,10,61,0
"7924",NA,0,NA,NA
"7925",NA,0,NA,NA
"7926",NA,0,35,0
"7927",1,10,71,0
"7928",2,3,64,0
"7929",1,10,58,0
"7930",2,11,59,0
"7931",1,10,44,0
"7932",2,9,43,0
"7933",3,5,39,0
"7934",1,10,31,0
"7935",2,9,30,0
"7936",1,10,26,0
"7937",2,1,17,0
"7938",2,6,22,0
"7939",3,4,20,0
"7940",4,4,20,0
"7941",NA,0,35,0
"7942",1,10,68,0
"7943",2,6,64,0
"7944",1,10,49,0
"7945",1,18,57,0
"7946",1,10,32,0
"7947",2,6,28,0
"7948",3,9,31,0
"7949",3,19,41,0
"7950",3,29,51,0
"7951",1,10,25,0
"7952",2,7,22,0
"7953",3,4,19,0
"7954",3,14,29,0
"7955",3,24,39,0
"7956",4,20,35,0
"7957",NA,0,35,0
"7958",1,10,63,0
"7959",1,10,46,0
"7960",1,10,29,0
"7961",2,9,28,0
"7962",2,19,38,0
"7963",NA,0,NA,NA
"7964",3,14,33,0
"7965",4,5,24,0
"7966",NA,0,35,0
"7967",1,10,77,0
"7968",2,10,77,0
"7969",1,10,47,0
"7970",2,2,39,0
"7971",3,8,45,0
"7972",1,10,29,0
"7973",1,5,5,1
"7974",NA,0,15,0
"7975",NA,0,35,0
"7976",1,10,65,0
"7977",2,14,69,0
"7978",3,10,65,0
"7979",4,1,56,0
"7980",1,10,43,0
"7981",2,3,36,0
"7982",3,3,36,0
"7983",3,13,46,0
"7984",4,13,46,0
"7985",1,10,82,0
"7986",1,5,77,0
"7987",2,10,82,0
"7988",3,4,76,0
"7989",4,4,76,0
"7990",1,10,70,0
"7991",1,15,75,0
"7992",2,15,75,0
"7993",3,9,69,0
"7994",4,17,77,0
"7995",1,10,62,0
"7996",2,10,62,0
"7997",3,7,59,0
"7998",1,10,33,0
"7999",1,10,16,0
"8000",2,12,18,0
"8001",NA,0,NA,0
"8002",3,11,17,0
"8003",NA,0,NA,0
"8004",4,9,15,0
"8005",NA,0,35,0
"8006",1,10,65,0
"8007",2,10,65,0
"8008",3,10,65,0
"8009",4,20,75,0
"8010",1,10,77,0
"8011",2,5,72,0
"8012",3,2,69,0
"8013",NA,0,NA,0
"8014",4,2,69,0
"8015",1,10,66,0
"8016",1,10,55,0
"8017",2,10,55,1
"8018",NA,0,15,0
"8019",NA,0,35,0
"8020",1,10,68,0
"8021",NA,0,NA,NA
"8022",NA,0,35,0
"8023",1,10,77,0
"8024",1,10,61,0
"8025",2,7,58,0
"8026",3,3,54,0
"8027",1,10,43,0
"8028",1,20,53,0
"8029",2,13,46,0
"8030",3,9,42,0
"8031",1,10,32,0
"8032",2,13,35,0
"8033",1,10,21,0
"8034",2,9,20,0
"8035",3,9,20,0
"8036",1,9,9,0
"8037",2,9,9,0
"8038",3,10,10,0
"8039",4,10,10,0
"8040",NA,0,35,0
"8041",1,10,72,0
"8042",2,9,71,0
"8043",3,4,66,0
"8044",1,10,59,0
"8045",2,6,55,0
"8046",3,2,51,0
"8047",1,10,45,0
"8048",2,9,44,0
"8049",3,12,47,0
"8050",4,12,47,0
"8051",1,10,61,0
"8052",NA,0,NA,NA
"8053",2,4,55,0
"8054",3,9,60,0
"8055",4,9,60,0
"8056",1,10,80,0
"8057",2,4,74,0
"8058",1,10,70,0
"8059",2,1,61,0
"8060",1,10,52,0
"8061",1,10,40,0
"8062",2,1,31,0
"8063",1,10,23,0
"8064",1,10,11,0
"8065",2,10,11,1
"8066",NA,0,15,0
"8067",NA,0,35,0
"8068",1,10,73,0
"8069",1,10,53,0
"8070",1,10,42,0
"8071",2,7,39,0
"8072",1,10,31,0
"8073",2,11,32,0
"8074",2,16,37,0
"8075",3,16,37,0
"8076",4,16,37,0
"8077",NA,0,35,0
"8078",1,10,73,0
"8079",1,10,63,0
"8080",2,17,70,0
"8081",1,10,55,0
"8082",1,15,60,0
"8083",2,19,64,0
"8084",1,10,44,0
"8085",1,10,32,0
"8086",2,1,23,0
"8087",1,9,9,0
"8088",2,4,4,0
"8089",3,4,4,0
"8090",4,4,4,1
"8091",NA,0,15,0
"8092",NA,0,35,0
"8093",1,10,65,0
"8094",NA,0,NA,0
"8095",2,7,62,0
"8096",NA,0,NA,0
"8097",1,10,29,0
"8098",2,7,26,0
"8099",NA,0,NA,0
"8100",NA,0,NA,0
"8101",3,5,24,0
"8102",4,1,20,0
"8103",4,6,25,1
"8104",NA,0,15,0
"8105",NA,0,35,0
"8106",1,10,66,0
"8107",2,10,66,0
"8108",1,10,38,0
"8109",NA,0,NA,0
"8110",2,10,38,0
"8111",1,10,18,0
"8112",2,9,17,0
"8113",NA,0,NA,0
"8114",3,10,18,0
"8115",NA,0,NA,NA
"8116",NA,0,NA,NA
"8117",NA,0,35,0
"8118",1,10,73,0
"8119",2,6,69,0
"8120",3,6,69,0
"8121",1,10,64,0
"8122",1,10,54,0
"8123",1,5,49,0
"8124",1,10,34,0
"8125",2,1,25,0
"8126",1,10,14,0
"8127",2,4,8,0
"8128",1,4,4,0
"8129",2,1,1,0
"8130",3,2,2,0
"8131",1,1,1,1
"8132",NA,0,15,0
"8133",NA,0,35,0
"8134",1,10,72,0
"8135",2,7,69,0
"8136",3,1,63,0
"8137",1,10,60,0
"8138",2,10,60,0
"8139",3,5,55,0
"8140",4,9,59,0
"8141",1,10,90,0
"8142",2,12,92,0
"8143",3,6,86,0
"8144",1,10,81,0
"8145",1,10,64,0
"8146",1,10,51,0
"8147",2,10,51,0
"8148",2,15,56,0
"8149",3,10,51,0
"8150",1,10,30,0
"8151",2,6,26,0
"8152",NA,0,NA,NA
"8153",3,1,21,0
"8154",1,10,13,0
"8155",2,9,12,1
"8156",NA,0,15,0
"8157",NA,0,35,0
"8158",1,10,77,0
"8159",1,10,66,0
"8160",1,10,51,0
"8161",2,6,47,0
"8162",3,6,47,0
"8163",1,10,38,0
"8164",1,10,27,0
"8165",2,7,24,0
"8166",3,4,21,0
"8167",1,5,5,1
"8168",NA,0,15,0
"8169",NA,0,35,0
"8170",1,10,66,0
"8171",2,6,62,0
"8172",3,5,61,0
"8173",4,5,61,0
"8174",1,10,94,0
"8175",2,12,96,0
"8176",3,12,96,0
"8177",4,1,85,0
"8178",1,10,75,0
"8179",2,10,75,0
"8180",3,10,75,0
"8181",1,10,52,0
"8182",2,6,48,0
"8183",3,13,55,0
"8184",1,10,35,0
"8185",1,15,40,0
"8186",2,7,32,0
"8187",NA,0,NA,0
"8188",3,5,30,0
"8189",1,10,23,0
"8190",1,5,5,0
"8191",1,2,2,0
"8192",2,2,2,0
"8193",3,2,2,0
"8194",1,10,80,0
"8195",NA,0,NA,NA
"8196",NA,0,35,0
"8197",1,10,65,0
"8198",2,5,60,0
"8199",3,10,65,0
"8200",1,10,11,0
"8201",2,1,2,0
"8202",1,10,80,0
"8203",1,20,90,0
"8204",2,21,91,0
"8205",3,21,91,0
"8206",4,12,82,0
"8207",1,10,54,0
"8208",2,1,45,0
"8209",1,10,43,0
"8210",1,10,57,0
"8211",2,12,59,0
"8212",3,12,59,0
"8213",4,7,54,0
"8214",1,10,88,0
"8215",2,8,86,0
"8216",3,1,79,0
"8217",1,10,76,0
"8218",2,2,68,0
"8219",1,10,66,0
"8220",1,10,55,0
"8221",2,5,50,0
"8222",3,3,48,0
"8223",4,1,46,0
"8224",1,10,39,0
"8225",1,10,24,0
"8226",2,8,22,0
"8227",3,7,21,0
"8228",NA,0,NA,NA
"8229",4,2,16,1
"8230",NA,0,15,0
"8231",NA,0,35,0
"8232",1,10,65,0
"8233",2,10,65,0
"8234",3,8,63,0
"8235",1,10,45,0
"8236",2,8,43,0
"8237",3,8,43,0
"8238",4,8,43,0
"8239",1,10,82,0
"8240",2,5,77,0
"8241",1,10,65,0
"8242",1,10,49,0
"8243",2,4,43,0
"8244",3,2,41,0
"8245",4,1,40,0
"8246",1,10,33,0
"8247",1,10,62,0
"8248",2,2,54,0
"8249",1,10,48,0
"8250",1,10,33,0
"8251",2,5,28,0
"8252",NA,0,NA,0
"8253",3,2,25,0
"8254",1,10,21,0
"8255",2,11,22,0
"8256",2,16,27,0
"8257",NA,0,NA,0
"8258",3,6,17,1
"8259",NA,0,15,0
"8260",NA,0,35,0
"8261",1,10,74,0
"8262",2,2,66,0
"8263",1,10,60,0
"8264",2,2,52,0
"8265",1,10,37,0
"8266",NA,0,NA,0
"8267",2,13,40,0
"8268",3,13,40,0
"8269",NA,0,NA,0
"8270",4,1,28,0
"8271",1,10,71,0
"8272",2,10,71,0
"8273",NA,0,NA,NA
"8274",NA,0,NA,NA
"8275",NA,0,35,0
"8276",1,10,70,0
"8277",2,5,65,0
"8278",1,10,58,0
"8279",1,10,44,0
"8280",1,10,23,0
"8281",2,8,21,0
"8282",3,2,15,0
"8283",1,10,11,0
"8284",2,10,11,1
"8285",NA,0,15,0
"8286",NA,0,35,0
"8287",1,10,68,0
"8288",1,10,53,0
"8289",2,9,52,0
"8290",3,2,45,0
"8291",4,2,45,0
"8292",1,10,41,0
"8293",1,10,24,0
"8294",2,6,20,0
"8295",3,6,20,0
"8296",4,6,20,0
"8297",NA,0,35,0
"8298",1,10,74,0
"8299",2,13,77,0
"8300",3,11,75,0
"8301",1,10,63,0
"8302",2,6,59,0
"8303",2,11,64,0
"8304",1,10,32,0
"8305",1,10,84,0
"8306",2,8,82,0
"8307",1,10,45,0
"8308",2,10,45,0
"8309",NA,0,NA,NA
"8310",3,3,38,0
"8311",4,1,36,0
"8312",1,10,34,0
"8313",1,10,16,0
"8314",2,8,14,0
"8315",3,4,10,0
"8316",1,4,4,0
"8317",2,5,5,0
"8318",3,5,5,0
"8319",4,5,5,0
"8320",NA,0,35,0
"8321",1,10,85,0
"8322",1,10,74,0
"8323",1,15,79,0
"8324",2,5,69,0
"8325",2,10,74,0
"8326",3,26,90,0
"8327",4,15,79,0
"8328",1,10,56,0
"8329",1,10,21,0
"8330",2,7,18,0
"8331",1,6,6,0
"8332",2,4,4,1
"8333",NA,0,15,0
"8334",NA,0,35,0
"8335",1,10,68,0
"8336",2,10,68,0
"8337",3,10,68,0
"8338",4,1,59,0
"8339",1,10,40,0
"8340",2,10,40,0
"8341",1,10,25,0
"8342",2,6,21,0
"8343",3,6,21,0
"8344",NA,0,NA,0
"8345",1,8,8,1
"8346",NA,0,15,0
"8347",NA,0,35,0
"8348",1,10,65,0
"8349",2,7,62,0
"8350",3,1,56,0
"8351",1,10,47,0
"8352",2,1,38,0
"8353",3,1,38,0
"8354",NA,0,NA,0
"8355",1,10,36,0
"8356",NA,0,NA,0
"8357",2,16,42,0
"8358",3,11,37,0
"8359",4,11,37,0
"8360",1,10,53,0
"8361",NA,0,NA,0
"8362",1,10,36,0
"8363",2,4,30,0
"8364",3,4,30,0
"8365",NA,0,NA,0
"8366",1,10,24,0
"8367",NA,0,NA,NA
"8368",NA,0,35,0
"8369",1,10,65,0
"8370",2,5,60,0
"8371",1,10,55,0
"8372",1,10,43,0
"8373",1,10,15,0
"8374",2,6,11,1
"8375",NA,0,15,0
"8376",NA,0,35,0
"8377",1,10,70,0
"8378",2,5,65,0
"8379",1,10,58,0
"8380",1,10,34,0
"8381",1,10,19,0
"8382",2,6,15,0
"8383",3,3,12,0
"8384",4,5,14,0
"8385",NA,0,35,0
"8386",1,10,51,0
"8387",2,3,44,0
"8388",3,2,43,0
"8389",1,10,36,0
"8390",2,9,35,0
"8391",1,10,23,0
"8392",1,10,11,0
"8393",2,9,10,0
"8394",2,14,15,0
"8395",3,19,20,0
"8396",4,11,12,0
"8397",NA,0,35,0
"8398",1,10,84,0
"8399",2,9,83,0
"8400",3,6,80,0
"8401",NA,0,NA,NA
"8402",3,1,75,0
"8403",4,2,76,0
"8404",1,10,24,0
"8405",2,6,20,0
"8406",3,6,20,0
"8407",4,1,15,1
"8408",NA,0,15,0
"8409",NA,0,35,0
"8410",1,10,69,0
"8411",2,3,62,0
"8412",3,3,62,0
"8413",4,3,62,0
"8414",1,10,53,0
"8415",1,10,40,0
"8416",2,5,35,0
"8417",3,5,35,0
"8418",4,5,35,0
"8419",1,10,65,0
"8420",2,5,60,0
"8421",3,2,57,0
"8422",1,10,54,0
"8423",2,6,50,0
"8424",3,6,50,0
"8425",4,1,45,0
"8426",1,10,42,0
"8427",NA,0,NA,0
"8428",2,10,42,0
"8429",2,20,52,0
"8430",NA,0,NA,0
"8431",3,19,51,0
"8432",4,19,51,0
"8433",1,10,86,0
"8434",2,9,85,0
"8435",1,10,71,1
"8436",NA,0,15,0
"8437",NA,0,35,0
"8438",1,10,78,0
"8439",2,5,73,0
"8440",3,7,75,0
"8441",NA,0,NA,NA
"8442",NA,0,NA,NA
"8443",NA,0,35,0
"8444",1,10,76,0
"8445",1,10,64,0
"8446",2,1,55,0
"8447",1,10,51,0
"8448",2,1,42,0
"8449",1,10,39,0
"8450",1,10,23,0
"8451",1,7,7,1
"8452",NA,0,15,0
"8453",NA,0,35,0
"8454",1,10,65,0
"8455",2,9,64,0
"8456",3,3,58,0
"8457",4,3,58,0
"8458",4,8,63,0
"8459",1,10,77,0
"8460",2,2,69,0
"8461",1,10,65,0
"8462",1,5,60,0
"8463",1,10,45,0
"8464",2,10,45,0
"8465",3,10,45,0
"8466",4,8,43,1
"8467",NA,0,15,0
"8468",NA,0,35,0
"8469",1,10,59,0
"8470",2,10,59,0
"8471",3,1,50,0
"8472",1,10,40,0
"8473",2,10,40,0
"8474",3,11,41,0
"8475",4,11,41,0
"8476",1,10,80,0
"8477",1,10,56,0
"8478",2,4,50,0
"8479",1,10,29,0
"8480",1,7,7,0
"8481",NA,0,NA,NA
"8482",2,5,5,1
"8483",NA,0,15,0
"8484",NA,0,35,0
"8485",1,10,67,0
"8486",1,10,53,0
"8487",2,6,49,0
"8488",3,1,44,0
"8489",1,10,41,0
"8490",2,5,36,0
"8491",1,10,31,0
"8492",2,5,26,0
"8493",3,16,37,0
"8494",4,16,37,0
"8495",1,10,55,0
"8496",2,1,46,0
"8497",1,10,43,0
"8498",1,10,10,0
"8499",1,24,24,0
"8500",2,26,26,0
"8501",1,10,11,0
"8502",2,4,5,1
"8503",NA,0,15,0
"8504",NA,0,35,0
"8505",1,10,75,0
"8506",1,15,80,0
"8507",2,15,80,0
"8508",3,15,80,0
"8509",4,13,78,0
"8510",1,10,14,0
"8511",2,9,13,0
"8512",3,5,9,0
"8513",1,1,1,1
"8514",NA,0,15,0
"8515",NA,0,35,0
"8516",1,10,68,0
"8517",2,10,68,0
"8518",3,2,60,0
"8519",1,10,54,0
"8520",2,10,54,0
"8521",3,10,54,0
"8522",4,10,54,0
"8523",1,10,98,0
"8524",NA,0,NA,0
"8525",2,8,96,0
"8526",NA,0,NA,0
"8527",3,8,96,0
"8528",NA,0,NA,0
"8529",4,5,93,0
"8530",NA,0,NA,0
"8531",1,10,53,0
"8532",NA,0,NA,NA
"8533",NA,0,35,0
"8534",1,10,78,0
"8535",1,10,60,0
"8536",2,10,60,0
"8537",3,5,55,0
"8538",3,15,65,0
"8539",1,10,43,0
"8540",2,10,43,0
"8541",1,10,32,0
"8542",2,9,31,1
"8543",NA,0,15,0
"8544",NA,0,35,0
"8545",1,10,68,0
"8546",1,10,57,0
"8547",2,8,55,0
"8548",1,10,40,0
"8549",2,4,34,0
"8550",3,3,33,0
"8551",4,5,35,0
"8552",1,10,65,0
"8553",2,7,62,0
"8554",3,6,61,0
"8555",4,4,59,0
"8556",1,10,99,0
"8557",2,5,94,0
"8558",3,2,91,0
"8559",3,6,95,0
"8560",4,6,95,0
"8561",1,10,41,0
"8562",2,7,38,0
"8563",3,6,37,0
"8564",4,3,34,0
"8565",NA,0,NA,NA
"8566",1,4,4,0
"8567",2,4,4,0
"8568",3,4,4,1
"8569",NA,0,15,0
"8570",NA,0,35,0
"8571",1,10,65,0
"8572",2,3,58,0
"8573",1,10,49,0
"8574",1,20,59,0
"8575",2,14,53,0
"8576",3,9,48,0
"8577",4,2,41,0
"8578",1,10,59,0
"8579",2,7,56,0
"8580",3,7,56,0
"8581",4,2,51,0
"8582",1,10,91,0
"8583",2,4,85,0
"8584",3,4,85,0
"8585",1,10,80,0
"8586",2,8,78,0
"8587",3,6,76,0
"8588",1,10,52,0
"8589",1,10,30,0
"8590",2,11,31,0
"8591",1,9,9,0
"8592",2,6,6,0
"8593",3,1,1,0
"8594",4,2,2,1
"8595",NA,0,15,0
"8596",NA,0,35,0
"8597",1,10,69,0
"8598",2,11,70,0
"8599",3,11,70,0
"8600",NA,0,NA,NA
"8601",NA,0,NA,NA
"8602",NA,0,35,0
"8603",1,10,71,0
"8604",2,8,69,0
"8605",3,3,64,0
"8606",4,3,64,0
"8607",1,10,75,0
"8608",2,1,66,0
"8609",1,10,54,0
"8610",2,10,54,0
"8611",3,10,54,0
"8612",1,10,24,0
"8613",2,14,28,0
"8614",NA,0,NA,0
"8615",3,14,28,0
"8616",4,14,28,0
"8617",NA,0,35,0
"8618",NA,0,NA,0
"8619",1,10,74,0
"8620",2,1,65,0
"8621",2,6,70,0
"8622",3,1,65,0
"8623",4,1,65,0
"8624",1,10,20,0
"8625",2,9,19,0
"8626",3,5,15,0
"8627",1,9,9,0
"8628",2,13,13,0
"8629",3,13,13,0
"8630",1,10,66,0
"8631",2,1,57,0
"8632",1,10,51,0
"8633",2,3,44,0
"8634",1,10,33,0
"8635",2,5,28,0
"8636",NA,0,NA,0
"8637",1,8,8,0
"8638",2,8,8,1
"8639",NA,0,15,0
"8640",NA,0,35,0
"8641",1,10,69,0
"8642",NA,0,NA,NA
"8643",1,15,74,0
"8644",2,11,70,0
"8645",3,1,60,0
"8646",4,1,60,0
"8647",1,10,53,0
"8648",1,10,24,0
"8649",2,10,24,0
"8650",3,16,30,0
"8651",4,26,40,0
"8652",1,10,80,0
"8653",2,10,80,0
"8654",3,7,77,0
"8655",1,10,24,0
"8656",2,3,17,0
"8657",3,7,21,0
"8658",1,10,14,0
"8659",2,12,16,0
"8660",NA,0,NA,0
"8661",3,12,16,0
"8662",3,19,23,0
"8663",4,21,25,0
"8664",NA,0,35,0
"8665",1,10,64,1
"8666",NA,0,15,0
"8667",NA,0,35,0
"8668",1,10,71,0
"8669",2,10,71,0
"8670",1,10,58,0
"8671",2,7,55,0
"8672",3,2,50,0
"8673",1,10,35,0
"8674",2,9,34,0
"8675",NA,0,NA,0
"8676",3,9,34,0
"8677",4,9,34,0
"8678",NA,0,35,0
"8679",1,10,85,0
"8680",2,5,80,0
"8681",1,10,69,0
"8682",2,10,69,0
"8683",NA,0,NA,NA
"8684",NA,0,35,0
"8685",1,10,73,0
"8686",1,10,40,0
"8687",1,22,52,0
"8688",2,22,52,0
"8689",3,5,35,0
"8690",1,10,25,0
"8691",2,7,22,0
"8692",2,12,27,0
"8693",3,12,27,1
"8694",NA,0,15,0
"8695",NA,0,35,0
"8696",1,10,80,0
"8697",1,10,68,0
"8698",2,2,60,0
"8699",1,10,55,0
"8700",1,10,36,0
"8701",2,7,33,0
"8702",3,3,29,0
"8703",1,10,19,0
"8704",1,9,9,0
"8705",2,9,9,1
"8706",NA,0,15,0
"8707",NA,0,35,0
"8708",1,10,68,0
"8709",2,3,61,0
"8710",3,3,61,0
"8711",4,1,59,0
"8712",4,6,64,0
"8713",1,10,99,0
"8714",2,8,97,0
"8715",3,9,98,0
"8716",4,3,92,0
"8717",1,10,49,0
"8718",2,10,49,0
"8719",NA,0,NA,NA
"8720",3,1,40,0
"8721",1,10,27,0
"8722",1,20,37,0
"8723",2,7,24,0
"8724",1,10,19,0
"8725",2,5,14,0
"8726",3,5,14,0
"8727",4,24,33,0
"8728",NA,0,35,0
"8729",1,10,74,0
"8730",2,2,66,0
"8731",1,10,29,0
"8732",2,8,27,0
"8733",3,1,20,0
"8734",1,7,7,0
"8735",2,8,8,0
"8736",3,11,11,0
"8737",4,11,11,0
"8738",NA,0,35,0
"8739",1,10,69,0
"8740",2,5,64,0
"8741",1,10,57,0
"8742",1,10,44,0
"8743",2,3,37,0
"8744",2,7,41,0
"8745",1,10,29,0
"8746",2,11,30,0
"8747",1,10,13,0
"8748",2,10,13,0
"8749",3,4,7,0
"8750",NA,0,NA,0
"8751",1,2,2,1
"8752",NA,0,2,0
"8753",NA,0,35,0
"8754",1,10,58,0
"8755",2,3,51,0
"8756",1,10,43,0
"8757",2,6,39,0
"8758",NA,0,NA,0
"8759",3,2,35,0
"8760",NA,0,NA,0
"8761",4,3,36,0
"8762",1,10,56,0
"8763",NA,0,NA,NA
"8764",NA,0,NA,NA
"8765",NA,0,35,0
"8766",1,10,70,0
"8767",1,10,65,0
"8768",2,10,65,0
"8769",3,1,56,0
"8770",1,10,54,0
"8771",2,6,50,0
"8772",3,6,50,0
"8773",1,10,31,0
"8774",2,1,22,0
"8775",1,10,16,0
"8776",2,8,14,0
"8777",3,2,8,0
"8778",4,2,8,0
"8779",NA,0,35,0
"8780",1,10,70,0
"8781",2,7,67,0
"8782",NA,0,NA,0
"8783",3,2,62,0
"8784",4,2,62,0
"8785",1,10,90,0
"8786",2,5,85,0
"8787",1,10,63,0
"8788",2,7,60,0
"8789",3,2,55,0
"8790",4,2,55,0
"8791",4,7,60,0
"8792",1,10,64,0
"8793",2,7,61,0
"8794",3,7,61,0
"8795",1,10,49,0
"8796",1,10,23,0
"8797",2,2,15,0
"8798",1,10,11,0
"8799",2,5,6,0
"8800",3,5,6,1
"8801",NA,0,15,0
"8802",NA,0,35,0
"8803",1,10,65,0
"8804",NA,0,NA,NA
"8805",2,9,64,0
"8806",3,1,56,0
"8807",1,10,51,0
"8808",1,15,56,0
"8809",1,20,61,0
"8810",2,15,56,0
"8811",3,15,56,0
"8812",3,20,61,0
"8813",4,10,51,0
"8814",4,15,56,0
"8815",1,10,80,0
"8816",1,10,69,0
"8817",2,10,69,0
"8818",3,4,63,0
"8819",1,10,44,0
"8820",2,10,44,0
"8821",3,4,38,0
"8822",1,10,16,1
"8823",NA,0,15,0
"8824",NA,0,35,0
"8825",1,10,86,0
"8826",2,10,86,0
"8827",3,10,86,0
"8828",4,10,86,0
"8829",1,10,70,0
"8830",2,12,72,0
"8831",1,10,61,0
"8832",2,1,52,0
"8833",1,10,40,0
"8834",1,19,49,0
"8835",2,17,47,0
"8836",1,10,24,0
"8837",2,3,17,0
"8838",1,10,11,0
"8839",2,10,11,0
"8840",3,1,2,0
"8841",NA,0,NA,0
"8842",4,1,2,0
"8843",1,10,80,0
"8844",2,6,76,0
"8845",3,3,73,0
"8846",NA,0,NA,0
"8847",4,9,79,0
"8848",1,10,80,0
"8849",2,8,78,0
"8850",1,10,67,0
"8851",2,10,67,0
"8852",3,10,67,0
"8853",NA,0,NA,0
"8854",1,10,39,0
"8855",1,10,28,0
"8856",2,10,28,0
"8857",3,2,20,1
"8858",NA,0,15,0
"8859",NA,0,35,0
"8860",1,10,65,0
"8861",NA,0,NA,NA
"8862",NA,0,35,0
"8863",1,10,70,0
"8864",2,2,62,0
"8865",1,10,57,0
"8866",2,10,57,0
"8867",3,9,56,0
"8868",4,9,56,0
"8869",1,10,70,0
"8870",2,6,66,0
"8871",3,2,62,0
"8872",4,2,62,0
"8873",1,10,85,0
"8874",2,1,76,0
"8875",1,10,70,0
"8876",2,10,70,0
"8877",1,10,56,0
"8878",1,25,71,0
"8879",2,21,67,0
"8880",3,14,60,0
"8881",4,9,55,0
"8882",1,10,80,0
"8883",1,10,58,0
"8884",2,2,50,0
"8885",1,10,44,0
"8886",1,20,54,0
"8887",2,27,61,0
"8888",3,17,51,0
"8889",4,17,51,0
"8890",1,10,93,0
"8891",2,7,90,0
"8892",1,10,83,0
"8893",1,10,68,0
"8894",NA,0,NA,0
"8895",2,9,67,0
"8896",NA,0,NA,NA
"8897",1,10,57,0
"8898",1,19,66,0
"8899",1,24,71,0
"8900",2,24,71,0
"8901",3,20,67,0
"8902",4,9,56,0
"8903",1,10,84,0
"8904",1,10,72,0
"8905",2,10,72,0
"8906",3,16,78,0
"8907",4,16,78,0
"8908",1,10,76,0
"8909",1,10,65,0
"8910",2,4,59,0
"8911",3,1,56,0
"8912",1,10,44,0
"8913",2,9,43,0
"8914",1,10,33,0
"8915",1,10,17,0
"8916",2,7,14,0
"8917",3,5,12,1
"8918",NA,0,15,0
"8919",NA,0,35,0
"8920",1,10,65,0
"8921",1,15,70,0
"8922",2,10,65,0
"8923",3,10,65,0
"8924",4,3,58,0
"8925",1,10,81,0
"8926",2,7,78,0
"8927",1,10,70,0
"8928",2,1,61,0
"8929",1,10,58,0
"8930",2,11,59,0
"8931",3,12,60,0
"8932",NA,0,NA,NA
"8933",NA,0,NA,NA
"8934",NA,0,35,0
"8935",1,10,69,0
"8936",1,10,56,0
"8937",2,10,56,0
"8938",3,7,53,0
"8939",4,3,49,0
"8940",1,10,88,0
"8941",1,10,77,0
"8942",1,10,67,0
"8943",2,7,64,0
"8944",3,4,61,0
"8945",1,10,45,0
"8946",1,10,12,0
"8947",2,9,11,0
"8948",NA,0,NA,0
"8949",3,5,7,0
"8950",1,1,1,0
"8951",2,1,1,0
"8952",3,1,1,0
"8953",4,1,1,1
"8954",NA,0,15,0
"8955",NA,0,35,0
"8956",1,10,65,0
"8957",2,10,65,0
"8958",3,5,60,0
"8959",1,10,35,0
"8960",1,10,13,0
"8961",1,8,8,1
"8962",NA,0,15,0
"8963",NA,0,35,0
"8964",1,10,77,0
"8965",2,8,75,0
"8966",3,8,75,0
"8967",1,10,46,0
"8968",1,10,33,0
"8969",2,9,32,0
"8970",3,9,32,0
"8971",NA,0,NA,NA
"8972",3,14,37,0
"8973",4,7,30,0
"8974",NA,0,35,0
"8975",1,10,65,0
"8976",1,10,49,0
"8977",2,16,55,0
"8978",2,21,60,0
"8979",3,21,60,0
"8980",4,21,60,0
"8981",1,10,85,0
"8982",1,10,61,0
"8983",1,15,66,0
"8984",1,20,71,0
"8985",2,12,63,0
"8986",3,12,63,0
"8987",4,10,61,0
"8988",1,10,92,0
"8989",2,12,94,0
"8990",3,12,94,0
"8991",4,1,83,0
"8992",1,10,61,0
"8993",2,12,63,0
"8994",3,11,62,0
"8995",4,11,62,0
"8996",1,10,81,0
"8997",2,7,78,0
"8998",1,10,70,0
"8999",1,5,5,0
"9000",2,2,2,0
"9001",3,2,2,1
"9002",NA,0,15,0
"9003",NA,0,35,0
"9004",1,10,67,0
"9005",2,8,65,0
"9006",2,18,75,0
"9007",3,16,73,0
"9008",NA,0,NA,0
"9009",4,7,64,0
"9010",1,10,84,0
"9011",1,5,79,0
"9012",1,10,73,0
"9013",1,10,46,0
"9014",2,4,40,0
"9015",3,4,40,0
"9016",4,4,40,0
"9017",NA,0,35,0
"9018",1,10,69,0
"9019",NA,0,NA,NA
"9020",NA,0,35,0
"9021",1,10,72,0
"9022",2,8,70,0
"9023",1,10,57,0
"9024",2,9,56,0
"9025",3,9,56,0
"9026",1,10,51,0
"9027",2,10,51,0
"9028",3,10,51,0
"9029",4,10,51,0
"9030",1,10,90,0
"9031",2,10,90,0
"9032",3,1,81,0
"9033",1,10,78,0
"9034",1,20,88,0
"9035",1,10,42,0
"9036",1,10,31,0
"9037",2,3,24,0
"9038",3,3,24,0
"9039",1,10,18,0
"9040",2,7,15,0
"9041",3,7,15,0
"9042",4,7,15,0
"9043",NA,0,35,0
"9044",1,10,63,0
"9045",2,8,61,0
"9046",3,4,57,0
"9047",4,4,57,0
"9048",1,10,84,0
"9049",2,1,75,0
"9050",1,10,69,0
"9051",2,8,67,0
"9052",1,10,32,0
"9053",1,15,37,0
"9054",2,15,37,0
"9055",3,16,38,0
"9056",4,16,38,0
"9057",1,10,54,0
"9058",1,10,32,0
"9059",2,9,31,0
"9060",NA,0,NA,NA
"9061",3,2,24,0
"9062",4,2,24,0
"9063",1,10,77,0
"9064",2,7,74,0
"9065",NA,0,NA,0
"9066",3,7,74,0
"9067",4,7,74,1
"9068",NA,0,15,0
"9069",NA,0,35,0
"9070",1,10,65,0
"9071",2,7,62,0
"9072",3,7,62,0
"9073",4,7,62,0
"9074",1,10,83,0
"9075",2,6,79,0
"9076",3,9,82,0
"9077",1,10,55,0
"9078",2,11,56,0
"9079",3,8,53,0
"9080",4,8,53,0
"9081",1,10,94,0
"9082",1,10,82,0
"9083",2,6,78,0
"9084",1,10,72,0
"9085",2,10,72,0
"9086",1,10,20,0
"9087",2,12,22,0
"9088",3,4,14,0
"9089",1,6,6,0
"9090",2,3,3,0
"9091",2,8,8,0
"9092",3,8,8,1
"9093",NA,0,15,0
"9094",NA,0,35,0
"9095",1,10,65,0
"9096",2,7,62,0
"9097",3,7,62,0
"9098",4,7,62,0
"9099",1,10,79,0
"9100",2,8,77,0
"9101",1,10,68,0
"9102",2,11,69,0
"9103",NA,0,NA,NA
"9104",NA,0,NA,NA
"9105",NA,0,35,0
"9106",1,10,69,0
"9107",2,6,65,0
"9108",3,9,68,0
"9109",1,10,22,0
"9110",2,4,16,0
"9111",3,5,17,0
"9112",1,1,1,0
"9113",1,5,5,0
"9114",2,2,2,1
"9115",NA,0,15,0
"9116",NA,0,35,0
"9117",1,10,72,0
"9118",2,7,69,0
"9119",3,4,66,0
"9120",4,4,66,0
"9121",1,10,85,0
"9122",1,10,69,0
"9123",2,3,62,0
"9124",1,10,57,0
"9125",2,10,57,0
"9126",2,18,65,0
"9127",3,18,65,0
"9128",4,2,49,0
"9129",4,7,54,0
"9130",1,10,89,0
"9131",2,3,82,0
"9132",1,10,78,0
"9133",2,5,73,0
"9134",3,5,73,0
"9135",NA,0,NA,0
"9136",4,1,69,0
"9137",4,6,74,0
"9138",1,10,68,0
"9139",1,10,43,0
"9140",NA,0,NA,NA
"9141",2,5,38,0
"9142",3,4,37,0
"9143",1,10,32,0
"9144",2,9,31,0
"9145",3,3,25,0
"9146",1,10,20,0
"9147",1,20,30,0
"9148",2,19,29,0
"9149",1,1,1,1
"9150",NA,0,15,0
"9151",NA,0,35,0
"9152",1,10,88,0
"9153",2,7,85,0
"9154",3,7,85,0
"9155",3,12,90,0
"9156",4,6,84,0
"9157",1,10,60,0
"9158",2,8,58,0
"9159",1,10,50,0
"9160",2,6,46,0
"9161",3,5,45,0
"9162",4,5,45,0
"9163",1,10,95,0
"9164",1,10,81,0
"9165",2,1,72,NA
"9166",2,1,72,0
"9167",1,10,66,0
"9168",2,8,64,0
"9169",1,10,53,0
"9170",2,2,45,0
"9171",1,10,40,0
"9172",1,10,29,0
"9173",1,1,1,0
"9174",NA,0,NA,0
"9175",2,2,2,1
"9176",NA,0,15,0
"9177",NA,0,35,0
"9178",1,10,80,0
"9179",2,10,80,0
"9180",3,10,80,0
"9181",NA,0,NA,0
"9182",1,10,68,0
"9183",1,15,73,0
"9184",1,10,15,1
"9185",NA,0,15,0
"9186",NA,0,35,0
"9187",NA,0,NA,0
"9188",1,10,65,0
"9189",NA,0,NA,NA
"9190",NA,0,35,0
"9191",1,10,70,0
"9192",2,5,65,0
"9193",1,10,57,0
"9194",1,15,62,0
"9195",2,15,62,0
"9196",3,14,61,0
"9197",4,14,61,0
"9198",1,10,76,0
"9199",1,10,62,0
"9200",2,9,61,0
"9201",3,1,53,0
"9202",1,10,38,0
"9203",1,10,19,0
"9204",2,6,15,0
"9205",1,1,1,0
"9206",1,5,5,0
"9207",2,2,2,0
"9208",3,1,1,1
"9209",NA,0,15,0
"9210",NA,0,35,0
"9211",1,10,80,0
"9212",2,10,80,0
"9213",3,6,76,0
"9214",1,10,61,0
"9215",2,6,57,0
"9216",1,10,47,0
"9217",2,1,38,0
"9218",1,10,35,0
"9219",1,10,23,0
"9220",2,10,23,0
"9221",1,10,12,0
"9222",1,15,17,0
"9223",2,6,8,1
"9224",NA,0,15,0
"9225",NA,0,35,0
"9226",1,10,70,0
"9227",NA,0,NA,NA
"9228",2,7,67,0
"9229",3,2,62,0
"9230",1,10,32,0
"9231",2,10,32,0
"9232",3,2,24,0
"9233",1,10,21,0
"9234",2,7,18,1
"9235",NA,0,15,0
"9236",NA,0,35,0
"9237",1,10,77,0
"9238",2,5,72,0
"9239",3,3,70,0
"9240",1,10,65,0
"9241",2,6,61,0
"9242",3,2,57,0
"9243",4,2,57,0
"9244",1,10,45,0
"9245",2,5,40,0
"9246",3,5,40,0
"9247",1,10,22,0
"9248",2,4,16,0
"9249",1,3,3,0
"9250",2,1,1,1
"9251",NA,0,15,0
"9252",NA,0,35,0
"9253",1,10,80,0
"9254",2,8,78,0
"9255",3,8,78,0
"9256",1,10,60,0
"9257",2,10,60,0
"9258",1,10,47,0
"9259",2,7,44,0
"9260",1,10,29,0
"9261",1,10,15,0
"9262",NA,0,NA,0
"9263",2,13,18,0
"9264",NA,0,NA,0
"9265",3,10,15,1
"9266",NA,0,15,0
"9267",NA,0,35,0
"9268",1,10,54,0
"9269",2,10,54,0
"9270",3,3,47,0
"9271",1,10,28,1
"9272",NA,0,15,0
"9273",NA,0,35,0
"9274",1,10,74,0
"9275",1,10,49,0
"9276",2,10,49,0
"9277",3,1,40,0
"9278",NA,0,NA,0
"9279",NA,0,NA,0
"9280",1,10,39,0
"9281",NA,0,NA,0
"9282",2,6,35,0
"9283",3,6,35,0
"9284",NA,0,NA,NA
"9285",NA,0,35,0
"9286",1,10,80,0
"9287",1,10,69,0
"9288",2,6,65,0
"9289",3,5,64,0
"9290",1,10,42,0
"9291",2,7,39,0
"9292",NA,0,NA,0
"9293",1,5,5,0
"9294",2,4,4,0
"9295",3,4,4,0
"9296",4,4,4,0
"9297",NA,0,35,0
"9298",1,10,80,0
"9299",2,6,76,0
"9300",NA,0,NA,0
"9301",3,6,76,0
"9302",NA,0,NA,0
"9303",4,6,76,0
"9304",1,10,62,0
"9305",2,1,53,0
"9306",1,10,40,0
"9307",1,10,25,0
"9308",2,4,19,0
"9309",1,10,12,0
"9310",NA,0,NA,0
"9311",2,13,15,0
"9312",3,14,16,0
"9313",4,14,16,0
"9314",NA,0,NA,NA
"9315",NA,0,NA,NA
"9316",NA,0,35,0
"9317",1,10,74,0
"9318",2,5,69,0
"9319",3,6,70,0
"9320",1,10,58,0
"9321",1,10,80,0
"9322",1,10,69,0
"9323",2,2,61,0
"9324",1,10,50,0
"9325",2,10,50,0
"9326",3,2,42,0
"9327",NA,0,NA,0
"9328",1,10,32,0
"9329",1,10,25,0
"9330",1,20,35,0
"9331",2,15,30,0
"9332",3,8,23,0
"9333",4,8,23,0
"9334",NA,0,35,0
"9335",1,10,52,0
"9336",1,10,28,0
"9337",2,5,23,0
"9338",2,15,33,0
"9339",3,15,33,0
"9340",3,25,43,0
"9341",4,16,34,0
"9342",NA,0,35,0
"9343",1,10,74,0
"9344",2,3,67,0
"9345",1,10,64,0
"9346",2,10,64,0
"9347",3,10,64,0
"9348",4,1,55,0
"9349",1,10,45,0
"9350",1,10,35,0
"9351",2,9,34,0
"9352",3,4,29,0
"9353",NA,0,NA,NA
"9354",1,10,23,0
"9355",1,10,11,0
"9356",2,3,4,0
"9357",3,2,3,0
"9358",4,1,2,1
"9359",NA,0,15,0
"9360",NA,0,35,0
"9361",1,10,76,0
"9362",2,10,76,0
"9363",3,7,73,0
"9364",1,10,59,0
"9365",1,10,49,0
"9366",2,5,44,0
"9367",3,5,44,0
"9368",1,10,13,0
"9369",1,20,23,0
"9370",2,19,22,0
"9371",NA,0,NA,0
"9372",3,25,28,0
"9373",4,16,19,0
"9374",NA,0,35,0
"9375",1,10,70,0
"9376",2,9,69,0
"9377",3,4,64,0
"9378",1,10,56,0
"9379",1,20,66,0
"9380",2,20,66,0
"9381",3,20,66,0
"9382",4,14,60,0
"9383",1,10,96,0
"9384",2,5,91,0
"9385",1,10,85,0
"9386",2,10,85,0
"9387",1,10,62,0
"9388",2,10,62,0
"9389",3,10,62,0
"9390",1,10,46,0
"9391",2,1,37,0
"9392",NA,0,NA,0
"9393",1,10,21,0
"9394",NA,0,NA,0
"9395",2,16,27,0
"9396",1,10,10,0
"9397",2,10,10,1
"9398",NA,0,15,0
"9399",NA,0,35,0
"9400",1,10,65,0
"9401",NA,0,NA,NA
"9402",NA,0,35,0
"9403",1,10,65,0
"9404",1,10,54,0
"9405",2,6,50,0
"9406",3,6,50,0
"9407",4,6,50,0
"9408",1,10,82,0
"9409",2,10,82,0
"9410",3,4,76,0
"9411",1,10,80,0
"9412",1,10,63,0
"9413",2,8,61,0
"9414",3,7,60,0
"9415",4,7,60,0
"9416",1,10,81,0
"9417",2,9,80,0
"9418",3,9,80,0
"9419",4,9,80,0
"9420",1,10,73,0
"9421",2,3,66,0
"9422",3,12,75,0
"9423",4,12,75,0
"9424",1,10,77,0
"9425",2,7,74,0
"9426",3,12,79,0
"9427",4,12,79,0
"9428",1,10,73,0
"9429",2,12,75,0
"9430",3,6,69,0
"9431",4,2,65,0
"9432",1,10,90,0
"9433",2,1,81,0
"9434",1,10,75,0
"9435",2,2,67,0
"9436",1,10,61,0
"9437",NA,0,NA,NA
"9438",1,10,44,0
"9439",2,10,44,0
"9440",3,3,37,0
"9441",1,10,26,0
"9442",2,9,25,0
"9443",1,2,2,1
"9444",NA,0,15,0
"9445",NA,0,35,0
"9446",1,10,73,0
"9447",1,10,17,0
"9448",1,20,27,0
"9449",2,20,27,0
"9450",3,19,26,0
"9451",4,13,20,0
"9452",NA,0,35,0
"9453",1,10,83,0
"9454",1,10,73,0
"9455",2,10,73,0
"9456",1,10,63,0
"9457",2,2,55,0
"9458",1,10,46,0
"9459",2,4,40,0
"9460",2,14,50,0
"9461",1,10,25,0
"9462",1,10,17,0
"9463",1,15,22,0
"9464",2,13,20,0
"9465",3,13,20,0
"9466",4,2,9,1
"9467",NA,0,15,0
"9468",NA,0,35,0
"9469",1,10,80,0
"9470",1,10,48,0
"9471",2,13,51,0
"9472",2,18,56,0
"9473",1,10,53,0
"9474",1,15,58,0
"9475",2,15,58,0
"9476",3,28,71,0
"9477",NA,0,NA,0
"9478",4,17,60,0
"9479",1,10,88,1
"9480",NA,0,15,0
"9481",NA,0,35,0
"9482",1,10,89,0
"9483",2,1,80,0
"9484",1,10,68,0
"9485",1,15,73,0
"9486",1,10,56,0
"9487",NA,0,NA,0
"9488",2,3,49,0
"9489",NA,0,NA,0
"9490",1,10,45,0
"9491",2,11,46,0
"9492",NA,0,NA,NA
"9493",NA,0,NA,NA
"9494",NA,0,35,0
"9495",1,10,65,0
"9496",1,10,47,0
"9497",2,10,47,0
"9498",3,7,44,0
"9499",1,10,33,0
"9500",2,8,31,0
"9501",3,1,24,0
"9502",1,10,22,0
"9503",2,6,18,0
"9504",1,9,9,0
"9505",2,7,7,0
"9506",3,8,8,0
"9507",4,8,8,0
"9508",NA,0,35,0
"9509",1,10,93,0
"9510",1,5,88,0
"9511",2,1,84,0
"9512",1,10,70,0
"9513",1,10,59,0
"9514",2,8,57,0
"9515",1,10,49,0
"9516",2,10,49,0
"9517",3,7,46,0
"9518",4,1,40,0
"9519",1,10,37,0
"9520",2,11,38,0
"9521",3,13,40,0
"9522",4,13,40,0
"9523",1,10,80,0
"9524",2,5,75,0
"9525",3,2,72,0
"9526",NA,0,NA,NA
"9527",1,10,65,0
"9528",1,10,48,1
"9529",NA,0,15,0
"9530",NA,0,35,0
"9531",1,10,74,0
"9532",2,11,75,0
"9533",3,4,68,0
"9534",1,10,37,0
"9535",1,10,89,0
"9536",2,4,83,0
"9537",2,12,91,0
"9538",NA,0,NA,0
"9539",2,17,96,0
"9540",3,15,94,0
"9541",1,10,66,0
"9542",2,5,61,0
"9543",1,10,54,0
"9544",2,9,53,0
"9545",3,1,45,0
"9546",NA,0,50,0
"9547",3,6,50,0
"9548",1,10,39,0
"9549",2,1,30,0
"9550",1,10,23,0
"9551",2,2,15,0
"9552",1,4,4,1
"9553",NA,0,15,0
"9554",NA,0,35,0
"9555",1,10,75,0
"9556",2,7,72,0
"9557",3,4,69,0
"9558",4,4,69,0
"9559",1,10,71,0
"9560",2,10,71,0
"9561",3,11,72,0
"9562",4,11,72,0
"9563",1,10,59,0
"9564",2,10,59,0
"9565",3,10,59,0
"9566",1,10,45,0
"9567",2,10,45,0
"9568",1,10,34,0
"9569",1,16,40,0
"9570",2,16,40,0
"9571",1,10,17,0
"9572",1,7,7,0
"9573",NA,0,NA,0
"9574",2,5,5,0
"9575",3,5,5,0
"9576",4,5,5,0
"9577",NA,0,35,0
"9578",1,10,47,0
"9579",1,10,25,0
"9580",1,10,14,0
"9581",1,15,19,0
"9582",NA,0,NA,0
"9583",2,5,9,0
"9584",3,4,8,0
"9585",4,4,8,0
"9586",NA,0,NA,NA
"9587",NA,0,35,0
"9588",1,10,65,0
"9589",2,9,64,0
"9590",3,2,57,0
"9591",4,1,56,0
"9592",4,6,61,0
"9593",1,10,73,0
"9594",2,5,68,0
"9595",1,10,45,0
"9596",2,10,45,0
"9597",3,5,40,0
"9598",NA,0,NA,0
"9599",1,10,26,0
"9600",2,6,22,0
"9601",1,10,15,0
"9602",1,10,10,0
"9603",2,8,8,1
"9604",NA,0,2,0
"9605",NA,0,35,0
"9606",1,10,72,0
"9607",2,10,72,0
"9608",3,10,72,0
"9609",3,15,77,0
"9610",1,10,64,0
"9611",1,10,46,0
"9612",2,5,41,0
"9613",3,7,43,0
"9614",4,7,43,0
"9615",1,10,80,0
"9616",1,10,28,0
"9617",2,3,21,0
"9618",2,13,31,0
"9619",3,13,31,0
"9620",4,7,25,0
"9621",NA,0,35,0
"9622",1,10,65,0
"9623",2,9,64,0
"9624",3,9,64,0
"9625",4,9,64,1
"9626",NA,0,2,0
"9627",NA,0,35,0
"9628",1,10,65,0
"9629",2,10,65,0
"9630",1,10,45,0
"9631",1,10,34,0
"9632",2,5,29,0
"9633",NA,0,NA,NA
"9634",3,3,27,0
"9635",4,2,26,0
"9636",1,10,74,0
"9637",2,8,72,0
"9638",3,1,65,0
"9639",4,2,66,0
"9640",1,10,92,0
"9641",2,3,85,0
"9642",3,1,83,0
"9643",1,10,54,0
"9644",2,5,49,0
"9645",3,5,49,0
"9646",1,10,32,0
"9647",1,10,21,1
"9648",NA,0,15,0
"9649",NA,0,35,0
"9650",1,10,56,0
"9651",2,1,47,0
"9652",3,1,47,0
"9653",1,10,46,0
"9654",1,10,35,0
"9655",1,15,40,0
"9656",2,15,40,0
"9657",3,11,36,0
"9658",NA,0,NA,0
"9659",4,4,29,0
"9660",1,10,63,0
"9661",1,10,50,0
"9662",1,10,47,0
"9663",NA,0,NA,0
"9664",2,11,48,0
"9665",3,5,42,0
"9666",1,10,34,0
"9667",2,12,36,0
"9668",3,14,38,0
"9669",NA,0,NA,NA
"9670",NA,0,NA,NA
"9671",NA,0,35,0
"9672",1,10,65,0
"9673",1,15,70,0
"9674",2,6,61,0
"9675",3,7,62,0
"9676",4,7,62,0
"9677",1,10,89,0
"9678",2,5,84,0
"9679",1,10,70,0
"9680",2,8,68,0
"9681",3,1,61,0
"9682",1,10,57,0
"9683",1,10,41,0
"9684",2,1,32,0
"9685",1,10,28,0
"9686",1,10,15,1
"9687",NA,0,15,0
"9688",NA,0,35,0
"9689",1,10,74,0
"9690",2,10,74,0
"9691",3,6,70,0
"9692",1,10,65,0
"9693",1,20,75,0
"9694",2,18,73,0
"9695",3,19,74,0
"9696",1,10,50,0
"9697",2,10,50,0
"9698",2,5,45,0
"9699",3,5,45,0
"9700",4,5,45,0
"9701",1,10,99,0
"9702",2,9,98,0
"9703",3,6,95,0
"9704",1,10,77,0
"9705",2,10,77,0
"9706",3,10,77,0
"9707",4,13,80,0
"9708",1,10,67,0
"9709",2,2,59,0
"9710",1,10,55,0
"9711",2,10,55,0
"9712",1,3,3,0
"9713",1,8,8,0
"9714",NA,0,NA,NA
"9715",2,7,7,0
"9716",3,3,3,0
"9717",4,4,4,0
"9718",NA,0,35,0
"9719",1,10,65,0
"9720",2,4,59,0
"9721",1,10,54,0
"9722",1,10,42,0
"9723",1,10,31,0
"9724",2,5,26,0
"9725",1,10,20,0
"9726",1,20,30,0
"9727",2,24,34,0
"9728",3,5,15,0
"9729",4,15,25,0
"9730",NA,0,20,0
"9731",1,10,60,0
"9732",2,5,55,0
"9733",3,13,63,0
"9734",1,10,50,0
"9735",2,10,50,0
"9736",3,10,50,0
"9737",3,5,45,0
"9738",3,10,50,0
"9739",1,10,39,0
"9740",2,6,35,0
"9741",3,2,31,0
"9742",1,10,27,0
"9743",2,8,25,0
"9744",3,7,24,0
"9745",1,10,12,0
"9746",2,8,10,0
"9747",3,11,13,0
"9748",4,11,13,0
"9749",NA,0,35,0
"9750",1,10,75,0
"9751",1,10,64,0
"9752",2,5,59,0
"9753",3,5,59,0
"9754",1,10,49,0
"9755",NA,0,NA,0
"9756",2,6,45,0
"9757",3,6,45,0
"9758",NA,0,NA,0
"9759",4,2,41,0
"9760",NA,0,NA,0
"9761",1,10,36,1
"9762",NA,0,15,0
"9763",NA,0,35,0
"9764",1,10,71,0
"9765",NA,0,NA,NA
"9766",NA,0,35,0
"9767",1,10,75,0
"9768",2,6,71,0
"9769",1,10,64,0
"9770",2,4,58,0
"9771",3,4,58,0
"9772",1,10,48,0
"9773",2,10,48,0
"9774",2,20,58,0
"9775",3,25,63,0
"9776",4,17,55,0
"9777",1,10,95,0
"9778",2,2,87,0
"9779",3,1,86,0
"9780",1,10,68,0
"9781",2,10,68,0
"9782",3,7,65,0
"9783",3,12,70,0
"9784",3,17,75,0
"9785",4,9,67,0
"9786",1,10,96,0
"9787",2,9,95,0
"9788",3,13,99,0
"9789",4,13,99,0
"9790",1,10,59,0
"9791",2,7,56,0
"9792",3,6,55,0
"9793",1,3,3,0
"9794",2,3,3,1
"9795",NA,0,1,0
"9796",NA,0,35,0
"9797",1,10,66,0
"9798",2,9,65,0
"9799",1,10,54,1
"9800",NA,0,2,0
"9801",NA,0,35,0
"9802",1,10,61,0
"9803",2,3,54,0
"9804",1,10,49,0
"9805",NA,0,NA,NA
"9806",2,16,55,0
"9807",1,10,38,0
"9808",2,9,37,0
"9809",3,14,42,0
"9810",4,12,40,0
"9811",1,10,91,0
"9812",2,10,91,0
"9813",3,2,83,0
"9814",4,2,83,0
"9815",1,10,48,0
"9816",2,4,42,0
"9817",1,10,36,0
"9818",2,1,27,0
"9819",1,10,19,0
"9820",2,4,13,0
"9821",3,1,10,0
"9822",1,4,4,0
"9823",2,1,1,0
"9824",3,1,1,0
"9825",4,3,3,0
"9826",1,10,96,0
"9827",2,3,89,0
"9828",3,3,89,0
"9829",1,10,60,0
"9830",2,10,60,0
"9831",1,10,55,0
"9832",2,9,54,0
"9833",3,9,54,0
"9834",4,25,70,0
"9835",1,10,74,0
"9836",1,5,69,0
"9837",NA,0,NA,0
"9838",2,2,66,0
"9839",NA,0,NA,0
"9840",3,5,69,0
"9841",NA,0,NA,0
"9842",1,10,59,0
"9843",2,5,54,0
"9844",3,5,54,0
"9845",NA,0,NA,0
"9846",4,4,53,0
"9847",1,10,84,0
"9848",NA,0,NA,0
"9849",2,10,84,0
"9850",NA,0,NA,NA
"9851",NA,0,NA,NA
"9852",NA,0,35,0
"9853",1,10,65,0
"9854",2,18,73,0
"9855",3,12,67,0
"9856",4,12,67,0
"9857",1,10,74,0
"9858",2,6,70,0
"9859",1,10,63,0
"9860",2,1,54,0
"9861",1,10,51,0
"9862",2,4,45,0
"9863",1,10,38,0
"9864",1,10,16,0
"9865",2,7,13,0
"9866",2,12,18,0
"9867",3,9,15,0
"9868",4,17,23,0
"9869",NA,0,35,0
"9870",1,10,71,0
"9871",2,1,62,0
"9872",1,10,57,0
"9873",1,10,43,0
"9874",2,8,41,0
"9875",3,2,35,0
"9876",1,10,18,0
"9877",1,7,7,0
"9878",2,1,1,1
"9879",NA,0,15,0
"9880",NA,0,35,0
"9881",1,10,70,0
"9882",2,9,69,0
"9883",NA,0,NA,NA
"9884",1,10,47,0
"9885",2,5,42,0
"9886",3,7,44,0
"9887",3,13,50,0
"9888",4,22,59,0
"9889",1,10,80,1
"9890",NA,0,15,0
"9891",NA,0,35,0
"9892",1,10,74,0
"9893",2,10,74,0
"9894",NA,0,NA,0
"9895",3,5,69,0
"9896",1,10,63,0
"9897",2,9,62,0
"9898",3,1,54,0
"9899",4,1,54,0
"9900",1,10,45,0
"9901",2,7,42,0
"9902",3,8,43,0
"9903",1,10,68,0
"9904",2,3,61,0
"9905",1,10,57,0
"9906",2,10,57,0
"9907",3,1,48,0
"9908",1,10,32,0
"9909",2,9,31,0
"9910",3,9,31,0
"9911",1,10,15,0
"9912",2,5,10,0
"9913",NA,0,NA,0
"9914",3,15,20,0
"9915",NA,0,NA,0
"9916",4,7,12,0
"9917",1,10,91,0
"9918",1,10,66,0
"9919",2,10,66,0
"9920",1,10,49,0
"9921",2,3,42,0
"9922",1,10,13,0
"9923",NA,0,NA,0
"9924",2,12,15,0
"9925",3,12,15,0
"9926",4,12,15,0
"9927",4,7,10,0
"9928",NA,0,35,0
"9929",1,10,76,0
"9930",NA,0,NA,NA
"9931",NA,0,35,0
"9932",1,10,68,0
"9933",2,7,65,0
"9934",3,11,69,0
"9935",4,19,77,0
"9936",1,10,74,0
"9937",2,11,75,0
"9938",3,4,68,0
"9939",4,3,67,0
"9940",1,10,90,0
"9941",2,10,90,0
"9942",3,3,83,0
"9943",1,10,78,0
"9944",2,2,70,0
"9945",1,10,57,0
"9946",2,8,55,0
"9947",3,8,55,0
"9948",1,10,44,0
"9949",2,11,45,0
"9950",3,16,50,0
"9951",1,10,35,0
"9952",2,2,27,0
"9953",1,10,20,0
"9954",2,4,14,0
"9955",1,4,4,1
"9956",NA,0,15,0
"9957",NA,0,35,0
"9958",1,10,82,0
"9959",2,10,82,0
"9960",3,9,81,0
"9961",4,19,91,0
"9962",1,10,46,0
"9963",NA,0,NA,NA
"9964",2,1,37,0
"9965",1,10,33,0
"9966",2,2,25,0
"9967",1,10,19,0
"9968",2,9,18,0
"9969",NA,0,NA,0
"9970",3,6,15,0
"9971",4,6,15,0
"9972",NA,0,35,0
"9973",1,10,70,0
"9974",2,4,64,0
"9975",1,10,59,0
"9976",2,4,53,0
"9977",1,10,35,0
"9978",2,10,35,0
"9979",1,10,23,0
"9980",2,3,16,0
"9981",3,3,16,1
"9982",NA,0,2,0
"9983",NA,0,35,0
"9984",1,10,65,0
"9985",1,10,50,0
"9986",2,4,44,0
"9987",3,1,41,0
"9988",1,10,24,0
"9989",1,9,9,0
"9990",NA,0,NA,0
"9991",2,11,11,0
"9992",3,11,11,0
"9993",NA,0,NA,0
"9994",4,3,3,0
"9995",1,10,99,0
"9996",2,4,93,0
"9997",1,10,82,0
"9998",1,1,1,0
"9999",2,2,2,0
"10000",3,2,2,0
"10001",4,2,2,1
"10002",NA,0,15,0
"10003",NA,0,NA,0
"10004",NA,0,35,0
"10005",1,10,49,0
"10006",2,6,45,0
"10007",NA,0,NA,0
"10008",NA,0,NA,0
"10009",3,1,40,0
"10010",4,1,40,0
"10011",4,6,45,0
"10012",1,10,80,0
"10013",2,10,80,0
"10014",1,10,75,0
"10015",1,5,70,0
"10016",1,10,61,0
"10017",2,26,77,0
"10018",3,12,63,0
"10019",4,12,63,0
"10020",4,17,68,0
"10021",1,10,32,0
"10022",NA,0,NA,NA
"10023",NA,0,NA,NA
"10024",NA,0,35,0
"10025",1,10,79,0
"10026",2,7,76,0
"10027",1,10,62,0
"10028",2,6,58,0
"10029",3,5,57,0
"10030",1,10,48,0
"10031",2,5,43,1
"10032",NA,0,15,0
"10033",NA,0,35,0
"10034",1,10,69,0
"10035",NA,0,NA,0
"10036",2,11,70,0
"10037",3,7,66,0
"10038",1,10,57,0
"10039",2,8,55,0
"10040",1,10,35,0
"10041",1,10,18,1
"10042",NA,0,15,0
"10043",NA,0,35,0
"10044",1,10,66,0
"10045",1,10,49,0
"10046",2,5,44,0
"10047",1,10,24,0
"10048",2,3,17,0
"10049",1,8,8,0
"10050",2,1,1,1
"10051",NA,0,15,0
"10052",NA,0,35,0
"10053",1,10,87,0
"10054",1,10,70,0
"10055",2,3,63,0
"10056",1,10,58,0
"10057",2,8,56,0
"10058",NA,0,NA,NA
"10059",1,10,45,0
"10060",2,5,40,0
"10061",3,5,40,0
"10062",4,21,56,0
"10063",1,10,87,0
"10064",2,11,88,0
"10065",3,11,88,0
"10066",1,10,49,0
"10067",2,10,49,0
"10068",3,8,47,0
"10069",4,8,47,0
"10070",1,10,97,0
"10071",2,6,93,0
"10072",1,10,85,0
"10073",NA,0,NA,0
"10074",2,10,85,0
"10075",3,6,81,0
"10076",4,6,81,0
"10077",1,10,49,0
"10078",2,6,45,0
"10079",3,1,40,0
"10080",1,10,37,0
"10081",2,8,35,0
"10082",3,8,35,0
"10083",4,9,36,0
"10084",NA,0,35,0
"10085",1,10,72,0
"10086",2,10,72,0
"10087",3,17,79,0
"10088",3,22,84,0
"10089",4,31,93,0
"10090",1,10,40,0
"10091",2,2,32,0
"10092",1,10,19,0
"10093",2,10,19,0
"10094",NA,0,NA,0
"10095",3,2,11,0
"10096",NA,0,NA,0
"10097",1,8,8,0
"10098",NA,0,NA,0
"10099",2,5,5,0
"10100",3,5,5,0
"10101",1,10,97,0
"10102",1,12,99,0
"10103",1,11,98,0
"10104",2,7,94,0
"10105",NA,0,NA,NA
"10106",NA,0,35,0
"10107",1,10,68,0
"10108",1,10,56,0
"10109",2,7,53,0
"10110",NA,0,NA,0
"10111",3,7,53,0
"10112",4,3,49,0
"10113",1,10,80,0
"10114",1,10,70,0
"10115",1,10,55,0
"10116",2,9,54,0
"10117",2,19,64,0
"10118",3,8,53,0
"10119",1,10,36,0
"10120",1,10,25,0
"10121",1,10,10,0
"10122",2,5,5,1
"10123",NA,0,15,0
"10124",NA,0,35,0
"10125",1,10,65,0
"10126",2,7,62,0
"10127",1,10,55,0
"10128",1,10,44,0
"10129",2,8,42,0
"10130",3,1,35,0
"10131",1,10,32,0
"10132",1,10,20,0
"10133",1,5,15,0
"10134",1,9,9,0
"10135",2,7,7,0
"10136",3,3,3,1
"10137",NA,0,NA,0
"10138",NA,0,2,0
"10139",NA,0,35,0
"10140",1,10,69,0
"10141",NA,0,NA,NA
"10142",1,10,58,0
"10143",2,4,52,0
"10144",3,1,49,0
"10145",4,1,49,0
"10146",1,10,49,0
"10147",2,8,47,0
"10148",1,10,34,0
"10149",1,10,24,0
"10150",2,9,23,0
"10151",1,10,14,0
"10152",2,9,13,0
"10153",3,13,17,0
"10154",4,13,17,0
"10155",NA,0,35,0
"10156",1,10,60,0
"10157",2,5,55,0
"10158",3,5,55,0
"10159",1,10,28,1
"10160",NA,0,15,0
"10161",NA,0,20,0
"10162",NA,0,35,0
"10163",1,10,69,0
"10164",2,5,64,0
"10165",1,10,50,0
"10166",2,10,50,0
"10167",3,10,50,0
"10168",4,3,43,0
"10169",1,10,59,0
"10170",NA,0,NA,0
"10171",2,6,55,0
"10172",2,11,60,0
"10173",NA,0,NA,0
"10174",3,5,54,0
"10175",NA,0,NA,0
"10176",4,7,56,0
"10177",1,10,41,0
"10178",2,8,39,0
"10179",1,10,24,0
"10180",2,4,18,0
"10181",NA,0,NA,0
"10182",3,3,17,0
"10183",4,3,17,0
"10184",NA,0,35,0
"10185",1,10,65,0
"10186",2,10,65,0
"10187",3,21,76,0
"10188",4,6,61,0
"10189",1,10,34,0
"10190",2,11,35,0
"10191",3,12,36,0
"10192",NA,0,NA,NA
"10193",NA,0,NA,NA
"10194",NA,0,35,0
"10195",1,10,66,0
"10196",2,7,63,0
"10197",3,5,61,0
"10198",1,10,47,0
"10199",2,10,47,0
"10200",3,7,44,0
"10201",1,10,36,0
"10202",2,10,36,0
"10203",3,3,29,0
"10204",4,3,29,0
"10205",NA,0,35,0
"10206",1,10,86,0
"10207",2,4,80,0
"10208",1,10,71,0
"10209",2,4,65,0
"10210",1,10,60,0
"10211",2,5,55,0
"10212",1,10,40,0
"10213",1,10,21,0
"10214",2,6,17,0
"10215",3,6,17,0
"10216",1,10,11,0
"10217",1,14,15,0
"10218",1,10,10,0
"10219",2,6,6,0
"10220",1,10,96,0
"10221",2,9,95,0
"10222",1,10,86,0
"10223",2,4,80,0
"10224",2,9,85,0
"10225",NA,0,NA,NA
"10226",1,10,74,0
"10227",1,10,46,0
"10228",2,14,50,0
"10229",3,10,46,0
"10230",1,10,21,0
"10231",2,2,13,0
"10232",1,6,6,0
"10233",2,6,6,0
"10234",3,4,4,0
"10235",4,4,4,1
"10236",NA,0,15,0
"10237",NA,0,35,0
"10238",1,10,74,0
"10239",1,10,51,0
"10240",2,6,47,0
"10241",3,8,49,0
"10242",1,10,41,0
"10243",1,14,45,0
"10244",2,13,44,0
"10245",2,8,39,0
"10246",2,13,44,0
"10247",3,5,36,0
"10248",4,5,36,0
"10249",1,10,43,0
"10250",2,10,43,0
"10251",3,9,42,0
"10252",3,19,52,0
"10253",4,10,43,0
"10254",1,10,84,0
"10255",2,6,80,0
"10256",1,10,74,0
"10257",2,3,67,0
"10258",NA,0,NA,0
"10259",1,10,63,0
"10260",1,15,68,0
"10261",2,7,60,0
"10262",3,7,60,0
"10263",NA,0,NA,0
"10264",1,10,49,0
"10265",NA,0,NA,0
"10266",2,6,45,0
"10267",NA,0,NA,0
"10268",1,10,40,0
"10269",2,10,40,0
"10270",NA,0,NA,NA
"10271",NA,0,35,0
"10272",1,10,36,0
"10273",2,9,35,0
"10274",3,8,34,0
"10275",1,10,24,0
"10276",1,10,13,0
"10277",2,6,9,1
"10278",NA,0,15,0
"10279",NA,0,35,0
"10280",1,10,52,0
"10281",2,5,47,0
"10282",3,5,47,0
"10283",4,1,43,1
"10284",NA,0,15,0
"10285",NA,0,35,0
"10286",1,10,68,0
"10287",1,10,58,0
"10288",1,10,42,0
"10289",2,9,41,0
"10290",3,8,40,0
"10291",1,10,20,0
"10292",2,6,16,0
"10293",1,9,9,1
"10294",NA,0,15,0
"10295",NA,0,35,0
"10296",1,10,65,0
"10297",1,10,54,0
"10298",2,5,49,0
"10299",3,6,50,0
"10300",4,7,51,0
"10301",1,10,90,0
"10302",1,5,85,0
"10303",2,5,85,0
"10304",3,3,83,0
"10305",4,3,83,0
"10306",1,10,63,0
"10307",1,10,45,0
"10308",1,10,18,0
"10309",NA,0,NA,NA
"10310",1,20,28,0
"10311",2,28,36,0
"10312",3,24,32,0
"10313",4,24,32,0
"10314",NA,0,35,0
"10315",1,10,66,0
"10316",2,2,58,0
"10317",3,4,60,0
"10318",4,4,60,0
"10319",1,10,97,0
"10320",2,11,98,0
"10321",3,8,95,0
"10322",1,10,86,0
"10323",1,10,69,0
"10324",2,10,69,0
"10325",2,15,74,0
"10326",3,5,64,0
"10327",3,15,74,0
"10328",4,10,69,0
"10329",1,10,74,0
"10330",1,10,61,0
"10331",1,10,40,0
"10332",2,7,37,0
"10333",1,10,18,0
"10334",NA,0,NA,0
"10335",NA,0,NA,0
"10336",2,10,18,0
"10337",3,10,18,0
"10338",NA,0,NA,0
"10339",4,10,18,0
"10340",NA,0,35,0
"10341",1,10,61,0
"10342",2,2,53,0
"10343",1,10,49,0
"10344",2,10,49,0
"10345",1,10,35,0
"10346",1,10,23,0
"10347",2,10,23,1
"10348",NA,0,2,0
"10349",NA,0,35,0
"10350",1,10,45,0
"10351",NA,0,NA,0
"10352",2,10,45,0
"10353",3,7,42,0
"10354",NA,0,NA,0
"10355",4,10,45,0
"10356",1,10,99,0
"10357",NA,0,NA,NA
"10358",NA,0,NA,NA
"10359",NA,0,35,0
"10360",1,10,80,0
"10361",2,2,72,0
"10362",1,10,57,0
"10363",2,10,57,0
"10364",3,5,52,0
"10365",4,5,52,1
"10366",NA,0,15,0
"10367",NA,0,35,0
"10368",1,10,75,0
"10369",2,3,68,0
"10370",3,3,68,0
"10371",4,2,67,0
"10372",1,10,73,0
"10373",1,10,61,0
"10374",2,8,59,0
"10375",3,8,59,0
"10376",1,10,50,0
"10377",1,10,39,0
"10378",2,2,31,0
"10379",1,2,2,1
"10380",NA,0,15,0
"10381",NA,0,35,0
"10382",1,10,72,0
"10383",2,8,70,0
"10384",1,10,62,0
"10385",2,11,63,0
"10386",1,10,44,0
"10387",1,10,29,0
"10388",2,2,21,0
"10389",3,1,20,0
"10390",1,10,15,0
"10391",2,11,16,0
"10392",3,10,15,0
"10393",4,18,23,0
"10394",NA,0,NA,NA
"10395",NA,0,35,0
"10396",1,10,70,0
"10397",2,3,63,0
"10398",3,5,65,0
"10399",4,3,63,0
"10400",1,10,84,0
"10401",2,8,82,0
"10402",1,10,64,0
"10403",2,9,63,0
"10404",3,7,61,0
"10405",4,7,61,0
"10406",1,10,67,0
"10407",1,10,45,0
"10408",1,10,29,0
"10409",2,8,27,0
"10410",3,6,25,0
"10411",1,5,5,1
"10412",NA,0,15,0
"10413",NA,0,35,0
"10414",1,10,80,0
"10415",2,4,74,0
"10416",3,4,74,0
"10417",4,4,74,0
"10418",1,10,75,0
"10419",2,3,68,0
"10420",1,10,65,0
"10421",2,3,58,0
"10422",1,10,49,0
"10423",2,3,42,0
"10424",NA,0,NA,0
"10425",3,5,44,0
"10426",1,10,35,0
"10427",1,10,20,0
"10428",NA,0,NA,0
"10429",2,15,25,0
"10430",NA,0,NA,0
"10431",3,13,23,0
"10432",NA,0,NA,0
"10433",4,11,21,0
"10434",NA,0,35,0
"10435",1,10,77,0
"10436",2,7,74,0
"10437",3,1,68,0
"10438",1,10,53,0
"10439",2,4,47,0
"10440",NA,0,NA,0
"10441",3,4,47,0
"10442",NA,0,NA,0
"10443",4,4,47,0
"10444",NA,0,NA,NA
"10445",NA,0,35,0
"10446",1,10,68,0
"10447",2,13,71,0
"10448",3,22,80,0
"10449",4,19,77,0
"10450",1,10,40,0
"10451",2,8,38,0
"10452",3,3,33,0
"10453",4,3,33,0
"10454",1,10,66,0
"10455",2,3,59,0
"10456",3,3,59,0
"10457",4,3,59,0
"10458",1,10,77,1
"10459",NA,0,15,0
"10460",NA,0,35,0
"10461",1,10,60,0
"10462",2,10,60,0
"10463",3,8,58,0
"10464",4,17,67,0
"10465",1,10,83,0
"10466",2,5,78,0
"10467",1,10,25,0
"10468",2,8,23,0
"10469",3,5,20,0
"10470",1,10,15,0
"10471",2,7,12,0
"10472",3,1,6,1
"10473",NA,0,15,0
"10474",NA,0,35,0
"10475",1,10,86,0
"10476",2,10,86,0
"10477",1,10,75,0
"10478",2,7,72,1
"10479",NA,0,15,0
"10480",NA,0,35,0
"10481",1,10,65,0
"10482",2,12,67,0
"10483",1,10,58,0
"10484",2,7,55,0
"10485",3,7,55,0
"10486",NA,0,NA,NA
"10487",4,22,70,0
"10488",1,10,69,0
"10489",1,10,46,0
"10490",2,5,41,0
"10491",1,10,38,0
"10492",1,20,48,0
"10493",2,20,48,0
"10494",3,12,40,0
"10495",4,12,40,0
"10496",NA,0,35,0
"10497",1,10,77,0
"10498",2,10,77,0
"10499",3,10,77,0
"10500",4,10,77,0
"10501",1,10,47,0
"10502",2,5,42,0
"10503",3,5,42,0
"10504",1,10,37,0
"10505",2,3,30,0
"10506",1,10,23,0
"10507",2,9,22,0
"10508",3,9,22,0
"10509",1,10,11,0
"10510",1,10,80,0
"10511",2,12,82,0
"10512",3,2,72,0
"10513",4,2,72,0
"10514",1,10,78,0
"10515",2,4,72,0
"10516",3,1,69,0
"10517",4,1,69,0
"10518",1,10,67,0
"10519",1,10,49,0
"10520",2,6,45,0
"10521",3,6,45,0
"10522",1,10,38,0
"10523",1,15,43,0
"10524",2,12,40,0
"10525",NA,0,NA,0
"10526",3,21,49,0
"10527",4,9,37,0
"10528",NA,0,NA,0
"10529",1,10,65,0
"10530",NA,0,NA,0
"10531",2,9,64,0
"10532",NA,0,NA,0
"10533",3,5,60,0
"10534",4,6,61,0
"10535",4,11,66,0
"10536",NA,0,NA,NA
"10537",NA,0,NA,NA
"10538",NA,0,35,0
"10539",1,10,74,0
"10540",2,2,66,0
"10541",1,10,59,0
"10542",2,10,59,0
"10543",3,7,56,0
"10544",4,7,56,0
"10545",1,10,86,0
"10546",2,10,86,0
"10547",1,10,57,0
"10548",2,8,55,0
"10549",3,11,58,0
"10550",4,1,48,0
"10551",1,10,52,0
"10552",2,10,52,0
"10553",1,10,47,0
"10554",1,10,35,0
"10555",1,10,16,0
"10556",2,8,14,0
"10557",3,4,10,0
"10558",3,9,15,0
"10559",4,3,9,0
"10560",4,8,14,0
"10561",NA,0,35,0
"10562",1,10,77,0
"10563",1,10,65,0
"10564",2,1,56,0
"10565",1,10,35,0
"10566",2,2,27,0
"10567",3,2,27,0
"10568",1,10,16,1
"10569",NA,0,15,0
"10570",NA,0,35,0
"10571",1,10,74,0
"10572",2,7,71,0
"10573",NA,0,NA,0
"10574",3,15,79,0
"10575",NA,0,NA,NA
"10576",4,11,75,0
"10577",1,10,74,0
"10578",2,7,71,0
"10579",1,10,61,0
"10580",2,12,63,0
"10581",3,19,70,0
"10582",4,15,66,0
"10583",1,10,73,0
"10584",2,2,65,0
"10585",3,2,65,0
"10586",1,10,59,0
"10587",2,7,56,0
"10588",3,7,56,0
"10589",1,10,49,0
"10590",1,10,32,0
"10591",2,10,32,0
"10592",3,11,33,0
"10593",1,10,49,0
"10594",2,10,49,0
"10595",1,10,32,0
"10596",2,6,28,0
"10597",3,18,40,0
"10598",4,22,44,0
"10599",1,10,80,0
"10600",2,6,76,0
"10601",3,2,72,0
"10602",4,1,71,0
"10603",1,10,90,0
"10604",1,10,58,0
"10605",1,10,34,0
"10606",1,10,19,0
"10607",2,8,17,0
"10608",1,1,1,0
"10609",NA,0,NA,0
"10610",2,1,1,0
"10611",3,1,1,1
"10612",NA,0,15,0
"10613",NA,0,35,0
"10614",1,10,74,0
"10615",2,10,74,0
"10616",3,10,74,0
"10617",NA,0,NA,0
"10618",1,10,62,0
"10619",2,17,69,0
"10620",NA,0,NA,0
"10621",NA,0,NA,0
"10622",3,13,65,0
"10623",NA,0,NA,NA
"10624",NA,0,35,0
"10625",1,10,66,0
"10626",2,11,67,0
"10627",3,1,57,0
"10628",1,10,47,0
"10629",2,8,45,0
"10630",3,2,39,0
"10631",1,10,34,0
"10632",2,15,39,0
"10633",3,11,35,0
"10634",4,2,26,0
"10635",NA,0,35,0
"10636",1,10,65,0
"10637",2,8,63,0
"10638",1,10,49,0
"10639",2,7,46,0
"10640",2,17,56,0
"10641",3,14,53,0
"10642",4,14,53,0
"10643",1,10,87,0
"10644",2,11,88,0
"10645",3,10,87,0
"10646",4,10,87,0
"10647",1,10,62,0
"10648",2,6,58,0
"10649",1,10,48,0
"10650",1,10,32,0
"10651",2,17,39,0
"10652",3,17,39,0
"10653",4,17,39,0
"10654",NA,0,35,0
"10655",1,10,66,0
"10656",2,7,63,0
"10657",3,7,63,0
"10658",1,10,53,0
"10659",NA,0,NA,NA
"10660",2,15,58,0
"10661",3,4,47,0
"10662",1,10,42,0
"10663",2,10,42,0
"10664",1,10,31,0
"10665",2,6,27,0
"10666",1,7,7,0
"10667",1,13,13,0
"10668",2,8,8,0
"10669",2,13,13,0
"10670",3,16,16,0
"10671",4,13,13,0
"10672",NA,0,35,0
"10673",1,10,73,0
"10674",2,7,70,0
"10675",1,10,41,0
"10676",2,9,40,0
"10677",3,8,39,0
"10678",1,10,30,0
"10679",2,4,24,0
"10680",1,9,9,0
"10681",2,16,16,1
"10682",NA,0,15,0
"10683",NA,0,35,0
"10684",1,10,78,0
"10685",2,10,78,0
"10686",3,6,74,0
"10687",1,10,38,0
"10688",2,9,37,0
"10689",NA,0,NA,0
"10690",3,9,37,0
"10691",4,7,35,0
"10692",1,10,57,0
"10693",2,4,51,0
"10694",3,4,51,0
"10695",NA,0,NA,0
"10696",4,4,51,0
"10697",1,10,46,0
"10698",2,2,38,0
"10699",3,9,45,0
"10700",1,10,30,0
"10701",2,5,25,0
"10702",NA,0,NA,0
"10703",3,5,25,0
"10704",1,7,7,0
"10705",NA,0,NA,0
"10706",2,7,7,1
"10707",NA,0,15,0
"10708",NA,0,35,0
"10709",1,10,60,0
"10710",2,10,60,0
"10711",NA,0,NA,0
"10712",1,10,38,0
"10713",NA,0,NA,0
"10714",2,6,34,0
"10715",NA,0,NA,NA
"10716",NA,0,NA,NA
"10717",NA,0,35,0
"10718",1,10,72,0
"10719",2,7,69,0
"10720",1,10,61,0
"10721",1,10,28,0
"10722",2,10,28,0
"10723",3,5,23,0
"10724",4,5,23,0
"10725",1,10,69,0
"10726",2,3,62,0
"10727",3,1,60,0
"10728",4,1,60,0
"10729",1,10,58,0
"10730",2,1,49,0
"10731",1,10,44,0
"10732",2,6,40,0
"10733",1,10,35,0
"10734",2,7,32,0
"10735",3,10,35,0
"10736",4,4,29,0
"10737",NA,0,35,0
"10738",1,10,66,0
"10739",2,11,67,0
"10740",3,7,63,0
"10741",4,7,63,0
"10742",1,10,85,0
"10743",1,10,63,0
"10744",2,9,62,0
"10745",3,1,54,0
"10746",1,10,50,0
"10747",2,10,50,0
"10748",3,4,44,0
"10749",NA,0,NA,NA
"10750",1,10,29,0
"10751",2,9,28,0
"10752",3,9,28,0
"10753",4,6,25,0
"10754",NA,0,35,0
"10755",1,10,78,0
"10756",2,6,74,0
"10757",1,10,53,0
"10758",2,14,57,0
"10759",3,14,57,0
"10760",4,21,64,0
"10761",1,10,60,0
"10762",2,10,60,0
"10763",3,8,58,0
"10764",4,3,53,0
"10765",1,10,90,0
"10766",2,6,86,0
"10767",3,6,86,0
"10768",4,6,86,0
"10769",1,10,63,0
"10770",2,6,59,0
"10771",2,16,69,0
"10772",3,10,63,0
"10773",4,1,54,0
"10774",1,10,52,0
"10775",2,8,50,0
"10776",NA,0,NA,0
"10777",1,10,41,0
"10778",2,11,42,0
"10779",3,17,48,0
"10780",4,17,48,0
"10781",1,10,77,0
"10782",2,5,72,0
"10783",1,10,66,0
"10784",NA,0,NA,0
"10785",2,6,62,0
"10786",3,6,62,0
"10787",NA,0,NA,0
"10788",1,10,40,0
"10789",2,10,40,0
"10790",1,10,29,0
"10791",2,10,29,0
"10792",3,10,29,0
"10793",NA,0,NA,0
"10794",4,5,24,0
"10795",NA,0,NA,NA
"10796",NA,0,35,0
"10797",1,10,69,0
"10798",1,10,58,0
"10799",2,8,56,0
"10800",3,1,49,0
"10801",1,10,43,0
"10802",2,3,36,0
"10803",3,1,34,0
"10804",4,3,36,0
"10805",1,10,56,0
"10806",2,8,54,0
"10807",1,10,43,0
"10808",2,12,45,0
"10809",3,12,45,0
"10810",4,12,45,0
"10811",1,10,82,0
"10812",2,8,80,0
"10813",1,10,71,0
"10814",2,1,62,0
"10815",1,10,59,0
"10816",1,20,69,0
"10817",1,30,79,0
"10818",2,33,82,0
"10819",1,10,45,0
"10820",NA,0,NA,0
"10821",2,9,44,0
"10822",3,1,36,0
"10823",4,1,36,0
"10824",1,10,34,0
"10825",2,5,29,0
"10826",NA,0,NA,NA
"10827",1,10,12,1
"10828",NA,0,2,0
"10829",NA,0,35,0
"10830",1,10,71,0
"10831",1,10,66,0
"10832",1,20,76,0
"10833",2,20,76,0
"10834",3,8,64,0
"10835",1,10,54,0
"10836",1,10,44,0
"10837",2,7,41,0
"10838",3,9,43,0
"10839",1,10,31,0
"10840",2,10,31,0
"10841",3,3,24,1
"10842",NA,0,15,0
"10843",NA,0,35,0
"10844",1,10,73,0
"10845",1,20,83,0
"10846",1,10,78,0
"10847",2,18,86,0
"10848",3,13,81,0
"10849",4,1,69,0
"10850",1,10,31,0
"10851",1,20,41,0
"10852",2,17,38,0
"10853",3,17,38,0
"10854",1,10,18,1
"10855",NA,0,15,0
"10856",NA,0,35,0
"10857",1,10,86,0
"10858",2,10,86,0
"10859",3,2,78,0
"10860",4,2,78,0
"10861",1,10,72,0
"10862",2,9,71,0
"10863",3,7,69,0
"10864",4,4,66,0
"10865",1,10,98,0
"10866",2,11,99,0
"10867",3,8,96,0
"10868",NA,0,NA,NA
"10869",NA,0,NA,NA
"10870",NA,0,35,0
"10871",1,10,65,0
"10872",2,5,60,0
"10873",3,5,60,0
"10874",1,10,34,0
"10875",2,8,32,0
"10876",1,10,23,0
"10877",2,1,14,0
"10878",3,7,20,0
"10879",4,7,20,0
"10880",NA,0,35,0
"10881",1,10,68,0
"10882",2,13,71,0
"10883",3,16,74,0
"10884",4,16,74,0
"10885",1,10,73,0
"10886",2,1,64,0
"10887",1,10,61,0
"10888",2,1,52,0
"10889",1,10,48,0
"10890",1,10,33,0
"10891",2,7,30,0
"10892",3,2,25,0
"10893",4,2,25,0
"10894",1,10,22,0
"10895",2,17,29,0
"10896",3,3,15,0
"10897",1,9,9,0
"10898",2,5,5,1
"10899",NA,0,15,0
"10900",NA,0,35,0
"10901",1,10,70,0
"10902",2,7,67,0
"10903",NA,0,NA,NA
"10904",1,10,19,0
"10905",2,8,17,0
"10906",3,1,10,0
"10907",4,1,10,0
"10908",1,6,6,0
"10909",2,5,5,1
"10910",NA,0,15,0
"10911",NA,0,35,0
"10912",NA,0,40,0
"10913",1,10,63,0
"10914",2,16,69,0
"10915",1,10,26,0
"10916",2,8,24,0
"10917",2,13,29,0
"10918",1,10,14,1
"10919",NA,0,15,0
"10920",NA,0,35,0
"10921",1,10,41,0
"10922",2,3,34,0
"10923",1,10,29,0
"10924",2,20,39,0
"10925",3,17,36,0
"10926",4,6,25,0
"10927",NA,0,35,0
"10928",1,10,68,0
"10929",2,12,70,0
"10930",1,10,58,0
"10931",2,12,60,0
"10932",1,10,55,0
"10933",2,10,55,0
"10934",3,1,46,0
"10935",4,2,47,0
"10936",4,7,52,0
"10937",1,10,92,0
"10938",2,10,92,0
"10939",1,10,78,0
"10940",1,10,67,0
"10941",2,10,67,0
"10942",NA,0,NA,0
"10943",3,8,65,0
"10944",NA,0,NA,0
"10945",4,14,71,0
"10946",1,10,75,0
"10947",2,10,75,0
"10948",3,7,72,0
"10949",4,7,72,0
"10950",NA,0,NA,NA
"10951",NA,0,35,0
"10952",1,10,71,0
"10953",1,10,55,0
"10954",1,20,65,0
"10955",1,30,75,0
"10956",2,14,59,0
"10957",3,14,59,0
"10958",1,10,37,0
"10959",2,8,35,0
"10960",3,2,29,0
"10961",3,7,34,0
"10962",4,7,34,0
"10963",NA,0,35,0
"10964",1,10,76,0
"10965",NA,0,NA,0
"10966",1,7,7,1
"10967",NA,0,15,0
"10968",NA,0,35,0
"10969",1,10,70,0
"10970",2,5,65,0
"10971",1,10,51,0
"10972",2,4,45,0
"10973",1,10,38,0
"10974",1,10,80,0
"10975",2,8,78,0
"10976",1,10,64,0
"10977",1,10,25,0
"10978",2,10,25,0
"10979",3,8,23,0
"10980",4,8,23,0
"10981",NA,0,35,0
"10982",1,10,72,0
"10983",2,8,70,0
"10984",1,10,51,0
"10985",2,8,49,0
"10986",3,2,43,0
"10987",1,10,26,0
"10988",1,10,15,1
"10989",NA,0,15,0
"10990",NA,0,35,0
"10991",1,10,76,0
"10992",NA,0,NA,NA
"10993",2,6,72,0
"10994",1,10,64,0
"10995",2,10,64,0
"10996",1,10,59,0
"10997",2,12,61,0
"10998",1,10,47,0
"10999",2,1,38,0
"11000",1,10,31,NA
"11001",1,10,31,0
"11002",2,4,25,0
"11003",3,1,22,0
"11004",4,3,24,1
"11005",NA,0,2,0
"11006",NA,0,35,0
"11007",1,10,77,0
"11008",2,5,72,0
"11009",3,4,71,0
"11010",1,10,66,0
"11011",2,7,63,0
"11012",3,6,62,0
"11013",1,10,40,0
"11014",2,7,37,0
"11015",3,7,37,0
"11016",1,10,28,0
"11017",NA,0,NA,0
"11018",1,9,9,0
"11019",NA,0,NA,0
"11020",2,8,8,0
"11021",3,5,5,0
"11022",4,8,8,0
"11023",NA,0,35,0
"11024",1,10,65,0
"11025",2,10,65,0
"11026",NA,0,NA,0
"11027",1,10,40,0
"11028",1,10,24,0
"11029",2,10,24,0
"11030",NA,0,35,0
"11031",1,10,48,0
"11032",2,11,49,0
"11033",3,12,50,0
"11034",NA,0,NA,NA
"11035",NA,0,NA,NA
"11036",NA,0,35,0
"11037",1,10,73,0
"11038",2,7,70,0
"11039",3,5,68,0
"11040",1,10,52,0
"11041",2,2,44,0
"11042",3,1,43,0
"11043",1,10,21,0
"11044",2,10,21,0
"11045",3,5,16,0
"11046",3,1,12,0
"11047",1,10,10,0
"11048",2,6,6,0
"11049",2,3,3,0
"11050",3,7,7,0
"11051",4,7,7,0
"11052",NA,0,35,0
"11053",1,10,65,0
"11054",2,10,65,0
"11055",3,5,60,0
"11056",1,10,20,0
"11057",2,10,20,0
"11058",3,6,16,0
"11059",4,6,16,0
"11060",NA,0,35,0
"11061",1,10,74,0
"11062",1,10,58,0
"11063",1,10,48,0
"11064",2,5,43,0
"11065",3,5,43,0
"11066",4,5,43,0
"11067",1,10,90,0
"11068",1,5,85,0
"11069",1,10,76,0
"11070",2,7,73,0
"11071",1,10,65,0
"11072",2,10,65,0
"11073",3,6,61,0
"11074",NA,0,NA,NA
"11075",1,10,47,0
"11076",2,10,47,0
"11077",NA,0,NA,0
"11078",3,10,47,0
"11079",1,10,37,0
"11080",2,4,31,0
"11081",3,1,28,0
"11082",1,10,26,1
"11083",NA,0,15,0
"11084",NA,0,1,0
"11085",NA,0,15,0
"11086",NA,0,35,0
"11087",1,10,60,0
"11088",2,5,55,0
"11089",3,19,69,0
"11090",4,29,79,0
"11091",1,10,71,0
"11092",2,10,71,0
"11093",3,9,70,0
"11094",4,9,70,0
"11095",1,10,67,0
"11096",1,10,46,0
"11097",1,15,51,0
"11098",2,7,43,0
"11099",3,7,43,0
"11100",1,10,33,0
"11101",1,20,43,0
"11102",1,15,38,0
"11103",1,20,43,0
"11104",2,7,30,0
"11105",3,1,24,0
"11106",1,10,23,0
"11107",1,10,91,0
"11108",1,14,95,0
"11109",NA,0,NA,0
"11110",2,10,91,0
"11111",1,10,81,0
"11112",2,10,81,0
"11113",1,10,62,0
"11114",1,10,16,0
"11115",NA,0,NA,0
"11116",1,5,5,1
"11117",NA,0,15,0
"11118",NA,0,35,0
"11119",1,10,78,0
"11120",2,10,78,0
"11121",NA,0,NA,0
"11122",3,17,85,0
"11123",NA,0,NA,0
"11124",4,8,76,0
"11125",1,10,67,0
"11126",1,1,1,1
"11127",NA,0,30,0
"11128",NA,0,35,0
"11129",1,10,75,0
"11130",NA,0,NA,NA
"11131",NA,0,35,0
"11132",1,10,64,0
"11133",2,9,63,0
"11134",3,3,57,0
"11135",4,3,57,0
"11136",1,10,76,0
"11137",1,10,59,0
"11138",2,4,53,0
"11139",3,8,57,0
"11140",4,17,66,0
"11141",1,10,86,0
"11142",2,8,84,0
"11143",3,1,77,0
"11144",1,10,75,0
"11145",2,10,75,0
"11146",3,9,74,0
"11147",4,9,74,0
"11148",1,10,67,0
"11149",2,1,58,0
"11150",1,10,56,0
"11151",2,10,56,0
"11152",3,3,49,0
"11153",4,1,47,0
"11154",1,10,53,0
"11155",1,10,43,1
"11156",NA,0,15,0
"11157",NA,0,35,0
"11158",1,10,74,0
"11159",1,10,49,0
"11160",1,10,24,0
"11161",2,19,33,0
"11162",2,29,43,0
"11163",3,25,39,0
"11164",4,16,30,0
"11165",NA,0,35,0
"11166",1,10,65,0
"11167",2,11,66,0
"11168",NA,0,NA,NA
"11169",3,6,61,0
"11170",4,6,61,0
"11171",1,10,69,0
"11172",1,10,53,0
"11173",2,10,53,0
"11174",3,10,53,0
"11175",4,1,44,0
"11176",1,10,71,0
"11177",2,11,72,0
"11178",3,7,68,0
"11179",4,7,68,0
"11180",1,10,78,0
"11181",2,1,69,0
"11182",2,6,74,0
"11183",1,10,63,0
"11184",1,10,52,0
"11185",1,15,57,0
"11186",1,10,42,0
"11187",2,1,33,0
"11188",1,10,22,0
"11189",2,8,20,0
"11190",3,8,20,0
"11191",4,5,17,0
"11192",1,1,1,1
"11193",NA,0,2,0
"11194",NA,0,35,0
"11195",1,10,46,0
"11196",1,10,33,0
"11197",2,4,27,0
"11198",1,10,22,0
"11199",NA,0,NA,0
"11200",2,8,20,0
"11201",NA,0,NA,0
"11202",NA,0,NA,0
"11203",3,9,21,0
"11204",1,10,11,0
"11205",NA,0,NA,0
"11206",2,3,4,1
"11207",NA,0,15,0
"11208",NA,0,35,0
"11209",1,10,70,0
"11210",2,6,66,0
"11211",1,10,55,0
"11212",1,10,41,0
"11213",2,10,41,0
"11214",1,10,29,0
"11215",2,10,29,0
"11216",3,1,20,0
"11217",1,10,15,0
"11218",2,4,9,0
"11219",3,4,9,1
"11220",NA,0,NA,0
"11221",NA,0,2,0
"11222",NA,0,35,0
"11223",1,10,45,0
"11224",2,10,45,0
"11225",3,11,46,0
"11226",NA,0,NA,NA
"11227",NA,0,NA,NA
"11228",NA,0,35,0
"11229",1,10,69,0
"11230",2,7,66,0
"11231",3,4,63,0
"11232",4,4,63,0
"11233",1,10,80,0
"11234",2,10,80,0
"11235",3,7,77,0
"11236",4,7,77,0
"11237",1,10,69,0
"11238",2,1,60,0
"11239",1,10,58,0
"11240",2,6,54,0
"11241",3,6,54,0
"11242",1,10,47,0
"11243",2,9,46,0
"11244",3,6,43,0
"11245",4,2,39,0
"11246",1,10,34,0
"11247",2,13,37,0
"11248",3,13,37,0
"11249",4,13,37,0
"11250",NA,0,35,0
"11251",1,10,83,0
"11252",2,7,80,0
"11253",1,10,72,0
"11254",2,6,68,0
"11255",1,10,51,0
"11256",2,3,44,0
"11257",1,10,35,0
"11258",2,1,26,0
"11259",1,10,15,0
"11260",2,7,12,0
"11261",3,8,13,0
"11262",4,8,13,0
"11263",NA,0,35,0
"11264",1,10,71,0
"11265",NA,0,NA,NA
"11266",1,10,51,0
"11267",2,5,46,0
"11268",1,10,36,0
"11269",2,3,29,0
"11270",2,8,34,0
"11271",3,8,34,0
"11272",NA,0,NA,0
"11273",4,21,47,0
"11274",1,10,90,0
"11275",2,6,86,0
"11276",3,2,82,0
"11277",1,10,71,0
"11278",2,10,71,0
"11279",3,12,73,0
"11280",3,17,78,0
"11281",1,10,26,0
"11282",1,2,2,1
"11283",NA,0,15,0
"11284",NA,0,35,0
"11285",1,10,81,0
"11286",1,10,66,0
"11287",2,4,60,0
"11288",2,9,65,0
"11289",3,8,64,0
"11290",4,8,64,0
"11291",1,10,86,0
"11292",1,10,75,0
"11293",2,10,75,0
"11294",1,10,61,0
"11295",1,10,48,0
"11296",2,10,48,0
"11297",NA,0,NA,0
"11298",3,8,46,0
"11299",3,13,51,0
"11300",NA,0,NA,0
"11301",4,15,53,0
"11302",1,10,80,0
"11303",2,10,80,0
"11304",1,10,64,0
"11305",2,5,59,0
"11306",3,5,59,0
"11307",4,5,59,0
"11308",1,10,89,0
"11309",2,10,89,0
"11310",3,6,85,0
"11311",4,6,85,0
"11312",1,10,56,0
"11313",2,13,59,0
"11314",3,13,59,0
"11315",4,13,59,0
"11316",1,10,95,0
"11317",NA,0,NA,NA
"11318",NA,0,35,0
"11319",1,10,74,0
"11320",2,10,74,0
"11321",1,10,53,0
"11322",2,4,47,1
"11323",NA,0,15,0
"11324",NA,0,35,0
"11325",1,10,82,0
"11326",2,12,84,0
"11327",3,1,73,0
"11328",1,10,71,0
"11329",1,15,76,0
"11330",2,1,62,0
"11331",NA,0,NA,0
"11332",1,10,54,0
"11333",1,10,37,0
"11334",2,8,35,0
"11335",3,21,48,0
"11336",4,15,42,0
"11337",1,10,91,0
"11338",2,2,83,0
"11339",1,10,72,0
"11340",2,6,68,0
"11341",3,6,68,0
"11342",4,6,68,0
"11343",1,10,80,0
"11344",2,4,74,0
"11345",3,2,72,0
"11346",4,2,72,0
"11347",1,10,56,0
"11348",1,15,61,0
"11349",2,15,61,0
"11350",3,15,61,0
"11351",4,26,72,0
"11352",1,10,64,0
"11353",2,3,57,0
"11354",1,10,52,0
"11355",2,10,52,0
"11356",3,2,44,0
"11357",1,10,38,0
"11358",NA,0,NA,NA
"11359",2,4,32,0
"11360",1,10,19,0
"11361",1,9,9,0
"11362",2,4,4,0
"11363",1,2,2,1
"11364",NA,0,15,0
"11365",NA,0,35,0
"11366",1,10,72,0
"11367",1,20,82,0
"11368",2,13,75,0
"11369",3,13,75,0
"11370",4,16,78,0
"11371",1,10,72,0
"11372",1,10,54,0
"11373",1,10,40,0
"11374",2,5,35,0
"11375",3,5,35,0
"11376",3,15,45,0
"11377",1,10,11,1
"11378",NA,0,2,0
"11379",NA,0,35,0
"11380",1,10,57,0
"11381",2,1,48,0
"11382",2,6,53,0
"11383",3,6,53,0
"11384",4,4,51,0
"11385",4,8,55,0
"11386",1,10,68,0
"11387",1,10,57,0
"11388",2,6,53,0
"11389",3,6,53,0
"11390",1,10,37,0
"11391",1,15,42,0
"11392",NA,0,NA,0
"11393",2,14,41,0
"11394",NA,0,NA,0
"11395",3,2,29,0
"11396",1,10,14,0
"11397",NA,0,NA,0
"11398",NA,0,NA,0
"11399",2,9,13,0
"11400",3,8,12,0
"11401",NA,0,NA,0
"11402",4,9,13,0
"11403",4,14,18,0
"11404",NA,0,35,0
"11405",1,10,74,0
"11406",2,14,78,0
"11407",3,7,71,0
"11408",4,7,71,0
"11409",1,10,53,0
"11410",1,10,29,0
"11411",2,10,29,0
"11412",NA,0,NA,NA
"11413",NA,0,NA,NA
"11414",NA,0,35,0
"11415",1,10,58,0
"11416",2,9,57,0
"11417",1,10,44,0
"11418",1,10,22,0
"11419",2,3,15,0
"11420",1,10,11,0
"11421",2,9,10,1
"11422",NA,0,15,0
"11423",NA,0,35,0
"11424",1,10,75,0
"11425",2,10,75,0
"11426",3,4,69,0
"11427",1,10,64,0
"11428",1,10,38,0
"11429",2,10,38,0
"11430",3,10,38,0
"11431",3,15,43,0
"11432",4,15,43,0
"11433",1,10,80,0
"11434",1,10,66,0
"11435",2,9,65,0
"11436",1,10,49,0
"11437",2,2,41,0
"11438",1,10,32,0
"11439",1,10,72,0
"11440",2,8,70,0
"11441",3,4,66,0
"11442",4,4,66,0
"11443",1,10,90,0
"11444",2,5,85,0
"11445",1,10,74,0
"11446",2,6,70,0
"11447",1,10,63,0
"11448",2,12,65,0
"11449",3,12,65,0
"11450",NA,0,NA,NA
"11451",4,13,66,0
"11452",1,10,97,0
"11453",1,10,17,0
"11454",2,7,14,0
"11455",1,5,5,0
"11456",1,1,1,0
"11457",2,3,3,1
"11458",NA,0,15,0
"11459",NA,0,35,0
"11460",1,10,81,0
"11461",2,1,72,0
"11462",1,10,70,0
"11463",2,8,68,0
"11464",1,10,58,0
"11465",2,11,59,0
"11466",3,7,55,0
"11467",4,7,55,0
"11468",1,10,80,0
"11469",1,10,64,0
"11470",2,9,63,0
"11471",3,2,56,0
"11472",4,2,56,0
"11473",1,10,95,0
"11474",2,8,93,0
"11475",1,10,88,0
"11476",2,10,88,0
"11477",3,10,88,0
"11478",3,15,93,0
"11479",1,10,45,0
"11480",2,12,47,0
"11481",3,12,47,0
"11482",4,6,41,0
"11483",1,10,92,0
"11484",2,7,89,0
"11485",3,4,86,0
"11486",1,10,79,0
"11487",1,10,54,0
"11488",2,1,45,0
"11489",1,10,38,0
"11490",NA,0,NA,0
"11491",2,13,41,0
"11492",3,9,37,0
"11493",3,14,42,0
"11494",NA,0,NA,0
"11495",4,4,32,0
"11496",NA,0,NA,NA
"11497",NA,0,35,0
"11498",1,10,73,0
"11499",2,5,68,0
"11500",1,10,28,0
"11501",2,7,25,0
"11502",3,7,25,0
"11503",1,10,15,0
"11504",2,5,10,0
"11505",2,15,20,1
"11506",NA,0,15,0
"11507",NA,0,35,0
"11508",1,10,72,0
"11509",2,4,66,0
"11510",3,3,65,0
"11511",4,3,65,0
"11512",1,10,80,0
"11513",1,10,41,0
"11514",2,6,37,0
"11515",3,2,33,0
"11516",1,10,27,0
"11517",1,8,8,0
"11518",2,8,8,1
"11519",NA,0,15,0
"11520",NA,0,35,0
"11521",1,10,73,0
"11522",2,8,71,0
"11523",3,8,71,0
"11524",1,10,60,0
"11525",1,10,45,0
"11526",2,8,43,0
"11527",1,10,41,0
"11528",2,12,43,0
"11529",3,8,39,0
"11530",4,3,34,0
"11531",1,10,30,0
"11532",NA,0,NA,NA
"11533",1,10,15,1
"11534",NA,0,15,0
"11535",NA,0,35,0
"11536",1,10,73,0
"11537",2,4,67,0
"11538",2,9,72,0
"11539",3,13,76,0
"11540",4,4,67,0
"11541",1,10,70,0
"11542",1,10,60,0
"11543",2,18,68,0
"11544",3,14,64,1
"11545",NA,0,15,0
"11546",NA,0,35,0
"11547",1,10,68,0
"11548",NA,0,NA,0
"11549",2,3,61,0
"11550",1,10,35,0
"11551",2,4,29,0
"11552",1,10,24,0
"11553",2,1,15,0
"11554",1,10,14,0
"11555",2,8,12,1
"11556",NA,0,15,0
"11557",NA,0,35,0
"11558",1,10,63,0
"11559",1,10,50,0
"11560",2,10,50,0
"11561",3,10,50,0
"11562",1,10,20,0
"11563",2,5,15,0
"11564",1,2,2,0
"11565",2,2,2,1
"11566",NA,0,15,0
"11567",NA,0,35,0
"11568",1,10,40,0
"11569",NA,0,NA,0
"11570",2,7,37,0
"11571",3,5,35,0
"11572",4,14,44,0
"11573",1,10,93,0
"11574",NA,0,20,0
"11575",1,10,10,0
"11576",2,10,10,0
"11577",3,11,11,0
"11578",NA,0,NA,NA
"11579",NA,0,NA,NA
"11580",NA,0,35,0
"11581",1,10,67,0
"11582",2,7,64,0
"11583",1,10,40,0
"11584",2,10,40,0
"11585",3,1,31,0
"11586",1,10,22,0
"11587",2,4,16,0
"11588",3,3,15,0
"11589",1,4,4,0
"11590",2,5,5,1
"11591",NA,0,15,0
"11592",NA,0,35,0
"11593",1,10,75,0
"11594",2,9,74,0
"11595",2,14,79,0
"11596",3,5,70,0
"11597",1,10,60,0
"11598",2,8,58,0
"11599",1,10,48,0
"11600",2,6,44,0
"11601",3,7,45,0
"11602",1,10,16,0
"11603",2,4,10,0
"11604",3,4,10,0
"11605",4,3,9,0
"11606",NA,0,35,0
"11607",1,10,69,0
"11608",2,1,60,0
"11609",1,10,55,0
"11610",NA,0,NA,NA
"11611",2,7,52,0
"11612",3,7,52,0
"11613",1,10,40,0
"11614",1,10,29,0
"11615",2,1,20,0
"11616",2,11,30,0
"11617",3,5,24,0
"11618",4,13,32,0
"11619",NA,0,35,0
"11620",1,10,75,0
"11621",2,10,75,0
"11622",3,8,73,0
"11623",4,24,89,0
"11624",4,29,94,0
"11625",1,10,41,0
"11626",2,4,35,0
"11627",3,3,34,0
"11628",1,4,4,0
"11629",2,3,3,0
"11630",2,13,13,0
"11631",NA,0,NA,0
"11632",3,10,10,1
"11633",NA,0,15,0
"11634",NA,0,35,0
"11635",1,10,64,0
"11636",1,15,69,0
"11637",2,14,68,0
"11638",3,9,63,0
"11639",4,9,63,0
"11640",1,10,77,0
"11641",2,2,69,0
"11642",1,10,64,0
"11643",2,4,58,0
"11644",3,4,58,0
"11645",1,10,53,0
"11646",2,2,45,0
"11647",NA,0,NA,0
"11648",1,10,40,0
"11649",1,10,19,0
"11650",1,10,10,1
"11651",NA,0,15,0
"11652",NA,0,35,0
"11653",1,10,71,0
"11654",NA,0,NA,0
"11655",1,10,59,0
"11656",NA,0,NA,0
"11657",1,10,42,0
"11658",1,10,37,0
"11659",NA,0,NA,NA
"11660",NA,0,35,0
"11661",1,10,66,0
"11662",2,7,63,0
"11663",3,10,66,0
"11664",1,10,54,0
"11665",1,10,38,0
"11666",2,2,30,0
"11667",1,10,27,1
"11668",NA,0,15,0
"11669",NA,0,35,0
"11670",1,10,80,0
"11671",2,5,75,0
"11672",3,2,72,0
"11673",4,2,72,0
"11674",4,7,77,0
"11675",1,10,71,0
"11676",1,10,57,0
"11677",2,7,54,0
"11678",1,10,47,0
"11679",2,7,44,0
"11680",3,1,38,0
"11681",4,2,39,0
"11682",NA,0,35,0
"11683",1,10,71,0
"11684",2,1,62,0
"11685",1,10,60,0
"11686",1,4,4,0
"11687",2,2,2,0
"11688",2,1,1,1
"11689",NA,0,15,0
"11690",NA,0,35,0
"11691",1,10,65,0
"11692",2,6,61,0
"11693",3,15,70,0
"11694",4,1,56,0
"11695",NA,0,50,NA
"11696",1,10,50,0
"11697",1,1,1,0
"11698",2,4,4,1
"11699",NA,0,15,0
"11700",NA,0,35,0
"11701",1,10,91,0
"11702",2,1,82,0
"11703",1,10,81,0
"11704",1,10,21,0
"11705",2,9,20,0
"11706",3,5,16,0
"11707",4,5,16,0
"11708",NA,0,35,0
"11709",1,10,65,0
"11710",2,10,65,0
"11711",3,7,62,0
"11712",4,7,62,0
"11713",1,10,85,0
"11714",1,10,77,0
"11715",2,9,76,0
"11716",3,9,76,0
"11717",4,9,76,0
"11718",1,10,67,0
"11719",2,3,60,0
"11720",1,10,55,0
"11721",1,10,84,0
"11722",2,6,80,0
"11723",1,10,61,0
"11724",2,9,60,0
"11725",3,4,55,0
"11726",1,10,51,0
"11727",2,9,50,0
"11728",3,4,45,0
"11729",1,10,35,0
"11730",2,11,36,0
"11731",NA,0,NA,NA
"11732",NA,0,NA,NA
"11733",NA,0,35,0
"11734",1,10,70,0
"11735",2,3,63,0
"11736",3,2,62,0
"11737",4,2,62,0
"11738",1,10,91,0
"11739",2,1,82,0
"11740",1,10,78,0
"11741",1,10,54,0
"11742",2,4,48,0
"11743",2,9,53,0
"11744",3,2,46,0
"11745",4,2,46,0
"11746",1,10,86,0
"11747",2,14,90,0
"11748",3,14,90,0
"11749",4,2,78,0
"11750",1,10,72,0
"11751",2,1,63,0
"11752",1,10,55,0
"11753",1,10,39,0
"11754",2,24,53,0
"11755",NA,0,NA,0
"11756",3,9,38,0
"11757",1,6,6,0
"11758",2,2,2,0
"11759",3,2,2,1
"11760",NA,0,15,0
"11761",NA,0,35,0
"11762",1,10,61,0
"11763",1,10,39,0
"11764",2,5,34,0
"11765",3,2,31,0
"11766",1,10,29,0
"11767",1,7,7,0
"11768",NA,0,NA,NA
"11769",2,8,8,0
"11770",3,3,3,0
"11771",4,1,1,0
"11772",1,10,97,0
"11773",1,10,64,0
"11774",2,5,59,0
"11775",1,10,43,0
"11776",1,9,9,1
"11777",NA,0,15,0
"11778",NA,0,35,0
"11779",1,10,70,0
"11780",2,8,68,0
"11781",3,10,70,0
"11782",3,15,75,0
"11783",1,10,62,0
"11784",2,9,61,0
"11785",1,10,45,0
"11786",2,11,46,0
"11787",1,10,34,0
"11788",2,10,34,0
"11789",3,5,29,0
"11790",NA,0,NA,0
"11791",1,10,15,0
"11792",2,10,15,0
"11793",3,2,7,0
"11794",1,3,3,1
"11795",NA,0,15,0
"11796",NA,0,35,0
"11797",1,10,65,0
"11798",2,16,71,0
"11799",3,16,71,0
"11800",4,8,63,0
"11801",1,10,92,0
"11802",1,10,79,0
"11803",1,20,89,0
"11804",2,7,76,0
"11805",NA,0,NA,NA
"11806",NA,0,35,0
"11807",1,10,67,0
"11808",2,10,67,0
"11809",3,2,59,0
"11810",4,2,59,0
"11811",1,10,87,0
"11812",2,3,80,0
"11813",1,10,72,0
"11814",1,10,28,0
"11815",1,10,23,0
"11816",2,3,16,0
"11817",1,10,12,0
"11818",2,8,10,1
"11819",NA,0,15,0
"11820",NA,0,35,0
"11821",1,10,68,0
"11822",2,1,59,0
"11823",1,10,56,0
"11824",1,10,46,0
"11825",2,3,39,0
"11826",1,10,28,0
"11827",1,10,16,0
"11828",2,10,16,0
"11829",3,2,8,0
"11830",1,3,3,0
"11831",2,3,3,1
"11832",NA,0,15,0
"11833",NA,0,35,0
"11834",1,10,80,0
"11835",1,10,61,0
"11836",2,10,61,0
"11837",3,2,53,0
"11838",1,10,44,0
"11839",NA,0,NA,NA
"11840",1,19,53,0
"11841",2,19,53,0
"11842",2,24,58,0
"11843",3,24,58,0
"11844",4,10,44,0
"11845",1,10,88,0
"11846",2,7,85,0
"11847",1,10,19,0
"11848",1,5,5,1
"11849",NA,0,15,0
"11850",NA,0,35,0
"11851",1,10,59,0
"11852",2,5,54,0
"11853",3,2,51,0
"11854",1,10,48,0
"11855",1,10,39,0
"11856",2,10,39,0
"11857",3,13,42,0
"11858",4,5,34,0
"11859",NA,0,35,0
"11860",1,10,86,0
"11861",2,6,82,0
"11862",1,10,67,0
"11863",2,1,58,0
"11864",1,10,57,0
"11865",2,4,51,0
"11866",1,10,46,0
"11867",2,4,40,0
"11868",1,10,29,0
"11869",2,5,24,0
"11870",1,4,4,0
"11871",NA,0,NA,0
"11872",2,2,2,1
"11873",NA,0,15,0
"11874",NA,0,35,0
"11875",1,10,60,0
"11876",2,4,54,0
"11877",NA,0,NA,0
"11878",3,7,57,0
"11879",1,10,24,0
"11880",1,10,11,0
"11881",2,10,11,0
"11882",2,15,16,0
"11883",NA,0,NA,0
"11884",3,13,14,0
"11885",1,1,1,1
"11886",NA,0,15,0
"11887",NA,0,35,0
"11888",1,10,83,0
"11889",2,10,83,0
"11890",3,10,83,0
"11891",NA,0,NA,0
"11892",NA,0,NA,0
"11893",1,10,72,0
"11894",1,15,77,0
"11895",NA,0,NA,NA
"11896",NA,0,NA,NA
"11897",NA,0,35,0
"11898",1,10,71,0
"11899",2,5,66,0
"11900",3,7,68,0
"11901",4,1,62,0
"11902",1,10,86,0
"11903",1,10,57,0
"11904",2,11,58,0
"11905",3,4,51,0
"11906",1,10,45,0
"11907",2,7,42,0
"11908",3,2,37,0
"11909",1,10,33,0
"11910",2,5,28,0
"11911",1,10,20,0
"11912",2,1,11,0
"11913",3,1,11,0
"11914",1,8,8,0
"11915",2,3,3,0
"11916",3,14,14,0
"11917",4,6,6,0
"11918",NA,0,35,0
"11919",1,10,83,0
"11920",1,10,73,0
"11921",1,10,57,0
"11922",2,10,57,0
"11923",3,1,48,0
"11924",1,10,46,0
"11925",NA,0,NA,NA
"11926",2,6,42,0
"11927",3,4,40,0
"11928",1,10,21,0
"11929",2,2,13,0
"11930",2,12,23,0
"11931",3,12,23,0
"11932",1,10,11,0
"11933",2,10,11,1
"11934",NA,0,15,0
"11935",NA,0,35,0
"11936",1,10,70,0
"11937",1,10,57,0
"11938",1,20,67,0
"11939",2,17,64,0
"11940",3,17,64,0
"11941",4,17,64,0
"11942",1,8,8,0
"11943",2,7,7,0
"11944",1,2,2,0
"11945",2,2,2,0
"11946",3,3,3,1
"11947",NA,0,15,0
"11948",NA,0,50,0
"11949",1,10,75,0
"11950",2,11,76,0
"11951",3,11,76,0
"11952",1,10,64,0
"11953",1,10,43,0
"11954",2,5,38,0
"11955",NA,0,NA,0
"11956",3,11,44,0
"11957",1,10,11,0
"11958",2,10,11,0
"11959",1,10,88,0
"11960",2,3,81,0
"11961",3,2,80,0
"11962",1,10,74,0
"11963",2,10,74,0
"11964",3,1,65,0
"11965",1,10,59,0
"11966",2,10,59,0
"11967",3,10,59,0
"11968",1,10,40,0
"11969",2,10,40,0
"11970",NA,0,NA,0
"11971",3,1,31,0
"11972",1,10,15,0
"11973",2,10,15,0
"11974",NA,0,NA,0
"11975",3,5,10,0
"11976",NA,0,NA,0
"11977",1,4,4,1
"11978",NA,0,2,0
"11979",NA,0,35,0
"11980",1,10,65,0
"11981",NA,0,NA,0
"11982",1,10,49,0
"11983",NA,0,NA,0
"11984",1,10,39,0
"11985",NA,0,NA,NA
"11986",NA,0,35,0
"11987",1,10,74,0
"11988",1,10,64,0
"11989",2,8,62,0
"11990",3,8,62,0
"11991",4,8,62,0
"11992",1,10,68,0
"11993",2,8,66,0
"11994",3,8,66,0
"11995",1,10,46,0
"11996",2,3,39,0
"11997",1,10,27,0
"11998",2,7,24,0
"11999",1,10,16,0
"12000",2,6,12,0
"12001",1,4,4,0
"12002",2,1,1,1
"12003",NA,0,2,0
"12004",NA,0,12,0
"12005",NA,0,35,0
"12006",1,10,70,0
"12007",2,6,66,0
"12008",1,6,6,0
"12009",2,2,2,1
"12010",NA,0,2,0
"12011",NA,0,35,0
"12012",1,10,65,0
"12013",2,3,58,0
"12014",3,1,56,0
"12015",4,1,56,0
"12016",1,10,44,0
"12017",1,9,9,0
"12018",2,6,6,1
"12019",NA,0,2,0
"12020",NA,0,35,0
"12021",1,10,66,0
"12022",1,20,76,0
"12023",2,9,65,0
"12024",3,4,60,0
"12025",1,10,39,0
"12026",2,5,34,0
"12027",NA,0,NA,NA
"12028",3,4,33,0
"12029",4,1,30,0
"12030",1,10,23,0
"12031",2,3,16,0
"12032",3,3,16,0
"12033",1,5,5,0
"12034",2,19,19,0
"12035",3,19,19,0
"12036",4,19,19,0
"12037",NA,0,35,0
"12038",1,10,82,0
"12039",2,7,79,0
"12040",1,10,70,0
"12041",2,2,62,0
"12042",1,10,53,0
"12043",2,9,52,0
"12044",3,8,51,0
"12045",4,8,51,0
"12046",4,13,56,0
"12047",1,10,89,0
"12048",2,9,88,0
"12049",1,10,78,0
"12050",2,5,73,0
"12051",1,10,57,0
"12052",1,10,46,0
"12053",2,5,41,0
"12054",3,1,37,0
"12055",1,10,28,0
"12056",2,6,24,0
"12057",3,1,19,0
"12058",1,10,16,0
"12059",2,17,23,0
"12060",NA,0,NA,NA
"12061",NA,0,NA,NA
"12062",NA,0,35,0
"12063",1,10,73,0
"12064",2,5,68,0
"12065",1,10,62,0
"12066",2,10,62,0
"12067",1,10,52,0
"12068",2,10,52,0
"12069",3,6,48,0
"12070",1,10,14,0
"12071",2,10,14,0
"12072",3,11,15,0
"12073",4,21,25,0
"12074",NA,0,35,0
"12075",1,10,69,0
"12076",2,8,67,0
"12077",3,8,67,0
"12078",1,10,38,0
"12079",1,10,33,0
"12080",2,7,30,0
"12081",1,10,58,0
"12082",2,10,58,0
"12083",3,8,56,0
"12084",1,10,45,0
"12085",2,9,44,0
"12086",3,5,40,0
"12087",4,5,40,0
"12088",1,10,34,0
"12089",1,10,21,0
"12090",2,7,18,0
"12091",3,7,18,0
"12092",1,5,5,0
"12093",2,5,5,0
"12094",NA,0,NA,NA
"12095",3,10,10,1
"12096",NA,0,15,0
"12097",NA,0,35,0
"12098",1,10,72,0
"12099",2,6,68,0
"12100",1,10,49,0
"12101",1,5,44,0
"12102",1,10,23,0
"12103",2,12,25,0
"12104",3,4,17,0
"12105",1,4,4,1
"12106",NA,0,15,0
"12107",NA,0,35,0
"12108",1,10,76,0
"12109",1,10,65,0
"12110",1,15,70,0
"12111",2,1,56,0
"12112",1,10,53,0
"12113",2,7,50,0
"12114",3,5,48,0
"12115",4,5,48,0
"12116",1,10,27,0
"12117",2,8,25,0
"12118",1,10,13,0
"12119",2,11,14,0
"12120",3,4,7,1
"12121",NA,0,15,0
"12122",NA,0,35,0
"12123",1,10,75,0
"12124",2,6,71,0
"12125",3,5,70,0
"12126",NA,0,NA,0
"12127",4,15,80,0
"12128",1,10,76,0
"12129",1,10,51,0
"12130",2,5,46,0
"12131",2,10,51,0
"12132",1,10,38,0
"12133",NA,0,NA,0
"12134",2,3,31,0
"12135",NA,0,NA,0
"12136",1,10,24,0
"12137",1,16,30,0
"12138",2,5,19,0
"12139",NA,0,NA,0
"12140",3,4,18,0
"12141",1,10,12,0
"12142",NA,0,NA,0
"12143",2,10,12,0
"12144",2,15,17,0
"12145",3,15,17,0
"12146",NA,0,NA,NA
"12147",NA,0,35,0
"12148",1,10,70,0
"12149",1,10,17,0
"12150",1,15,22,0
"12151",2,15,22,0
"12152",3,15,22,0
"12153",4,24,31,0
"12154",NA,0,35,0
"12155",1,10,75,0
"12156",2,13,78,0
"12157",2,23,88,0
"12158",3,8,73,0
"12159",4,3,68,0
"12160",1,10,86,0
"12161",1,10,75,0
"12162",2,9,74,0
"12163",3,9,74,0
"12164",4,2,67,0
"12165",4,7,72,0
"12166",1,10,76,0
"12167",2,2,68,0
"12168",1,10,65,0
"12169",2,8,63,0
"12170",3,8,63,0
"12171",4,8,63,0
"12172",1,10,98,0
"12173",2,8,96,0
"12174",3,1,89,0
"12175",1,10,80,0
"12176",2,5,75,0
"12177",3,2,72,0
"12178",4,2,72,0
"12179",1,10,66,0
"12180",NA,0,NA,NA
"12181",2,12,68,0
"12182",3,14,70,0
"12183",4,7,63,0
"12184",1,10,75,0
"12185",2,10,75,0
"12186",3,6,71,0
"12187",4,6,71,0
"12188",1,10,75,0
"12189",1,10,58,0
"12190",2,8,56,0
"12191",NA,0,NA,0
"12192",3,7,55,0
"12193",4,7,55,0
"12194",1,10,85,0
"12195",1,10,79,0
"12196",2,6,75,0
"12197",1,10,32,0
"12198",2,5,27,0
"12199",1,10,13,0
"12200",1,8,8,0
"12201",2,5,5,0
"12202",3,1,1,1
"12203",NA,0,15,0
"12204",NA,0,35,0
"12205",1,10,57,0
"12206",2,3,50,0
"12207",1,10,46,1
"12208",NA,0,15,0
"12209",NA,0,35,0
"12210",NA,0,30,0
"12211",1,10,83,0
"12212",1,10,62,0
"12213",1,10,38,0
"12214",2,5,33,0
"12215",3,5,33,0
"12216",4,5,33,0
"12217",1,10,16,0
"12218",1,4,4,1
"12219",NA,0,15,0
"12220",NA,0,35,0
"12221",1,10,78,0
"12222",2,10,78,0
"12223",3,10,78,0
"12224",4,17,85,0
"12225",1,10,73,0
"12226",NA,0,NA,0
"12227",2,7,70,0
"12228",NA,0,NA,0
"12229",3,5,68,0
"12230",1,10,58,0
"12231",2,12,60,0
"12232",NA,0,NA,NA
"12233",NA,0,NA,NA
"12234",NA,0,35,0
"12235",1,10,60,0
"12236",2,6,56,0
"12237",2,15,65,0
"12238",3,3,53,0
"12239",4,3,53,0
"12240",1,10,92,0
"12241",2,1,83,0
"12242",1,10,78,0
"12243",2,1,69,0
"12244",1,10,58,0
"12245",2,10,58,0
"12246",1,10,47,0
"12247",1,10,15,0
"12248",2,1,6,0
"12249",3,1,6,0
"12250",4,1,6,0
"12251",1,4,4,0
"12252",2,1,1,1
"12253",NA,0,15,0
"12254",NA,0,35,0
"12255",1,10,82,0
"12256",2,3,75,0
"12257",2,8,80,0
"12258",3,7,79,0
"12259",1,10,64,0
"12260",2,10,64,0
"12261",1,10,52,0
"12262",1,15,57,0
"12263",2,10,52,0
"12264",1,10,32,1
"12265",NA,0,15,0
"12266",NA,0,35,0
"12267",1,10,66,0
"12268",2,10,66,0
"12269",3,4,60,0
"12270",1,10,56,0
"12271",1,20,66,0
"12272",2,20,66,0
"12273",NA,0,NA,NA
"12274",3,15,61,0
"12275",3,20,66,0
"12276",4,8,54,0
"12277",1,10,79,0
"12278",1,10,64,0
"12279",2,9,63,0
"12280",3,8,62,0
"12281",1,10,57,0
"12282",2,1,48,0
"12283",3,1,48,0
"12284",4,3,50,0
"12285",1,10,89,0
"12286",2,7,86,0
"12287",3,10,89,0
"12288",4,2,81,0
"12289",1,10,86,0
"12290",2,6,82,0
"12291",3,6,82,NA
"12292",3,6,82,0
"12293",4,1,77,0
"12294",1,10,74,0
"12295",1,10,63,0
"12296",2,7,60,0
"12297",3,13,66,0
"12298",4,13,66,0
"12299",1,10,89,0
"12300",2,8,87,0
"12301",3,8,87,0
"12302",4,2,81,0
"12303",1,10,66,0
"12304",2,14,70,0
"12305",3,8,64,0
"12306",4,1,57,0
"12307",1,10,55,0
"12308",2,10,55,0
"12309",1,10,38,0
"12310",2,7,35,0
"12311",3,7,35,0
"12312",NA,0,NA,0
"12313",1,10,26,0
"12314",NA,0,NA,0
"12315",NA,0,NA,0
"12316",1,9,9,0
"12317",NA,0,NA,0
"12318",2,8,8,0
"12319",NA,0,NA,0
"12320",3,8,8,0
"12321",3,13,13,0
"12322",4,13,13,0
"12323",NA,0,35,0
"12324",1,10,79,0
"12325",NA,0,NA,NA
"12326",NA,0,35,0
"12327",1,10,71,0
"12328",2,10,71,0
"12329",3,7,68,0
"12330",1,10,56,0
"12331",1,10,35,0
"12332",1,10,20,0
"12333",2,10,20,0
"12334",1,6,6,0
"12335",2,3,3,1
"12336",NA,0,15,0
"12337",NA,0,35,0
"12338",1,10,69,0
"12339",1,15,74,0
"12340",2,1,60,0
"12341",1,10,57,0
"12342",2,3,50,0
"12343",1,10,40,0
"12344",2,8,38,0
"12345",1,10,20,0
"12346",2,4,14,0
"12347",3,1,11,0
"12348",4,1,11,0
"12349",1,9,9,0
"12350",2,9,9,0
"12351",3,9,9,1
"12352",NA,0,15,0
"12353",NA,0,35,0
"12354",1,10,74,0
"12355",2,18,82,0
"12356",3,17,81,0
"12357",4,15,79,0
"12358",1,10,99,0
"12359",2,9,98,0
"12360",NA,0,NA,NA
"12361",3,1,90,0
"12362",4,1,90,0
"12363",1,10,42,0
"12364",1,10,70,0
"12365",2,10,70,0
"12366",3,4,64,0
"12367",4,6,66,0
"12368",1,10,75,0
"12369",2,10,75,0
"12370",3,10,75,0
"12371",1,10,37,0
"12372",2,5,32,0
"12373",3,5,32,0
"12374",4,6,33,0
"12375",1,10,59,0
"12376",1,20,69,0
"12377",2,9,58,0
"12378",1,10,44,0
"12379",2,10,44,0
"12380",3,8,42,0
"12381",4,8,42,0
"12382",1,10,80,0
"12383",2,6,76,0
"12384",1,10,69,0
"12385",2,5,64,0
"12386",2,13,72,0
"12387",3,16,75,0
"12388",4,23,82,0
"12389",1,10,59,0
"12390",NA,0,NA,0
"12391",2,11,60,0
"12392",NA,0,NA,0
"12393",3,11,60,0
"12394",4,11,60,0
"12395",1,10,80,0
"12396",2,1,71,0
"12397",1,10,68,0
"12398",2,4,62,0
"12399",1,10,48,0
"12400",NA,0,NA,0
"12401",1,10,27,0
"12402",2,6,23,0
"12403",NA,0,NA,0
"12404",3,4,21,0
"12405",NA,0,NA,0
"12406",1,10,17,0
"12407",2,5,12,1
"12408",NA,0,15,0
"12409",NA,0,35,0
"12410",1,10,71,0
"12411",1,10,49,0
"12412",NA,0,NA,0
"12413",2,10,49,0
"12414",NA,0,NA,NA
"12415",NA,0,NA,NA
"12416",NA,0,35,0
"12417",1,10,70,0
"12418",1,10,55,0
"12419",2,12,57,0
"12420",3,7,52,0
"12421",4,9,54,0
"12422",1,10,86,0
"12423",1,17,93,0
"12424",2,2,78,0
"12425",1,10,73,0
"12426",2,8,71,0
"12427",3,4,67,0
"12428",1,10,47,0
"12429",1,10,47,0
"12430",1,10,62,0
"12431",1,10,42,0
"12432",2,5,37,0
"12433",2,10,42,0
"12434",3,10,42,0
"12435",4,10,42,0
"12436",1,10,80,0
"12437",2,2,72,0
"12438",1,10,67,0
"12439",2,8,65,0
"12440",3,8,65,0
"12441",1,10,57,0
"12442",2,3,50,0
"12443",3,3,50,0
"12444",4,3,50,0
"12445",1,10,86,0
"12446",1,17,93,0
"12447",1,10,11,0
"12448",2,11,12,0
"12449",3,11,12,0
"12450",4,11,12,0
"12451",NA,0,35,0
"12452",1,10,67,0
"12453",2,7,64,0
"12454",NA,0,NA,NA
"12455",2,12,69,0
"12456",1,10,56,0
"12457",2,6,52,0
"12458",1,10,29,0
"12459",2,7,26,0
"12460",3,1,20,0
"12461",1,10,17,0
"12462",2,4,11,0
"12463",3,3,10,0
"12464",4,6,13,0
"12465",NA,0,35,0
"12466",1,10,72,0
"12467",2,6,68,0
"12468",1,10,54,0
"12469",2,6,50,0
"12470",3,8,52,NA
"12471",3,8,52,0
"12472",4,8,52,0
"12473",1,10,90,0
"12474",2,7,87,0
"12475",NA,0,NA,0
"12476",1,10,68,0
"12477",1,20,78,0
"12478",2,10,68,0
"12479",3,7,65,0
"12480",4,15,73,0
"12481",1,10,70,0
"12482",1,10,57,0
"12483",2,7,54,0
"12484",1,10,36,0
"12485",1,25,51,0
"12486",2,15,41,0
"12487",NA,0,NA,0
"12488",1,10,19,0
"12489",NA,0,NA,0
"12490",2,7,16,0
"12491",NA,0,NA,0
"12492",1,7,7,0
"12493",NA,0,NA,0
"12494",2,7,7,0
"12495",3,7,7,0
"12496",3,12,12,0
"12497",1,1,1,0
"12498",2,1,1,0
"12499",NA,0,NA,NA
"12500",NA,0,35,0
"12501",1,10,71,0
"12502",2,4,65,0
"12503",1,10,45,0
"12504",2,1,36,0
"12505",1,10,33,0
"12506",2,9,32,0
"12507",2,4,27,0
"12508",1,10,21,0
"12509",2,3,14,0
"12510",1,6,6,0
"12511",2,6,6,1
"12512",NA,0,15,0
"12513",NA,0,35,0
"12514",1,10,74,0
"12515",1,10,58,0
"12516",1,10,42,0
"12517",1,10,37,0
"12518",2,9,36,0
"12519",1,4,4,1
"12520",NA,0,15,0
"12521",NA,0,35,0
"12522",1,10,71,0
"12523",2,10,71,0
"12524",1,10,38,0
"12525",2,10,38,0
"12526",3,5,33,0
"12527",1,10,16,0
"12528",2,3,9,0
"12529",2,13,19,0
"12530",1,10,90,0
"12531",2,9,89,0
"12532",3,7,87,0
"12533",1,10,77,0
"12534",2,10,77,0
"12535",3,3,70,0
"12536",NA,0,NA,NA
"12537",1,10,59,0
"12538",1,10,35,0
"12539",2,11,36,0
"12540",1,6,6,0
"12541",2,7,7,1
"12542",NA,0,15,0
"12543",NA,0,35,0
"12544",1,10,74,0
"12545",1,10,51,0
"12546",1,10,36,0
"12547",1,10,25,0
"12548",2,7,22,0
"12549",1,10,14,0
"12550",2,2,6,0
"12551",3,1,5,0
"12552",1,2,2,1
"12553",NA,0,15,0
"12554",NA,0,35,0
"12555",1,10,76,0
"12556",2,4,70,0
"12557",3,1,67,0
"12558",3,5,71,0
"12559",4,7,73,0
"12560",1,10,80,0
"12561",2,6,76,0
"12562",1,10,57,0
"12563",2,6,53,0
"12564",3,6,53,0
"12565",1,10,40,0
"12566",2,9,39,0
"12567",1,10,27,0
"12568",2,10,27,0
"12569",3,10,27,0
"12570",4,10,27,0
"12571",NA,0,35,0
"12572",1,10,71,0
"12573",1,10,59,0
"12574",2,9,58,0
"12575",NA,0,NA,0
"12576",1,10,39,0
"12577",NA,0,NA,0
"12578",2,5,34,0
"12579",NA,0,NA,0
"12580",3,5,34,0
"12581",NA,0,NA,0
"12582",4,5,34,0
"12583",NA,0,35,0
"12584",NA,0,NA,0
"12585",1,10,82,0
"12586",NA,0,NA,NA
"12587",NA,0,NA,NA
"12588",NA,0,35,0
"12589",1,10,91,0
"12590",2,10,91,0
"12591",3,6,87,0
"12592",3,11,92,0
"12593",4,11,92,0
"12594",1,10,59,0
"12595",2,5,54,0
"12596",1,10,40,0
"12597",2,4,34,0
"12598",1,10,30,0
"12599",2,4,24,0
"12600",3,2,22,0
"12601",1,10,19,0
"12602",1,1,1,1
"12603",NA,0,15,0
"12604",NA,0,35,0
"12605",1,10,80,0
"12606",1,15,85,0
"12607",2,4,74,0
"12608",3,5,75,0
"12609",1,10,50,0
"12610",2,8,48,0
"12611",3,1,41,0
"12612",1,10,39,0
"12613",2,4,33,0
"12614",3,3,32,0
"12615",1,10,23,0
"12616",2,8,21,0
"12617",1,10,12,0
"12618",2,14,16,0
"12619",3,14,16,0
"12620",4,8,10,0
"12621",NA,0,35,0
"12622",1,10,70,0
"12623",2,2,62,0
"12624",1,10,53,0
"12625",2,10,53,0
"12626",NA,0,NA,NA
"12627",1,10,33,0
"12628",1,10,17,0
"12629",2,9,16,0
"12630",3,8,15,1
"12631",NA,0,15,0
"12632",NA,0,35,0
"12633",1,10,84,0
"12634",2,12,86,0
"12635",3,2,76,0
"12636",1,10,69,0
"12637",1,10,54,0
"12638",1,10,44,0
"12639",2,4,38,0
"12640",3,1,35,0
"12641",1,10,33,0
"12642",2,12,35,0
"12643",3,12,35,0
"12644",4,12,35,0
"12645",NA,0,35,0
"12646",1,10,65,0
"12647",2,10,65,0
"12648",1,10,54,0
"12649",2,10,54,0
"12650",3,8,52,0
"12651",4,4,48,0
"12652",1,10,87,1
"12653",NA,0,15,0
"12654",NA,0,35,0
"12655",1,10,73,0
"12656",2,2,65,0
"12657",1,10,60,0
"12658",2,4,54,0
"12659",3,2,52,0
"12660",4,2,52,0
"12661",4,7,57,0
"12662",1,10,83,0
"12663",2,7,80,0
"12664",1,10,61,0
"12665",1,10,45,0
"12666",1,10,33,0
"12667",2,10,33,0
"12668",NA,0,NA,0
"12669",3,13,36,0
"12670",NA,0,NA,0
"12671",4,11,34,0
"12672",1,10,58,0
"12673",2,10,58,0
"12674",1,10,44,0
"12675",1,10,41,0
"12676",2,6,37,0
"12677",3,1,32,0
"12678",1,10,21,0
"12679",2,10,21,0
"12680",NA,0,NA,0
"12681",NA,0,NA,0
"12682",1,10,10,0
"12683",NA,0,NA,0
"12684",2,11,11,0
"12685",3,11,11,0
"12686",NA,0,NA,NA
"12687",NA,0,35,0
"12688",1,10,64,0
"12689",2,12,66,0
"12690",3,6,60,0
"12691",4,1,55,0
"12692",1,10,53,0
"12693",2,3,46,0
"12694",1,10,43,0
"12695",1,10,54,0
"12696",NA,0,NA,0
"12697",2,15,59,0
"12698",3,7,51,0
"12699",1,10,34,0
"12700",2,2,26,0
"12701",3,2,26,0
"12702",1,7,7,0
"12703",1,12,12,0
"12704",2,9,9,0
"12705",3,9,9,0
"12706",4,9,9,0
"12707",NA,0,35,0
"12708",1,10,69,0
"12709",2,2,61,0
"12710",1,10,58,0
"12711",2,9,57,0
"12712",3,7,55,0
"12713",1,10,43,0
"12714",2,8,41,0
"12715",3,3,36,0
"12716",1,10,26,0
"12717",2,6,22,0
"12718",1,10,15,0
"12719",NA,0,NA,NA
"12720",2,7,12,1
"12721",NA,0,15,0
"12722",NA,0,35,0
"12723",1,10,53,0
"12724",2,7,50,0
"12725",3,4,47,0
"12726",4,1,44,0
"12727",1,10,42,0
"12728",1,15,47,0
"12729",2,10,42,0
"12730",2,18,50,0
"12731",3,18,50,0
"12732",4,6,38,0
"12733",1,10,95,0
"12734",2,3,88,0
"12735",1,10,77,0
"12736",2,4,71,0
"12737",3,1,68,0
"12738",4,1,68,0
"12739",1,10,64,0
"12740",2,10,64,0
"12741",3,3,57,0
"12742",4,3,57,0
"12743",1,10,51,0
"12744",1,20,61,0
"12745",2,20,61,0
"12746",1,10,45,0
"12747",NA,0,NA,0
"12748",2,11,46,0
"12749",NA,0,NA,0
"12750",3,10,45,0
"12751",NA,0,NA,0
"12752",4,5,40,0
"12753",NA,0,NA,0
"12754",1,10,32,0
"12755",2,8,30,0
"12756",3,7,29,0
"12757",4,6,28,0
"12758",1,10,64,0
"12759",1,10,49,0
"12760",2,9,48,0
"12761",1,10,33,0
"12762",1,10,18,0
"12763",2,10,18,0
"12764",3,9,17,0
"12765",NA,0,NA,0
"12766",4,9,17,0
"12767",4,14,22,0
"12768",4,9,17,0
"12769",1,10,83,0
"12770",NA,0,NA,NA
"12771",NA,0,NA,NA
"12772",NA,0,35,0
"12773",1,10,72,0
"12774",2,6,68,0
"12775",1,10,53,0
"12776",1,15,58,0
"12777",1,10,43,0
"12778",1,20,53,0
"12779",1,10,18,0
"12780",2,7,15,0
"12781",3,1,9,0
"12782",1,6,6,1
"12783",NA,0,15,0
"12784",NA,0,35,0
"12785",1,10,67,0
"12786",2,6,63,0
"12787",3,1,58,0
"12788",1,10,56,0
"12789",2,10,56,0
"12790",3,21,67,0
"12791",4,14,60,0
"12792",1,10,91,0
"12793",2,6,87,0
"12794",1,10,59,0
"12795",2,5,54,0
"12796",3,6,55,0
"12797",4,1,50,0
"12798",1,10,48,0
"12799",2,1,39,0
"12800",3,1,39,0
"12801",NA,0,NA,0
"12802",4,1,39,0
"12803",1,10,38,0
"12804",2,2,30,0
"12805",1,10,25,0
"12806",2,10,25,0
"12807",NA,0,NA,NA
"12808",3,9,24,0
"12809",1,6,6,0
"12810",2,1,1,1
"12811",NA,0,15,0
"12812",NA,0,35,0
"12813",1,10,69,0
"12814",2,5,64,0
"12815",3,5,64,0
"12816",1,10,50,0
"12817",2,8,48,0
"12818",3,2,42,0
"12819",4,1,41,0
"12820",1,10,37,0
"12821",1,10,24,0
"12822",1,10,70,0
"12823",2,9,69,0
"12824",1,10,53,0
"12825",2,8,51,0
"12826",3,5,48,0
"12827",4,5,48,0
"12828",1,10,85,0
"12829",1,15,90,0
"12830",2,15,90,0
"12831",3,4,79,0
"12832",1,10,74,0
"12833",2,10,74,0
"12834",3,4,68,0
"12835",1,10,47,0
"12836",1,10,25,0
"12837",1,10,14,1
"12838",NA,0,15,0
"12839",NA,0,35,0
"12840",1,10,67,0
"12841",2,10,67,0
"12842",1,10,54,0
"12843",NA,0,NA,0
"12844",2,10,54,0
"12845",NA,0,NA,0
"12846",3,10,54,0
"12847",1,10,43,0
"12848",2,2,35,0
"12849",3,2,35,0
"12850",1,10,27,0
"12851",2,10,27,0
"12852",NA,0,NA,0
"12853",3,10,27,0
"12854",NA,0,NA,0
"12855",4,2,19,0
"12856",NA,0,NA,NA
"12857",NA,0,35,0
"12858",1,10,63,0
"12859",2,6,59,0
"12860",1,10,39,NA
"12861",1,10,39,0
"12862",2,6,35,0
"12863",3,6,35,0
"12864",4,6,35,0
"12865",1,10,57,0
"12866",2,8,55,0
"12867",3,8,55,0
"12868",1,10,49,0
"12869",1,10,30,0
"12870",2,8,28,0
"12871",3,3,23,0
"12872",1,10,13,0
"12873",2,6,9,0
"12874",1,3,3,0
"12875",2,1,1,0
"12876",NA,0,NA,0
"12877",3,2,2,0
"12878",4,2,2,0
"12879",NA,0,35,0
"12880",1,10,69,0
"12881",2,10,69,0
"12882",1,10,35,0
"12883",1,10,19,0
"12884",2,10,19,0
"12885",1,8,8,0
"12886",2,1,1,1
"12887",NA,0,15,0
"12888",NA,0,35,0
"12889",1,10,73,0
"12890",1,15,78,0
"12891",2,9,72,0
"12892",3,1,64,0
"12893",4,1,64,0
"12894",NA,0,NA,0
"12895",1,10,62,0
"12896",2,6,58,0
"12897",NA,0,NA,NA
"12898",3,1,53,0
"12899",4,4,56,0
"12900",1,10,88,0
"12901",2,1,79,0
"12902",1,10,75,0
"12903",2,10,75,0
"12904",3,1,66,0
"12905",1,10,63,0
"12906",1,10,58,0
"12907",1,10,32,0
"12908",1,8,8,0
"12909",2,8,8,1
"12910",NA,0,15,0
"12911",NA,0,35,0
"12912",1,10,65,0
"12913",2,8,63,0
"12914",3,8,63,0
"12915",4,8,63,0
"12916",1,10,70,0
"12917",2,10,70,0
"12918",3,1,61,0
"12919",4,1,61,0
"12920",1,10,98,0
"12921",2,10,98,0
"12922",3,1,89,0
"12923",1,10,71,0
"12924",2,6,67,0
"12925",3,5,66,0
"12926",1,10,50,0
"12927",2,10,50,0
"12928",1,10,40,0
"12929",1,15,45,0
"12930",2,15,45,0
"12931",3,11,41,0
"12932",4,11,41,0
"12933",NA,0,35,0
"12934",1,10,65,0
"12935",1,10,54,0
"12936",1,10,36,0
"12937",1,10,31,0
"12938",1,10,11,0
"12939",1,3,3,0
"12940",1,10,99,0
"12941",NA,0,NA,0
"12942",2,9,98,0
"12943",NA,0,NA,0
"12944",3,8,97,0
"12945",NA,0,NA,0
"12946",4,8,97,0
"12947",1,10,50,0
"12948",2,10,50,0
"12949",3,10,50,0
"12950",4,3,43,0
"12951",1,10,30,0
"12952",NA,0,NA,0
"12953",2,10,30,0
"12954",3,10,30,0
"12955",NA,0,35,0
"12956",NA,0,NA,NA
"12957",NA,0,35,0
"12958",1,10,60,0
"12959",1,10,48,0
"12960",1,10,33,0
"12961",2,4,27,0
"12962",1,10,21,0
"12963",2,3,14,0
"12964",3,12,23,0
"12965",4,12,23,0
"12966",NA,0,35,0
"12967",1,10,67,0
"12968",2,1,58,0
"12969",1,10,20,0
"12970",2,10,20,0
"12971",3,6,16,0
"12972",NA,0,NA,0
"12973",NA,0,NA,0
"12974",4,1,11,0
"12975",NA,0,NA,NA
"12976",NA,0,NA,NA
"12977",NA,0,35,0
"12978",1,10,80,0
"12979",2,11,81,0
"12980",1,10,68,0
"12981",1,10,41,0
"12982",2,6,37,0
"12983",3,1,32,0
"12984",1,10,29,0
"12985",1,10,17,0
"12986",2,14,21,0
"12987",3,9,16,0
"12988",4,5,12,0
"12989",NA,0,35,0
"12990",1,10,71,NA
"12991",1,10,71,0
"12992",1,10,47,0
"12993",1,10,33,0
"12994",2,8,31,0
"12995",2,18,41,0
"12996",3,16,39,0
"12997",4,3,26,0
"12998",1,10,66,0
"12999",2,10,66,0
"13000",3,4,60,0
"13001",1,10,52,0
"13002",2,9,51,0
"13003",1,10,42,0
"13004",2,8,40,0
"13005",1,10,24,0
"13006",NA,0,NA,NA
"13007",2,7,21,0
"13008",3,4,18,0
"13009",4,4,18,0
"13010",NA,0,35,0
"13011",1,10,73,0
"13012",1,10,61,0
"13013",1,10,49,0
"13014",2,12,51,0
"13015",3,12,51,0
"13016",3,17,56,0
"13017",4,5,44,0
"13018",1,10,94,0
"13019",2,9,93,0
"13020",3,12,96,0
"13021",4,8,92,0
"13022",1,10,59,0
"13023",2,6,55,0
"13024",3,4,53,0
"13025",1,10,48,0
"13026",1,10,38,0
"13027",1,10,59,0
"13028",1,10,35,0
"13029",2,15,40,0
"13030",3,14,39,0
"13031",1,10,22,0
"13032",2,4,16,0
"13033",1,7,7,1
"13034",NA,0,15,0
"13035",NA,0,35,0
"13036",1,10,54,0
"13037",2,10,54,0
"13038",3,6,50,0
"13039",1,10,44,0
"13040",NA,0,NA,0
"13041",1,10,33,0
"13042",2,10,33,0
"13043",NA,0,NA,0
"13044",3,4,27,0
"13045",1,10,17,0
"13046",1,6,6,0
"13047",NA,0,NA,0
"13048",2,6,6,1
"13049",NA,0,15,0
"13050",NA,0,35,0
"13051",NA,0,NA,NA
"13052",NA,0,35,0
"13053",1,10,77,0
"13054",2,5,72,0
"13055",1,10,36,0
"13056",1,5,5,1
"13057",NA,0,15,0
"13058",NA,0,35,0
"13059",1,10,77,0
"13060",2,8,75,0
"13061",3,4,71,0
"13062",1,10,60,0
"13063",2,1,51,0
"13064",1,10,42,0
"13065",1,10,15,0
"13066",2,7,12,0
"13067",3,15,20,1
"13068",NA,0,2,0
"13069",NA,0,35,0
"13070",1,10,80,0
"13071",1,10,69,0
"13072",2,1,60,0
"13073",1,7,7,0
"13074",2,5,5,0
"13075",3,2,2,1
"13076",NA,0,15,0
"13077",NA,0,35,0
"13078",1,10,75,0
"13079",1,10,56,0
"13080",2,11,57,0
"13081",3,8,54,0
"13082",3,13,59,0
"13083",1,2,2,0
"13084",1,1,1,1
"13085",NA,0,15,0
"13086",NA,0,35,0
"13087",1,10,51,0
"13088",NA,0,NA,NA
"13089",2,2,43,0
"13090",2,12,53,0
"13091",1,10,48,0
"13092",2,6,44,0
"13093",1,10,37,0
"13094",1,15,42,0
"13095",2,15,42,0
"13096",3,5,32,0
"13097",1,10,21,0
"13098",2,3,14,0
"13099",3,2,13,0
"13100",1,6,6,1
"13101",NA,0,15,0
"13102",NA,0,35,0
"13103",1,10,65,0
"13104",1,10,48,0
"13105",1,10,34,0
"13106",2,8,32,0
"13107",3,17,41,0
"13108",4,17,41,0
"13109",1,10,99,0
"13110",2,8,97,0
"13111",1,10,88,0
"13112",1,10,66,0
"13113",1,10,29,0
"13114",2,2,21,0
"13115",3,2,21,0
"13116",4,2,21,1
"13117",NA,0,15,0
"13118",NA,0,35,0
"13119",1,10,70,0
"13120",1,10,45,0
"13121",2,10,45,0
"13122",1,10,20,0
"13123",2,1,11,1
"13124",NA,0,15,0
"13125",NA,0,35,0
"13126",1,10,77,0
"13127",2,1,68,0
"13128",1,10,35,0
"13129",NA,0,NA,0
"13130",2,7,32,0
"13131",NA,0,NA,0
"13132",3,7,32,0
"13133",NA,0,NA,0
"13134",1,10,20,0
"13135",NA,0,NA,0
"13136",2,11,21,0
"13137",NA,0,NA,NA
"13138",NA,0,NA,NA
"13139",NA,0,35,0
"13140",1,10,67,0
"13141",2,3,60,0
"13142",2,8,65,0
"13143",1,10,55,0
"13144",2,1,46,0
"13145",3,2,47,0
"13146",1,10,44,0
"13147",1,1,1,0
"13148",2,1,1,0
"13149",2,1,1,1
"13150",NA,0,15,0
"13151",NA,0,35,0
"13152",1,10,70,0
"13153",2,1,61,0
"13154",3,1,61,0
"13155",1,10,58,0
"13156",2,8,56,0
"13157",3,2,50,0
"13158",1,10,45,0
"13159",2,4,39,0
"13160",1,10,28,0
"13161",2,10,28,0
"13162",3,8,26,0
"13163",4,8,26,0
"13164",NA,0,35,0
"13165",1,10,65,0
"13166",2,7,62,0
"13167",1,10,42,0
"13168",2,3,35,0
"13169",1,10,19,0
"13170",2,6,15,0
"13171",NA,0,NA,0
"13172",3,3,12,1
"13173",NA,0,15,0
"13174",NA,0,35,0
"13175",1,10,87,0
"13176",NA,0,NA,NA
"13177",1,10,62,0
"13178",2,10,62,0
"13179",3,11,63,0
"13180",4,11,63,0
"13181",1,10,74,0
"13182",2,3,67,0
"13183",3,1,65,0
"13184",4,1,65,0
"13185",1,10,74,0
"13186",1,10,27,0
"13187",2,7,24,0
"13188",1,10,11,0
"13189",1,1,1,1
"13190",NA,0,15,0
"13191",NA,0,35,0
"13192",1,10,34,0
"13193",2,7,31,0
"13194",3,5,29,0
"13195",4,9,33,0
"13196",NA,0,35,0
"13197",1,10,75,0
"13198",NA,0,NA,0
"13199",2,10,75,0
"13200",3,4,69,NA
"13201",3,4,69,0
"13202",1,10,63,0
"13203",2,10,63,0
"13204",3,10,63,0
"13205",4,20,73,0
"13206",4,25,78,0
"13207",1,10,90,0
"13208",2,10,90,0
"13209",1,10,85,0
"13210",2,4,79,0
"13211",3,4,79,0
"13212",1,10,66,0
"13213",2,10,66,0
"13214",3,5,61,0
"13215",4,5,61,0
"13216",1,10,89,0
"13217",2,11,90,0
"13218",2,16,95,0
"13219",3,6,85,0
"13220",4,18,97,0
"13221",1,10,51,0
"13222",1,10,40,0
"13223",2,10,40,0
"13224",3,10,40,0
"13225",4,10,40,0
"13226",1,10,48,0
"13227",2,18,56,0
"13228",3,18,56,0
"13229",4,8,46,0
"13230",1,10,80,0
"13231",NA,0,NA,NA
"13232",NA,0,35,0
"13233",1,10,72,0
"13234",2,12,74,0
"13235",3,8,70,0
"13236",4,2,64,0
"13237",1,10,75,0
"13238",2,9,74,0
"13239",3,8,73,0
"13240",1,10,54,0
"13241",2,8,52,0
"13242",3,3,47,0
"13243",1,10,37,0
"13244",2,7,34,0
"13245",3,3,30,0
"13246",1,10,18,0
"13247",1,15,23,0
"13248",1,23,31,0
"13249",2,19,27,0
"13250",3,12,20,0
"13251",1,10,74,0
"13252",2,10,74,0
"13253",3,5,69,0
"13254",4,1,65,0
"13255",1,10,84,0
"13256",2,9,83,0
"13257",3,9,83,0
"13258",4,9,83,0
"13259",1,10,63,0
"13260",2,5,58,0
"13261",3,4,57,0
"13262",4,4,57,0
"13263",1,10,93,0
"13264",NA,0,NA,NA
"13265",2,6,89,0
"13266",3,3,86,0
"13267",1,10,81,0
"13268",2,5,76,0
"13269",3,1,72,0
"13270",1,10,80,0
"13271",1,10,67,0
"13272",2,10,67,0
"13273",3,10,67,0
"13274",1,10,20,0
"13275",1,1,1,0
"13276",1,1,1,1
"13277",NA,0,15,0
"13278",NA,0,35,0
"13279",1,10,70,0
"13280",2,20,80,0
"13281",3,9,69,0
"13282",4,9,69,0
"13283",1,10,81,0
"13284",1,10,65,0
"13285",2,4,59,0
"13286",1,10,54,0
"13287",1,10,40,0
"13288",1,10,28,0
"13289",2,10,28,0
"13290",3,2,20,1
"13291",NA,0,15,0
"13292",NA,0,35,0
"13293",1,10,80,0
"13294",2,9,79,0
"13295",3,1,71,0
"13296",NA,0,NA,0
"13297",1,10,67,0
"13298",NA,0,NA,0
"13299",2,8,65,0
"13300",3,8,65,0
"13301",4,8,65,0
"13302",1,10,82,0
"13303",2,7,79,0
"13304",3,3,75,0
"13305",1,10,69,0
"13306",2,10,69,0
"13307",1,10,53,0
"13308",1,10,15,0
"13309",NA,0,NA,0
"13310",1,4,4,0
"13311",NA,0,NA,0
"13312",2,7,7,0
"13313",NA,0,NA,0
"13314",3,9,9,0
"13315",NA,0,NA,0
"13316",4,11,11,0
"13317",NA,0,NA,NA
"13318",NA,0,NA,NA
"13319",NA,0,35,0
"13320",NA,0,40,0
"13321",1,10,76,0
"13322",2,2,68,0
"13323",3,2,68,0
"13324",1,10,27,0
"13325",1,10,16,0
"13326",1,15,21,0
"13327",NA,0,NA,0
"13328",2,7,13,0
"13329",3,5,11,0
"13330",4,5,11,0
"13331",1,6,6,0
"13332",2,2,2,1
"13333",NA,0,15,0
"13334",NA,0,35,0
"13335",1,10,58,0
"13336",2,3,51,0
"13337",3,5,53,0
"13338",4,5,53,0
"13339",1,10,80,0
"13340",2,6,76,0
"13341",3,6,76,0
"13342",1,10,47,0
"13343",2,5,42,0
"13344",1,10,36,0
"13345",2,1,27,0
"13346",NA,0,NA,0
"13347",2,5,31,0
"13348",3,5,31,0
"13349",4,11,37,0
"13350",NA,0,35,0
"13351",1,10,87,0
"13352",2,3,80,0
"13353",1,10,67,0
"13354",2,9,66,0
"13355",3,9,66,0
"13356",4,5,62,0
"13357",NA,0,NA,NA
"13358",1,10,86,0
"13359",2,7,83,0
"13360",3,3,79,0
"13361",1,10,76,0
"13362",2,6,72,0
"13363",1,10,60,0
"13364",2,15,65,0
"13365",3,2,52,0
"13366",1,10,44,0
"13367",2,8,42,0
"13368",1,10,74,0
"13369",2,11,75,0
"13370",3,11,75,0
"13371",3,16,80,0
"13372",1,10,64,0
"13373",2,4,58,0
"13374",1,10,51,0
"13375",2,4,45,0
"13376",1,10,24,0
"13377",2,1,15,1
"13378",NA,0,15,0
"13379",NA,0,35,0
"13380",1,10,68,0
"13381",2,6,64,0
"13382",3,1,59,0
"13383",1,10,57,0
"13384",2,7,54,0
"13385",NA,0,NA,0
"13386",3,14,61,0
"13387",NA,0,NA,0
"13388",4,9,56,0
"13389",4,14,61,0
"13390",1,10,93,0
"13391",2,10,93,0
"13392",3,15,98,0
"13393",4,15,98,0
"13394",1,10,83,0
"13395",NA,0,NA,0
"13396",1,10,33,0
"13397",2,10,33,0
"13398",1,10,11,0
"13399",2,10,11,0
"13400",NA,0,35,0
"13401",1,10,65,0
"13402",NA,0,NA,NA
"13403",NA,0,35,0
"13404",1,10,69,0
"13405",2,10,69,0
"13406",3,1,60,0
"13407",1,10,55,0
"13408",1,10,27,0
"13409",2,1,18,0
"13410",1,10,16,0
"13411",NA,0,NA,0
"13412",1,5,5,1
"13413",NA,0,15,0
"13414",NA,0,35,0
"13415",1,10,72,0
"13416",2,19,81,0
"13417",2,28,90,0
"13418",2,33,95,0
"13419",3,29,91,0
"13420",4,23,85,0
"13421",1,10,57,0
"13422",1,10,30,0
"13423",2,10,30,0
"13424",3,10,30,0
"13425",1,10,18,0
"13426",2,5,13,0
"13427",3,5,13,0
"13428",3,10,18,0
"13429",4,10,18,0
"13430",NA,0,35,0
"13431",1,10,77,0
"13432",2,7,74,0
"13433",3,4,71,0
"13434",1,10,65,0
"13435",1,10,47,0
"13436",2,10,47,0
"13437",3,14,51,0
"13438",4,2,39,0
"13439",1,10,61,0
"13440",2,11,62,0
"13441",1,10,44,0
"13442",NA,0,NA,NA
"13443",2,2,36,0
"13444",1,10,57,0
"13445",2,8,55,0
"13446",3,6,53,0
"13447",1,10,42,0
"13448",2,10,42,0
"13449",3,10,42,0
"13450",1,10,32,0
"13451",2,7,29,0
"13452",3,6,28,0
"13453",1,10,20,0
"13454",2,2,12,0
"13455",1,1,1,0
"13456",2,1,1,0
"13457",3,4,4,0
"13458",1,10,99,0
"13459",2,1,90,0
"13460",1,10,80,0
"13461",2,1,71,0
"13462",2,6,76,0
"13463",2,16,86,0
"13464",1,10,59,0
"13465",2,9,58,0
"13466",3,1,50,0
"13467",3,6,55,0
"13468",1,10,38,0
"13469",NA,0,NA,0
"13470",1,10,23,0
"13471",NA,0,NA,0
"13472",2,1,14,0
"13473",NA,0,NA,0
"13474",1,10,11,0
"13475",NA,0,NA,0
"13476",2,8,9,0
"13477",3,5,6,0
"13478",NA,0,NA,0
"13479",4,7,8,1
"13480",NA,0,15,0
"13481",NA,0,35,0
"13482",1,10,65,0
"13483",2,1,56,0
"13484",1,10,42,0
"13485",2,15,47,0
"13486",3,15,47,0
"13487",4,4,36,0
"13488",NA,0,NA,NA
"13489",NA,0,NA,NA
"13490",NA,0,35,0
"13491",1,10,65,0
"13492",2,1,56,0
"13493",1,10,53,0
"13494",2,10,53,0
"13495",1,10,42,0
"13496",1,10,19,0
"13497",2,10,19,0
"13498",3,5,14,0
"13499",1,8,8,1
"13500",NA,0,15,0
"13501",NA,0,35,0
"13502",1,10,65,0
"13503",1,15,70,0
"13504",2,4,59,0
"13505",3,4,59,0
"13506",4,4,59,0
"13507",1,10,84,0
"13508",2,12,86,0
"13509",3,19,93,0
"13510",4,11,85,0
"13511",1,10,56,0
"13512",2,3,49,0
"13513",1,10,39,0
"13514",2,10,39,0
"13515",3,1,30,0
"13516",1,10,26,0
"13517",2,11,27,0
"13518",3,17,33,0
"13519",1,7,7,0
"13520",2,6,6,0
"13521",3,1,1,1
"13522",NA,0,15,0
"13523",NA,0,35,0
"13524",1,10,71,0
"13525",2,10,71,0
"13526",3,7,68,0
"13527",4,3,64,0
"13528",1,10,91,0
"13529",NA,0,NA,NA
"13530",2,12,93,0
"13531",2,15,96,0
"13532",3,15,96,0
"13533",4,15,96,0
"13534",1,10,68,0
"13535",1,10,27,0
"13536",1,10,16,0
"13537",1,10,87,0
"13538",1,10,73,0
"13539",2,5,68,0
"13540",1,10,61,0
"13541",1,10,45,0
"13542",2,1,36,0
"13543",1,10,33,0
"13544",1,3,3,0
"13545",2,3,3,1
"13546",NA,0,15,0
"13547",NA,0,35,0
"13548",1,10,70,0
"13549",2,4,64,0
"13550",3,4,64,0
"13551",1,10,43,0
"13552",2,7,40,0
"13553",3,7,40,0
"13554",3,2,35,0
"13555",1,10,28,0
"13556",2,6,24,0
"13557",2,21,39,0
"13558",3,15,33,0
"13559",1,10,16,0
"13560",2,8,14,0
"13561",3,8,14,0
"13562",4,16,22,0
"13563",NA,0,35,0
"13564",1,10,71,0
"13565",2,8,69,0
"13566",NA,0,NA,0
"13567",3,3,64,0
"13568",1,10,58,0
"13569",2,13,61,0
"13570",3,13,61,0
"13571",NA,0,NA,0
"13572",4,4,52,0
"13573",4,9,57,0
"13574",1,10,80,0
"13575",2,10,80,0
"13576",3,10,80,0
"13577",NA,0,NA,0
"13578",1,10,69,0
"13579",1,10,53,0
"13580",NA,0,NA,NA
"13581",NA,0,35,0
"13582",1,10,61,0
"13583",1,10,41,0
"13584",2,7,38,0
"13585",1,10,28,0
"13586",1,10,17,0
"13587",2,3,10,0
"13588",3,1,8,0
"13589",1,5,5,0
"13590",2,5,5,0
"13591",3,1,1,1
"13592",NA,0,15,0
"13593",NA,0,35,0
"13594",1,10,69,0
"13595",1,10,55,0
"13596",1,10,42,0
"13597",2,5,37,0
"13598",3,1,33,0
"13599",1,10,31,0
"13600",2,6,27,0
"13601",3,6,27,0
"13602",4,6,27,0
"13603",NA,0,35,0
"13604",1,10,66,0
"13605",2,10,66,0
"13606",1,10,51,0
"13607",2,7,48,0
"13608",1,10,27,0
"13609",2,6,23,0
"13610",1,10,12,1
"13611",NA,0,15,0
"13612",NA,0,35,0
"13613",1,10,67,0
"13614",1,10,50,0
"13615",NA,0,NA,NA
"13616",2,5,45,0
"13617",1,10,33,0
"13618",1,7,7,0
"13619",2,5,5,1
"13620",NA,0,15,0
"13621",NA,0,35,0
"13622",1,10,60,0
"13623",2,10,60,0
"13624",2,15,65,0
"13625",1,10,41,0
"13626",1,16,47,0
"13627",2,16,47,0
"13628",1,10,23,0
"13629",2,11,24,0
"13630",3,13,26,0
"13631",4,13,26,0
"13632",NA,0,35,0
"13633",1,10,66,0
"13634",2,10,66,0
"13635",1,10,44,0
"13636",1,10,29,0
"13637",2,5,24,0
"13638",1,10,14,0
"13639",2,8,12,0
"13640",3,8,12,0
"13641",1,3,3,0
"13642",2,1,1,1
"13643",NA,0,15,0
"13644",NA,0,35,0
"13645",1,10,87,0
"13646",2,1,78,0
"13647",1,10,77,0
"13648",1,10,63,0
"13649",1,10,51,0
"13650",2,1,42,0
"13651",1,10,12,0
"13652",NA,0,NA,0
"13653",2,7,9,0
"13654",3,7,9,0
"13655",NA,0,NA,0
"13656",4,7,9,0
"13657",1,10,91,0
"13658",NA,0,NA,0
"13659",2,6,87,0
"13660",NA,0,NA,0
"13661",1,10,71,0
"13662",NA,0,NA,0
"13663",2,11,72,0
"13664",NA,0,NA,NA
"13665",NA,0,NA,NA
"13666",NA,0,35,0
"13667",1,10,69,0
"13668",1,5,64,0
"13669",1,10,41,0
"13670",2,8,39,0
"13671",1,10,29,0
"13672",2,2,21,1
"13673",NA,0,15,0
"13674",NA,0,35,0
"13675",1,10,73,0
"13676",1,10,28,0
"13677",2,6,24,0
"13678",1,10,16,0
"13679",2,8,14,0
"13680",2,18,24,0
"13681",3,13,19,1
"13682",NA,0,15,0
"13683",NA,0,35,0
"13684",1,10,58,0
"13685",1,15,63,0
"13686",2,13,61,0
"13687",3,13,61,0
"13688",4,17,65,0
"13689",1,10,74,0
"13690",2,10,74,0
"13691",3,10,74,0
"13692",4,10,74,0
"13693",1,10,66,0
"13694",2,11,67,0
"13695",3,3,59,0
"13696",1,10,54,0
"13697",1,15,59,0
"13698",2,8,52,0
"13699",3,7,51,0
"13700",1,10,31,0
"13701",1,9,9,0
"13702",2,9,9,0
"13703",3,9,9,1
"13704",NA,0,15,0
"13705",NA,0,35,0
"13706",1,10,74,0
"13707",NA,0,NA,NA
"13708",2,10,74,0
"13709",3,10,74,0
"13710",1,10,59,0
"13711",1,10,44,0
"13712",2,8,42,0
"13713",3,8,42,0
"13714",4,23,57,0
"13715",1,10,86,0
"13716",1,5,81,1
"13717",NA,0,15,0
"13718",NA,0,35,0
"13719",1,10,78,0
"13720",2,4,72,0
"13721",1,10,58,0
"13722",2,8,56,0
"13723",3,3,51,0
"13724",4,3,51,0
"13725",1,10,95,0
"13726",2,7,92,0
"13727",3,1,86,0
"13728",1,10,84,0
"13729",1,10,58,0
"13730",2,3,51,0
"13731",3,2,50,0
"13732",1,10,40,0
"13733",2,9,39,0
"13734",3,9,39,0
"13735",4,3,33,0
"13736",1,10,66,0
"13737",2,6,62,0
"13738",3,6,62,0
"13739",4,6,62,0
"13740",1,10,87,0
"13741",2,1,78,0
"13742",NA,0,NA,0
"13743",3,1,78,0
"13744",NA,0,NA,0
"13745",1,10,73,0
"13746",2,10,73,0
"13747",3,10,73,0
"13748",NA,0,NA,0
"13749",4,8,71,0
"13750",1,10,69,0
"13751",NA,0,NA,0
"13752",1,10,49,0
"13753",2,1,40,0
"13754",NA,0,NA,NA
"13755",NA,0,35,0
"13756",1,10,73,0
"13757",2,2,65,0
"13758",1,10,58,0
"13759",2,1,49,0
"13760",1,10,46,0
"13761",2,2,38,0
"13762",1,10,35,0
"13763",1,10,23,0
"13764",2,3,16,1
"13765",NA,0,15,0
"13766",NA,0,35,0
"13767",1,10,74,0
"13768",2,2,66,0
"13769",1,10,63,0
"13770",2,23,76,0
"13771",3,13,66,0
"13772",4,13,66,0
"13773",1,10,80,0
"13774",2,1,71,0
"13775",1,10,70,0
"13776",1,10,65,0
"13777",2,4,59,0
"13778",3,4,59,0
"13779",1,10,54,0
"13780",2,18,62,0
"13781",3,9,53,0
"13782",4,2,46,0
"13783",1,10,53,0
"13784",1,10,42,0
"13785",NA,0,NA,NA
"13786",2,13,45,0
"13787",3,14,46,0
"13788",1,10,37,0
"13789",1,10,17,0
"13790",2,12,19,0
"13791",3,12,19,0
"13792",4,12,19,0
"13793",1,10,61,0
"13794",2,5,56,0
"13795",3,1,52,0
"13796",4,5,56,0
"13797",1,10,85,0
"13798",2,1,76,0
"13799",3,2,77,0
"13800",4,2,77,0
"13801",1,10,67,0
"13802",2,10,67,0
"13803",3,10,67,0
"13804",4,10,67,0
"13805",1,10,83,0
"13806",2,2,75,0
"13807",1,10,71,0
"13808",1,15,76,0
"13809",2,9,70,0
"13810",1,10,47,0
"13811",2,7,44,0
"13812",1,10,33,0
"13813",2,5,28,0
"13814",1,10,23,0
"13815",2,10,23,0
"13816",3,1,14,0
"13817",1,9,9,0
"13818",NA,0,NA,0
"13819",2,13,13,0
"13820",NA,0,NA,0
"13821",3,15,15,0
"13822",NA,0,NA,0
"13823",4,15,15,0
"13824",NA,0,35,0
"13825",1,10,70,0
"13826",2,10,70,0
"13827",1,10,59,0
"13828",1,10,49,0
"13829",1,10,25,0
"13830",2,1,16,0
"13831",1,10,87,0
"13832",NA,0,NA,NA
"13833",NA,0,NA,NA
"13834",NA,0,35,0
"13835",1,10,70,0
"13836",2,8,68,0
"13837",1,10,58,0
"13838",2,6,54,0
"13839",1,10,47,0
"13840",1,10,35,0
"13841",2,4,29,0
"13842",3,4,29,0
"13843",4,4,29,0
"13844",NA,0,35,0
"13845",1,10,65,0
"13846",2,7,62,0
"13847",2,12,67,0
"13848",1,10,54,0
"13849",2,8,52,0
"13850",1,10,37,0
"13851",2,6,33,0
"13852",3,3,30,0
"13853",1,10,26,0
"13854",2,5,21,0
"13855",1,10,66,0
"13856",2,10,66,0
"13857",1,10,53,0
"13858",2,6,49,0
"13859",1,10,32,0
"13860",2,10,32,0
"13861",2,20,42,0
"13862",3,20,42,0
"13863",4,8,30,0
"13864",NA,0,35,0
"13865",1,10,70,0
"13866",1,10,65,0
"13867",1,10,35,0
"13868",1,10,24,0
"13869",2,5,19,0
"13870",NA,0,NA,NA
"13871",1,7,7,0
"13872",2,1,1,1
"13873",NA,0,15,0
"13874",NA,0,35,0
"13875",1,10,65,0
"13876",2,8,63,0
"13877",1,10,52,0
"13878",2,3,45,0
"13879",3,6,48,0
"13880",1,10,33,0
"13881",2,3,26,0
"13882",1,10,22,0
"13883",2,10,22,1
"13884",NA,0,15,0
"13885",NA,0,35,0
"13886",1,10,74,0
"13887",2,6,70,0
"13888",1,10,51,0
"13889",2,4,45,0
"13890",3,3,44,0
"13891",1,10,40,0
"13892",NA,0,NA,0
"13893",2,10,40,0
"13894",3,10,40,0
"13895",4,1,31,0
"13896",1,10,69,0
"13897",2,3,62,0
"13898",1,10,58,0
"13899",1,10,47,0
"13900",2,8,45,0
"13901",3,8,45,0
"13902",1,10,35,0
"13903",2,12,37,0
"13904",NA,0,NA,0
"13905",3,9,34,0
"13906",NA,0,NA,0
"13907",4,7,32,0
"13908",1,10,60,0
"13909",2,10,60,0
"13910",3,5,55,0
"13911",NA,0,NA,0
"13912",4,12,62,0
"13913",1,10,91,0
"13914",NA,0,NA,NA
"13915",NA,0,35,0
"13916",1,10,60,0
"13917",2,1,51,0
"13918",1,10,44,0
"13919",2,10,44,0
"13920",1,10,29,0
"13921",2,6,25,0
"13922",3,16,35,0
"13923",4,16,35,0
"13924",NA,0,35,0
"13925",1,10,85,0
"13926",2,10,85,0
"13927",1,10,80,0
"13928",2,3,73,0
"13929",1,10,52,0
"13930",1,10,15,0
"13931",2,6,11,0
"13932",3,6,11,0
"13933",3,11,16,0
"13934",4,18,23,0
"13935",NA,0,35,0
"13936",1,10,84,0
"13937",2,2,76,0
"13938",1,10,73,0
"13939",1,10,55,0
"13940",2,11,56,0
"13941",3,2,47,0
"13942",4,2,47,0
"13943",1,10,34,0
"13944",2,9,33,1
"13945",NA,0,15,0
"13946",NA,0,40,0
"13947",1,10,77,0
"13948",2,6,73,0
"13949",1,10,59,0
"13950",1,10,34,0
"13951",2,10,34,0
"13952",3,1,25,0
"13953",NA,0,NA,NA
"13954",4,6,30,0
"13955",1,10,63,0
"13956",2,6,59,0
"13957",1,10,48,0
"13958",2,6,44,NA
"13959",2,6,44,0
"13960",1,7,7,0
"13961",2,6,6,1
"13962",NA,0,15,0
"13963",NA,0,35,0
"13964",1,10,61,0
"13965",2,4,55,0
"13966",3,4,55,1
"13967",NA,0,2,0
"13968",NA,0,35,0
"13969",1,10,60,0
"13970",2,7,57,0
"13971",3,4,54,0
"13972",1,10,39,0
"13973",2,10,39,0
"13974",3,10,39,0
"13975",4,10,39,0
"13976",1,10,91,0
"13977",1,14,95,0
"13978",2,16,97,0
"13979",3,16,97,0
"13980",4,2,83,0
"13981",1,10,61,0
"13982",2,7,58,0
"13983",3,13,64,0
"13984",1,10,49,0
"13985",2,9,48,0
"13986",NA,0,NA,0
"13987",3,1,40,0
"13988",1,10,56,0
"13989",2,8,54,0
"13990",3,5,51,0
"13991",1,10,45,0
"13992",NA,0,NA,0
"13993",2,6,41,0
"13994",NA,0,NA,0
"13995",1,10,31,0
"13996",NA,0,NA,0
"13997",2,12,33,0
"13998",NA,0,NA,0
"13999",1,10,18,0
"14000",NA,0,NA,0
"14001",2,12,20,0
"14002",NA,0,NA,NA
"14003",NA,0,NA,NA
"14004",NA,0,35,0
"14005",1,10,66,0
"14006",1,10,45,0
"14007",2,7,42,0
"14008",3,7,42,0
"14009",1,10,35,0
"14010",2,7,32,0
"14011",3,2,27,0
"14012",4,1,26,0
"14013",1,10,24,0
"14014",2,3,17,0
"14015",3,5,19,0
"14016",1,10,64,0
"14017",2,13,67,0
"14018",3,13,67,0
"14019",4,9,63,0
"14020",1,10,96,0
"14021",2,1,87,0
"14022",1,10,80,0
"14023",2,3,73,0
"14024",1,10,65,0
"14025",2,9,64,0
"14026",1,10,44,0
"14027",2,3,37,0
"14028",1,10,29,0
"14029",2,7,26,0
"14030",NA,0,NA,NA
"14031",3,8,27,0
"14032",4,6,25,0
"14033",NA,0,35,0
"14034",1,10,72,0
"14035",2,7,69,0
"14036",1,10,55,0
"14037",2,10,55,0
"14038",3,10,55,0
"14039",4,10,55,0
"14040",1,10,84,0
"14041",2,8,82,0
"14042",3,2,76,0
"14043",4,6,80,0
"14044",1,10,63,0
"14045",2,5,58,0
"14046",3,2,55,0
"14047",4,5,58,0
"14048",1,10,80,0
"14049",2,6,76,0
"14050",3,6,76,0
"14051",1,10,70,0
"14052",2,10,70,0
"14053",3,10,70,0
"14054",1,10,35,0
"14055",1,6,6,0
"14056",1,3,3,1
"14057",NA,0,15,0
"14058",NA,0,35,0
"14059",1,10,60,0
"14060",2,10,60,0
"14061",3,12,62,0
"14062",4,12,62,0
"14063",1,10,83,0
"14064",1,10,59,0
"14065",1,10,47,0
"14066",2,10,47,0
"14067",3,5,42,0
"14068",4,5,42,0
"14069",1,10,93,0
"14070",1,10,80,0
"14071",1,10,70,0
"14072",NA,0,NA,0
"14073",2,7,67,0
"14074",NA,0,NA,0
"14075",3,2,62,0
"14076",NA,0,NA,0
"14077",1,10,58,0
"14078",2,10,58,0
"14079",3,1,49,0
"14080",NA,0,NA,0
"14081",4,1,49,0
"14082",NA,0,NA,NA
"14083",NA,0,35,0
"14084",1,10,78,0
"14085",2,5,73,0
"14086",3,1,69,0
"14087",1,10,67,0
"14088",1,10,55,0
"14089",1,10,50,0
"14090",2,4,44,0
"14091",3,4,44,0
"14092",1,10,35,0
"14093",2,10,35,0
"14094",3,1,26,0
"14095",1,10,25,0
"14096",2,4,19,0
"14097",1,10,14,0
"14098",2,10,14,0
"14099",1,1,1,0
"14100",1,5,5,0
"14101",2,4,4,0
"14102",NA,0,NA,0
"14103",3,10,10,0
"14104",4,2,2,1
"14105",NA,0,15,0
"14106",NA,0,35,0
"14107",1,10,66,0
"14108",2,7,63,0
"14109",1,10,55,0
"14110",1,10,44,0
"14111",2,7,41,0
"14112",1,10,29,0
"14113",2,3,22,0
"14114",1,10,17,0
"14115",NA,0,NA,NA
"14116",2,7,14,1
"14117",NA,0,15,0
"14118",NA,0,35,0
"14119",1,10,77,0
"14120",1,10,59,0
"14121",2,11,60,0
"14122",3,6,55,0
"14123",1,10,48,0
"14124",1,10,29,0
"14125",2,10,29,0
"14126",3,8,27,0
"14127",4,8,27,0
"14128",NA,0,35,0
"14129",1,10,62,0
"14130",1,10,47,0
"14131",2,10,47,0
"14132",3,1,38,0
"14133",1,10,35,0
"14134",1,10,19,1
"14135",NA,0,15,0
"14136",NA,0,35,0
"14137",1,10,65,0
"14138",2,1,56,0
"14139",1,10,53,0
"14140",2,3,46,0
"14141",1,10,35,0
"14142",2,5,30,0
"14143",3,5,30,0
"14144",1,10,24,0
"14145",2,5,19,0
"14146",3,5,19,0
"14147",NA,0,NA,0
"14148",4,5,19,1
"14149",NA,0,2,0
"14150",NA,0,35,0
"14151",1,10,62,0
"14152",2,5,57,0
"14153",3,8,60,0
"14154",1,10,29,0
"14155",NA,0,NA,0
"14156",2,7,26,0
"14157",NA,0,NA,0
"14158",3,2,21,0
"14159",4,2,21,0
"14160",NA,0,35,0
"14161",1,10,65,0
"14162",2,3,58,0
"14163",1,10,42,0
"14164",2,10,42,0
"14165",3,6,38,0
"14166",NA,0,NA,0
"14167",4,6,38,0
"14168",1,10,54,0
"14169",NA,0,NA,NA
"14170",NA,0,NA,NA
"14171",NA,0,35,0
"14172",1,10,72,0
"14173",1,10,36,0
"14174",2,7,33,0
"14175",3,4,30,0
"14176",NA,0,NA,0
"14177",1,10,25,0
"14178",2,10,25,0
"14179",3,11,26,0
"14180",4,11,26,0
"14181",NA,0,35,0
"14182",1,10,72,0
"14183",2,10,72,0
"14184",3,10,72,0
"14185",3,5,67,0
"14186",1,10,55,0
"14187",2,23,68,0
"14188",3,19,64,0
"14189",4,19,64,0
"14190",1,10,90,0
"14191",2,11,91,0
"14192",3,6,86,0
"14193",1,10,61,0
"14194",2,9,60,0
"14195",3,18,69,0
"14196",4,12,63,0
"14197",1,10,71,0
"14198",2,1,62,0
"14199",1,10,59,0
"14200",2,8,57,0
"14201",NA,0,NA,0
"14202",1,10,52,0
"14203",2,17,59,0
"14204",3,16,58,0
"14205",4,8,50,0
"14206",1,10,71,0
"14207",NA,0,NA,NA
"14208",2,1,62,0
"14209",1,10,59,0
"14210",2,10,59,0
"14211",1,10,48,0
"14212",2,7,45,0
"14213",3,3,41,0
"14214",1,10,32,0
"14215",2,10,32,0
"14216",3,10,32,0
"14217",4,10,32,0
"14218",NA,0,35,0
"14219",1,10,72,0
"14220",2,7,69,0
"14221",3,4,66,0
"14222",4,10,72,0
"14223",1,10,79,0
"14224",2,4,73,0
"14225",3,3,72,0
"14226",1,10,66,0
"14227",1,10,46,0
"14228",2,9,45,0
"14229",1,10,33,0
"14230",2,10,33,0
"14231",2,15,38,0
"14232",3,9,32,0
"14233",4,7,30,0
"14234",NA,0,35,0
"14235",1,10,85,0
"14236",2,7,82,0
"14237",1,10,71,0
"14238",2,14,75,0
"14239",1,10,70,0
"14240",1,10,58,0
"14241",1,15,63,0
"14242",NA,0,NA,0
"14243",2,1,49,0
"14244",1,10,44,NA
"14245",1,10,44,0
"14246",2,10,44,0
"14247",1,10,34,0
"14248",2,10,34,0
"14249",NA,0,NA,0
"14250",3,8,32,0
"14251",NA,0,NA,0
"14252",1,10,24,0
"14253",2,5,19,0
"14254",NA,0,NA,0
"14255",1,10,11,0
"14256",2,12,13,0
"14257",3,12,13,0
"14258",NA,0,NA,NA
"14259",NA,0,35,0
"14260",1,10,78,0
"14261",2,5,73,0
"14262",2,1,69,0
"14263",2,5,73,0
"14264",3,5,73,0
"14265",4,5,73,0
"14266",1,10,79,0
"14267",1,20,89,0
"14268",2,15,84,0
"14269",3,4,73,0
"14270",4,4,73,0
"14271",1,10,68,0
"14272",1,10,58,0
"14273",1,10,47,0
"14274",2,10,47,0
"14275",1,10,22,0
"14276",1,10,12,0
"14277",2,10,12,1
"14278",NA,0,15,0
"14279",NA,0,35,0
"14280",1,10,69,0
"14281",NA,0,NA,0
"14282",2,7,66,0
"14283",3,1,60,0
"14284",1,10,53,0
"14285",2,10,53,0
"14286",1,10,35,0
"14287",2,10,35,0
"14288",3,10,35,0
"14289",4,10,35,0
"14290",NA,0,35,0
"14291",1,10,73,0
"14292",1,10,63,0
"14293",2,6,59,0
"14294",1,10,47,0
"14295",2,1,38,0
"14296",3,2,39,0
"14297",NA,0,NA,NA
"14298",1,10,25,1
"14299",NA,0,15,0
"14300",NA,0,35,0
"14301",1,10,68,0
"14302",1,10,52,0
"14303",2,3,45,0
"14304",3,3,45,0
"14305",4,3,45,0
"14306",1,10,38,0
"14307",2,12,40,0
"14308",3,4,32,0
"14309",4,2,30,0
"14310",1,10,24,0
"14311",2,10,24,0
"14312",3,10,24,0
"14313",3,15,29,0
"14314",1,7,7,0
"14315",2,5,5,0
"14316",3,5,5,0
"14317",1,3,3,0
"14318",2,3,3,0
"14319",3,14,14,0
"14320",4,14,14,0
"14321",NA,0,35,0
"14322",1,10,72,0
"14323",2,7,69,0
"14324",NA,0,NA,0
"14325",3,8,70,0
"14326",4,4,66,0
"14327",1,10,70,0
"14328",2,9,69,0
"14329",3,1,61,0
"14330",1,10,56,0
"14331",2,2,48,0
"14332",3,8,54,0
"14333",4,12,58,0
"14334",1,10,42,0
"14335",NA,0,NA,0
"14336",2,9,41,0
"14337",NA,0,NA,0
"14338",3,2,34,0
"14339",NA,0,NA,0
"14340",4,4,36,0
"14341",1,10,56,0
"14342",2,6,52,0
"14343",3,1,47,0
"14344",1,10,42,0
"14345",2,10,42,0
"14346",3,10,42,0
"14347",1,10,18,0
"14348",2,10,18,0
"14349",NA,0,NA,0
"14350",3,6,14,0
"14351",4,6,14,0
"14352",1,10,86,0
"14353",2,10,86,0
"14354",3,10,86,0
"14355",NA,0,NA,NA
"14356",NA,0,NA,NA
"14357",NA,0,35,0
"14358",1,10,74,0
"14359",2,8,72,0
"14360",3,4,68,0
"14361",4,4,68,0
"14362",1,10,76,0
"14363",2,1,67,0
"14364",1,10,46,0
"14365",1,10,34,0
"14366",1,10,21,0
"14367",2,2,13,0
"14368",3,2,13,0
"14369",4,2,13,0
"14370",NA,0,35,0
"14371",1,10,73,0
"14372",2,6,69,0
"14373",3,6,69,0
"14374",1,10,57,0
"14375",1,10,44,0
"14376",2,5,39,0
"14377",1,8,8,0
"14378",2,5,5,0
"14379",3,5,5,0
"14380",4,5,5,0
"14381",NA,0,35,0
"14382",1,10,80,0
"14383",2,2,72,0
"14384",1,10,69,0
"14385",2,8,67,0
"14386",3,8,67,0
"14387",1,10,59,0
"14388",1,10,12,0
"14389",2,6,8,0
"14390",2,11,13,0
"14391",3,5,7,0
"14392",NA,0,NA,NA
"14393",4,1,3,1
"14394",NA,0,15,0
"14395",NA,0,35,0
"14396",1,10,65,0
"14397",1,10,54,0
"14398",2,3,47,0
"14399",1,10,32,0
"14400",1,10,20,0
"14401",2,9,19,1
"14402",NA,0,15,0
"14403",NA,0,35,0
"14404",1,10,77,0
"14405",2,8,75,0
"14406",1,10,64,0
"14407",2,10,64,0
"14408",2,15,69,0
"14409",3,11,65,0
"14410",1,10,53,0
"14411",2,4,47,0
"14412",3,5,48,0
"14413",1,10,36,0
"14414",2,12,38,0
"14415",3,4,30,0
"14416",NA,0,NA,0
"14417",4,4,30,0
"14418",1,10,22,0
"14419",2,7,19,1
"14420",NA,0,15,0
"14421",NA,0,35,0
"14422",1,10,66,0
"14423",2,8,64,0
"14424",1,10,59,0
"14425",2,4,53,0
"14426",1,10,49,0
"14427",2,2,41,0
"14428",1,10,37,0
"14429",NA,0,NA,0
"14430",2,9,36,0
"14431",NA,0,NA,0
"14432",3,18,45,0
"14433",NA,0,NA,0
"14434",4,10,37,0
"14435",NA,0,35,0
"14436",1,10,80,0
"14437",NA,0,NA,NA
"14438",NA,0,35,0
"14439",1,10,80,0
"14440",1,10,46,0
"14441",2,7,43,0
"14442",1,10,36,1
"14443",NA,0,15,0
"14444",NA,0,35,0
"14445",1,10,80,0
"14446",2,1,71,0
"14447",1,10,69,0
"14448",2,9,68,0
"14449",3,1,60,0
"14450",4,1,60,0
"14451",4,6,65,0
"14452",1,10,93,0
"14453",2,4,87,0
"14454",1,10,78,0
"14455",1,5,73,0
"14456",1,10,67,0
"14457",2,15,72,0
"14458",2,20,77,0
"14459",3,20,77,0
"14460",4,11,68,0
"14461",1,10,73,0
"14462",1,10,62,0
"14463",2,3,55,0
"14464",3,5,57,0
"14465",1,10,42,0
"14466",2,10,42,0
"14467",3,2,34,1
"14468",NA,0,15,0
"14469",NA,0,35,0
"14470",1,10,65,0
"14471",NA,0,NA,0
"14472",2,3,58,0
"14473",1,10,47,0
"14474",2,3,40,0
"14475",1,10,36,0
"14476",NA,0,NA,NA
"14477",2,3,29,0
"14478",1,10,14,0
"14479",2,6,10,0
"14480",NA,0,NA,0
"14481",3,3,7,0
"14482",1,2,2,1
"14483",NA,0,15,0
"14484",NA,0,35,0
"14485",1,10,70,0
"14486",2,5,65,0
"14487",3,5,65,0
"14488",1,10,20,0
"14489",2,8,18,0
"14490",3,8,18,0
"14491",1,8,8,0
"14492",2,9,9,0
"14493",3,9,9,0
"14494",4,9,9,0
"14495",NA,0,35,0
"14496",1,10,82,0
"14497",2,7,79,0
"14498",NA,0,NA,0
"14499",3,7,79,0
"14500",3,12,84,0
"14501",4,12,84,0
"14502",1,10,54,0
"14503",2,15,59,0
"14504",3,22,66,0
"14505",4,18,62,0
"14506",1,10,86,0
"14507",2,7,83,0
"14508",3,7,83,0
"14509",1,10,71,0
"14510",2,3,64,0
"14511",3,1,62,0
"14512",1,10,46,0
"14513",2,6,42,0
"14514",3,4,40,0
"14515",4,4,40,0
"14516",1,10,33,0
"14517",NA,0,NA,0
"14518",2,1,24,0
"14519",NA,0,NA,0
"14520",1,10,23,0
"14521",1,10,12,0
"14522",2,12,14,0
"14523",NA,0,NA,0
"14524",3,13,15,0
"14525",NA,0,NA,NA
"14526",NA,0,NA,NA
"14527",NA,0,35,0
"14528",1,10,78,0
"14529",2,9,77,0
"14530",3,7,75,0
"14531",1,10,37,0
"14532",2,8,35,0
"14533",2,13,40,0
"14534",3,13,40,0
"14535",4,7,34,0
"14536",NA,0,35,0
"14537",1,10,62,0
"14538",2,3,55,0
"14539",3,3,55,0
"14540",1,10,44,0
"14541",1,15,49,0
"14542",2,16,50,0
"14543",3,14,48,0
"14544",4,5,39,0
"14545",NA,0,35,0
"14546",1,10,24,0
"14547",2,12,26,0
"14548",3,8,22,0
"14549",4,9,23,0
"14550",NA,0,35,0
"14551",1,10,69,0
"14552",1,10,52,0
"14553",2,10,52,0
"14554",2,20,62,0
"14555",3,16,58,0
"14556",4,5,47,0
"14557",1,10,36,0
"14558",2,10,36,0
"14559",3,6,32,0
"14560",1,10,16,1
"14561",NA,0,15,0
"14562",NA,0,NA,NA
"14563",NA,0,35,0
"14564",1,10,74,0
"14565",2,8,72,0
"14566",3,5,69,0
"14567",4,5,69,0
"14568",1,10,79,0
"14569",2,10,79,0
"14570",3,3,72,0
"14571",1,10,68,0
"14572",2,9,67,0
"14573",3,2,60,0
"14574",1,10,54,0
"14575",2,5,49,0
"14576",3,5,49,0
"14577",4,5,49,0
"14578",1,10,80,0
"14579",2,14,84,0
"14580",3,14,84,0
"14581",3,9,79,0
"14582",4,18,88,0
"14583",1,10,59,0
"14584",2,5,54,0
"14585",1,10,48,0
"14586",2,1,39,0
"14587",3,1,39,0
"14588",3,5,43,0
"14589",3,15,53,0
"14590",4,7,45,0
"14591",1,10,84,0
"14592",2,6,80,0
"14593",NA,0,NA,0
"14594",3,6,80,0
"14595",1,10,72,0
"14596",2,4,66,0
"14597",NA,0,NA,0
"14598",3,2,64,0
"14599",NA,0,NA,0
"14600",4,1,63,0
"14601",NA,0,NA,0
"14602",1,10,62,0
"14603",2,5,57,0
"14604",NA,0,NA,0
"14605",3,7,59,0
"14606",NA,0,NA,NA
"14607",NA,0,35,0
"14608",1,10,57,0
"14609",2,3,50,0
"14610",1,10,46,0
"14611",2,8,44,0
"14612",1,10,33,0
"14613",2,2,25,0
"14614",1,10,22,0
"14615",2,8,20,0
"14616",3,8,20,0
"14617",4,8,20,0
"14618",NA,0,35,0
"14619",1,10,77,0
"14620",2,6,73,0
"14621",3,4,71,0
"14622",4,4,71,0
"14623",1,10,58,0
"14624",2,4,52,0
"14625",3,1,49,0
"14626",1,10,47,0
"14627",2,7,44,0
"14628",3,8,45,0
"14629",4,8,45,0
"14630",1,10,97,0
"14631",NA,0,20,0
"14632",1,10,64,0
"14633",2,10,64,0
"14634",3,5,59,0
"14635",4,13,67,0
"14636",1,10,82,0
"14637",2,10,82,0
"14638",3,10,82,0
"14639",4,7,79,0
"14640",1,10,76,0
"14641",2,6,72,0
"14642",3,6,72,0
"14643",NA,0,NA,NA
"14644",4,14,80,0
"14645",1,10,75,0
"14646",2,6,71,0
"14647",3,6,71,0
"14648",4,6,71,0
"14649",1,10,90,0
"14650",2,7,87,0
"14651",1,10,79,0
"14652",2,6,75,0
"14653",3,5,74,0
"14654",NA,0,NA,0
"14655",4,1,70,0
"14656",1,10,74,0
"14657",2,10,74,0
"14658",1,10,62,0
"14659",2,8,60,0
"14660",3,8,60,0
"14661",1,10,34,0
"14662",2,2,26,0
"14663",1,10,20,0
"14664",1,9,9,0
"14665",2,9,9,0
"14666",3,9,9,0
"14667",4,9,9,0
"14668",NA,0,35,0
"14669",1,10,67,0
"14670",2,10,67,0
"14671",3,10,67,0
"14672",4,17,74,0
"14673",1,10,84,0
"14674",NA,0,NA,0
"14675",2,7,81,0
"14676",NA,0,NA,0
"14677",3,9,83,0
"14678",4,15,89,0
"14679",1,10,57,0
"14680",2,3,50,0
"14681",NA,0,NA,0
"14682",1,10,46,0
"14683",2,15,51,0
"14684",NA,0,NA,0
"14685",3,8,44,0
"14686",4,8,44,0
"14687",1,10,44,0
"14688",2,11,45,0
"14689",NA,0,NA,NA
"14690",NA,0,NA,NA
"14691",NA,0,35,0
"14692",1,10,71,0
"14693",2,6,67,0
"14694",3,5,66,0
"14695",1,10,55,0
"14696",2,6,51,0
"14697",1,10,44,0
"14698",1,10,29,0
"14699",2,8,27,0
"14700",3,2,21,0
"14701",1,10,18,0
"14702",2,7,15,0
"14703",1,8,8,0
"14704",2,4,4,0
"14705",3,2,2,0
"14706",NA,0,NA,0
"14707",4,1,1,0
"14708",4,5,5,0
"14709",4,10,10,0
"14710",NA,0,35,0
"14711",1,10,70,0
"14712",2,9,69,0
"14713",1,10,54,0
"14714",1,10,24,0
"14715",1,10,13,0
"14716",2,8,11,0
"14717",3,8,11,0
"14718",4,3,6,1
"14719",NA,0,15,0
"14720",NA,0,35,0
"14721",1,10,71,0
"14722",2,7,68,0
"14723",NA,0,NA,NA
"14724",1,10,42,0
"14725",1,10,29,0
"14726",2,4,23,0
"14727",3,3,22,1
"14728",NA,0,15,0
"14729",NA,0,35,0
"14730",1,10,69,0
"14731",1,10,49,0
"14732",2,4,43,0
"14733",3,4,43,0
"14734",4,1,40,0
"14735",1,10,38,0
"14736",1,10,28,0
"14737",2,8,26,0
"14738",3,18,36,0
"14739",NA,0,NA,0
"14740",4,1,19,0
"14741",1,10,80,0
"14742",2,5,75,0
"14743",3,4,74,0
"14744",1,10,67,0
"14745",1,10,52,0
"14746",2,4,46,0
"14747",3,4,46,0
"14748",4,2,44,0
"14749",1,10,55,0
"14750",2,10,55,0
"14751",1,10,42,0
"14752",2,8,40,0
"14753",1,10,32,0
"14754",2,10,32,0
"14755",3,10,32,0
"14756",1,10,18,0
"14757",NA,0,NA,0
"14758",1,1,1,1
"14759",NA,0,15,0
"14760",NA,0,35,0
"14761",1,10,68,0
"14762",2,5,63,0
"14763",NA,0,NA,0
"14764",3,2,60,0
"14765",4,2,60,0
"14766",1,10,89,0
"14767",NA,0,NA,NA
"14768",NA,0,35,0
"14769",1,10,81,0
"14770",2,1,72,0
"14771",1,10,63,0
"14772",1,10,44,0
"14773",2,10,44,0
"14774",1,10,31,0
"14775",1,10,20,0
"14776",1,9,9,1
"14777",NA,0,15,0
"14778",NA,0,35,0
"14779",1,10,74,0
"14780",2,5,69,0
"14781",3,3,67,0
"14782",1,10,63,0
"14783",1,10,48,0
"14784",2,8,46,0
"14785",3,11,49,0
"14786",4,10,48,0
"14787",1,10,93,0
"14788",2,7,90,0
"14789",3,7,90,0
"14790",1,10,73,0
"14791",2,8,71,0
"14792",3,8,71,0
"14793",4,2,65,0
"14794",1,10,81,0
"14795",1,10,58,0
"14796",1,10,46,0
"14797",1,10,35,0
"14798",2,4,29,0
"14799",1,10,23,0
"14800",NA,0,NA,NA
"14801",1,9,9,0
"14802",2,4,4,1
"14803",NA,0,15,0
"14804",NA,0,35,0
"14805",1,10,69,0
"14806",2,7,66,0
"14807",1,10,51,0
"14808",2,4,45,0
"14809",1,10,31,0
"14810",1,10,21,0
"14811",2,2,13,0
"14812",1,8,8,0
"14813",2,3,3,0
"14814",3,3,3,1
"14815",NA,0,15,0
"14816",NA,0,35,0
"14817",1,10,74,0
"14818",2,13,77,0
"14819",3,10,74,0
"14820",4,14,78,0
"14821",1,10,49,0
"14822",2,5,44,0
"14823",3,3,42,0
"14824",1,10,34,0
"14825",2,5,29,0
"14826",3,1,25,0
"14827",NA,0,NA,0
"14828",1,10,15,0
"14829",NA,0,NA,0
"14830",2,8,13,0
"14831",NA,0,NA,0
"14832",3,6,11,0
"14833",NA,0,NA,0
"14834",4,10,15,0
"14835",NA,0,35,0
"14836",1,10,73,0
"14837",2,1,64,0
"14838",3,1,64,0
"14839",4,1,64,0
"14840",1,10,36,0
"14841",2,11,37,0
"14842",3,11,37,0
"14843",NA,0,NA,NA
"14844",NA,0,NA,NA
"14845",NA,0,35,0
"14846",1,10,54,0
"14847",2,8,52,0
"14848",1,10,59,0
"14849",2,9,58,0
"14850",3,1,50,0
"14851",4,1,50,0
"14852",1,10,48,0
"14853",2,8,46,0
"14854",3,2,40,0
"14855",4,2,40,0
"14856",1,10,25,0
"14857",2,11,26,0
"14858",NA,0,NA,0
"14859",3,2,17,0
"14860",4,2,17,0
"14861",NA,0,35,0
"14862",1,10,76,0
"14863",2,10,76,0
"14864",3,5,71,0
"14865",4,6,72,0
"14866",1,10,71,0
"14867",2,1,62,0
"14868",1,10,60,0
"14869",2,7,57,0
"14870",1,10,49,1
"14871",NA,0,15,0
"14872",NA,0,35,0
"14873",1,10,68,0
"14874",2,6,64,0
"14875",3,1,59,0
"14876",1,10,21,0
"14877",2,10,21,0
"14878",3,2,13,0
"14879",4,2,13,0
"14880",NA,0,35,0
"14881",1,10,71,0
"14882",1,10,55,0
"14883",NA,0,50,NA
"14884",1,5,50,0
"14885",2,4,49,0
"14886",1,10,39,0
"14887",2,8,37,0
"14888",3,8,37,0
"14889",3,18,47,0
"14890",4,10,39,0
"14891",1,10,53,0
"14892",1,10,32,0
"14893",1,10,13,0
"14894",2,10,13,0
"14895",2,15,18,0
"14896",3,8,11,0
"14897",4,8,11,0
"14898",NA,0,35,0
"14899",1,10,65,0
"14900",2,3,58,0
"14901",3,5,60,0
"14902",1,10,51,0
"14903",1,10,32,0
"14904",2,7,29,0
"14905",3,7,29,0
"14906",4,7,29,0
"14907",NA,0,35,0
"14908",1,10,65,0
"14909",2,6,61,0
"14910",1,10,53,0
"14911",2,10,53,0
"14912",2,15,58,0
"14913",2,20,63,0
"14914",3,20,63,0
"14915",NA,0,NA,0
"14916",4,14,57,0
"14917",1,10,82,0
"14918",2,1,73,0
"14919",1,10,62,0
"14920",2,10,62,0
"14921",3,10,62,0
"14922",NA,0,NA,0
"14923",1,10,17,0
"14924",2,10,17,0
"14925",2,20,27,0
"14926",NA,0,NA,0
"14927",3,12,19,0
"14928",4,2,9,0
"14929",NA,0,NA,NA
"14930",NA,0,35,0
"14931",1,10,72,0
"14932",1,10,62,0
"14933",2,9,61,0
"14934",3,5,57,0
"14935",1,10,50,0
"14936",1,10,34,0
"14937",2,10,34,0
"14938",1,10,20,0
"14939",2,9,19,0
"14940",3,2,12,0
"14941",1,6,6,0
"14942",1,11,11,0
"14943",2,6,6,0
"14944",3,5,5,1
"14945",NA,0,15,0
"14946",NA,0,35,0
"14947",1,10,75,0
"14948",2,9,74,0
"14949",3,13,78,0
"14950",1,10,37,0
"14951",1,10,16,0
"14952",2,2,8,0
"14953",3,1,7,1
"14954",NA,0,15,0
"14955",NA,0,35,0
"14956",1,10,70,0
"14957",2,10,70,0
"14958",3,10,70,0
"14959",4,18,78,0
"14960",1,10,79,0
"14961",2,9,78,0
"14962",3,4,73,0
"14963",1,10,65,0
"14964",NA,0,NA,NA
"14965",1,10,38,0
"14966",1,10,25,0
"14967",2,3,18,0
"14968",3,2,17,0
"14969",4,2,17,0
"14970",NA,0,35,0
"14971",1,10,69,0
"14972",2,6,65,0
"14973",2,16,75,0
"14974",1,10,55,0
"14975",2,2,47,0
"14976",1,10,44,0
"14977",1,10,22,0
"14978",2,10,22,0
"14979",3,3,15,0
"14980",1,4,4,1
"14981",NA,0,15,0
"14982",NA,0,35,0
"14983",1,10,80,0
"14984",1,10,66,0
"14985",2,9,65,0
"14986",3,9,65,0
"14987",4,9,65,0
"14988",1,10,82,0
"14989",2,3,75,0
"14990",1,10,60,0
"14991",2,2,52,0
"14992",1,10,49,0
"14993",2,9,48,0
"14994",1,10,35,0
"14995",2,9,34,0
"14996",3,2,27,0
"14997",1,10,24,0
"14998",NA,0,NA,0
"14999",1,10,10,0
"15000",NA,0,NA,0
"15001",2,7,7,0
"15002",3,7,7,1
"15003",NA,0,15,0
"15004",NA,0,35,0
"15005",1,10,59,0
"15006",2,10,59,0
"15007",1,10,17,0
"15008",NA,0,NA,0
"15009",2,9,16,0
"15010",NA,0,NA,0
"15011",3,8,15,0
"15012",NA,0,NA,0
"15013",4,8,15,0
"15014",NA,0,35,0
"15015",1,10,65,0
"15016",NA,0,NA,NA
"15017",NA,0,NA,NA
"15018",NA,0,35,0
"15019",1,10,72,0
"15020",2,4,66,0
"15021",1,10,60,0
"15022",1,10,49,0
"15023",2,5,44,0
"15024",1,10,38,0
"15025",2,10,38,0
"15026",3,9,37,0
"15027",3,4,32,0
"15028",1,10,27,0
"15029",1,10,15,0
"15030",2,6,11,0
"15031",2,16,21,0
"15032",3,8,13,0
"15033",3,18,23,0
"15034",4,14,19,0
"15035",NA,0,35,0
"15036",1,10,65,0
"15037",2,6,61,0
"15038",3,2,57,0
"15039",1,10,51,0
"15040",2,7,48,0
"15041",1,10,40,0
"15042",2,7,37,0
"15043",1,10,13,0
"15044",2,5,8,0
"15045",3,5,8,0
"15046",4,5,8,0
"15047",1,10,80,0
"15048",2,7,77,0
"15049",3,7,77,0
"15050",1,10,37,0
"15051",1,10,41,0
"15052",2,5,36,0
"15053",2,8,39,0
"15054",NA,0,NA,NA
"15055",3,2,33,0
"15056",NA,0,NA,0
"15057",4,3,34,0
"15058",1,10,66,0
"15059",2,8,64,0
"15060",3,2,58,0
"15061",1,10,53,0
"15062",2,10,53,0
"15063",1,10,41,0
"15064",2,9,40,0
"15065",NA,0,NA,0
"15066",3,9,40,0
"15067",1,10,17,0
"15068",2,11,18,0
"15069",3,11,18,0
"15070",4,11,18,0
"15071",NA,0,35,0
"15072",1,10,81,0
"15073",2,6,77,0
"15074",3,2,73,0
"15075",1,10,68,0
"15076",2,10,68,0
"15077",3,6,64,0
"15078",1,10,55,0
"15079",2,8,53,0
"15080",3,8,53,0
"15081",4,8,53,0
"15082",1,10,90,0
"15083",2,6,86,0
"15084",3,3,83,0
"15085",4,3,83,0
"15086",4,8,88,0
"15087",1,10,32,0
"15088",2,5,27,0
"15089",1,10,19,0
"15090",2,5,14,0
"15091",NA,0,NA,0
"15092",1,4,4,0
"15093",NA,0,NA,0
"15094",2,1,1,0
"15095",3,1,1,0
"15096",NA,0,NA,0
"15097",4,1,1,0
"15098",1,10,97,0
"15099",NA,0,NA,NA
"15100",NA,0,35,0
"15101",1,10,76,0
"15102",1,10,55,0
"15103",2,3,48,0
"15104",3,3,48,0
"15105",1,10,41,0
"15106",2,3,34,0
"15107",3,2,33,0
"15108",4,2,33,0
"15109",1,3,3,1
"15110",NA,0,15,0
"15111",NA,0,35,0
"15112",1,10,64,0
"15113",1,20,74,0
"15114",1,10,21,0
"15115",1,8,8,1
"15116",NA,0,15,0
"15117",NA,0,35,0
"15118",1,10,80,0
"15119",2,10,80,0
"15120",3,6,76,0
"15121",4,1,71,0
"15122",1,10,66,0
"15123",2,7,63,0
"15124",3,1,57,0
"15125",1,10,50,0
"15126",2,2,42,0
"15127",3,1,41,0
"15128",1,10,39,0
"15129",2,10,39,0
"15130",3,7,36,0
"15131",1,10,27,0
"15132",1,10,69,0
"15133",2,3,62,0
"15134",1,10,49,0
"15135",2,5,44,0
"15136",3,4,43,0
"15137",1,10,13,0
"15138",1,20,23,0
"15139",2,11,14,0
"15140",NA,0,NA,NA
"15141",2,6,9,0
"15142",3,3,6,0
"15143",4,3,6,0
"15144",1,10,89,0
"15145",1,10,78,0
"15146",2,6,74,0
"15147",1,10,62,0
"15148",2,5,57,0
"15149",3,6,58,0
"15150",1,10,49,0
"15151",2,10,49,0
"15152",3,9,48,0
"15153",3,14,53,0
"15154",4,12,51,0
"15155",1,10,32,0
"15156",2,5,27,0
"15157",3,11,33,0
"15158",1,10,15,0
"15159",2,2,7,0
"15160",3,10,15,0
"15161",NA,0,NA,0
"15162",4,10,15,0
"15163",1,10,85,0
"15164",NA,0,NA,0
"15165",2,4,79,0
"15166",NA,0,NA,0
"15167",1,10,73,0
"15168",2,12,75,0
"15169",NA,0,NA,0
"15170",3,12,75,0
"15171",NA,0,NA,0
"15172",4,18,81,0
"15173",1,10,77,0
"15174",2,14,81,0
"15175",3,19,86,0
"15176",4,6,73,0
"15177",1,10,62,0
"15178",2,10,62,0
"15179",3,6,58,0
"15180",4,6,58,0
"15181",1,10,42,0
"15182",NA,0,NA,NA
"15183",NA,0,NA,NA
"15184",NA,0,35,0
"15185",1,10,75,0
"15186",1,10,22,0
"15187",2,8,20,0
"15188",3,4,16,0
"15189",4,4,16,0
"15190",NA,0,35,0
"15191",1,10,65,0
"15192",2,4,59,0
"15193",3,9,64,0
"15194",1,10,53,1
"15195",NA,0,15,0
"15196",NA,0,35,0
"15197",1,10,73,0
"15198",1,10,68,0
"15199",2,8,66,0
"15200",1,10,57,0
"15201",2,1,48,0
"15202",1,10,44,0
"15203",2,4,38,0
"15204",1,10,32,0
"15205",2,10,32,0
"15206",3,5,27,0
"15207",3,15,37,0
"15208",4,8,30,0
"15209",NA,0,35,0
"15210",1,10,69,0
"15211",2,5,64,0
"15212",3,2,61,0
"15213",3,12,71,0
"15214",1,10,50,0
"15215",2,3,43,0
"15216",1,10,38,0
"15217",2,1,29,0
"15218",1,10,25,1
"15219",NA,0,15,0
"15220",NA,0,35,0
"15221",1,10,60,0
"15222",NA,0,NA,NA
"15223",2,3,53,0
"15224",1,10,49,0
"15225",2,9,48,0
"15226",1,10,31,0
"15227",2,6,27,0
"15228",1,10,19,0
"15229",2,8,17,0
"15230",1,9,9,0
"15231",2,6,6,0
"15232",3,1,1,1
"15233",NA,0,15,0
"15234",NA,0,35,0
"15235",1,10,65,0
"15236",2,6,61,0
"15237",1,10,54,0
"15238",1,10,42,0
"15239",2,7,39,0
"15240",3,7,39,0
"15241",4,7,39,0
"15242",1,10,47,0
"15243",2,1,38,0
"15244",3,1,38,0
"15245",1,10,36,0
"15246",2,5,31,0
"15247",1,10,26,0
"15248",2,12,28,0
"15249",3,4,20,0
"15250",4,4,20,0
"15251",NA,0,35,0
"15252",1,10,73,0
"15253",1,10,61,0
"15254",2,7,58,0
"15255",3,1,52,0
"15256",1,10,40,0
"15257",2,10,40,0
"15258",NA,0,NA,0
"15259",1,10,29,1
"15260",NA,0,1,0
"15261",NA,0,1,0
"15262",NA,0,35,0
"15263",1,10,73,0
"15264",NA,0,NA,NA
"15265",NA,0,35,0
"15266",1,10,56,0
"15267",2,7,53,0
"15268",3,2,48,0
"15269",1,10,42,0
"15270",2,4,36,0
"15271",3,4,36,0
"15272",4,4,36,0
"15273",1,10,22,0
"15274",1,2,2,0
"15275",2,1,1,0
"15276",3,4,4,0
"15277",3,9,9,0
"15278",4,6,6,0
"15279",NA,0,35,0
"15280",1,10,68,0
"15281",2,11,69,0
"15282",3,4,62,0
"15283",1,10,40,0
"15284",2,7,37,0
"15285",2,17,47,0
"15286",3,17,47,0
"15287",4,17,47,0
"15288",1,10,76,0
"15289",2,6,72,0
"15290",3,1,67,0
"15291",4,1,67,0
"15292",4,6,72,0
"15293",1,10,61,0
"15294",2,7,58,0
"15295",1,10,53,0
"15296",2,9,52,0
"15297",1,10,37,0
"15298",1,15,42,0
"15299",NA,0,NA,NA
"15300",2,12,39,0
"15301",3,6,33,0
"15302",4,9,36,0
"15303",NA,0,35,0
"15304",1,10,80,0
"15305",2,10,80,0
"15306",3,11,81,0
"15307",1,10,65,0
"15308",2,6,61,0
"15309",3,7,62,0
"15310",3,12,67,0
"15311",3,17,72,0
"15312",3,27,82,0
"15313",4,27,82,0
"15314",1,10,75,0
"15315",1,10,64,0
"15316",1,10,51,0
"15317",2,11,52,0
"15318",3,1,42,0
"15319",1,10,40,0
"15320",2,13,43,0
"15321",3,13,43,0
"15322",4,13,43,0
"15323",1,10,90,0
"15324",2,6,86,0
"15325",1,10,65,0
"15326",2,7,62,0
"15327",3,7,62,0
"15328",4,7,62,0
"15329",1,10,79,0
"15330",NA,0,NA,0
"15331",2,7,76,0
"15332",NA,0,NA,0
"15333",1,10,69,0
"15334",NA,0,NA,0
"15335",2,12,71,0
"15336",3,11,70,0
"15337",1,10,49,0
"15338",2,12,51,0
"15339",3,13,52,0
"15340",NA,0,NA,NA
"15341",NA,0,NA,NA
"15342",NA,0,35,0
"15343",1,10,60,0
"15344",1,10,42,0
"15345",1,10,29,0
"15346",2,8,27,0
"15347",3,10,29,0
"15348",4,5,24,0
"15349",NA,0,35,0
"15350",1,10,54,0
"15351",2,7,51,0
"15352",3,7,51,0
"15353",3,12,56,0
"15354",1,10,22,0
"15355",2,8,20,0
"15356",3,8,20,1
"15357",NA,0,15,0
"15358",NA,0,35,0
"15359",1,10,71,0
"15360",2,5,66,0
"15361",3,8,69,0
"15362",4,16,77,0
"15363",1,10,66,0
"15364",2,6,62,0
"15365",1,10,36,0
"15366",2,9,35,1
"15367",NA,0,15,0
"15368",NA,0,35,0
"15369",1,10,75,0
"15370",2,10,75,0
"15371",1,10,45,0
"15372",2,4,39,0
"15373",1,10,16,0
"15374",2,6,12,0
"15375",1,4,4,0
"15376",2,3,3,1
"15377",NA,0,15,0
"15378",NA,0,35,0
"15379",1,10,77,0
"15380",2,10,77,0
"15381",3,10,77,0
"15382",NA,0,NA,NA
"15383",4,4,71,0
"15384",1,10,74,0
"15385",2,10,74,0
"15386",3,7,71,0
"15387",1,10,55,0
"15388",1,10,39,0
"15389",1,10,22,0
"15390",2,10,22,0
"15391",1,10,12,0
"15392",2,1,3,0
"15393",3,1,3,0
"15394",NA,0,NA,0
"15395",4,1,3,0
"15396",1,1,1,0
"15397",2,1,1,1
"15398",NA,0,15,0
"15399",NA,0,35,0
"15400",1,10,67,0
"15401",2,7,64,0
"15402",3,6,63,0
"15403",1,10,54,0
"15404",2,1,45,0
"15405",1,10,39,0
"15406",2,9,38,0
"15407",3,4,33,0
"15408",1,10,28,0
"15409",2,4,22,0
"15410",1,10,15,0
"15411",NA,0,NA,0
"15412",2,4,9,0
"15413",NA,0,NA,0
"15414",3,1,6,0
"15415",NA,0,NA,0
"15416",1,4,4,0
"15417",2,4,4,1
"15418",NA,0,15,0
"15419",NA,0,35,0
"15420",1,10,93,0
"15421",1,10,75,0
"15422",2,1,66,0
"15423",1,10,57,0
"15424",2,10,57,0
"15425",NA,0,NA,0
"15426",3,10,57,0
"15427",NA,0,NA,NA
"15428",NA,0,35,0
"15429",1,10,71,0
"15430",2,6,67,0
"15431",3,2,63,0
"15432",4,2,63,0
"15433",1,10,93,0
"15434",2,4,87,0
"15435",3,6,89,0
"15436",4,6,89,0
"15437",1,10,56,0
"15438",2,4,50,0
"15439",3,1,47,0
"15440",1,10,29,0
"15441",1,10,24,0
"15442",2,3,17,0
"15443",3,3,17,0
"15444",1,10,13,0
"15445",2,10,13,0
"15446",1,1,1,1
"15447",NA,0,15,0
"15448",NA,0,35,0
"15449",1,10,70,0
"15450",1,10,56,0
"15451",2,10,56,0
"15452",3,7,53,0
"15453",4,16,62,0
"15454",1,10,90,0
"15455",2,4,84,0
"15456",3,2,82,0
"15457",1,10,67,0
"15458",2,3,60,0
"15459",3,3,60,0
"15460",3,8,65,0
"15461",1,10,43,0
"15462",2,11,44,0
"15463",3,9,42,0
"15464",4,9,42,0
"15465",1,10,88,0
"15466",2,10,88,0
"15467",NA,0,NA,NA
"15468",3,12,90,0
"15469",4,2,80,0
"15470",1,10,66,0
"15471",2,8,64,0
"15472",3,8,64,0
"15473",4,8,64,0
"15474",1,10,66,0
"15475",1,10,50,0
"15476",1,10,25,0
"15477",1,10,15,0
"15478",2,10,15,0
"15479",1,10,23,0
"15480",2,7,20,0
"15481",2,12,25,0
"15482",3,8,21,0
"15483",1,1,1,1
"15484",NA,0,15,0
"15485",NA,0,35,0
"15486",1,10,95,0
"15487",2,3,88,0
"15488",3,3,88,0
"15489",4,4,89,0
"15490",1,10,80,0
"15491",2,3,73,0
"15492",1,10,37,0
"15493",1,10,75,0
"15494",1,10,57,0
"15495",1,10,46,0
"15496",NA,0,NA,0
"15497",2,9,45,0
"15498",NA,0,NA,0
"15499",3,5,41,0
"15500",1,10,48,0
"15501",1,10,38,0
"15502",2,7,35,0
"15503",3,1,29,0
"15504",1,10,27,0
"15505",2,11,28,0
"15506",3,11,28,0
"15507",NA,0,NA,NA
"15508",NA,0,NA,NA
"15509",NA,0,35,0
"15510",1,10,80,0
"15511",2,12,82,0
"15512",2,22,92,0
"15513",3,25,95,0
"15514",4,23,93,0
"15515",1,10,69,0
"15516",2,11,70,0
"15517",3,7,66,0
"15518",4,7,66,0
"15519",1,10,87,0
"15520",2,6,83,0
"15521",1,10,74,0
"15522",2,2,66,0
"15523",1,10,59,0
"15524",2,11,60,0
"15525",3,11,60,0
"15526",4,11,60,0
"15527",1,10,80,0
"15528",2,3,73,0
"15529",2,13,83,0
"15530",3,13,83,0
"15531",4,6,76,0
"15532",1,10,61,0
"15533",1,20,71,0
"15534",1,15,66,0
"15535",2,11,62,0
"15536",3,11,62,0
"15537",1,10,48,0
"15538",2,9,47,0
"15539",3,16,54,0
"15540",1,10,35,0
"15541",1,10,21,1
"15542",NA,0,15,0
"15543",NA,0,35,0
"15544",1,10,72,0
"15545",2,10,72,0
"15546",1,10,54,0
"15547",NA,0,NA,NA
"15548",2,9,53,0
"15549",1,10,21,0
"15550",2,5,16,0
"15551",1,10,10,0
"15552",2,4,4,0
"15553",3,4,4,0
"15554",4,6,6,0
"15555",NA,0,35,0
"15556",1,10,88,0
"15557",2,10,88,0
"15558",3,8,86,0
"15559",4,18,96,0
"15560",1,10,61,1
"15561",NA,0,15,0
"15562",NA,0,35,0
"15563",1,10,71,0
"15564",2,2,63,0
"15565",1,10,41,0
"15566",2,10,41,0
"15567",2,15,46,0
"15568",3,15,46,0
"15569",4,15,46,0
"15570",1,10,80,0
"15571",2,10,80,0
"15572",3,13,83,0
"15573",4,7,77,0
"15574",1,10,78,0
"15575",2,5,73,0
"15576",2,10,78,0
"15577",3,4,72,0
"15578",1,10,40,0
"15579",2,10,40,0
"15580",3,7,37,0
"15581",4,1,31,0
"15582",1,10,24,0
"15583",1,15,29,0
"15584",2,11,25,0
"15585",NA,0,NA,0
"15586",3,9,23,0
"15587",NA,0,NA,0
"15588",4,18,32,0
"15589",1,10,60,0
"15590",2,2,52,0
"15591",NA,0,NA,0
"15592",1,10,39,0
"15593",2,10,39,0
"15594",3,10,39,0
"15595",4,6,35,0
"15596",NA,0,35,0
"15597",1,10,78,0
"15598",NA,0,NA,NA
"15599",NA,0,35,0
"15600",1,10,77,0
"15601",2,6,73,0
"15602",1,10,63,0
"15603",2,7,60,0
"15604",1,10,47,0
"15605",1,10,18,0
"15606",2,3,11,0
"15607",3,3,11,1
"15608",NA,0,15,0
"15609",NA,0,35,0
"15610",1,10,69,0
"15611",2,3,62,0
"15612",1,10,57,0
"15613",2,10,57,0
"15614",3,18,65,0
"15615",4,10,57,0
"15616",1,10,81,0
"15617",2,7,78,0
"15618",1,10,73,0
"15619",2,10,73,0
"15620",3,12,75,0
"15621",4,12,75,0
"15622",1,10,82,0
"15623",2,1,73,0
"15624",1,10,71,0
"15625",2,4,65,0
"15626",1,10,54,0
"15627",2,2,46,0
"15628",3,10,54,0
"15629",3,15,59,0
"15630",NA,0,NA,0
"15631",4,5,49,0
"15632",NA,0,NA,NA
"15633",1,10,38,0
"15634",2,4,32,0
"15635",3,4,32,0
"15636",4,2,30,0
"15637",1,10,26,0
"15638",2,10,26,1
"15639",NA,0,2,0
"15640",NA,0,1,0
"15641",NA,0,35,0
"15642",1,10,65,0
"15643",2,8,63,0
"15644",3,2,57,0
"15645",4,11,66,0
"15646",1,10,88,0
"15647",2,8,86,0
"15648",3,5,83,0
"15649",4,5,83,0
"15650",1,10,65,0
"15651",2,4,59,0
"15652",3,7,62,0
"15653",4,7,62,0
"15654",1,10,79,0
"15655",2,6,75,0
"15656",3,6,75,0
"15657",1,10,63,0
"15658",2,10,63,0
"15659",2,15,68,0
"15660",3,6,59,0
"15661",4,6,59,0
"15662",1,10,93,0
"15663",1,10,81,0
"15664",2,10,81,0
"15665",3,8,79,0
"15666",4,8,79,0
"15667",1,10,64,0
"15668",2,11,65,0
"15669",3,11,65,0
"15670",4,18,72,0
"15671",1,10,73,0
"15672",NA,0,NA,0
"15673",1,10,12,0
"15674",NA,0,NA,0
"15675",2,10,12,0
"15676",NA,0,NA,0
"15677",3,12,14,0
"15678",4,7,9,0
"15679",1,4,4,0
"15680",2,5,5,0
"15681",3,7,7,0
"15682",NA,0,NA,NA
"15683",NA,0,NA,NA
"15684",NA,0,35,0
"15685",1,10,84,0
"15686",2,3,77,0
"15687",1,10,72,0
"15688",2,11,73,0
"15689",3,11,73,0
"15690",3,16,78,0
"15691",4,1,63,0
"15692",1,10,84,0
"15693",2,7,81,0
"15694",3,4,78,0
"15695",1,10,12,0
"15696",1,2,2,1
"15697",NA,0,15,0
"15698",NA,0,35,0
"15699",1,10,70,0
"15700",1,10,29,0
"15701",2,5,24,0
"15702",3,5,24,0
"15703",4,15,34,0
"15704",NA,0,35,0
"15705",1,10,64,0
"15706",1,10,54,0
"15707",2,9,53,0
"15708",3,9,53,0
"15709",4,17,61,0
"15710",1,10,86,0
"15711",2,10,86,0
"15712",3,5,81,0
"15713",1,10,73,0
"15714",1,15,78,0
"15715",2,11,74,0
"15716",3,7,70,0
"15717",4,14,77,0
"15718",1,10,71,0
"15719",1,10,66,0
"15720",2,7,63,0
"15721",3,7,63,0
"15722",4,7,63,0
"15723",1,10,84,0
"15724",NA,0,NA,NA
"15725",2,15,89,0
"15726",1,10,33,0
"15727",2,2,25,0
"15728",3,1,24,0
"15729",1,10,22,0
"15730",2,1,13,0
"15731",1,9,9,0
"15732",2,4,4,0
"15733",3,2,2,0
"15734",3,1,1,1
"15735",NA,0,15,0
"15736",NA,0,35,0
"15737",1,10,68,0
"15738",2,8,66,0
"15739",1,10,49,0
"15740",1,10,26,0
"15741",2,5,21,0
"15742",3,1,17,0
"15743",1,10,13,0
"15744",2,6,9,1
"15745",NA,0,15,0
"15746",NA,0,35,0
"15747",1,10,63,0
"15748",2,3,56,0
"15749",3,6,59,0
"15750",1,10,40,0
"15751",2,10,40,0
"15752",3,6,36,0
"15753",4,6,36,0
"15754",NA,0,35,0
"15755",1,10,72,0
"15756",2,1,63,0
"15757",1,10,45,0
"15758",1,10,34,0
"15759",2,10,34,1
"15760",NA,0,1,0
"15761",NA,0,35,0
"15762",1,10,71,0
"15763",2,10,71,0
"15764",NA,0,NA,0
"15765",1,10,40,0
"15766",NA,0,NA,0
"15767",2,7,37,0
"15768",NA,0,NA,0
"15769",1,10,24,0
"15770",2,10,24,0
"15771",NA,0,35,0
"15772",NA,0,NA,NA
"15773",NA,0,35,0
"15774",1,10,76,0
"15775",1,15,81,0
"15776",2,6,72,0
"15777",1,10,53,0
"15778",2,10,53,0
"15779",3,2,45,0
"15780",1,10,42,0
"15781",2,5,37,0
"15782",1,10,26,0
"15783",2,1,17,0
"15784",3,1,17,0
"15785",1,10,15,0
"15786",1,20,25,0
"15787",2,20,25,0
"15788",3,6,11,0
"15789",4,6,11,0
"15790",NA,0,35,0
"15791",1,10,66,0
"15792",2,4,60,0
"15793",3,1,57,0
"15794",1,10,55,0
"15795",2,10,55,0
"15796",2,20,65,0
"15797",3,14,59,0
"15798",1,10,44,0
"15799",2,11,45,1
"15800",NA,0,15,0
"15801",NA,0,35,0
"15802",1,10,68,0
"15803",2,7,65,0
"15804",3,3,61,0
"15805",1,10,54,0
"15806",1,10,38,0
"15807",NA,0,NA,NA
"15808",1,16,44,0
"15809",2,14,42,0
"15810",3,11,39,0
"15811",4,21,49,0
"15812",1,10,86,0
"15813",2,9,85,0
"15814",1,10,49,0
"15815",2,4,43,0
"15816",1,10,37,0
"15817",2,6,33,0
"15818",3,10,37,0
"15819",4,4,31,0
"15820",1,10,61,0
"15821",2,17,68,0
"15822",NA,0,NA,0
"15823",3,4,55,0
"15824",4,4,55,0
"15825",1,10,50,0
"15826",1,10,38,0
"15827",2,10,38,0
"15828",3,1,29,0
"15829",4,1,29,0
"15830",4,5,33,0
"15831",1,10,65,0
"15832",2,8,63,0
"15833",1,10,50,0
"15834",2,10,50,0
"15835",1,10,33,0
"15836",NA,0,NA,0
"15837",2,8,31,0
"15838",NA,0,NA,0
"15839",3,4,27,0
"15840",NA,0,NA,0
"15841",4,4,27,0
"15842",NA,0,35,0
"15843",1,10,66,0
"15844",2,19,75,0
"15845",3,29,85,0
"15846",4,6,62,0
"15847",1,10,40,0
"15848",NA,0,NA,NA
"15849",NA,0,NA,NA
"15850",NA,0,35,0
"15851",1,10,65,0
"15852",2,7,62,0
"15853",3,1,56,0
"15854",4,1,56,0
"15855",1,10,80,0
"15856",2,5,75,0
"15857",1,10,70,0
"15858",2,2,62,0
"15859",3,1,61,0
"15860",1,10,48,0
"15861",2,12,50,0
"15862",3,5,43,0
"15863",1,10,36,0
"15864",1,10,23,0
"15865",2,3,16,0
"15866",3,6,19,0
"15867",4,14,27,0
"15868",4,19,32,0
"15869",NA,0,35,0
"15870",1,10,68,0
"15871",2,9,67,0
"15872",3,10,68,0
"15873",1,10,50,0
"15874",2,11,51,0
"15875",2,16,56,0
"15876",3,25,65,0
"15877",NA,0,NA,NA
"15878",4,17,57,0
"15879",1,10,65,0
"15880",2,9,64,0
"15881",2,4,59,0
"15882",3,4,59,0
"15883",4,4,59,0
"15884",1,10,88,0
"15885",2,7,85,0
"15886",1,10,76,0
"15887",2,10,76,0
"15888",3,10,76,0
"15889",4,10,76,0
"15890",1,10,55,0
"15891",2,9,54,0
"15892",3,14,59,0
"15893",1,10,54,0
"15894",2,4,48,0
"15895",3,12,56,0
"15896",4,12,56,0
"15897",1,10,91,0
"15898",2,8,89,0
"15899",3,7,88,0
"15900",1,2,2,0
"15901",2,2,2,0
"15902",3,4,4,1
"15903",NA,0,15,0
"15904",NA,0,35,0
"15905",1,10,73,0
"15906",2,5,68,0
"15907",3,3,66,0
"15908",4,13,76,0
"15909",1,10,59,0
"15910",2,10,59,0
"15911",3,12,61,0
"15912",4,4,53,0
"15913",4,9,58,0
"15914",1,10,84,0
"15915",2,10,84,0
"15916",3,1,75,0
"15917",NA,0,NA,0
"15918",1,10,63,0
"15919",2,10,63,0
"15920",1,10,43,0
"15921",NA,0,NA,0
"15922",2,1,34,0
"15923",3,1,34,0
"15924",1,10,30,0
"15925",2,10,30,0
"15926",1,10,77,0
"15927",NA,0,NA,NA
"15928",NA,0,35,0
"15929",1,10,70,0
"15930",2,1,61,0
"15931",1,10,55,0
"15932",2,3,48,0
"15933",3,1,46,0
"15934",4,1,46,0
"15935",1,10,35,0
"15936",1,10,22,0
"15937",2,5,17,0
"15938",3,3,15,0
"15939",1,7,7,0
"15940",2,7,7,0
"15941",3,7,7,0
"15942",1,3,3,1
"15943",NA,0,15,0
"15944",NA,0,35,0
"15945",1,10,79,0
"15946",1,10,62,0
"15947",1,10,39,0
"15948",2,8,37,0
"15949",1,10,24,0
"15950",1,6,20,0
"15951",2,4,18,0
"15952",3,13,27,0
"15953",3,18,32,0
"15954",4,14,28,0
"15955",NA,0,35,0
"15956",1,10,71,0
"15957",1,10,49,0
"15958",NA,0,NA,NA
"15959",2,3,42,0
"15960",3,1,40,0
"15961",1,10,24,0
"15962",1,10,80,0
"15963",2,9,79,0
"15964",3,9,79,0
"15965",4,9,79,0
"15966",1,10,70,0
"15967",1,10,57,0
"15968",2,10,57,0
"15969",3,2,49,0
"15970",3,7,54,0
"15971",1,10,17,0
"15972",2,8,15,0
"15973",NA,0,NA,0
"15974",3,8,15,0
"15975",3,3,10,0
"15976",4,3,10,0
"15977",NA,0,35,0
"15978",1,10,65,0
"15979",2,1,56,0
"15980",1,10,49,0
"15981",2,1,40,0
"15982",3,1,40,0
"15983",NA,0,NA,0
"15984",4,1,40,0
"15985",1,10,29,0
"15986",2,1,20,0
"15987",1,10,11,0
"15988",2,10,11,0
"15989",3,6,7,0
"15990",4,3,4,0
"15991",1,1,1,1
"15992",NA,0,15,0
"15993",NA,0,35,0
"15994",1,10,41,0
"15995",NA,0,NA,0
"15996",2,7,38,0
"15997",NA,0,NA,0
"15998",3,9,40,0
"15999",NA,0,NA,0
"16000",4,5,36,0
"16001",4,10,41,0
"16002",1,10,90,0
"16003",2,6,86,0
"16004",3,15,95,0
"16005",4,15,95,0
"16006",1,10,75,0
"16007",1,10,52,0
"16008",2,4,46,0
"16009",1,10,39,0
"16010",2,11,40,0
"16011",NA,0,NA,NA
"16012",NA,0,NA,NA
"16013",NA,0,35,0
"16014",1,10,78,0
"16015",2,5,73,0
"16016",3,5,73,0
"16017",4,1,69,0
"16018",1,10,84,0
"16019",2,12,86,0
"16020",3,5,79,0
"16021",1,10,73,0
"16022",2,1,64,0
"16023",1,10,54,0
"16024",1,10,43,0
"16025",2,10,43,0
"16026",3,9,42,0
"16027",4,9,42,0
"16028",1,10,80,0
"16029",2,10,80,0
"16030",1,10,68,0
"16031",1,20,78,0
"16032",2,13,71,0
"16033",3,3,61,0
"16034",1,10,54,0
"16035",2,7,51,0
"16036",1,10,44,0
"16037",2,10,44,0
"16038",3,3,37,0
"16039",1,10,33,0
"16040",1,15,38,0
"16041",2,18,41,0
"16042",1,10,33,0
"16043",2,10,33,0
"16044",3,1,24,0
"16045",NA,0,NA,NA
"16046",1,10,21,0
"16047",2,6,17,0
"16048",3,4,15,0
"16049",4,9,20,0
"16050",NA,0,35,0
"16051",1,10,65,0
"16052",2,10,65,0
"16053",3,3,58,0
"16054",1,10,45,0
"16055",2,5,40,0
"16056",1,10,25,0
"16057",2,8,23,0
"16058",1,10,66,0
"16059",2,10,66,0
"16060",1,10,51,0
"16061",2,10,51,0
"16062",3,7,48,0
"16063",4,7,48,0
"16064",1,10,80,0
"16065",1,10,68,0
"16066",2,4,62,0
"16067",1,10,49,0
"16068",2,11,50,0
"16069",3,4,43,0
"16070",1,10,33,0
"16071",2,7,30,0
"16072",3,3,26,0
"16073",1,10,20,0
"16074",2,14,24,0
"16075",3,4,14,0
"16076",NA,0,NA,0
"16077",1,1,1,1
"16078",NA,0,15,0
"16079",NA,0,35,0
"16080",1,10,69,0
"16081",2,6,65,0
"16082",1,10,54,0
"16083",1,10,40,0
"16084",2,6,36,0
"16085",3,6,36,0
"16086",NA,0,NA,0
"16087",4,7,37,0
"16088",NA,0,35,0
"16089",1,10,79,0
"16090",1,10,60,0
"16091",NA,0,NA,0
"16092",1,10,22,0
"16093",NA,0,NA,NA
"16094",NA,0,35,0
"16095",1,10,68,0
"16096",2,9,67,0
"16097",3,9,67,0
"16098",1,10,57,0
"16099",1,10,42,0
"16100",2,6,38,0
"16101",3,4,36,0
"16102",1,10,24,0
"16103",2,10,24,0
"16104",3,11,25,0
"16105",4,11,25,0
"16106",NA,0,35,0
"16107",1,10,48,0
"16108",2,4,42,0
"16109",3,1,39,0
"16110",1,10,35,0
"16111",1,10,18,0
"16112",2,2,10,1
"16113",NA,0,15,0
"16114",NA,0,35,0
"16115",1,10,75,0
"16116",2,8,73,0
"16117",3,1,66,0
"16118",4,3,68,0
"16119",1,10,67,0
"16120",1,15,72,0
"16121",2,13,70,0
"16122",3,13,70,0
"16123",1,10,53,0
"16124",2,10,53,0
"16125",1,10,43,0
"16126",2,9,42,0
"16127",3,9,42,0
"16128",3,14,47,0
"16129",4,14,47,0
"16130",1,10,96,0
"16131",2,6,92,0
"16132",NA,0,NA,NA
"16133",1,10,85,0
"16134",1,10,72,0
"16135",2,8,70,0
"16136",3,3,65,0
"16137",4,3,65,0
"16138",1,10,83,0
"16139",2,3,76,0
"16140",1,10,61,0
"16141",2,12,63,0
"16142",1,10,44,0
"16143",2,8,42,0
"16144",3,1,35,0
"16145",4,1,35,0
"16146",1,10,64,0
"16147",2,1,55,0
"16148",1,10,52,0
"16149",1,10,42,0
"16150",2,3,35,0
"16151",3,1,33,0
"16152",1,10,31,0
"16153",2,2,23,0
"16154",1,10,18,0
"16155",2,8,16,0
"16156",3,13,21,0
"16157",NA,0,NA,0
"16158",NA,0,NA,0
"16159",1,4,4,1
"16160",NA,0,15,0
"16161",NA,0,35,0
"16162",1,10,77,0
"16163",2,10,77,0
"16164",1,10,59,0
"16165",2,10,59,0
"16166",1,10,54,0
"16167",2,10,54,0
"16168",3,10,54,0
"16169",4,10,54,0
"16170",1,10,45,0
"16171",NA,0,NA,0
"16172",1,10,30,0
"16173",NA,0,NA,0
"16174",2,6,26,0
"16175",3,7,27,0
"16176",NA,0,NA,NA
"16177",NA,0,NA,NA
"16178",NA,0,35,0
"16179",1,10,55,0
"16180",2,1,46,0
"16181",1,10,38,0
"16182",2,10,38,0
"16183",3,5,33,0
"16184",4,5,33,0
"16185",1,10,66,0
"16186",1,10,53,0
"16187",2,7,50,0
"16188",1,10,39,0
"16189",2,4,33,0
"16190",3,1,30,0
"16191",1,10,28,0
"16192",2,10,28,0
"16193",3,2,20,0
"16194",1,10,17,0
"16195",2,3,10,0
"16196",3,5,12,0
"16197",4,5,12,0
"16198",NA,0,35,0
"16199",1,10,74,0
"16200",2,14,78,0
"16201",3,6,70,0
"16202",1,10,62,0
"16203",2,10,62,0
"16204",3,5,57,0
"16205",4,5,57,0
"16206",1,10,93,0
"16207",1,10,80,0
"16208",2,7,77,0
"16209",1,10,60,0
"16210",2,3,53,0
"16211",NA,0,NA,NA
"16212",3,1,51,0
"16213",4,1,51,0
"16214",1,10,49,0
"16215",2,5,44,0
"16216",3,2,41,0
"16217",1,10,22,0
"16218",2,7,19,0
"16219",3,4,16,0
"16220",3,9,21,0
"16221",4,4,16,0
"16222",NA,0,35,0
"16223",1,10,65,0
"16224",1,10,54,0
"16225",2,4,48,0
"16226",3,4,48,0
"16227",4,4,48,0
"16228",4,9,53,0
"16229",1,10,87,0
"16230",2,10,87,0
"16231",3,14,91,0
"16232",4,7,84,0
"16233",1,10,52,0
"16234",1,20,62,0
"16235",2,20,62,0
"16236",3,20,62,0
"16237",4,16,58,0
"16238",1,10,96,0
"16239",2,7,93,0
"16240",3,6,92,0
"16241",3,10,96,0
"16242",4,3,89,0
"16243",1,10,52,0
"16244",2,9,51,0
"16245",3,9,51,0
"16246",3,14,56,0
"16247",4,3,45,0
"16248",1,10,34,0
"16249",2,5,29,0
"16250",1,3,3,1
"16251",NA,0,15,0
"16252",NA,0,35,0
"16253",1,10,67,0
"16254",NA,0,NA,0
"16255",2,9,66,0
"16256",1,10,56,0
"16257",NA,0,NA,0
"16258",2,3,49,0
"16259",NA,0,NA,0
"16260",3,10,56,0
"16261",NA,0,NA,0
"16262",1,10,44,0
"16263",2,10,44,0
"16264",NA,0,NA,NA
"16265",NA,0,35,0
"16266",1,10,49,0
"16267",2,5,44,0
"16268",3,5,44,0
"16269",4,1,40,0
"16270",1,10,28,0
"16271",2,8,26,0
"16272",1,10,15,0
"16273",2,10,15,0
"16274",3,6,11,0
"16275",4,6,11,0
"16276",NA,0,35,0
"16277",1,10,67,0
"16278",2,10,67,0
"16279",3,5,62,0
"16280",1,10,49,0
"16281",2,4,43,0
"16282",3,2,41,0
"16283",4,7,46,0
"16284",1,10,92,0
"16285",2,9,91,0
"16286",3,5,87,0
"16287",1,10,75,0
"16288",2,10,75,0
"16289",3,12,77,0
"16290",4,24,89,0
"16291",1,10,79,0
"16292",2,9,78,0
"16293",3,8,77,0
"16294",1,10,69,0
"16295",2,10,69,0
"16296",1,10,58,0
"16297",2,10,58,0
"16298",3,10,58,0
"16299",1,10,38,0
"16300",2,10,38,0
"16301",1,10,80,0
"16302",NA,0,NA,NA
"16303",2,8,78,0
"16304",3,4,74,0
"16305",1,10,59,0
"16306",1,10,47,0
"16307",2,7,44,0
"16308",3,7,44,0
"16309",4,1,38,0
"16310",1,10,34,0
"16311",2,5,29,0
"16312",NA,0,NA,0
"16313",3,5,29,0
"16314",4,14,38,0
"16315",4,19,43,0
"16316",1,10,85,0
"16317",2,10,85,0
"16318",3,10,85,0
"16319",1,10,50,0
"16320",2,5,45,0
"16321",1,10,36,0
"16322",1,15,41,0
"16323",2,3,29,0
"16324",3,3,29,0
"16325",4,3,29,0
"16326",NA,0,35,0
"16327",1,10,65,0
"16328",2,12,67,0
"16329",2,17,72,0
"16330",3,11,66,0
"16331",4,11,66,0
"16332",1,10,72,0
"16333",2,10,72,0
"16334",1,10,60,0
"16335",2,7,57,0
"16336",3,2,52,0
"16337",4,2,52,0
"16338",1,10,86,0
"16339",2,17,93,0
"16340",3,10,86,0
"16341",4,10,86,0
"16342",1,10,57,0
"16343",NA,0,NA,0
"16344",2,12,59,0
"16345",NA,0,NA,0
"16346",3,8,55,0
"16347",NA,0,NA,0
"16348",1,10,22,0
"16349",2,11,23,0
"16350",NA,0,NA,NA
"16351",NA,0,NA,NA
"16352",NA,0,35,0
"16353",1,10,73,0
"16354",2,6,69,0
"16355",3,4,67,0
"16356",1,10,49,0
"16357",2,1,40,0
"16358",1,10,34,0
"16359",2,10,34,0
"16360",3,1,25,0
"16361",1,10,23,0
"16362",2,10,23,0
"16363",3,10,23,0
"16364",NA,0,NA,0
"16365",1,7,7,0
"16366",2,8,8,0
"16367",3,8,8,0
"16368",4,14,14,0
"16369",NA,0,35,0
"16370",1,10,74,0
"16371",2,8,72,0
"16372",3,5,69,0
"16373",1,10,59,0
"16374",2,9,58,0
"16375",3,1,50,0
"16376",4,2,51,0
"16377",1,10,43,0
"16378",2,10,43,0
"16379",NA,0,NA,0
"16380",3,4,37,0
"16381",4,5,38,0
"16382",1,10,61,0
"16383",2,2,53,0
"16384",NA,0,NA,NA
"16385",1,10,42,0
"16386",2,8,40,0
"16387",3,10,42,0
"16388",4,10,42,0
"16389",1,10,80,0
"16390",2,4,74,0
"16391",1,10,64,0
"16392",2,3,57,0
"16393",1,10,52,0
"16394",1,10,31,0
"16395",1,10,16,0
"16396",2,7,13,0
"16397",3,7,13,0
"16398",4,7,13,0
"16399",NA,0,35,0
"16400",1,10,71,0
"16401",2,14,75,0
"16402",1,10,60,0
"16403",2,5,55,0
"16404",1,10,50,0
"16405",1,10,27,0
"16406",2,5,22,0
"16407",3,5,22,0
"16408",4,5,22,0
"16409",NA,0,35,0
"16410",1,10,68,0
"16411",2,4,62,0
"16412",3,6,64,0
"16413",4,17,75,0
"16414",1,10,71,0
"16415",1,20,81,0
"16416",2,15,76,0
"16417",3,23,84,0
"16418",1,10,41,0
"16419",2,5,36,0
"16420",NA,0,NA,0
"16421",3,4,35,0
"16422",1,10,21,0
"16423",NA,0,NA,0
"16424",2,10,21,0
"16425",NA,0,NA,0
"16426",3,9,20,0
"16427",3,4,15,1
"16428",NA,0,15,0
"16429",NA,0,35,0
"16430",1,10,65,0
"16431",NA,0,NA,0
"16432",1,10,43,0
"16433",NA,0,NA,NA
"16434",NA,0,35,0
"16435",1,10,70,0
"16436",2,8,68,0
"16437",3,3,63,0
"16438",4,3,63,0
"16439",1,10,80,0
"16440",2,7,77,0
"16441",3,5,75,0
"16442",1,10,54,0
"16443",1,10,44,0
"16444",1,15,49,0
"16445",2,8,42,0
"16446",1,10,24,0
"16447",1,7,7,1
"16448",NA,0,15,0
"16449",NA,0,35,0
"16450",1,10,65,0
"16451",2,1,56,0
"16452",1,10,55,0
"16453",2,17,62,0
"16454",3,14,59,0
"16455",1,10,24,0
"16456",2,1,15,0
"16457",1,10,12,0
"16458",2,10,12,1
"16459",NA,0,15,0
"16460",NA,0,35,0
"16461",1,10,67,0
"16462",2,4,61,0
"16463",3,3,60,0
"16464",1,10,38,0
"16465",2,10,38,0
"16466",1,10,28,0
"16467",1,10,16,0
"16468",2,10,16,0
"16469",2,15,21,0
"16470",1,10,11,0
"16471",NA,0,NA,NA
"16472",2,6,7,1
"16473",NA,0,15,0
"16474",NA,0,35,0
"16475",1,10,45,0
"16476",2,6,41,0
"16477",1,10,33,0
"16478",2,1,24,0
"16479",1,10,21,0
"16480",2,10,21,0
"16481",3,2,13,0
"16482",1,8,8,0
"16483",2,10,10,0
"16484",3,10,10,0
"16485",4,21,21,0
"16486",NA,0,35,0
"16487",1,10,84,0
"16488",2,10,84,0
"16489",3,6,80,0
"16490",4,6,80,0
"16491",1,10,72,0
"16492",1,10,61,0
"16493",2,9,60,0
"16494",3,9,60,0
"16495",NA,0,NA,0
"16496",4,1,52,0
"16497",1,10,48,0
"16498",2,7,45,0
"16499",3,7,45,0
"16500",1,10,37,0
"16501",2,5,32,0
"16502",3,1,28,0
"16503",NA,0,NA,0
"16504",4,2,29,0
"16505",1,10,14,0
"16506",2,5,9,0
"16507",NA,0,NA,0
"16508",1,1,1,1
"16509",NA,0,15,0
"16510",NA,0,35,0
"16511",1,10,65,0
"16512",1,20,75,0
"16513",2,14,69,0
"16514",1,10,45,0
"16515",1,10,40,0
"16516",2,10,40,0
"16517",1,10,26,0
"16518",NA,0,NA,0
"16519",2,19,35,0
"16520",NA,0,NA,0
"16521",3,11,27,0
"16522",4,11,27,0
"16523",1,10,73,0
"16524",NA,0,NA,NA
"16525",NA,0,NA,NA
"16526",NA,0,35,0
"16527",1,10,71,0
"16528",2,8,69,0
"16529",3,8,69,0
"16530",4,1,62,0
"16531",1,10,96,0
"16532",2,5,91,0
"16533",1,10,78,0
"16534",2,10,78,0
"16535",3,13,81,0
"16536",4,31,99,0
"16537",1,10,44,0
"16538",2,5,39,0
"16539",1,10,12,0
"16540",2,7,9,0
"16541",1,1,1,1
"16542",NA,0,15,0
"16543",NA,0,35,0
"16544",1,10,63,0
"16545",2,8,61,0
"16546",3,1,54,0
"16547",4,2,55,0
"16548",1,10,80,0
"16549",1,10,48,0
"16550",2,10,48,0
"16551",3,2,40,0
"16552",4,1,39,0
"16553",1,10,37,0
"16554",1,5,32,0
"16555",1,10,24,0
"16556",2,11,25,0
"16557",3,11,25,0
"16558",1,10,11,1
"16559",NA,0,30,0
"16560",NA,0,NA,NA
"16561",NA,0,35,0
"16562",1,10,70,0
"16563",2,5,65,0
"16564",1,10,59,NA
"16565",1,10,59,0
"16566",2,10,59,0
"16567",3,10,59,0
"16568",4,10,59,0
"16569",1,10,68,0
"16570",2,11,69,0
"16571",2,21,79,0
"16572",3,6,64,0
"16573",3,11,69,0
"16574",4,11,69,0
"16575",1,10,76,0
"16576",2,10,76,0
"16577",2,15,81,0
"16578",3,12,78,0
"16579",4,7,73,0
"16580",1,10,57,0
"16581",1,10,42,0
"16582",2,11,43,0
"16583",3,8,40,0
"16584",1,10,21,0
"16585",1,10,77,0
"16586",2,15,82,0
"16587",3,1,68,0
"16588",1,10,64,0
"16589",1,10,59,0
"16590",1,10,48,0
"16591",2,9,47,0
"16592",1,10,25,0
"16593",1,10,20,0
"16594",2,10,20,0
"16595",3,15,25,0
"16596",4,7,17,0
"16597",NA,0,35,0
"16598",1,10,70,0
"16599",2,5,65,0
"16600",1,10,50,0
"16601",1,10,40,0
"16602",2,10,40,0
"16603",NA,0,NA,0
"16604",3,4,34,0
"16605",4,4,34,0
"16606",1,10,57,0
"16607",NA,0,NA,0
"16608",NA,0,NA,0
"16609",1,10,28,0
"16610",2,10,28,0
"16611",NA,0,NA,NA
"16612",NA,0,35,0
"16613",1,10,75,0
"16614",2,6,71,0
"16615",1,10,38,0
"16616",2,10,38,0
"16617",3,4,32,0
"16618",4,1,29,0
"16619",1,10,11,0
"16620",2,7,8,0
"16621",3,6,7,0
"16622",4,6,7,0
"16623",NA,0,35,0
"16624",1,10,68,0
"16625",2,10,68,0
"16626",1,10,51,0
"16627",1,10,46,0
"16628",2,6,42,0
"16629",3,6,42,0
"16630",4,6,42,0
"16631",1,10,96,0
"16632",2,6,92,0
"16633",3,7,93,1
"16634",NA,0,2,0
"16635",NA,0,35,0
"16636",1,10,62,0
"16637",1,10,36,0
"16638",2,10,36,0
"16639",3,2,28,0
"16640",4,3,29,0
"16641",NA,0,35,0
"16642",1,10,68,0
"16643",2,11,69,0
"16644",3,1,59,0
"16645",4,1,59,0
"16646",1,10,39,0
"16647",2,10,39,0
"16648",3,7,36,0
"16649",1,10,17,0
"16650",1,2,2,0
"16651",2,2,2,1
"16652",NA,0,15,0
"16653",NA,0,35,0
"16654",1,10,80,0
"16655",2,10,80,0
"16656",3,10,80,0
"16657",4,18,88,0
"16658",NA,0,NA,NA
"16659",1,10,53,0
"16660",1,15,58,0
"16661",2,14,57,0
"16662",3,14,57,0
"16663",4,1,44,0
"16664",4,6,49,0
"16665",1,10,79,0
"16666",2,10,79,0
"16667",3,10,79,0
"16668",4,10,79,0
"16669",1,10,64,0
"16670",2,10,64,0
"16671",1,10,48,0
"16672",1,20,58,0
"16673",2,14,52,0
"16674",1,10,54,0
"16675",2,1,45,0
"16676",1,10,40,0
"16677",1,25,55,0
"16678",2,25,55,0
"16679",3,15,45,0
"16680",4,15,45,0
"16681",1,10,55,0
"16682",1,17,62,0
"16683",1,10,52,0
"16684",2,5,47,0
"16685",1,10,42,0
"16686",1,10,29,0
"16687",2,5,24,0
"16688",3,5,24,0
"16689",4,5,24,0
"16690",1,3,3,0
"16691",2,1,1,0
"16692",3,1,1,0
"16693",NA,0,NA,0
"16694",4,1,1,0
"16695",NA,0,NA,0
"16696",4,5,5,0
"16697",1,10,94,0
"16698",NA,0,NA,0
"16699",2,7,91,0
"16700",3,7,91,0
"16701",NA,0,NA,0
"16702",4,15,99,0
"16703",1,10,50,0
"16704",1,10,28,0
"16705",1,10,15,0
"16706",2,10,15,0
"16707",2,15,20,0
"16708",3,16,21,0
"16709",1,3,3,0
"16710",2,3,3,0
"16711",3,4,4,1
"16712",NA,0,15,0
"16713",NA,0,35,0
"16714",1,10,72,0
"16715",NA,0,NA,0
"16716",2,7,69,0
"16717",3,3,65,0
"16718",1,10,51,0
"16719",2,11,52,0
"16720",NA,0,NA,NA
"16721",NA,0,NA,NA
"16722",NA,0,35,0
"16723",1,10,75,0
"16724",2,4,69,0
"16725",1,10,65,0
"16726",1,10,36,0
"16727",1,10,23,1
"16728",NA,0,15,0
"16729",NA,0,35,0
"16730",1,10,69,0
"16731",2,9,68,0
"16732",3,1,60,0
"16733",1,10,56,0
"16734",2,10,56,0
"16735",3,8,54,0
"16736",1,10,29,0
"16737",2,7,26,0
"16738",3,1,20,0
"16739",3,6,25,0
"16740",4,6,25,0
"16741",NA,0,35,0
"16742",1,10,70,0
"16743",2,10,70,0
"16744",3,4,64,0
"16745",4,1,61,0
"16746",1,10,60,0
"16747",2,3,53,0
"16748",NA,0,NA,0
"16749",3,3,53,0
"16750",1,10,39,0
"16751",2,5,34,0
"16752",1,10,28,0
"16753",2,4,22,0
"16754",3,4,22,0
"16755",4,1,19,0
"16756",1,10,12,0
"16757",2,10,12,0
"16758",3,10,12,0
"16759",NA,0,NA,NA
"16760",4,2,4,1
"16761",NA,0,15,0
"16762",NA,0,35,0
"16763",1,10,78,0
"16764",1,10,56,0
"16765",2,12,58,0
"16766",3,12,58,0
"16767",3,7,53,0
"16768",4,7,53,0
"16769",1,10,80,0
"16770",2,6,76,0
"16771",1,10,66,0
"16772",2,10,66,0
"16773",3,17,73,0
"16774",1,10,25,0
"16775",1,6,6,0
"16776",2,6,6,0
"16777",3,5,5,1
"16778",NA,0,15,0
"16779",NA,0,35,0
"16780",1,10,65,0
"16781",2,10,65,0
"16782",1,10,35,0
"16783",2,7,32,0
"16784",3,3,28,0
"16785",1,10,63,0
"16786",2,13,66,0
"16787",3,13,66,0
"16788",4,13,66,0
"16789",1,10,80,0
"16790",2,5,75,0
"16791",1,10,67,0
"16792",2,10,67,0
"16793",1,10,37,0
"16794",2,10,37,0
"16795",1,10,11,0
"16796",2,10,11,0
"16797",3,7,8,0
"16798",1,10,80,0
"16799",2,4,74,0
"16800",1,10,67,0
"16801",2,10,67,0
"16802",3,4,61,0
"16803",NA,0,NA,0
"16804",1,10,51,0
"16805",NA,0,NA,0
"16806",1,10,34,0
"16807",1,10,18,0
"16808",2,10,18,0
"16809",NA,0,NA,NA
"16810",NA,0,35,0
"16811",1,10,70,0
"16812",2,5,65,0
"16813",1,10,12,0
"16814",2,5,7,0
"16815",3,5,7,0
"16816",4,5,7,1
"16817",NA,0,15,0
"16818",NA,0,35,0
"16819",1,10,14,0
"16820",2,4,8,1
"16821",NA,0,2,0
"16822",NA,0,35,0
"16823",1,10,76,0
"16824",1,10,59,0
"16825",1,15,64,0
"16826",2,15,64,0
"16827",3,3,52,0
"16828",1,10,38,0
"16829",2,4,32,0
"16830",1,10,15,0
"16831",2,2,7,0
"16832",3,1,6,0
"16833",1,4,4,1
"16834",NA,0,15,0
"16835",NA,0,35,0
"16836",1,10,73,0
"16837",1,10,44,0
"16838",2,10,44,0
"16839",1,10,33,0
"16840",1,10,19,1
"16841",NA,0,15,0
"16842",NA,0,35,0
"16843",1,10,76,0
"16844",2,10,76,0
"16845",1,10,52,0
"16846",2,4,46,0
"16847",1,10,35,0
"16848",1,10,20,0
"16849",2,5,15,0
"16850",NA,0,NA,NA
"16851",3,3,13,0
"16852",1,6,6,0
"16853",2,15,15,0
"16854",3,15,15,1
"16855",NA,0,15,0
"16856",NA,0,35,0
"16857",1,10,63,0
"16858",2,10,63,0
"16859",3,2,55,0
"16860",NA,0,NA,0
"16861",4,2,55,0
"16862",1,10,89,0
"16863",2,6,85,0
"16864",NA,0,NA,0
"16865",3,4,83,0
"16866",1,10,78,0
"16867",2,18,86,0
"16868",3,7,75,0
"16869",NA,0,NA,0
"16870",4,7,75,0
"16871",1,10,66,0
"16872",2,10,66,0
"16873",3,1,57,0
"16874",1,10,53,0
"16875",2,10,53,0
"16876",3,1,44,0
"16877",1,10,43,0
"16878",2,2,35,0
"16879",3,1,34,0
"16880",3,6,39,0
"16881",4,6,39,0
"16882",1,10,28,0
"16883",2,10,28,0
"16884",3,22,40,0
"16885",4,22,40,0
"16886",4,27,45,0
"16887",1,10,78,0
"16888",NA,0,NA,0
"16889",1,10,56,0
"16890",NA,0,NA,0
"16891",2,11,57,0
"16892",NA,0,NA,0
"16893",3,10,56,0
"16894",1,10,43,0
"16895",2,11,44,0
"16896",3,12,45,0
"16897",NA,0,NA,NA
"16898",NA,0,NA,NA
"16899",NA,0,35,0
"16900",1,10,70,0
"16901",2,12,72,0
"16902",3,7,67,0
"16903",4,7,67,0
"16904",1,10,60,0
"16905",2,10,60,0
"16906",3,2,52,0
"16907",1,10,45,0
"16908",2,4,39,0
"16909",1,10,35,0
"16910",2,7,32,0
"16911",1,10,23,0
"16912",2,6,19,0
"16913",3,3,16,0
"16914",4,3,16,0
"16915",1,7,7,0
"16916",1,4,4,0
"16917",2,5,5,1
"16918",NA,0,15,0
"16919",NA,0,35,0
"16920",1,10,67,0
"16921",1,20,77,0
"16922",2,13,70,0
"16923",3,13,70,0
"16924",4,13,70,0
"16925",1,10,79,0
"16926",1,10,53,0
"16927",1,10,30,0
"16928",2,10,30,0
"16929",1,10,15,0
"16930",2,1,6,0
"16931",1,2,2,1
"16932",NA,0,15,0
"16933",NA,0,35,0
"16934",1,10,65,0
"16935",2,10,65,0
"16936",3,1,56,0
"16937",NA,0,NA,NA
"16938",1,10,55,0
"16939",2,5,50,0
"16940",3,2,47,0
"16941",4,1,46,0
"16942",1,10,43,0
"16943",2,13,46,0
"16944",3,12,45,0
"16945",4,12,45,0
"16946",1,10,91,0
"16947",2,10,91,0
"16948",3,10,91,0
"16949",4,10,91,0
"16950",1,10,70,0
"16951",2,10,70,0
"16952",3,1,61,0
"16953",1,10,39,0
"16954",2,9,38,0
"16955",3,3,32,0
"16956",4,3,32,0
"16957",1,10,60,0
"16958",1,10,50,0
"16959",1,10,33,0
"16960",1,10,17,0
"16961",1,1,1,0
"16962",2,1,1,1
"16963",NA,0,15,0
"16964",NA,0,35,0
"16965",1,10,65,0
"16966",2,10,65,0
"16967",NA,0,NA,0
"16968",3,10,65,0
"16969",1,10,41,0
"16970",2,3,34,0
"16971",1,10,25,0
"16972",1,10,14,0
"16973",2,7,11,0
"16974",3,7,11,0
"16975",NA,0,NA,0
"16976",4,7,11,0
"16977",1,10,93,0
"16978",NA,0,NA,0
"16979",2,1,84,0
"16980",1,10,79,0
"16981",NA,0,NA,NA
"16982",NA,0,35,0
"16983",1,10,64,0
"16984",2,4,58,0
"16985",3,4,58,NA
"16986",3,4,58,0
"16987",4,4,58,0
"16988",1,10,83,0
"16989",1,10,72,0
"16990",2,10,72,0
"16991",1,10,61,0
"16992",1,10,50,0
"16993",1,18,58,0
"16994",1,10,43,0
"16995",2,10,43,0
"16996",1,10,38,0
"16997",2,10,38,0
"16998",3,2,30,0
"16999",4,2,30,0
"17000",1,10,70,0
"17001",2,4,64,0
"17002",1,10,59,0
"17003",2,5,54,0
"17004",3,3,52,0
"17005",4,3,52,0
"17006",1,10,91,0
"17007",1,10,52,0
"17008",2,2,44,0
"17009",1,10,30,0
"17010",2,7,27,0
"17011",3,7,27,0
"17012",4,7,27,0
"17013",1,10,73,0
"17014",2,6,69,0
"17015",3,6,69,0
"17016",4,6,69,0
"17017",4,11,74,0
"17018",1,10,57,0
"17019",1,10,35,0
"17020",2,10,35,0
"17021",3,23,48,0
"17022",4,23,48,0
"17023",1,10,84,0
"17024",2,5,79,0
"17025",3,4,78,0
"17026",4,4,78,0
"17027",1,10,79,0
"17028",2,10,79,0
"17029",3,10,79,0
"17030",3,15,84,0
"17031",4,15,84,0
"17032",1,10,62,0
"17033",NA,0,NA,NA
"17034",2,8,60,0
"17035",1,10,51,0
"17036",2,4,45,0
"17037",3,4,45,0
"17038",1,10,40,0
"17039",2,7,37,0
"17040",3,5,35,0
"17041",4,5,35,0
"17042",4,1,31,1
"17043",NA,0,15,0
"17044",NA,0,35,0
"17045",1,10,80,0
"17046",2,17,87,0
"17047",1,10,66,0
"17048",1,10,41,0
"17049",2,3,34,1
"17050",NA,0,15,0
"17051",NA,0,35,0
"17052",1,10,45,0
"17053",2,8,43,0
"17054",3,2,37,0
"17055",3,7,42,0
"17056",1,10,33,0
"17057",2,6,29,0
"17058",NA,0,NA,0
"17059",NA,0,NA,0
"17060",3,6,29,0
"17061",1,6,6,0
"17062",2,5,5,0
"17063",NA,0,NA,0
"17064",3,2,2,0
"17065",1,1,1,1
"17066",NA,0,15,0
"17067",NA,0,35,0
"17068",1,10,65,0
"17069",2,3,58,0
"17070",1,10,51,0
"17071",2,10,51,0
"17072",1,10,38,0
"17073",2,10,38,0
"17074",3,10,38,0
"17075",4,10,38,0
"17076",1,10,22,0
"17077",1,10,11,0
"17078",2,6,7,0
"17079",3,13,14,0
"17080",NA,0,NA,0
"17081",4,13,14,0
"17082",1,10,86,0
"17083",2,11,87,0
"17084",3,12,88,0
"17085",NA,0,NA,NA
"17086",NA,0,NA,NA
"17087",NA,0,35,0
"17088",1,10,62,0
"17089",2,7,59,0
"17090",1,10,49,0
"17091",2,7,46,0
"17092",3,7,46,0
"17093",3,17,56,0
"17094",4,7,46,0
"17095",1,10,92,0
"17096",2,8,90,0
"17097",3,1,83,0
"17098",1,10,74,0
"17099",1,20,84,0
"17100",1,10,40,0
"17101",2,5,35,0
"17102",1,7,7,0
"17103",2,6,6,0
"17104",3,4,4,0
"17105",1,2,2,1
"17106",NA,0,7,0
"17107",NA,0,35,0
"17108",1,10,65,0
"17109",2,12,67,0
"17110",3,12,67,0
"17111",1,10,62,0
"17112",2,10,62,0
"17113",3,8,60,0
"17114",4,2,54,0
"17115",1,10,84,0
"17116",2,10,84,0
"17117",3,2,76,0
"17118",1,10,69,0
"17119",2,11,70,0
"17120",3,1,60,0
"17121",NA,0,NA,NA
"17122",4,1,60,0
"17123",1,10,57,0
"17124",2,10,57,0
"17125",3,1,48,0
"17126",1,10,42,0
"17127",2,6,38,0
"17128",2,1,33,0
"17129",1,10,30,0
"17130",2,1,21,0
"17131",1,10,18,0
"17132",1,3,3,0
"17133",1,8,8,0
"17134",2,8,8,1
"17135",NA,0,15,0
"17136",NA,0,35,0
"17137",1,10,63,0
"17138",2,8,61,0
"17139",2,13,66,0
"17140",3,5,58,0
"17141",4,4,57,0
"17142",1,10,94,0
"17143",1,10,83,0
"17144",1,10,73,0
"17145",1,10,56,0
"17146",2,7,53,0
"17147",3,4,50,0
"17148",1,10,44,0
"17149",2,10,44,0
"17150",1,10,32,0
"17151",2,14,36,0
"17152",3,14,36,0
"17153",1,10,17,0
"17154",NA,0,NA,0
"17155",2,9,16,0
"17156",NA,0,NA,0
"17157",1,4,4,0
"17158",NA,0,NA,0
"17159",2,6,6,0
"17160",3,6,6,0
"17161",NA,0,NA,0
"17162",1,3,3,1
"17163",NA,0,15,0
"17164",NA,0,35,0
"17165",1,10,65,0
"17166",NA,0,NA,NA
"17167",NA,0,35,0
"17168",1,10,65,0
"17169",2,10,65,0
"17170",3,13,68,0
"17171",1,10,55,0
"17172",2,7,52,0
"17173",3,1,46,0
"17174",1,10,38,0
"17175",2,3,31,0
"17176",1,10,27,0
"17177",1,10,15,0
"17178",2,2,7,1
"17179",NA,0,15,0
"17180",NA,0,35,0
"17181",1,10,65,0
"17182",2,8,63,0
"17183",3,8,63,0
"17184",4,13,68,0
"17185",1,10,86,0
"17186",2,7,83,0
"17187",3,2,78,0
"17188",1,10,75,0
"17189",1,10,36,0
"17190",1,10,23,0
"17191",2,10,23,0
"17192",3,7,20,0
"17193",4,7,20,0
"17194",NA,0,35,0
"17195",1,10,65,0
"17196",1,25,80,0
"17197",2,21,76,0
"17198",3,16,71,0
"17199",4,3,58,0
"17200",1,10,41,0
"17201",NA,0,NA,NA
"17202",2,8,39,0
"17203",3,6,37,0
"17204",3,11,42,0
"17205",4,7,38,0
"17206",1,10,92,0
"17207",1,10,78,0
"17208",1,20,88,0
"17209",2,20,88,0
"17210",3,20,88,0
"17211",4,20,88,0
"17212",1,10,68,0
"17213",2,4,62,0
"17214",3,4,62,0
"17215",1,10,54,0
"17216",2,11,55,0
"17217",3,11,55,0
"17218",4,6,50,0
"17219",1,10,86,0
"17220",1,10,11,0
"17221",2,7,8,0
"17222",3,8,9,0
"17223",4,4,5,0
"17224",1,10,96,0
"17225",2,3,89,0
"17226",3,2,88,0
"17227",4,1,87,0
"17228",1,10,57,0
"17229",2,11,58,0
"17230",3,12,59,0
"17231",4,13,60,0
"17232",1,10,74,0
"17233",NA,0,NA,NA
"17234",NA,0,NA,NA
"17235",NA,0,35,0
"17236",1,10,67,0
"17237",2,4,61,0
"17238",3,3,60,0
"17239",4,3,60,0
"17240",1,10,90,0
"17241",2,6,86,0
"17242",3,2,82,0
"17243",1,10,68,0
"17244",2,10,68,0
"17245",3,15,73,0
"17246",4,16,74,0
"17247",1,10,69,0
"17248",2,10,69,0
"17249",3,9,68,0
"17250",3,14,73,0
"17251",1,10,68,0
"17252",2,16,74,0
"17253",1,10,58,0
"17254",2,6,54,0
"17255",1,10,39,0
"17256",2,5,34,0
"17257",1,10,17,0
"17258",2,9,16,0
"17259",3,5,12,0
"17260",4,5,12,0
"17261",NA,0,35,0
"17262",1,10,77,0
"17263",1,10,31,0
"17264",1,10,16,0
"17265",NA,0,NA,NA
"17266",2,11,17,0
"17267",3,9,15,0
"17268",4,9,15,0
"17269",NA,0,35,0
"17270",1,10,83,0
"17271",2,8,81,0
"17272",1,10,64,0
"17273",2,7,61,0
"17274",3,6,60,0
"17275",1,10,46,1
"17276",NA,0,15,0
"17277",NA,0,35,0
"17278",1,10,46,0
"17279",2,8,44,0
"17280",3,11,47,0
"17281",1,10,35,0
"17282",2,10,35,0
"17283",1,10,15,0
"17284",2,12,17,0
"17285",NA,0,NA,0
"17286",3,8,13,0
"17287",1,4,4,0
"17288",NA,0,NA,0
"17289",2,3,3,1
"17290",NA,0,15,0
"17291",NA,0,35,0
"17292",1,10,53,0
"17293",1,15,58,0
"17294",2,13,56,0
"17295",3,13,56,0
"17296",1,10,51,0
"17297",2,13,54,0
"17298",3,13,54,0
"17299",4,13,54,0
"17300",1,10,90,0
"17301",2,12,92,0
"17302",NA,0,NA,0
"17303",3,12,92,0
"17304",4,19,99,0
"17305",1,10,40,0
"17306",1,15,45,0
"17307",2,21,51,0
"17308",1,10,28,0
"17309",2,6,24,0
"17310",NA,0,NA,0
"17311",3,6,24,0
"17312",4,6,24,0
"17313",1,10,12,0
"17314",2,19,21,0
"17315",3,12,14,0
"17316",4,6,8,0
"17317",NA,0,NA,NA
"17318",NA,0,35,0
"17319",1,10,70,1
"17320",NA,0,15,0
"17321",NA,0,35,0
"17322",1,10,80,0
"17323",2,10,80,0
"17324",3,12,82,0
"17325",4,19,89,0
"17326",1,10,44,0
"17327",2,12,46,0
"17328",3,8,42,0
"17329",4,4,38,0
"17330",1,10,92,0
"17331",2,2,84,0
"17332",3,1,83,0
"17333",NA,0,NA,0
"17334",4,1,83,0
"17335",1,10,81,0
"17336",2,13,84,0
"17337",1,10,68,0
"17338",2,7,65,0
"17339",1,10,37,0
"17340",2,8,35,0
"17341",3,8,35,0
"17342",4,8,35,0
"17343",1,10,72,0
"17344",2,10,72,0
"17345",3,1,63,0
"17346",1,10,62,0
"17347",2,7,59,0
"17348",3,6,58,0
"17349",NA,0,NA,NA
"17350",1,10,35,0
"17351",2,10,35,0
"17352",2,20,45,0
"17353",3,21,46,0
"17354",4,20,45,0
"17355",1,10,95,0
"17356",2,8,93,0
"17357",2,12,97,0
"17358",3,12,97,0
"17359",1,2,2,1
"17360",NA,0,15,0
"17361",NA,0,35,0
"17362",1,10,71,0
"17363",1,10,60,0
"17364",1,10,42,0
"17365",2,12,44,0
"17366",3,12,44,0
"17367",4,6,38,0
"17368",4,11,43,0
"17369",1,10,80,0
"17370",2,10,80,0
"17371",3,12,82,0
"17372",4,15,85,0
"17373",1,10,62,0
"17374",2,7,59,0
"17375",1,10,40,0
"17376",2,7,37,0
"17377",3,7,37,0
"17378",4,14,44,0
"17379",1,10,91,0
"17380",2,8,89,0
"17381",3,8,89,0
"17382",4,4,85,0
"17383",1,10,80,0
"17384",1,10,40,0
"17385",2,4,34,0
"17386",NA,0,NA,0
"17387",3,4,34,0
"17388",4,14,44,0
"17389",4,19,49,0
"17390",1,10,41,0
"17391",NA,0,NA,NA
"17392",NA,0,NA,NA
"17393",NA,0,35,0
"17394",1,10,65,0
"17395",1,10,54,0
"17396",1,10,34,0
"17397",2,11,35,0
"17398",3,7,31,0
"17399",4,7,31,0
"17400",NA,0,35,0
"17401",1,10,65,0
"17402",2,2,57,0
"17403",1,10,43,0
"17404",2,2,35,0
"17405",1,10,27,0
"17406",2,10,27,0
"17407",1,10,16,0
"17408",2,6,12,0
"17409",3,6,12,0
"17410",4,12,18,0
"17411",NA,0,35,0
"17412",1,10,59,0
"17413",2,7,56,0
"17414",1,10,38,1
"17415",NA,0,15,0
"17416",NA,0,35,0
"17417",1,10,76,0
"17418",2,6,72,0
"17419",1,10,56,0
"17420",2,12,58,0
"17421",3,8,54,0
"17422",4,8,54,0
"17423",1,10,74,0
"17424",2,3,67,0
"17425",3,2,66,0
"17426",1,10,61,0
"17427",NA,0,NA,NA
"17428",2,1,52,0
"17429",1,10,44,0
"17430",1,20,54,0
"17431",2,12,46,0
"17432",3,9,43,0
"17433",4,11,45,0
"17434",1,10,93,0
"17435",1,10,81,0
"17436",1,10,62,0
"17437",2,6,58,0
"17438",1,10,47,0
"17439",2,12,49,0
"17440",1,10,33,0
"17441",2,8,31,0
"17442",1,9,9,0
"17443",2,7,7,0
"17444",3,3,3,1
"17445",NA,0,15,0
"17446",NA,0,35,0
"17447",1,10,64,0
"17448",2,2,56,0
"17449",3,3,57,0
"17450",1,10,42,0
"17451",1,10,30,0
"17452",2,7,27,0
"17453",3,7,27,0
"17454",3,12,32,0
"17455",4,12,32,0
"17456",NA,0,35,0
"17457",1,10,60,0
"17458",2,1,51,0
"17459",1,10,39,1
"17460",NA,0,15,0
"17461",NA,0,35,0
"17462",1,10,65,0
"17463",2,7,62,0
"17464",3,3,58,0
"17465",4,3,58,0
"17466",NA,0,NA,NA
"17467",NA,0,35,0
"17468",1,10,88,0
"17469",2,9,87,0
"17470",3,8,86,0
"17471",1,10,62,0
"17472",1,10,35,0
"17473",2,4,29,0
"17474",3,5,30,0
"17475",1,10,18,0
"17476",2,10,18,0
"17477",3,8,16,0
"17478",4,1,9,0
"17479",1,4,4,1
"17480",NA,0,15,0
"17481",NA,0,35,0
"17482",1,10,77,1
"17483",NA,0,15,0
"17484",NA,0,35,0
"17485",1,10,65,0
"17486",2,4,59,0
"17487",3,1,56,0
"17488",4,11,66,0
"17489",1,10,65,0
"17490",2,10,65,0
"17491",3,7,62,0
"17492",4,14,69,0
"17493",4,19,74,0
"17494",1,10,77,0
"17495",1,10,64,0
"17496",2,10,64,0
"17497",3,5,59,0
"17498",4,6,60,0
"17499",1,10,93,0
"17500",1,10,75,0
"17501",NA,0,NA,NA
"17502",2,6,71,0
"17503",1,10,60,0
"17504",2,3,53,0
"17505",3,3,53,0
"17506",1,10,50,0
"17507",2,7,47,0
"17508",3,3,43,0
"17509",1,10,35,0
"17510",2,19,44,0
"17511",3,12,37,0
"17512",4,12,37,0
"17513",1,10,85,0
"17514",1,10,72,0
"17515",2,4,66,0
"17516",1,10,62,0
"17517",2,1,53,0
"17518",1,10,42,0
"17519",2,7,39,0
"17520",3,7,39,0
"17521",4,14,46,0
"17522",1,10,65,0
"17523",NA,0,NA,0
"17524",2,8,63,0
"17525",NA,0,NA,0
"17526",3,7,62,0
"17527",3,12,67,0
"17528",NA,0,NA,0
"17529",4,4,59,0
"17530",1,10,75,0
"17531",2,5,70,0
"17532",1,10,63,0
"17533",1,10,53,0
"17534",1,10,43,0
"17535",2,9,42,0
"17536",3,9,42,0
"17537",1,10,32,0
"17538",1,10,43,0
"17539",2,1,34,0
"17540",2,6,39,0
"17541",3,4,37,0
"17542",4,2,35,0
"17543",1,10,32,0
"17544",2,11,33,0
"17545",NA,0,NA,NA
"17546",NA,0,NA,NA
"17547",NA,0,35,0
"17548",1,10,65,0
"17549",2,5,60,0
"17550",3,5,60,0
"17551",3,10,65,0
"17552",4,4,59,0
"17553",1,10,81,0
"17554",2,4,75,0
"17555",1,10,24,0
"17556",2,12,26,0
"17557",1,10,12,0
"17558",2,7,9,0
"17559",3,4,6,0
"17560",4,7,9,0
"17561",NA,0,35,0
"17562",1,10,67,0
"17563",2,8,65,0
"17564",3,8,65,0
"17565",4,6,63,0
"17566",1,10,76,0
"17567",1,10,60,0
"17568",2,7,57,0
"17569",2,17,67,0
"17570",3,17,67,0
"17571",1,10,48,0
"17572",2,10,48,0
"17573",3,3,41,0
"17574",1,10,36,0
"17575",2,6,32,0
"17576",2,11,37,0
"17577",3,9,35,0
"17578",4,9,35,0
"17579",1,10,56,0
"17580",2,9,55,0
"17581",1,10,44,0
"17582",2,9,43,0
"17583",3,9,43,0
"17584",1,10,23,0
"17585",NA,0,NA,NA
"17586",2,11,24,0
"17587",3,8,21,0
"17588",4,8,21,0
"17589",NA,0,35,0
"17590",1,10,65,0
"17591",1,10,43,0
"17592",2,14,47,0
"17593",2,19,52,0
"17594",3,28,61,0
"17595",1,10,46,0
"17596",2,9,45,0
"17597",3,9,45,0
"17598",1,10,30,0
"17599",2,2,22,0
"17600",3,2,22,0
"17601",1,10,11,1
"17602",NA,0,15,0
"17603",NA,0,35,0
"17604",1,10,65,0
"17605",2,19,74,0
"17606",3,21,76,0
"17607",4,21,76,0
"17608",1,10,55,0
"17609",2,5,50,0
"17610",1,10,44,0
"17611",1,10,18,0
"17612",2,10,18,0
"17613",3,2,10,0
"17614",3,7,15,0
"17615",1,6,6,0
"17616",2,1,1,1
"17617",NA,0,15,0
"17618",NA,0,35,0
"17619",1,10,67,0
"17620",1,10,51,0
"17621",2,8,49,0
"17622",3,2,43,0
"17623",4,1,42,0
"17624",1,10,57,0
"17625",2,10,57,0
"17626",3,10,57,0
"17627",NA,0,NA,0
"17628",4,4,51,0
"17629",1,10,91,0
"17630",1,10,78,0
"17631",2,10,78,0
"17632",NA,0,NA,0
"17633",1,10,21,0
"17634",2,10,21,1
"17635",NA,0,15,0
"17636",NA,0,35,0
"17637",1,10,73,0
"17638",2,10,73,0
"17639",NA,0,NA,NA
"17640",NA,0,35,0
"17641",1,10,80,0
"17642",2,9,79,0
"17643",1,10,72,0
"17644",2,3,65,0
"17645",3,2,64,0
"17646",1,10,59,0
"17647",1,10,48,0
"17648",1,10,20,0
"17649",2,7,17,0
"17650",3,4,14,1
"17651",NA,0,15,0
"17652",NA,0,35,0
"17653",1,10,72,0
"17654",1,10,61,0
"17655",1,10,39,0
"17656",1,10,22,0
"17657",1,5,17,0
"17658",1,10,22,0
"17659",1,7,7,0
"17660",2,5,5,0
"17661",3,3,3,0
"17662",4,1,1,0
"17663",4,6,6,0
"17664",NA,0,35,0
"17665",1,10,73,0
"17666",2,3,66,0
"17667",1,10,60,0
"17668",1,10,88,0
"17669",2,4,82,0
"17670",1,10,75,0
"17671",2,1,66,0
"17672",NA,0,NA,NA
"17673",1,10,64,0
"17674",2,10,64,0
"17675",3,6,60,0
"17676",4,14,68,0
"17677",1,10,79,0
"17678",2,5,74,0
"17679",1,10,63,0
"17680",2,20,73,0
"17681",3,20,73,0
"17682",4,20,73,0
"17683",1,10,66,0
"17684",1,10,43,0
"17685",1,10,29,0
"17686",2,3,22,0
"17687",1,10,14,0
"17688",2,10,14,0
"17689",3,10,14,0
"17690",3,15,19,0
"17691",4,11,15,0
"17692",NA,0,35,0
"17693",1,10,76,0
"17694",1,10,63,0
"17695",1,10,34,0
"17696",2,5,29,0
"17697",3,2,26,0
"17698",4,2,26,0
"17699",1,10,68,0
"17700",NA,0,NA,0
"17701",1,10,44,0
"17702",NA,0,NA,0
"17703",2,10,44,0
"17704",NA,0,NA,0
"17705",1,10,33,0
"17706",NA,0,NA,0
"17707",2,5,28,0
"17708",NA,0,NA,0
"17709",3,5,28,0
"17710",4,3,26,0
"17711",1,10,18,0
"17712",2,11,19,0
"17713",NA,0,NA,NA
"17714",NA,0,NA,NA
"17715",NA,0,35,0
"17716",1,10,65,0
"17717",2,6,61,0
"17718",3,3,58,0
"17719",1,10,43,0
"17720",2,8,41,0
"17721",3,8,41,0
"17722",4,8,41,0
"17723",1,10,80,0
"17724",2,10,80,0
"17725",3,10,80,0
"17726",4,10,80,0
"17727",1,10,68,0
"17728",2,2,60,0
"17729",3,2,60,0
"17730",4,2,60,0
"17731",1,10,85,0
"17732",2,10,85,0
"17733",1,10,72,0
"17734",2,8,70,0
"17735",3,11,73,0
"17736",4,2,64,0
"17737",1,10,77,0
"17738",2,10,77,0
"17739",1,10,54,0
"17740",1,5,49,0
"17741",2,5,49,0
"17742",1,10,44,1
"17743",NA,0,15,0
"17744",NA,0,35,0
"17745",NA,0,NA,0
"17746",1,10,94,0
"17747",2,10,94,0
"17748",1,10,81,0
"17749",2,6,77,0
"17750",3,2,73,0
"17751",1,10,68,0
"17752",2,18,76,0
"17753",3,18,76,0
"17754",4,18,76,0
"17755",1,10,73,0
"17756",2,9,72,0
"17757",3,9,72,0
"17758",4,9,72,0
"17759",1,10,68,0
"17760",2,5,63,0
"17761",NA,0,NA,NA
"17762",3,6,64,0
"17763",4,6,64,0
"17764",1,10,82,0
"17765",1,10,64,0
"17766",1,10,51,0
"17767",1,10,22,0
"17768",2,6,18,0
"17769",3,6,18,0
"17770",3,1,13,0
"17771",4,1,13,0
"17772",1,10,12,0
"17773",2,13,15,0
"17774",3,6,8,0
"17775",3,11,13,1
"17776",NA,0,15,0
"17777",NA,0,35,0
"17778",1,10,65,0
"17779",2,9,64,0
"17780",1,10,49,0
"17781",2,4,43,0
"17782",3,3,42,0
"17783",4,3,42,0
"17784",1,10,39,0
"17785",2,10,39,0
"17786",3,8,37,0
"17787",1,5,5,0
"17788",2,2,2,0
"17789",3,2,2,0
"17790",4,2,2,0
"17791",1,10,98,0
"17792",2,10,98,0
"17793",3,8,96,0
"17794",3,10,98,0
"17795",1,10,83,0
"17796",2,1,74,0
"17797",NA,0,NA,0
"17798",1,10,70,0
"17799",2,10,70,0
"17800",NA,0,NA,0
"17801",3,4,64,0
"17802",4,4,64,0
"17803",1,10,76,0
"17804",2,9,75,0
"17805",2,14,80,0
"17806",NA,0,NA,NA
"17807",NA,0,35,0
"17808",1,10,73,0
"17809",2,7,70,0
"17810",1,10,63,0
"17811",2,10,63,0
"17812",3,5,58,0
"17813",4,5,58,0
"17814",1,10,85,0
"17815",2,13,88,0
"17816",1,10,85,0
"17817",2,8,83,0
"17818",3,4,79,0
"17819",1,10,60,0
"17820",2,7,57,0
"17821",3,7,57,0
"17822",3,12,62,0
"17823",1,10,34,0
"17824",2,10,34,0
"17825",NA,0,NA,0
"17826",3,18,42,0
"17827",4,18,42,0
"17828",1,10,88,0
"17829",2,11,89,0
"17830",3,11,89,0
"17831",4,11,89,0
"17832",1,10,59,0
"17833",2,1,50,0
"17834",1,10,46,0
"17835",2,10,46,0
"17836",3,2,38,0
"17837",1,10,35,0
"17838",2,6,31,1
"17839",NA,0,2,0
"17840",NA,0,35,0
"17841",1,10,78,0
"17842",2,1,69,0
"17843",1,10,64,0
"17844",1,10,48,0
"17845",1,10,16,0
"17846",NA,0,NA,NA
"17847",2,8,14,0
"17848",1,2,2,0
"17849",2,2,2,1
"17850",NA,0,2,0
"17851",NA,0,35,0
"17852",1,10,67,0
"17853",2,9,66,0
"17854",1,10,52,0
"17855",1,10,34,0
"17856",2,9,33,0
"17857",3,12,36,0
"17858",3,17,41,1
"17859",NA,0,15,0
"17860",NA,0,35,0
"17861",1,10,74,0
"17862",2,3,67,0
"17863",1,10,63,0
"17864",2,5,58,0
"17865",3,5,58,0
"17866",1,10,51,0
"17867",1,20,61,0
"17868",2,12,53,0
"17869",3,12,53,0
"17870",4,3,44,0
"17871",1,10,40,0
"17872",1,10,19,0
"17873",2,10,19,0
"17874",NA,0,NA,0
"17875",1,7,7,0
"17876",2,7,7,1
"17877",NA,0,2,0
"17878",NA,0,35,0
"17879",1,10,70,0
"17880",NA,0,NA,0
"17881",2,8,68,0
"17882",NA,0,NA,0
"17883",3,5,65,0
"17884",1,10,19,0
"17885",2,10,19,0
"17886",3,5,14,0
"17887",1,9,9,0
"17888",2,2,2,1
"17889",NA,0,15,0
"17890",NA,0,35,0
"17891",1,10,72,0
"17892",2,10,72,0
"17893",NA,0,NA,0
"17894",3,8,70,0
"17895",4,8,70,0
"17896",1,10,68,0
"17897",2,11,69,0
"17898",3,11,69,0
"17899",1,10,38,0
"17900",2,10,38,0
"17901",1,10,18,1
"17902",NA,0,15,0
"17903",NA,0,35,0
"17904",1,10,65,0
"17905",2,14,69,0
"17906",3,14,69,0
"17907",3,19,74,0
"17908",4,19,74,0
"17909",1,10,40,0
"17910",NA,0,NA,0
"17911",2,10,40,0
"17912",3,10,40,0
"17913",1,1,1,1
"17914",NA,0,15,0
"17915",NA,0,35,0
"17916",1,10,77,0
"17917",1,10,48,0
"17918",NA,0,NA,0
"17919",1,5,43,0
"17920",1,10,21,0
"17921",2,10,21,0
"17922",NA,0,NA,NA
"17923",NA,0,NA,NA
"17924",NA,0,35,0
"17925",1,10,75,0
"17926",2,2,67,0
"17927",1,10,64,0
"17928",2,5,59,0
"17929",3,5,59,0
"17930",4,1,55,0
"17931",1,10,54,0
"17932",2,10,54,0
"17933",1,10,43,0
"17934",2,11,44,0
"17935",3,13,46,0
"17936",4,4,37,1
"17937",NA,0,15,0
"17938",NA,0,35,0
"17939",1,10,80,0
"17940",2,6,76,0
"17941",3,6,76,0
"17942",1,10,66,0
"17943",1,10,32,0
"17944",2,4,26,0
"17945",3,1,23,0
"17946",1,10,19,0
"17947",2,10,19,0
"17948",3,10,19,0
"17949",4,32,41,0
"17950",NA,0,35,0
"17951",1,10,66,0
"17952",2,6,62,0
"17953",3,1,57,0
"17954",3,6,62,0
"17955",4,6,62,0
"17956",1,10,84,0
"17957",NA,0,NA,NA
"17958",1,10,66,0
"17959",2,6,62,0
"17960",3,5,61,1
"17961",NA,0,15,0
"17962",NA,0,35,0
"17963",1,10,74,0
"17964",1,19,83,0
"17965",2,27,91,0
"17966",1,10,56,0
"17967",2,8,54,0
"17968",3,14,60,0
"17969",4,7,53,0
"17970",1,10,80,0
"17971",1,10,54,0
"17972",2,11,55,0
"17973",1,10,15,0
"17974",NA,0,NA,0
"17975",2,1,6,0
"17976",3,1,6,0
"17977",4,1,6,0
"17978",4,11,16,0
"17979",NA,0,35,0
"17980",1,10,74,0
"17981",1,20,84,0
"17982",2,13,77,0
"17983",3,20,84,0
"17984",4,9,73,0
"17985",1,10,68,0
"17986",2,11,69,0
"17987",3,8,66,0
"17988",1,10,56,0
"17989",2,8,54,0
"17990",3,4,50,0
"17991",4,4,50,0
"17992",1,10,84,0
"17993",2,4,78,0
"17994",NA,0,NA,0
"17995",1,10,62,0
"17996",2,10,62,0
"17997",NA,0,NA,NA
"17998",NA,0,35,0
"17999",1,10,52,0
"18000",2,3,45,0
"18001",1,10,33,0
"18002",2,5,28,0
"18003",3,1,24,0
"18004",1,10,22,0
"18005",1,10,11,0
"18006",2,8,9,0
"18007",3,18,19,0
"18008",4,9,10,0
"18009",NA,0,35,0
"18010",1,10,84,0
"18011",2,5,79,1
"18012",NA,0,15,0
"18013",NA,0,35,0
"18014",1,10,60,0
"18015",1,10,46,0
"18016",2,14,50,0
"18017",3,4,40,0
"18018",1,10,29,0
"18019",1,10,19,0
"18020",2,5,14,0
"18021",1,5,5,0
"18022",2,1,1,1
"18023",NA,0,15,0
"18024",NA,0,35,0
"18025",1,10,70,0
"18026",2,5,65,0
"18027",2,14,74,0
"18028",3,15,75,0
"18029",1,10,47,0
"18030",1,10,28,0
"18031",2,5,23,0
"18032",NA,0,NA,NA
"18033",3,5,23,0
"18034",4,5,23,0
"18035",1,10,68,0
"18036",2,2,60,0
"18037",1,10,35,0
"18038",1,10,15,0
"18039",2,12,17,0
"18040",3,5,10,0
"18041",4,12,17,0
"18042",NA,0,35,0
"18043",1,10,70,0
"18044",2,13,73,0
"18045",3,13,73,0
"18046",1,10,60,0
"18047",2,2,52,0
"18048",1,10,47,0
"18049",1,10,26,1
"18050",NA,0,15,0
"18051",NA,0,35,0
"18052",1,10,72,0
"18053",2,3,65,0
"18054",1,10,51,0
"18055",2,10,51,0
"18056",3,10,51,0
"18057",1,10,35,0
"18058",2,10,35,0
"18059",3,10,35,0
"18060",1,10,23,0
"18061",2,10,23,0
"18062",3,2,15,0
"18063",4,2,15,0
"18064",1,10,10,0
"18065",2,18,18,0
"18066",3,11,11,0
"18067",4,11,11,0
"18068",NA,0,35,0
"18069",1,10,57,0
"18070",NA,0,NA,0
"18071",2,9,56,0
"18072",NA,0,NA,0
"18073",3,9,56,0
"18074",NA,0,NA,0
"18075",1,10,11,0
"18076",NA,0,NA,0
"18077",2,13,14,0
"18078",NA,0,NA,0
"18079",3,13,14,0
"18080",4,18,19,0
"18081",NA,0,NA,0
"18082",4,23,24,0
"18083",NA,0,NA,NA
"18084",NA,0,NA,NA
"18085",NA,0,35,0
"18086",1,10,69,0
"18087",2,6,65,0
"18088",2,11,70,0
"18089",3,11,70,0
"18090",1,10,31,0
"18091",2,3,24,0
"18092",1,10,14,0
"18093",2,6,10,0
"18094",3,6,10,1
"18095",NA,0,15,0
"18096",NA,0,35,0
"18097",1,10,73,0
"18098",2,8,71,0
"18099",3,14,77,0
"18100",1,10,59,0
"18101",2,6,55,0
"18102",3,6,55,0
"18103",4,4,53,0
"18104",1,10,74,0
"18105",1,10,62,0
"18106",2,4,56,0
"18107",3,4,56,0
"18108",4,4,56,0
"18109",1,10,83,0
"18110",2,2,75,0
"18111",1,10,61,0
"18112",2,10,61,0
"18113",3,5,56,0
"18114",1,10,48,0
"18115",2,10,48,0
"18116",3,7,45,0
"18117",3,12,50,0
"18118",4,12,50,0
"18119",1,10,73,0
"18120",2,6,69,0
"18121",1,10,60,0
"18122",1,10,49,0
"18123",2,10,49,0
"18124",NA,0,NA,NA
"18125",3,3,42,0
"18126",1,10,39,0
"18127",2,7,36,0
"18128",NA,0,NA,0
"18129",1,10,27,0
"18130",2,1,18,0
"18131",2,11,28,0
"18132",3,5,22,0
"18133",4,1,18,0
"18134",4,5,22,0
"18135",NA,0,35,0
"18136",1,10,72,0
"18137",NA,0,NA,0
"18138",1,10,45,0
"18139",2,16,51,0
"18140",3,10,45,0
"18141",1,10,30,0
"18142",2,3,23,0
"18143",2,8,28,0
"18144",1,10,19,0
"18145",2,3,12,0
"18146",1,8,8,0
"18147",2,8,8,1
"18148",NA,0,15,0
"18149",NA,0,35,0
"18150",1,10,70,0
"18151",1,10,76,0
"18152",1,10,39,0
"18153",1,10,35,0
"18154",2,4,29,1
"18155",NA,0,15,0
"18156",NA,0,35,0
"18157",1,10,70,0
"18158",2,7,67,0
"18159",1,10,52,0
"18160",2,5,47,0
"18161",3,4,46,0
"18162",NA,0,NA,0
"18163",1,10,41,0
"18164",NA,0,NA,0
"18165",2,13,44,0
"18166",1,10,70,0
"18167",2,10,70,0
"18168",1,10,57,0
"18169",2,2,49,0
"18170",1,10,37,0
"18171",2,10,37,0
"18172",NA,0,NA,0
"18173",3,4,31,0
"18174",NA,0,NA,NA
"18175",NA,0,35,0
"18176",1,10,68,0
"18177",2,5,63,0
"18178",3,2,60,0
"18179",1,10,55,0
"18180",2,3,48,0
"18181",1,10,32,0
"18182",1,10,18,0
"18183",2,7,15,0
"18184",3,7,15,0
"18185",4,1,9,0
"18186",1,7,7,0
"18187",2,5,5,0
"18188",3,5,5,0
"18189",4,5,5,0
"18190",NA,0,35,0
"18191",1,10,61,0
"18192",2,5,56,0
"18193",1,10,50,0
"18194",1,10,26,0
"18195",2,8,24,0
"18196",3,8,24,0
"18197",1,10,11,NA
"18198",1,10,11,0
"18199",2,18,19,0
"18200",3,18,19,1
"18201",NA,0,15,0
"18202",NA,0,35,0
"18203",1,10,67,0
"18204",2,12,69,0
"18205",3,4,61,0
"18206",1,10,24,0
"18207",2,4,18,0
"18208",1,8,8,0
"18209",2,8,8,0
"18210",NA,0,NA,NA
"18211",3,5,5,1
"18212",NA,0,15,0
"18213",NA,0,35,0
"18214",1,10,73,0
"18215",1,10,36,0
"18216",1,10,18,0
"18217",2,9,17,0
"18218",3,4,12,0
"18219",1,4,4,0
"18220",2,2,2,1
"18221",NA,0,15,0
"18222",NA,0,35,0
"18223",1,10,80,0
"18224",1,10,68,0
"18225",1,10,43,0
"18226",2,10,43,0
"18227",3,5,38,0
"18228",1,10,24,0
"18229",2,3,17,0
"18230",2,13,27,0
"18231",3,13,27,0
"18232",4,13,27,0
"18233",NA,0,35,0
"18234",1,10,61,0
"18235",2,8,59,0
"18236",3,4,55,0
"18237",4,4,55,0
"18238",1,10,90,0
"18239",2,10,90,0
"18240",1,10,78,0
"18241",2,10,78,0
"18242",3,18,86,0
"18243",4,17,85,0
"18244",1,10,58,0
"18245",2,10,58,0
"18246",2,20,68,1
"18247",NA,0,15,0
"18248",NA,0,35,0
"18249",1,10,70,0
"18250",1,10,55,0
"18251",1,10,37,0
"18252",NA,0,NA,0
"18253",2,8,35,0
"18254",NA,0,NA,0
"18255",1,7,7,0
"18256",NA,0,NA,0
"18257",2,9,9,0
"18258",NA,0,NA,0
"18259",3,14,14,0
"18260",NA,0,NA,0
"18261",4,18,18,0
"18262",NA,0,35,0
"18263",1,10,65,0
"18264",2,5,60,0
"18265",NA,0,NA,NA
"18266",NA,0,NA,NA
"18267",NA,0,35,0
"18268",1,10,69,0
"18269",2,10,69,0
"18270",1,10,39,0
"18271",2,8,37,0
"18272",3,6,35,0
"18273",1,10,30,0
"18274",2,7,27,1
"18275",NA,0,15,0
"18276",NA,0,35,0
"18277",1,10,85,0
"18278",2,5,80,0
"18279",3,6,81,0
"18280",4,3,78,0
"18281",1,10,65,0
"18282",1,10,41,0
"18283",2,9,40,0
"18284",3,4,35,0
"18285",1,10,60,0
"18286",1,15,65,0
"18287",2,15,65,0
"18288",3,7,57,0
"18289",4,9,59,0
"18290",1,10,86,0
"18291",2,7,83,0
"18292",1,10,67,0
"18293",2,6,63,0
"18294",1,10,53,0
"18295",2,4,47,0
"18296",1,10,23,0
"18297",2,13,26,0
"18298",3,9,22,0
"18299",4,2,15,0
"18300",1,10,85,0
"18301",NA,0,NA,NA
"18302",2,8,83,0
"18303",1,10,60,0
"18304",2,8,58,0
"18305",3,3,53,0
"18306",4,3,53,0
"18307",1,10,86,0
"18308",1,10,71,0
"18309",2,12,73,0
"18310",2,17,78,0
"18311",3,5,66,0
"18312",4,17,78,0
"18313",1,10,64,0
"18314",2,10,64,0
"18315",3,6,60,0
"18316",1,10,54,0
"18317",2,10,54,0
"18318",3,6,50,0
"18319",4,6,50,0
"18320",1,10,87,0
"18321",1,15,92,0
"18322",1,17,94,0
"18323",2,14,91,0
"18324",3,6,83,0
"18325",1,10,78,1
"18326",NA,0,15,0
"18327",NA,0,35,0
"18328",1,10,65,0
"18329",2,5,60,0
"18330",3,5,60,0
"18331",4,11,66,0
"18332",1,10,86,0
"18333",2,7,83,0
"18334",2,15,91,0
"18335",3,15,91,0
"18336",4,15,91,0
"18337",1,10,62,0
"18338",1,10,41,0
"18339",2,4,35,0
"18340",3,5,36,0
"18341",4,5,36,0
"18342",1,10,55,0
"18343",1,10,48,0
"18344",2,9,47,0
"18345",3,1,39,0
"18346",NA,0,NA,0
"18347",1,10,38,0
"18348",NA,0,NA,0
"18349",2,19,47,0
"18350",1,10,57,0
"18351",NA,0,NA,0
"18352",1,10,46,0
"18353",NA,0,NA,0
"18354",1,10,35,0
"18355",NA,0,NA,NA
"18356",NA,0,35,0
"18357",1,10,67,0
"18358",2,7,64,0
"18359",1,10,46,0
"18360",2,3,39,0
"18361",3,3,39,0
"18362",1,10,36,0
"18363",2,9,35,0
"18364",2,14,40,0
"18365",3,14,40,0
"18366",4,2,28,0
"18367",1,10,24,0
"18368",2,8,22,1
"18369",NA,0,2,0
"18370",NA,0,35,0
"18371",1,10,73,0
"18372",2,5,68,0
"18373",3,2,65,0
"18374",1,10,51,0
"18375",1,10,36,0
"18376",2,7,33,0
"18377",1,5,5,1
"18378",NA,0,15,0
"18379",NA,0,35,0
"18380",1,10,79,0
"18381",2,10,79,0
"18382",3,3,72,0
"18383",4,3,72,0
"18384",1,10,70,0
"18385",2,10,70,0
"18386",3,8,68,0
"18387",1,10,59,0
"18388",2,5,54,0
"18389",3,2,51,0
"18390",NA,0,50,NA
"18391",4,1,50,0
"18392",1,10,49,0
"18393",2,8,47,0
"18394",3,6,45,0
"18395",4,6,45,0
"18396",1,10,89,0
"18397",1,10,69,0
"18398",2,10,69,0
"18399",3,4,63,0
"18400",4,4,63,0
"18401",1,10,40,0
"18402",2,10,40,0
"18403",3,10,40,0
"18404",4,10,40,0
"18405",NA,0,35,0
"18406",1,10,71,0
"18407",1,10,58,0
"18408",2,10,58,0
"18409",3,2,50,0
"18410",1,10,48,0
"18411",2,10,48,0
"18412",3,10,48,0
"18413",1,10,35,0
"18414",2,7,32,0
"18415",3,4,29,0
"18416",4,4,29,0
"18417",1,10,22,0
"18418",2,8,20,0
"18419",3,8,20,0
"18420",4,5,17,0
"18421",1,10,14,0
"18422",2,8,12,0
"18423",3,8,12,0
"18424",4,8,12,0
"18425",1,10,87,0
"18426",NA,0,NA,0
"18427",2,9,86,0
"18428",NA,0,NA,0
"18429",3,7,84,0
"18430",NA,0,NA,0
"18431",4,8,85,0
"18432",1,10,67,0
"18433",1,10,37,0
"18434",2,10,37,0
"18435",3,21,48,0
"18436",4,21,48,0
"18437",1,10,66,0
"18438",2,10,66,0
"18439",3,7,63,0
"18440",NA,0,NA,0
"18441",4,6,62,0
"18442",1,10,79,0
"18443",NA,0,NA,NA
"18444",NA,0,NA,NA
"18445",NA,0,35,0
"18446",1,10,66,0
"18447",2,10,66,0
"18448",3,1,57,0
"18449",1,10,44,0
"18450",2,5,39,0
"18451",NA,0,NA,0
"18452",1,2,2,1
"18453",NA,0,15,0
"18454",NA,0,35,0
"18455",1,10,61,0
"18456",2,2,53,0
"18457",3,3,54,0
"18458",4,3,54,0
"18459",4,8,59,0
"18460",1,10,99,0
"18461",NA,0,20,0
"18462",1,10,65,0
"18463",2,1,56,0
"18464",3,1,56,0
"18465",1,10,53,0
"18466",1,9,9,0
"18467",2,4,4,0
"18468",3,5,5,1
"18469",NA,0,2,0
"18470",NA,0,35,0
"18471",1,10,60,0
"18472",1,10,36,0
"18473",2,10,36,0
"18474",3,3,29,0
"18475",NA,0,NA,0
"18476",4,3,29,0
"18477",NA,0,35,0
"18478",1,10,87,0
"18479",2,6,83,0
"18480",3,6,83,0
"18481",4,1,78,0
"18482",1,10,74,1
"18483",NA,0,15,0
"18484",NA,0,35,0
"18485",1,10,72,0
"18486",2,10,72,0
"18487",3,10,72,0
"18488",1,10,59,0
"18489",2,9,58,0
"18490",3,9,58,0
"18491",4,4,53,0
"18492",1,10,80,0
"18493",2,6,76,0
"18494",3,5,75,0
"18495",1,10,60,0
"18496",1,16,66,0
"18497",NA,0,NA,NA
"18498",2,15,65,0
"18499",2,20,70,0
"18500",3,9,59,0
"18501",4,9,59,0
"18502",1,10,90,0
"18503",2,12,92,0
"18504",3,6,86,0
"18505",1,10,51,0
"18506",2,3,44,0
"18507",3,5,46,0
"18508",4,5,46,0
"18509",1,10,54,0
"18510",1,18,62,0
"18511",2,9,53,0
"18512",3,2,46,0
"18513",3,12,56,0
"18514",1,10,41,0
"18515",2,12,43,0
"18516",3,12,43,0
"18517",4,12,43,0
"18518",NA,0,35,0
"18519",1,10,90,0
"18520",2,8,88,0
"18521",2,13,93,0
"18522",3,13,93,0
"18523",4,2,82,0
"18524",4,7,87,0
"18525",1,10,73,0
"18526",2,7,70,0
"18527",3,3,66,0
"18528",1,10,61,0
"18529",2,13,64,0
"18530",3,11,62,0
"18531",4,11,62,0
"18532",1,10,68,0
"18533",1,10,56,0
"18534",1,10,42,0
"18535",2,10,42,0
"18536",2,5,37,0
"18537",1,10,27,0
"18538",2,3,20,0
"18539",1,1,1,1
"18540",NA,0,15,0
"18541",NA,0,35,0
"18542",1,10,72,0
"18543",NA,0,NA,0
"18544",2,17,79,0
"18545",1,10,35,0
"18546",NA,0,NA,0
"18547",1,2,2,1
"18548",NA,0,15,0
"18549",NA,0,35,0
"18550",1,10,74,0
"18551",NA,0,NA,NA
"18552",NA,0,35,0
"18553",1,10,65,0
"18554",2,7,62,0
"18555",3,2,57,0
"18556",1,10,54,0
"18557",2,10,54,0
"18558",3,10,54,0
"18559",1,10,39,0
"18560",1,10,55,0
"18561",2,2,47,0
"18562",1,10,30,0
"18563",2,10,30,0
"18564",3,5,25,0
"18565",1,10,15,0
"18566",2,9,14,0
"18567",3,7,12,0
"18568",1,5,5,1
"18569",NA,0,15,0
"18570",NA,0,35,0
"18571",1,10,60,0
"18572",1,10,42,0
"18573",2,8,40,0
"18574",3,1,33,0
"18575",3,6,38,1
"18576",NA,0,15,0
"18577",NA,0,35,0
"18578",1,10,53,0
"18579",1,10,28,0
"18580",2,5,23,0
"18581",NA,0,NA,0
"18582",3,3,21,0
"18583",3,8,26,0
"18584",4,8,26,0
"18585",1,10,12,0
"18586",2,1,3,0
"18587",3,1,3,1
"18588",NA,0,15,0
"18589",NA,0,35,0
"18590",1,10,67,0
"18591",2,5,62,0
"18592",3,5,62,0
"18593",1,10,44,0
"18594",1,10,27,0
"18595",2,1,18,0
"18596",NA,0,NA,NA
"18597",1,10,15,0
"18598",2,8,13,0
"18599",3,9,14,0
"18600",4,6,11,0
"18601",NA,0,35,0
"18602",1,10,72,0
"18603",2,10,72,0
"18604",1,10,45,0
"18605",2,14,49,0
"18606",3,14,49,0
"18607",4,1,36,0
"18608",1,10,64,0
"18609",1,10,48,0
"18610",2,10,48,0
"18611",2,20,58,0
"18612",3,16,54,0
"18613",4,11,49,0
"18614",1,10,92,0
"18615",2,10,92,0
"18616",3,15,97,0
"18617",4,12,94,0
"18618",1,10,75,0
"18619",2,8,73,0
"18620",1,10,64,0
"18621",2,10,64,0
"18622",3,8,62,0
"18623",1,10,53,0
"18624",2,10,53,0
"18625",NA,0,NA,NA
"18626",NA,0,NA,NA
"18627",NA,0,35,0
"18628",1,10,69,0
"18629",2,7,66,0
"18630",3,6,65,0
"18631",4,15,74,0
"18632",1,10,76,0
"18633",1,10,64,0
"18634",2,8,62,0
"18635",3,8,62,0
"18636",1,10,49,0
"18637",1,10,38,0
"18638",2,4,32,0
"18639",1,10,23,0
"18640",2,10,23,0
"18641",3,10,23,0
"18642",4,14,27,0
"18643",NA,0,35,0
"18644",1,10,71,0
"18645",1,10,59,0
"18646",2,5,54,0
"18647",1,10,49,0
"18648",2,5,44,0
"18649",3,5,44,0
"18650",1,10,20,0
"18651",2,11,21,0
"18652",1,10,83,0
"18653",2,4,77,0
"18654",1,10,53,0
"18655",2,10,53,0
"18656",3,10,53,0
"18657",1,10,30,0
"18658",2,3,23,0
"18659",3,3,23,0
"18660",1,10,18,0
"18661",NA,0,NA,NA
"18662",2,11,19,0
"18663",2,16,24,0
"18664",3,1,9,0
"18665",3,6,14,0
"18666",4,22,30,0
"18667",4,17,25,0
"18668",NA,0,35,0
"18669",1,10,65,0
"18670",1,10,47,0
"18671",2,6,43,0
"18672",3,2,39,0
"18673",1,10,33,0
"18674",2,3,26,0
"18675",2,10,33,0
"18676",3,7,30,0
"18677",4,7,30,0
"18678",NA,0,35,0
"18679",1,10,77,0
"18680",2,7,74,0
"18681",1,10,64,1
"18682",NA,0,15,0
"18683",NA,0,35,0
"18684",1,10,73,0
"18685",2,9,72,0
"18686",3,7,70,0
"18687",4,7,70,0
"18688",1,10,74,0
"18689",2,3,67,0
"18690",1,10,64,0
"18691",2,10,64,0
"18692",3,6,60,0
"18693",4,6,60,0
"18694",1,10,87,0
"18695",2,10,87,0
"18696",3,10,87,0
"18697",1,10,71,0
"18698",2,7,68,0
"18699",1,1,1,1
"18700",NA,0,15,0
"18701",NA,0,35,0
"18702",1,10,69,0
"18703",1,10,57,0
"18704",1,10,40,0
"18705",2,4,34,0
"18706",NA,0,NA,0
"18707",3,11,41,0
"18708",NA,0,NA,0
"18709",1,10,19,0
"18710",1,9,9,0
"18711",2,9,9,0
"18712",NA,0,NA,0
"18713",NA,0,NA,0
"18714",3,4,4,0
"18715",4,14,14,0
"18716",NA,0,NA,NA
"18717",NA,0,35,0
"18718",1,10,65,0
"18719",1,20,75,0
"18720",2,15,70,0
"18721",3,7,62,0
"18722",1,10,57,0
"18723",2,7,54,1
"18724",NA,0,15,0
"18725",NA,0,35,0
"18726",1,10,65,0
"18727",1,10,53,0
"18728",2,10,53,0
"18729",3,17,60,0
"18730",4,25,68,0
"18731",1,10,88,0
"18732",2,2,80,0
"18733",1,10,73,0
"18734",1,10,61,0
"18735",1,10,47,0
"18736",2,5,42,0
"18737",3,2,39,0
"18738",1,10,31,0
"18739",1,10,21,1
"18740",NA,0,15,0
"18741",NA,0,35,0
"18742",1,10,71,0
"18743",1,10,19,0
"18744",2,8,17,0
"18745",3,7,16,0
"18746",1,4,4,0
"18747",2,2,2,0
"18748",3,1,1,1
"18749",NA,0,15,0
"18750",NA,0,35,0
"18751",1,10,67,0
"18752",2,7,64,0
"18753",1,10,45,0
"18754",NA,0,NA,NA
"18755",2,8,43,0
"18756",1,10,35,0
"18757",2,6,31,0
"18758",3,10,35,0
"18759",4,10,35,0
"18760",1,10,24,0
"18761",2,5,19,0
"18762",1,10,14,0
"18763",2,4,8,0
"18764",1,3,3,1
"18765",NA,0,15,0
"18766",NA,0,35,0
"18767",1,10,84,0
"18768",2,10,84,0
"18769",NA,0,NA,0
"18770",3,7,81,0
"18771",1,10,67,0
"18772",2,7,64,0
"18773",1,10,56,0
"18774",2,8,54,0
"18775",3,12,58,0
"18776",4,12,58,0
"18777",1,10,81,0
"18778",2,8,79,0
"18779",3,12,83,0
"18780",4,3,74,0
"18781",1,10,73,0
"18782",2,11,74,0
"18783",3,7,70,0
"18784",4,7,70,0
"18785",1,10,77,0
"18786",1,10,57,0
"18787",2,7,54,0
"18788",1,10,46,0
"18789",NA,0,NA,NA
"18790",NA,0,NA,NA
"18791",NA,0,35,0
"18792",1,10,78,0
"18793",1,10,60,0
"18794",2,9,59,0
"18795",1,10,43,0
"18796",2,7,40,0
"18797",1,10,30,0
"18798",1,10,17,0
"18799",2,3,10,0
"18800",3,1,8,0
"18801",3,6,13,0
"18802",1,6,6,0
"18803",2,3,3,0
"18804",3,5,5,0
"18805",4,14,14,0
"18806",NA,0,35,0
"18807",1,10,72,0
"18808",2,6,68,0
"18809",3,9,71,0
"18810",4,2,64,0
"18811",1,10,83,0
"18812",1,10,68,0
"18813",2,10,68,0
"18814",3,6,64,0
"18815",1,10,59,0
"18816",1,10,38,0
"18817",2,6,34,0
"18818",3,7,35,0
"18819",1,10,25,0
"18820",2,7,22,0
"18821",3,7,22,0
"18822",4,7,22,0
"18823",NA,0,35,0
"18824",NA,0,NA,NA
"18825",1,10,62,0
"18826",2,8,60,0
"18827",1,10,52,0
"18828",1,10,32,0
"18829",1,23,45,0
"18830",2,17,39,0
"18831",2,22,44,0
"18832",3,7,29,0
"18833",1,10,22,0
"18834",2,7,19,0
"18835",3,2,14,0
"18836",1,10,12,0
"18837",1,2,2,1
"18838",NA,0,15,0
"18839",NA,0,35,0
"18840",1,10,47,0
"18841",2,10,47,0
"18842",3,9,46,0
"18843",4,23,60,0
"18844",4,28,65,0
"18845",1,10,78,0
"18846",2,8,76,0
"18847",3,3,71,0
"18848",1,10,68,0
"18849",1,10,44,0
"18850",2,4,38,0
"18851",3,2,36,0
"18852",4,2,36,0
"18853",1,10,33,0
"18854",1,10,19,0
"18855",2,7,16,0
"18856",3,5,14,0
"18857",3,10,19,0
"18858",NA,0,NA,0
"18859",4,15,24,0
"18860",NA,0,35,0
"18861",1,10,72,0
"18862",2,4,66,0
"18863",NA,0,NA,0
"18864",1,10,44,0
"18865",2,5,39,0
"18866",NA,0,NA,0
"18867",NA,0,NA,0
"18868",3,15,49,0
"18869",4,6,40,0
"18870",NA,0,NA,NA
"18871",NA,0,35,0
"18872",1,10,66,0
"18873",1,10,30,0
"18874",2,3,23,0
"18875",3,1,21,0
"18876",1,10,17,0
"18877",2,5,12,0
"18878",3,8,15,0
"18879",4,3,10,0
"18880",NA,0,35,0
"18881",1,10,72,0
"18882",2,7,69,0
"18883",3,8,70,0
"18884",4,3,65,0
"18885",1,10,90,0
"18886",2,6,86,0
"18887",1,10,61,0
"18888",2,10,61,0
"18889",1,10,46,0
"18890",2,9,45,0
"18891",1,10,16,0
"18892",2,8,14,0
"18893",3,8,14,0
"18894",4,8,14,0
"18895",NA,0,35,0
"18896",1,10,83,0
"18897",2,5,78,0
"18898",1,10,65,0
"18899",2,7,62,0
"18900",3,6,61,0
"18901",1,10,34,0
"18902",NA,0,NA,NA
"18903",2,12,36,0
"18904",3,6,30,0
"18905",1,5,5,0
"18906",2,1,1,0
"18907",3,2,2,1
"18908",NA,0,15,0
"18909",NA,0,35,0
"18910",1,10,56,0
"18911",2,6,52,0
"18912",1,10,44,0
"18913",2,7,41,0
"18914",3,5,39,0
"18915",4,5,39,0
"18916",4,10,44,0
"18917",1,10,96,0
"18918",1,12,98,0
"18919",2,10,96,0
"18920",1,9,9,0
"18921",2,10,10,1
"18922",NA,0,15,0
"18923",NA,0,35,0
"18924",1,10,78,0
"18925",2,10,78,0
"18926",3,10,78,0
"18927",1,10,68,0
"18928",2,6,64,0
"18929",1,10,46,0
"18930",1,10,35,0
"18931",2,5,30,0
"18932",3,5,30,0
"18933",4,5,30,0
"18934",NA,0,35,0
"18935",1,10,66,0
"18936",2,4,60,0
"18937",1,10,55,0
"18938",NA,0,NA,0
"18939",2,8,53,0
"18940",NA,0,NA,0
"18941",3,7,52,0
"18942",1,10,38,0
"18943",1,10,25,0
"18944",1,5,20,0
"18945",NA,0,NA,0
"18946",2,3,18,0
"18947",1,10,13,0
"18948",1,2,2,1
"18949",NA,0,15,0
"18950",NA,0,35,0
"18951",1,10,65,0
"18952",1,10,45,0
"18953",2,10,45,0
"18954",1,3,3,0
"18955",2,3,3,0
"18956",3,1,1,0
"18957",4,1,1,0
"18958",1,10,99,0
"18959",NA,0,NA,NA
"18960",NA,0,NA,NA
"18961",NA,0,35,0
"18962",1,10,72,0
"18963",2,8,70,0
"18964",1,10,58,0
"18965",2,10,58,0
"18966",1,10,42,0
"18967",1,10,24,0
"18968",2,7,21,0
"18969",3,5,19,0
"18970",1,4,4,0
"18971",2,8,8,0
"18972",3,8,8,0
"18973",4,18,18,0
"18974",NA,0,35,0
"18975",1,10,70,0
"18976",2,12,72,0
"18977",3,11,71,0
"18978",1,10,52,0
"18979",2,7,49,0
"18980",1,10,18,1
"18981",NA,0,15,0
"18982",NA,0,35,0
"18983",1,10,68,0
"18984",2,6,64,0
"18985",3,1,59,0
"18986",4,2,60,0
"18987",1,10,66,0
"18988",1,10,56,0
"18989",2,6,52,0
"18990",3,8,54,0
"18991",4,8,54,0
"18992",1,10,85,0
"18993",1,10,70,0
"18994",NA,0,NA,NA
"18995",2,3,63,0
"18996",1,10,60,0
"18997",2,5,55,0
"18998",3,9,59,0
"18999",1,10,34,0
"19000",2,11,35,0
"19001",3,5,29,0
"19002",4,5,29,0
"19003",1,10,63,0
"19004",2,10,63,0
"19005",1,10,32,0
"19006",1,10,11,0
"19007",2,12,13,0
"19008",3,6,7,0
"19009",4,13,14,0
"19010",NA,0,35,0
"19011",1,10,76,0
"19012",2,6,72,0
"19013",3,4,70,0
"19014",4,4,70,0
"19015",1,10,66,0
"19016",2,1,57,0
"19017",3,1,57,0
"19018",3,5,61,0
"19019",4,5,61,0
"19020",1,10,80,0
"19021",1,10,59,0
"19022",2,10,59,0
"19023",3,14,63,0
"19024",4,11,60,0
"19025",1,10,83,0
"19026",2,8,81,0
"19027",3,3,76,0
"19028",NA,0,NA,0
"19029",1,10,32,0
"19030",2,10,32,0
"19031",NA,0,NA,0
"19032",NA,0,NA,0
"19033",3,18,40,0
"19034",3,23,45,0
"19035",NA,0,NA,0
"19036",NA,0,NA,0
"19037",4,2,24,0
"19038",NA,0,NA,NA
"19039",NA,0,35,0
"19040",1,10,69,0
"19041",2,11,70,0
"19042",3,9,68,0
"19043",4,9,68,0
"19044",1,10,77,0
"19045",2,4,71,0
"19046",1,10,65,0
"19047",1,10,38,0
"19048",1,10,19,0
"19049",2,6,15,0
"19050",1,7,7,1
"19051",NA,0,15,0
"19052",NA,0,35,0
"19053",1,10,70,0
"19054",2,9,69,0
"19055",3,7,67,0
"19056",1,6,6,0
"19057",2,9,9,0
"19058",3,1,1,1
"19059",NA,0,15,0
"19060",NA,0,35,0
"19061",1,10,85,0
"19062",2,3,78,0
"19063",3,5,80,0
"19064",4,1,76,0
"19065",1,10,74,0
"19066",1,10,81,0
"19067",2,2,73,0
"19068",NA,0,NA,0
"19069",1,10,69,0
"19070",2,13,72,0
"19071",1,10,67,0
"19072",1,10,39,1
"19073",NA,0,15,0
"19074",NA,0,35,0
"19075",1,10,69,0
"19076",2,10,69,0
"19077",3,6,65,0
"19078",1,10,60,0
"19079",NA,0,NA,0
"19080",2,10,60,0
"19081",NA,0,NA,NA
"19082",3,1,51,0
"19083",1,10,50,0
"19084",1,10,30,0
"19085",2,4,24,0
"19086",1,10,11,0
"19087",2,10,11,0
"19088",3,6,7,0
"19089",4,6,7,0
"19090",4,11,12,0
"19091",1,10,87,0
"19092",2,10,87,0
"19093",3,15,92,0
"19094",4,12,89,0
"19095",1,10,26,0
"19096",2,6,22,0
"19097",1,10,11,1
"19098",NA,0,2,0
"19099",NA,0,35,0
"19100",1,10,44,0
"19101",2,15,49,0
"19102",3,2,36,0
"19103",3,12,46,0
"19104",1,10,41,0
"19105",2,7,38,0
"19106",1,10,30,0
"19107",1,10,11,0
"19108",2,8,9,0
"19109",1,10,99,0
"19110",2,9,98,0
"19111",NA,0,20,0
"19112",1,10,67,0
"19113",2,21,78,0
"19114",3,15,72,0
"19115",4,15,72,0
"19116",1,10,34,0
"19117",2,6,30,0
"19118",1,10,19,0
"19119",2,11,20,0
"19120",3,12,21,0
"19121",NA,0,NA,NA
"19122",NA,0,NA,NA
"19123",NA,0,35,0
"19124",1,10,72,0
"19125",2,3,65,0
"19126",1,10,54,0
"19127",1,10,52,0
"19128",2,1,43,0
"19129",1,10,41,0
"19130",2,1,32,0
"19131",1,3,3,0
"19132",2,1,1,0
"19133",3,1,1,0
"19134",3,6,6,0
"19135",4,6,6,0
"19136",NA,0,35,0
"19137",1,10,74,0
"19138",2,9,73,0
"19139",3,7,71,0
"19140",3,2,66,0
"19141",1,10,40,0
"19142",2,10,40,1
"19143",NA,0,15,0
"19144",NA,0,35,0
"19145",1,10,73,0
"19146",2,6,69,0
"19147",2,11,74,0
"19148",3,5,68,0
"19149",4,18,81,0
"19150",1,10,62,0
"19151",1,10,46,0
"19152",1,10,25,0
"19153",1,10,15,0
"19154",1,20,25,1
"19155",NA,0,15,0
"19156",NA,0,35,0
"19157",1,10,66,0
"19158",2,2,58,0
"19159",NA,0,NA,0
"19160",1,10,53,0
"19161",2,2,45,0
"19162",1,10,42,0
"19163",2,10,42,0
"19164",3,10,42,0
"19165",NA,0,NA,NA
"19166",3,20,52,0
"19167",4,20,52,0
"19168",1,10,90,0
"19169",2,8,88,0
"19170",3,8,88,0
"19171",4,8,88,0
"19172",1,10,59,0
"19173",1,5,54,0
"19174",1,10,40,0
"19175",2,3,33,0
"19176",3,1,31,0
"19177",1,10,29,0
"19178",2,10,29,0
"19179",3,6,25,0
"19180",1,10,16,0
"19181",2,5,11,0
"19182",2,9,15,0
"19183",NA,0,NA,0
"19184",1,1,1,0
"19185",2,1,1,1
"19186",NA,0,15,0
"19187",NA,0,35,0
"19188",1,10,65,0
"19189",2,3,58,0
"19190",1,10,45,0
"19191",1,10,13,0
"19192",1,2,2,0
"19193",1,1,1,0
"19194",2,2,2,0
"19195",3,1,1,1
"19196",NA,0,1,0
"19197",NA,0,35,0
"19198",1,10,80,0
"19199",2,1,71,0
"19200",3,1,71,0
"19201",4,1,71,0
"19202",1,10,72,0
"19203",2,6,68,0
"19204",1,10,53,0
"19205",1,10,42,0
"19206",2,4,36,0
"19207",1,10,32,0
"19208",NA,0,NA,0
"19209",2,2,24,1
"19210",NA,0,15,0
"19211",NA,0,35,0
"19212",1,10,65,0
"19213",NA,0,NA,0
"19214",2,4,59,0
"19215",NA,0,NA,0
"19216",1,10,52,0
"19217",1,10,78,0
"19218",NA,0,NA,NA
"19219",NA,0,35,0
"19220",1,10,65,0
"19221",2,3,58,0
"19222",3,3,58,0
"19223",1,10,49,0
"19224",2,8,47,0
"19225",1,10,34,0
"19226",2,8,32,0
"19227",3,8,32,0
"19228",4,3,27,0
"19229",1,10,10,0
"19230",2,6,6,0
"19231",3,1,1,0
"19232",1,1,1,0
"19233",2,1,1,0
"19234",1,1,1,1
"19235",NA,0,15,0
"19236",NA,0,35,0
"19237",1,10,46,0
"19238",1,10,21,0
"19239",2,5,16,0
"19240",3,3,14,0
"19241",3,13,24,0
"19242",4,13,24,0
"19243",NA,0,35,0
"19244",1,10,65,0
"19245",2,8,63,0
"19246",3,10,65,0
"19247",1,10,60,0
"19248",2,10,60,0
"19249",3,6,56,0
"19250",4,6,56,0
"19251",1,10,84,0
"19252",2,9,83,0
"19253",1,10,74,0
"19254",2,1,65,0
"19255",1,10,58,0
"19256",NA,0,NA,NA
"19257",2,12,60,0
"19258",1,10,21,0
"19259",2,10,21,0
"19260",3,10,21,0
"19261",1,10,11,0
"19262",2,6,7,0
"19263",3,6,7,1
"19264",NA,0,15,0
"19265",NA,0,35,0
"19266",1,10,72,0
"19267",1,10,54,0
"19268",2,12,56,0
"19269",3,12,56,0
"19270",1,10,39,0
"19271",2,1,30,0
"19272",1,10,11,0
"19273",1,10,55,0
"19274",1,10,40,0
"19275",2,5,35,0
"19276",1,10,28,0
"19277",NA,0,NA,0
"19278",2,12,30,0
"19279",3,4,22,0
"19280",1,5,5,0
"19281",2,5,5,0
"19282",3,5,5,1
"19283",NA,0,15,0
"19284",NA,0,35,0
"19285",1,10,65,0
"19286",2,10,65,0
"19287",1,10,53,0
"19288",2,3,46,0
"19289",1,10,35,0
"19290",2,10,35,1
"19291",NA,0,15,0
"19292",NA,0,35,0
"19293",1,10,71,0
"19294",2,9,70,0
"19295",3,7,68,0
"19296",NA,0,NA,0
"19297",4,1,62,0
"19298",1,10,71,0
"19299",2,9,70,0
"19300",NA,0,NA,0
"19301",3,8,69,0
"19302",4,6,67,0
"19303",1,10,91,0
"19304",NA,0,NA,NA
"19305",NA,0,NA,NA
"19306",NA,0,35,0
"19307",1,10,80,0
"19308",2,6,76,0
"19309",3,1,71,0
"19310",4,1,71,0
"19311",1,10,80,0
"19312",2,7,77,0
"19313",3,3,73,0
"19314",1,10,28,0
"19315",2,5,23,0
"19316",2,15,33,0
"19317",3,15,33,0
"19318",4,20,38,0
"19319",NA,0,35,0
"19320",1,10,67,0
"19321",2,7,64,0
"19322",1,10,40,0
"19323",2,5,35,0
"19324",1,10,29,0
"19325",1,10,16,1
"19326",NA,0,15,0
"19327",NA,0,35,0
"19328",1,10,65,0
"19329",2,8,63,0
"19330",2,13,68,0
"19331",3,13,68,0
"19332",4,8,63,0
"19333",1,10,82,0
"19334",2,2,74,0
"19335",1,10,72,0
"19336",NA,0,NA,0
"19337",1,10,39,0
"19338",2,9,38,0
"19339",NA,0,NA,NA
"19340",3,10,39,0
"19341",4,10,39,0
"19342",1,10,53,0
"19343",2,5,48,0
"19344",1,10,39,0
"19345",2,11,40,0
"19346",3,3,32,0
"19347",4,3,32,0
"19348",NA,0,35,0
"19349",1,10,74,0
"19350",2,10,74,0
"19351",3,9,73,0
"19352",4,9,73,0
"19353",1,10,64,0
"19354",1,10,51,0
"19355",2,9,50,0
"19356",3,9,50,0
"19357",1,10,45,0
"19358",2,1,36,0
"19359",1,10,30,0
"19360",2,15,35,0
"19361",3,14,34,0
"19362",4,4,24,0
"19363",4,9,29,0
"19364",NA,0,35,0
"19365",1,10,66,0
"19366",2,6,62,0
"19367",3,3,59,0
"19368",4,3,59,0
"19369",1,10,84,0
"19370",2,1,75,0
"19371",1,10,58,0
"19372",2,3,51,0
"19373",1,10,37,0
"19374",2,9,36,0
"19375",3,9,36,0
"19376",1,10,15,0
"19377",2,7,12,0
"19378",1,2,2,1
"19379",NA,0,15,0
"19380",NA,0,35,0
"19381",1,10,80,0
"19382",2,2,72,0
"19383",NA,0,NA,0
"19384",1,10,53,0
"19385",1,10,36,0
"19386",NA,0,NA,0
"19387",2,1,27,0
"19388",NA,0,NA,NA
"19389",NA,0,35,0
"19390",1,10,73,0
"19391",2,10,73,0
"19392",3,8,71,0
"19393",4,8,71,0
"19394",1,10,90,0
"19395",2,10,90,0
"19396",3,5,85,0
"19397",1,10,26,0
"19398",2,4,20,0
"19399",3,2,18,0
"19400",4,1,17,0
"19401",1,10,10,0
"19402",2,8,8,1
"19403",NA,0,15,0
"19404",NA,0,35,0
"19405",1,10,77,0
"19406",2,6,73,0
"19407",1,10,49,0
"19408",1,10,38,0
"19409",2,10,38,0
"19410",NA,0,NA,0
"19411",3,10,38,0
"19412",4,10,38,0
"19413",NA,0,35,0
"19414",1,10,78,0
"19415",1,10,64,0
"19416",2,6,60,0
"19417",1,10,53,0
"19418",2,4,47,0
"19419",1,10,43,0
"19420",2,8,41,0
"19421",3,7,40,0
"19422",1,7,7,0
"19423",NA,0,NA,NA
"19424",2,3,3,1
"19425",NA,0,2,0
"19426",NA,0,35,0
"19427",1,10,77,0
"19428",2,20,87,0
"19429",3,20,87,0
"19430",4,13,80,0
"19431",1,10,45,0
"19432",1,10,30,0
"19433",2,6,26,0
"19434",3,4,24,1
"19435",NA,0,15,0
"19436",NA,0,35,0
"19437",1,10,75,0
"19438",2,7,72,0
"19439",3,17,82,0
"19440",4,19,84,0
"19441",1,10,56,0
"19442",1,10,28,0
"19443",2,10,28,0
"19444",3,9,27,0
"19445",1,10,13,0
"19446",2,6,9,0
"19447",3,6,9,0
"19448",4,6,9,0
"19449",NA,0,35,0
"19450",1,10,77,0
"19451",2,10,77,0
"19452",1,10,26,0
"19453",1,10,14,0
"19454",NA,0,NA,0
"19455",2,6,10,0
"19456",NA,0,NA,0
"19457",3,3,7,0
"19458",4,3,7,0
"19459",NA,0,35,0
"19460",1,10,70,0
"19461",2,2,62,0
"19462",1,10,59,0
"19463",2,5,54,0
"19464",3,5,54,0
"19465",4,5,54,0
"19466",1,10,40,0
"19467",2,4,34,0
"19468",1,10,21,1
"19469",NA,0,2,0
"19470",NA,0,1,0
"19471",NA,0,35,0
"19472",1,10,48,0
"19473",NA,0,NA,0
"19474",2,7,45,0
"19475",3,5,43,0
"19476",1,10,37,0
"19477",NA,0,NA,NA
"19478",NA,0,NA,NA
"19479",NA,0,35,0
"19480",1,10,66,0
"19481",2,10,66,0
"19482",3,9,65,0
"19483",4,17,73,0
"19484",1,10,68,0
"19485",2,9,67,0
"19486",3,10,68,0
"19487",4,5,63,0
"19488",1,10,79,0
"19489",1,10,62,0
"19490",2,9,61,0
"19491",3,2,54,0
"19492",1,10,51,0
"19493",1,10,30,0
"19494",1,15,35,0
"19495",2,4,24,0
"19496",3,1,21,0
"19497",1,10,17,0
"19498",2,3,10,0
"19499",3,3,10,0
"19500",4,1,8,0
"19501",1,7,7,0
"19502",2,3,3,1
"19503",NA,0,15,0
"19504",NA,0,35,0
"19505",1,10,69,0
"19506",1,10,45,0
"19507",2,4,39,0
"19508",3,3,38,0
"19509",4,3,38,0
"19510",NA,0,NA,NA
"19511",1,10,34,0
"19512",2,8,32,0
"19513",3,1,25,0
"19514",4,2,26,0
"19515",NA,0,35,0
"19516",1,10,73,0
"19517",1,10,63,0
"19518",2,10,63,0
"19519",3,4,57,0
"19520",4,4,57,0
"19521",1,10,96,0
"19522",2,13,99,0
"19523",3,10,96,0
"19524",4,6,92,0
"19525",1,10,40,0
"19526",1,10,18,0
"19527",2,9,17,0
"19528",3,7,15,0
"19529",4,7,15,0
"19530",NA,0,35,0
"19531",1,10,72,0
"19532",1,15,77,0
"19533",2,3,65,0
"19534",3,8,70,0
"19535",4,8,70,0
"19536",1,10,82,0
"19537",1,10,64,0
"19538",2,9,63,0
"19539",3,3,57,0
"19540",1,10,46,0
"19541",1,10,31,0
"19542",2,1,22,0
"19543",1,10,19,0
"19544",NA,0,NA,0
"19545",2,9,18,0
"19546",2,14,23,0
"19547",NA,0,NA,0
"19548",3,10,19,0
"19549",NA,0,NA,0
"19550",1,9,9,1
"19551",NA,0,15,0
"19552",NA,0,35,0
"19553",1,10,64,0
"19554",NA,0,NA,NA
"19555",NA,0,35,0
"19556",1,10,71,0
"19557",2,4,65,0
"19558",3,3,64,0
"19559",4,3,64,0
"19560",1,10,86,0
"19561",2,11,87,0
"19562",3,10,86,0
"19563",4,6,82,0
"19564",1,10,75,0
"19565",1,10,36,0
"19566",1,10,19,0
"19567",1,10,84,0
"19568",2,10,84,0
"19569",1,10,74,0
"19570",2,12,76,0
"19571",3,7,71,0
"19572",1,10,65,0
"19573",2,4,59,0
"19574",NA,0,NA,0
"19575",1,10,55,0
"19576",2,5,50,0
"19577",1,10,45,0
"19578",2,8,43,1
"19579",NA,0,15,0
"19580",NA,0,35,0
"19581",1,10,86,0
"19582",2,5,81,0
"19583",1,10,65,0
"19584",2,10,65,0
"19585",3,10,65,0
"19586",4,4,59,0
"19587",1,10,41,0
"19588",1,15,46,0
"19589",2,12,43,0
"19590",1,10,30,0
"19591",2,12,32,0
"19592",NA,0,NA,NA
"19593",3,9,29,0
"19594",1,10,17,0
"19595",2,13,20,1
"19596",NA,0,15,0
"19597",NA,0,35,0
"19598",1,10,80,0
"19599",2,5,75,0
"19600",3,1,71,0
"19601",1,10,68,0
"19602",2,10,68,0
"19603",3,3,61,0
"19604",3,8,66,0
"19605",4,7,65,0
"19606",1,10,37,0
"19607",1,10,19,0
"19608",2,10,19,0
"19609",3,10,19,0
"19610",4,8,17,0
"19611",NA,0,35,0
"19612",1,10,65,0
"19613",2,10,65,0
"19614",3,4,59,0
"19615",4,4,59,0
"19616",1,10,51,0
"19617",2,10,51,0
"19618",1,10,26,0
"19619",2,8,24,0
"19620",3,3,19,0
"19621",1,8,8,0
"19622",2,6,6,1
"19623",NA,0,15,0
"19624",NA,0,35,0
"19625",1,10,48,0
"19626",2,3,41,0
"19627",3,1,39,0
"19628",1,10,36,0
"19629",2,9,35,0
"19630",3,6,32,0
"19631",4,1,27,0
"19632",1,10,73,0
"19633",NA,0,NA,0
"19634",1,10,61,0
"19635",NA,0,NA,NA
"19636",NA,0,NA,NA
"19637",NA,0,35,0
"19638",1,10,84,0
"19639",2,10,84,0
"19640",3,10,84,0
"19641",1,10,68,0
"19642",2,8,66,0
"19643",3,1,59,0
"19644",4,1,59,0
"19645",1,10,83,0
"19646",2,13,86,0
"19647",3,13,86,0
"19648",1,10,69,0
"19649",2,11,70,0
"19650",3,2,61,0
"19651",1,10,58,0
"19652",2,6,54,0
"19653",1,10,41,0
"19654",2,4,35,0
"19655",3,1,32,0
"19656",1,8,8,0
"19657",2,10,10,0
"19658",3,8,8,1
"19659",NA,0,30,0
"19660",NA,0,35,0
"19661",1,10,82,0
"19662",2,11,83,0
"19663",3,11,83,0
"19664",4,19,91,0
"19665",1,10,59,0
"19666",1,5,54,0
"19667",2,1,50,0
"19668",1,10,44,0
"19669",2,3,37,0
"19670",NA,0,NA,NA
"19671",1,10,31,0
"19672",1,10,13,0
"19673",2,6,9,0
"19674",1,3,3,1
"19675",NA,0,15,0
"19676",NA,0,35,0
"19677",1,10,70,0
"19678",2,10,70,0
"19679",3,5,65,0
"19680",1,10,55,0
"19681",2,6,51,0
"19682",1,10,40,0
"19683",2,8,38,0
"19684",3,8,38,0
"19685",4,5,35,0
"19686",NA,0,35,0
"19687",1,10,75,0
"19688",1,10,35,0
"19689",2,11,36,0
"19690",1,10,24,0
"19691",2,17,31,0
"19692",3,17,31,0
"19693",4,17,31,0
"19694",1,10,61,0
"19695",1,20,71,0
"19696",2,17,68,0
"19697",3,2,53,0
"19698",4,2,53,0
"19699",1,10,94,0
"19700",2,7,91,0
"19701",3,5,89,0
"19702",1,10,83,0
"19703",1,10,67,0
"19704",1,10,49,0
"19705",NA,0,NA,0
"19706",2,3,42,0
"19707",1,10,27,0
"19708",2,10,27,1
"19709",NA,0,15,0
"19710",NA,0,35,0
"19711",1,10,59,0
"19712",NA,0,NA,0
"19713",1,10,44,0
"19714",NA,0,NA,0
"19715",2,11,45,0
"19716",NA,0,NA,0
"19717",3,18,52,0
"19718",4,1,35,0
"19719",NA,0,NA,NA
"19720",NA,0,35,0
"19721",1,10,67,0
"19722",2,3,60,0
"19723",1,10,52,0
"19724",2,1,43,0
"19725",3,1,43,0
"19726",1,10,33,0
"19727",2,13,36,0
"19728",NA,0,NA,0
"19729",3,2,25,0
"19730",4,2,25,0
"19731",NA,0,35,0
"19732",1,10,78,0
"19733",2,12,80,0
"19734",1,10,67,0
"19735",2,10,67,0
"19736",3,5,62,0
"19737",4,9,66,0
"19738",1,10,85,0
"19739",1,10,26,0
"19740",2,6,22,0
"19741",1,8,8,0
"19742",2,15,15,0
"19743",3,14,14,0
"19744",4,14,14,0
"19745",4,9,9,0
"19746",1,4,4,1
"19747",NA,0,15,0
"19748",NA,0,35,0
"19749",1,10,73,0
"19750",2,8,71,0
"19751",3,8,71,0
"19752",1,10,62,0
"19753",1,10,44,0
"19754",1,15,49,0
"19755",1,10,28,0
"19756",2,5,23,0
"19757",3,4,22,0
"19758",NA,0,NA,NA
"19759",1,10,14,0
"19760",2,7,11,0
"19761",1,2,2,0
"19762",2,2,2,0
"19763",2,1,1,0
"19764",2,6,6,1
"19765",NA,0,15,0
"19766",NA,0,35,0
"19767",1,10,69,0
"19768",1,10,57,0
"19769",1,10,52,0
"19770",2,8,50,0
"19771",1,10,36,0
"19772",2,11,37,0
"19773",1,10,21,0
"19774",2,6,17,0
"19775",3,14,25,0
"19776",4,5,16,0
"19777",NA,0,35,0
"19778",1,10,65,0
"19779",2,8,63,0
"19780",3,8,63,0
"19781",4,8,63,0
"19782",1,10,36,0
"19783",2,8,34,0
"19784",3,1,27,0
"19785",1,10,24,0
"19786",2,9,23,0
"19787",3,12,26,0
"19788",4,13,27,0
"19789",NA,0,35,0
"19790",1,10,65,0
"19791",2,5,60,0
"19792",1,10,55,0
"19793",2,10,55,0
"19794",3,4,49,0
"19795",1,10,44,0
"19796",2,7,41,0
"19797",NA,0,NA,NA
"19798",NA,0,NA,NA
"19799",NA,0,35,0
"19800",1,10,65,0
"19801",2,10,65,1
"19802",NA,0,15,0
"19803",NA,0,35,0
"19804",1,10,69,0
"19805",2,6,65,0
"19806",2,11,70,0
"19807",3,10,69,0
"19808",4,11,70,0
"19809",1,10,75,0
"19810",2,5,70,0
"19811",1,10,52,0
"19812",1,20,62,0
"19813",2,12,54,0
"19814",1,10,42,0
"19815",2,10,42,0
"19816",3,3,35,0
"19817",4,3,35,0
"19818",4,8,40,0
"19819",1,10,52,0
"19820",2,11,53,0
"19821",3,8,50,0
"19822",1,10,42,0
"19823",2,5,37,0
"19824",1,10,18,1
"19825",NA,0,15,0
"19826",NA,0,35,0
"19827",1,10,53,0
"19828",2,6,49,0
"19829",3,3,46,0
"19830",4,3,46,0
"19831",1,10,41,0
"19832",NA,0,NA,NA
"19833",1,15,46,0
"19834",1,10,20,0
"19835",2,10,20,0
"19836",3,9,19,0
"19837",4,1,11,0
"19838",1,9,9,0
"19839",2,9,9,1
"19840",NA,0,15,0
"19841",NA,0,35,0
"19842",1,10,69,0
"19843",2,9,68,0
"19844",3,2,61,0
"19845",1,10,52,0
"19846",2,7,49,0
"19847",2,11,53,0
"19848",2,16,58,0
"19849",3,16,58,0
"19850",4,16,58,0
"19851",4,11,53,0
"19852",1,10,87,0
"19853",2,10,87,0
"19854",3,7,84,0
"19855",4,14,91,0
"19856",1,10,66,0
"19857",2,4,60,0
"19858",1,10,54,0
"19859",1,10,33,0
"19860",2,4,27,0
"19861",NA,0,NA,0
"19862",3,6,29,0
"19863",4,6,29,0
"19864",NA,0,35,0
"19865",1,10,58,0
"19866",1,10,48,0
"19867",2,4,42,0
"19868",1,10,37,0
"19869",1,10,26,0
"19870",NA,0,NA,0
"19871",1,10,14,0
"19872",2,7,11,0
"19873",NA,0,NA,0
"19874",2,2,6,1
"19875",NA,0,15,0
"19876",NA,0,35,0
"19877",1,10,65,0
"19878",NA,0,NA,NA
"19879",NA,0,35,0
"19880",1,10,65,0
"19881",2,18,73,0
"19882",3,10,65,0
"19883",4,10,65,0
"19884",1,10,76,0
"19885",2,5,71,0
"19886",1,10,56,0
"19887",2,4,50,0
"19888",3,4,50,0
"19889",1,10,39,0
"19890",1,15,44,0
"19891",2,11,40,0
"19892",3,11,40,0
"19893",1,10,26,0
"19894",2,15,31,0
"19895",3,15,31,0
"19896",4,6,22,0
"19897",NA,0,35,0
"19898",1,10,75,0
"19899",2,6,71,0
"19900",1,10,65,0
"19901",2,8,63,0
"19902",3,8,63,0
"19903",1,10,54,0
"19904",2,10,54,0
"19905",3,7,51,0
"19906",3,12,56,0
"19907",1,10,44,0
"19908",2,13,47,0
"19909",3,7,41,0
"19910",1,10,13,0
"19911",2,10,13,0
"19912",3,10,13,0
"19913",4,13,16,0
"19914",NA,0,35,0
"19915",1,10,72,0
"19916",NA,0,NA,NA
"19917",1,10,44,0
"19918",2,26,60,0
"19919",1,10,31,0
"19920",2,2,23,0
"19921",1,10,20,0
"19922",2,7,17,1
"19923",NA,0,15,0
"19924",NA,0,35,0
"19925",1,10,67,0
"19926",2,10,67,0
"19927",3,10,67,0
"19928",4,11,68,0
"19929",4,21,78,0
"19930",1,10,73,0
"19931",1,10,63,0
"19932",2,3,56,0
"19933",1,10,44,0
"19934",2,11,45,0
"19935",3,6,40,1
"19936",NA,0,15,0
"19937",NA,0,35,0
"19938",1,10,65,0
"19939",2,5,60,0
"19940",1,10,26,0
"19941",1,8,8,0
"19942",2,8,8,0
"19943",3,3,3,0
"19944",4,2,2,1
"19945",NA,0,15,0
"19946",NA,0,35,0
"19947",1,10,45,0
"19948",1,10,28,0
"19949",2,10,28,0
"19950",3,11,29,0
"19951",NA,0,NA,NA
"19952",NA,0,NA,NA
"19953",NA,0,35,0
"19954",1,10,75,0
"19955",2,3,68,0
"19956",1,10,59,0
"19957",2,8,57,0
"19958",3,8,57,0
"19959",1,10,48,0
"19960",1,10,34,0
"19961",1,10,12,0
"19962",2,10,12,0
"19963",3,6,8,0
"19964",4,6,8,0
"19965",NA,0,35,0
"19966",1,10,72,0
"19967",2,9,71,0
"19968",3,2,64,0
"19969",4,1,63,0
"19970",1,10,35,0
"19971",1,10,19,0
"19972",2,4,13,0
"19973",3,2,11,0
"19974",1,1,1,1
"19975",NA,0,15,0
"19976",NA,0,35,0
"19977",1,10,75,0
"19978",1,10,64,0
"19979",2,11,65,0
"19980",3,9,63,0
"19981",4,9,63,0
"19982",1,10,75,0
"19983",2,15,80,0
"19984",3,9,74,0
"19985",4,9,74,0
"19986",1,10,74,0
"19987",2,1,65,0
"19988",NA,0,NA,NA
"19989",1,10,62,0
"19990",1,10,37,0
"19991",2,7,34,0
"19992",3,3,30,0
"19993",4,1,28,0
"19994",NA,0,35,0
"19995",1,10,69,0
"19996",1,10,52,0
"19997",2,2,44,1
"19998",NA,0,15,0
"19999",NA,0,35,0
"20000",1,10,78,0
"20001",1,10,68,0
"20002",2,6,64,0
"20003",3,1,59,0
"20004",1,10,57,0
"20005",1,10,23,0
"20006",2,5,18,0
"20007",3,3,16,0
"20008",4,2,15,1
"20009",NA,0,15,0
"20010",NA,0,35,0
"20011",1,10,65,0
"20012",2,3,58,0
"20013",1,10,52,0
"20014",1,10,41,0
"20015",1,20,51,0
"20016",2,11,42,0
"20017",3,7,38,0
"20018",1,10,31,0
"20019",NA,0,NA,0
"20020",2,4,25,0
"20021",3,4,25,0
"20022",1,10,20,0
"20023",2,9,19,1
"20024",NA,0,15,0
"20025",NA,0,35,0
"20026",1,10,65,0
"20027",2,10,65,0
"20028",3,10,65,0
"20029",1,10,50,0
"20030",1,10,35,0
"20031",NA,0,NA,0
"20032",2,5,30,0
"20033",1,10,19,0
"20034",2,10,19,0
"20035",1,10,12,0
"20036",NA,0,NA,0
"20037",2,5,7,0
"20038",3,5,7,0
"20039",4,5,7,0
"20040",NA,0,NA,NA
"20041",NA,0,35,0
"20042",1,10,76,0
"20043",2,7,73,0
"20044",3,7,73,0
"20045",1,10,47,0
"20046",2,10,47,0
"20047",3,6,43,0
"20048",4,6,43,0
"20049",1,10,80,0
"20050",2,6,76,0
"20051",3,6,76,0
"20052",4,6,76,0
"20053",1,10,86,0
"20054",1,15,91,0
"20055",2,6,82,0
"20056",3,1,77,0
"20057",1,10,75,0
"20058",1,10,25,0
"20059",2,1,16,0
"20060",1,9,9,0
"20061",2,6,6,0
"20062",3,6,6,0
"20063",4,6,6,0
"20064",NA,0,35,0
"20065",1,10,65,0
"20066",2,12,67,0
"20067",3,12,67,0
"20068",1,10,54,0
"20069",2,1,45,0
"20070",1,10,43,0
"20071",1,10,32,0
"20072",2,10,32,1
"20073",NA,0,15,0
"20074",NA,0,35,0
"20075",1,10,66,0
"20076",2,7,63,0
"20077",1,10,48,0
"20078",1,10,13,0
"20079",NA,0,NA,NA
"20080",2,4,7,0
"20081",2,9,12,0
"20082",3,2,5,1
"20083",NA,0,2,0
"20084",NA,0,35,0
"20085",1,10,73,0
"20086",1,10,52,0
"20087",1,10,41,0
"20088",2,3,34,0
"20089",1,10,18,0
"20090",1,6,6,0
"20091",2,1,1,1
"20092",NA,0,15,0
"20093",NA,0,35,0
"20094",1,10,60,0
"20095",2,6,56,0
"20096",3,6,56,0
"20097",4,1,51,0
"20098",1,10,27,1
"20099",NA,0,2,0
"20100",NA,0,35,0
"20101",1,10,72,0
"20102",2,10,72,0
"20103",3,10,72,0
"20104",4,16,78,0
"20105",1,10,58,0
"20106",1,10,35,0
"20107",1,10,25,0
"20108",2,5,20,0
"20109",3,1,16,0
"20110",1,10,15,0
"20111",2,1,6,0
"20112",3,2,7,0
"20113",1,4,4,1
"20114",NA,0,15,0
"20115",NA,0,35,0
"20116",1,10,75,0
"20117",2,3,68,0
"20118",1,10,56,0
"20119",2,10,56,0
"20120",NA,0,NA,0
"20121",3,9,55,0
"20122",4,9,55,0
"20123",1,10,45,0
"20124",NA,0,NA,NA
"20125",NA,0,NA,NA
"20126",NA,0,35,0
"20127",1,10,72,0
"20128",2,10,72,0
"20129",3,1,63,0
"20130",1,10,59,0
"20131",2,5,54,0
"20132",1,10,46,0
"20133",1,15,51,0
"20134",2,15,51,0
"20135",3,11,47,0
"20136",1,10,33,0
"20137",1,15,38,0
"20138",2,10,33,0
"20139",3,7,30,0
"20140",4,1,24,0
"20141",NA,0,NA,0
"20142",1,10,23,0
"20143",2,9,22,0
"20144",3,1,14,0
"20145",4,2,15,0
"20146",NA,0,35,0
"20147",1,10,65,0
"20148",1,15,70,0
"20149",1,10,65,0
"20150",1,12,67,0
"20151",2,7,62,0
"20152",3,7,62,0
"20153",4,7,62,0
"20154",1,10,87,0
"20155",2,5,82,0
"20156",1,10,32,0
"20157",2,10,32,0
"20158",3,1,23,0
"20159",1,10,21,0
"20160",2,9,20,0
"20161",3,9,20,0
"20162",NA,0,NA,NA
"20163",4,5,16,0
"20164",NA,0,35,0
"20165",1,10,75,0
"20166",2,2,67,0
"20167",3,2,67,0
"20168",4,3,68,0
"20169",1,10,82,0
"20170",2,1,73,0
"20171",2,8,80,0
"20172",3,4,76,0
"20173",1,10,69,0
"20174",2,8,67,0
"20175",1,10,23,0
"20176",2,6,19,0
"20177",3,5,18,0
"20178",1,10,12,1
"20179",NA,0,15,0
"20180",NA,0,35,0
"20181",1,10,65,0
"20182",2,10,65,0
"20183",3,10,65,0
"20184",4,5,60,0
"20185",1,10,80,0
"20186",2,10,80,0
"20187",3,3,73,0
"20188",1,10,68,0
"20189",1,10,50,0
"20190",2,5,45,0
"20191",1,10,37,0
"20192",2,8,35,0
"20193",1,10,22,0
"20194",2,10,22,0
"20195",2,20,32,0
"20196",3,14,26,0
"20197",NA,0,NA,0
"20198",4,6,18,0
"20199",NA,0,35,0
"20200",1,10,35,0
"20201",NA,0,NA,0
"20202",1,10,17,0
"20203",2,10,17,0
"20204",3,10,17,1
"20205",NA,0,15,0
"20206",NA,0,35,0
"20207",1,10,71,0
"20208",2,8,69,0
"20209",NA,0,NA,NA
"20210",NA,0,35,0
"20211",1,10,60,0
"20212",2,3,53,0
"20213",3,3,53,0
"20214",4,3,53,0
"20215",1,10,94,0
"20216",2,6,90,0
"20217",1,10,80,0
"20218",2,5,75,0
"20219",3,5,75,0
"20220",1,10,67,0
"20221",2,10,67,0
"20222",3,10,67,0
"20223",NA,0,50,0
"20224",1,10,50,0
"20225",1,10,33,0
"20226",2,7,30,0
"20227",3,7,30,1
"20228",NA,0,15,0
"20229",NA,0,35,0
"20230",1,10,76,0
"20231",2,1,67,0
"20232",1,10,63,0
"20233",2,10,63,0
"20234",NA,0,NA,0
"20235",3,6,59,0
"20236",3,11,64,0
"20237",3,6,59,0
"20238",1,10,49,0
"20239",2,7,46,0
"20240",1,10,37,0
"20241",1,10,20,0
"20242",2,9,19,0
"20243",3,17,27,0
"20244",1,2,2,1
"20245",NA,0,2,0
"20246",NA,0,35,0
"20247",1,10,69,0
"20248",NA,0,NA,NA
"20249",1,10,55,0
"20250",2,10,55,0
"20251",3,5,50,0
"20252",1,10,42,0
"20253",2,4,36,0
"20254",1,10,13,0
"20255",2,12,15,NA
"20256",2,12,15,0
"20257",3,17,20,0
"20258",4,8,11,0
"20259",NA,0,35,0
"20260",1,10,68,0
"20261",2,15,73,0
"20262",3,11,69,0
"20263",4,11,69,0
"20264",1,10,72,0
"20265",2,5,67,0
"20266",1,10,61,0
"20267",2,6,57,0
"20268",3,3,54,0
"20269",4,3,54,0
"20270",1,10,99,0
"20271",2,10,99,0
"20272",1,10,82,0
"20273",2,2,74,0
"20274",1,10,68,0
"20275",1,10,41,0
"20276",2,10,41,0
"20277",1,10,29,0
"20278",1,10,99,0
"20279",NA,0,NA,0
"20280",2,8,97,0
"20281",NA,0,NA,0
"20282",3,5,94,0
"20283",NA,0,NA,0
"20284",4,4,93,0
"20285",1,10,50,0
"20286",2,20,60,0
"20287",3,20,60,0
"20288",4,13,53,0
"20289",1,10,56,0
"20290",NA,0,NA,NA
"20291",NA,0,NA,NA
"20292",NA,0,35,0
"20293",1,10,63,0
"20294",1,10,53,0
"20295",2,5,48,0
"20296",3,8,51,0
"20297",1,10,41,0
"20298",1,10,68,0
"20299",2,5,63,0
"20300",1,10,54,0
"20301",2,10,54,0
"20302",2,15,59,0
"20303",3,15,59,0
"20304",4,26,70,0
"20305",1,10,72,0
"20306",2,7,69,0
"20307",3,2,64,0
"20308",1,10,62,0
"20309",2,8,60,0
"20310",3,9,61,0
"20311",1,10,51,0
"20312",1,10,41,0
"20313",2,8,39,0
"20314",3,18,49,0
"20315",4,10,41,0
"20316",1,10,92,0
"20317",2,7,89,0
"20318",1,10,80,0
"20319",2,1,71,0
"20320",1,10,69,0
"20321",NA,0,NA,NA
"20322",1,5,64,0
"20323",2,5,64,0
"20324",3,2,61,0
"20325",1,10,55,0
"20326",2,2,47,0
"20327",1,10,42,0
"20328",2,9,41,0
"20329",3,8,40,0
"20330",1,10,16,0
"20331",1,1,1,0
"20332",1,1,1,0
"20333",2,1,1,0
"20334",3,1,1,0
"20335",4,1,1,0
"20336",1,10,99,0
"20337",1,10,99,0
"20338",2,1,90,1
"20339",NA,0,15,0
"20340",NA,0,35,0
"20341",1,10,80,0
"20342",2,7,77,0
"20343",1,10,49,0
"20344",2,10,49,0
"20345",3,8,47,0
"20346",4,7,46,0
"20347",1,10,87,0
"20348",2,7,84,0
"20349",3,2,79,0
"20350",3,7,84,0
"20351",4,7,84,0
"20352",1,10,66,0
"20353",1,10,47,0
"20354",2,4,41,0
"20355",NA,0,NA,0
"20356",3,12,49,0
"20357",1,10,45,0
"20358",NA,0,NA,0
"20359",2,2,37,0
"20360",NA,0,NA,0
"20361",3,10,45,0
"20362",1,10,30,0
"20363",2,10,30,0
"20364",3,10,30,0
"20365",NA,0,35,0
"20366",NA,0,NA,NA
"20367",NA,0,35,0
"20368",1,10,73,0
"20369",1,10,57,0
"20370",2,7,54,0
"20371",1,10,37,0
"20372",1,10,25,0
"20373",2,7,22,0
"20374",1,1,1,0
"20375",2,1,1,0
"20376",3,1,1,0
"20377",4,1,1,1
"20378",NA,0,15,0
"20379",NA,0,35,0
"20380",1,10,85,0
"20381",1,16,91,0
"20382",2,16,91,0
"20383",2,20,95,0
"20384",3,10,85,0
"20385",3,17,92,0
"20386",4,17,92,0
"20387",1,10,55,0
"20388",2,8,53,0
"20389",3,4,49,0
"20390",1,10,38,0
"20391",2,6,34,0
"20392",2,16,44,0
"20393",3,16,44,0
"20394",4,9,37,0
"20395",NA,0,35,0
"20396",1,10,70,0
"20397",2,4,64,0
"20398",NA,0,NA,0
"20399",3,2,62,0
"20400",1,10,59,0
"20401",2,10,59,0
"20402",3,3,52,0
"20403",1,10,50,0
"20404",2,8,48,0
"20405",3,8,48,0
"20406",NA,0,NA,NA
"20407",1,10,34,0
"20408",2,10,34,0
"20409",3,10,34,0
"20410",4,10,34,0
"20411",NA,0,35,0
"20412",1,10,76,0
"20413",2,1,67,0
"20414",3,1,67,0
"20415",1,10,64,0
"20416",2,10,64,0
"20417",3,8,62,0
"20418",4,2,56,0
"20419",1,10,44,0
"20420",2,3,37,0
"20421",3,3,37,0
"20422",4,2,36,0
"20423",NA,0,35,0
"20424",1,10,67,0
"20425",2,6,63,0
"20426",3,3,60,0
"20427",1,10,45,0
"20428",2,3,38,0
"20429",1,10,34,0
"20430",NA,0,NA,0
"20431",2,10,34,0
"20432",3,7,31,0
"20433",1,10,23,0
"20434",2,10,23,0
"20435",3,20,33,0
"20436",4,11,24,0
"20437",1,10,76,0
"20438",2,9,75,0
"20439",3,5,71,0
"20440",4,4,70,0
"20441",1,10,81,0
"20442",2,10,81,0
"20443",3,4,75,0
"20444",4,3,74,0
"20445",1,10,70,0
"20446",1,10,60,0
"20447",1,5,55,0
"20448",NA,0,NA,0
"20449",1,10,48,0
"20450",2,10,48,0
"20451",3,4,42,0
"20452",4,4,42,0
"20453",1,10,31,0
"20454",2,10,31,0
"20455",1,10,15,0
"20456",2,10,15,0
"20457",NA,0,NA,NA
"20458",NA,0,NA,NA
"20459",NA,0,35,0
"20460",1,10,78,0
"20461",1,10,66,0
"20462",1,10,47,0
"20463",2,10,47,0
"20464",NA,0,NA,0
"20465",1,10,29,0
"20466",2,10,29,0
"20467",1,10,18,0
"20468",2,18,26,0
"20469",3,19,27,0
"20470",4,17,25,0
"20471",NA,0,35,0
"20472",1,10,85,0
"20473",2,10,85,0
"20474",3,10,85,0
"20475",1,10,64,0
"20476",1,10,53,0
"20477",2,8,51,0
"20478",3,6,49,0
"20479",4,12,55,0
"20480",1,10,73,0
"20481",2,6,69,0
"20482",3,1,64,0
"20483",1,10,62,0
"20484",2,7,59,0
"20485",1,10,44,0
"20486",1,10,29,0
"20487",1,10,18,1
"20488",NA,0,15,0
"20489",NA,0,35,0
"20490",1,10,69,0
"20491",NA,0,NA,NA
"20492",2,5,64,0
"20493",1,10,46,0
"20494",2,13,49,0
"20495",3,6,42,NA
"20496",3,6,42,0
"20497",NA,0,NA,0
"20498",1,1,1,1
"20499",NA,0,15,0
"20500",NA,0,35,0
"20501",1,10,71,0
"20502",1,10,60,0
"20503",2,8,58,0
"20504",1,10,44,0
"20505",2,7,41,0
"20506",1,10,21,1
"20507",NA,0,15,0
"20508",NA,0,35,0
"20509",1,10,69,0
"20510",2,10,69,0
"20511",2,20,79,0
"20512",3,14,73,0
"20513",4,14,73,0
"20514",1,10,63,0
"20515",2,10,63,0
"20516",3,10,63,0
"20517",4,19,72,0
"20518",1,10,77,0
"20519",2,6,73,0
"20520",3,3,70,0
"20521",1,10,54,0
"20522",2,3,47,0
"20523",3,4,48,0
"20524",4,4,48,0
"20525",1,10,85,0
"20526",1,10,70,0
"20527",2,16,76,0
"20528",3,16,76,0
"20529",NA,0,NA,0
"20530",4,8,68,0
"20531",1,10,80,0
"20532",NA,0,NA,0
"20533",1,10,54,0
"20534",1,10,40,0
"20535",NA,0,NA,0
"20536",2,10,40,0
"20537",1,10,52,0
"20538",NA,0,NA,NA
"20539",NA,0,35,0
"20540",1,10,70,0
"20541",2,7,67,0
"20542",1,10,49,0
"20543",2,9,48,0
"20544",3,3,42,0
"20545",4,3,42,0
"20546",1,10,80,1
"20547",NA,0,15,0
"20548",NA,0,35,0
"20549",1,10,70,0
"20550",2,12,72,0
"20551",3,12,72,0
"20552",4,9,69,0
"20553",1,10,74,0
"20554",2,13,77,0
"20555",1,10,59,0
"20556",2,7,56,0
"20557",3,3,52,0
"20558",3,13,62,0
"20559",1,10,12,0
"20560",2,8,10,0
"20561",3,8,10,1
"20562",NA,0,15,0
"20563",NA,0,35,0
"20564",1,10,83,0
"20565",2,10,83,0
"20566",1,10,60,0
"20567",2,6,56,0
"20568",3,6,56,0
"20569",4,6,56,0
"20570",1,10,51,0
"20571",2,9,50,0
"20572",3,3,44,0
"20573",4,3,44,0
"20574",1,10,46,0
"20575",2,10,46,0
"20576",3,1,37,0
"20577",4,1,37,0
"20578",NA,0,NA,NA
"20579",1,10,33,0
"20580",1,10,19,1
"20581",NA,0,15,0
"20582",NA,0,35,0
"20583",1,10,75,0
"20584",2,6,71,0
"20585",3,6,71,0
"20586",1,10,64,0
"20587",2,17,71,0
"20588",3,3,57,0
"20589",1,10,48,0
"20590",1,10,38,0
"20591",1,10,24,0
"20592",2,2,16,0
"20593",3,2,16,0
"20594",1,7,7,0
"20595",2,8,8,0
"20596",3,8,8,0
"20597",4,16,16,0
"20598",1,10,80,0
"20599",2,8,78,0
"20600",3,7,77,0
"20601",4,7,77,0
"20602",1,10,67,0
"20603",1,10,50,0
"20604",2,10,50,0
"20605",1,10,33,0
"20606",2,10,33,0
"20607",1,10,11,0
"20608",2,11,12,0
"20609",3,2,3,0
"20610",4,2,3,1
"20611",NA,0,15,0
"20612",NA,0,35,0
"20613",1,10,65,0
"20614",2,10,65,0
"20615",3,8,63,0
"20616",4,8,63,0
"20617",1,10,85,0
"20618",2,5,80,0
"20619",NA,0,NA,NA
"20620",NA,0,NA,NA
"20621",NA,0,35,0
"20622",1,10,57,0
"20623",2,4,51,0
"20624",3,1,48,0
"20625",1,10,45,0
"20626",2,5,40,0
"20627",3,3,38,0
"20628",1,10,31,0
"20629",2,1,22,0
"20630",1,10,18,0
"20631",1,10,68,0
"20632",2,7,65,0
"20633",3,10,68,0
"20634",NA,0,NA,0
"20635",4,1,59,0
"20636",1,10,54,0
"20637",2,9,53,0
"20638",1,10,26,0
"20639",2,10,26,0
"20640",3,10,26,0
"20641",1,10,93,0
"20642",2,6,89,0
"20643",3,2,85,0
"20644",1,10,61,0
"20645",1,10,44,0
"20646",2,5,39,0
"20647",3,3,37,0
"20648",4,6,40,0
"20649",1,10,65,0
"20650",2,14,69,0
"20651",NA,0,NA,NA
"20652",3,4,59,0
"20653",1,10,54,0
"20654",2,3,47,0
"20655",3,4,48,0
"20656",1,10,59,0
"20657",1,10,37,0
"20658",2,2,29,0
"20659",3,2,29,0
"20660",4,1,28,0
"20661",1,10,72,0
"20662",2,6,68,0
"20663",3,2,64,0
"20664",1,10,53,0
"20665",1,10,22,0
"20666",2,4,16,0
"20667",3,1,13,0
"20668",1,8,8,0
"20669",2,1,1,1
"20670",NA,0,15,0
"20671",NA,0,35,0
"20672",1,10,66,0
"20673",2,10,66,0
"20674",1,10,44,0
"20675",2,9,43,0
"20676",3,5,39,0
"20677",1,10,21,0
"20678",2,10,21,0
"20679",NA,0,NA,0
"20680",1,10,11,0
"20681",2,10,11,0
"20682",3,10,11,1
"20683",NA,0,15,0
"20684",NA,0,35,0
"20685",1,10,85,0
"20686",1,10,70,0
"20687",NA,0,NA,0
"20688",1,10,60,0
"20689",2,10,60,0
"20690",3,10,60,0
"20691",NA,0,NA,NA
"20692",NA,0,35,0
"20693",1,10,80,0
"20694",2,5,75,0
"20695",1,10,60,0
"20696",2,2,52,0
"20697",1,10,47,0
"20698",1,9,9,0
"20699",2,8,8,0
"20700",3,2,2,NA
"20701",3,2,2,0
"20702",4,2,2,1
"20703",NA,0,15,0
"20704",NA,0,35,0
"20705",1,10,98,0
"20706",2,8,96,0
"20707",1,10,78,0
"20708",2,5,73,0
"20709",3,5,73,0
"20710",4,5,73,0
"20711",1,10,75,0
"20712",1,10,65,0
"20713",1,10,41,0
"20714",2,9,40,0
"20715",1,10,25,0
"20716",2,8,23,0
"20717",1,10,14,0
"20718",2,6,10,1
"20719",NA,0,15,0
"20720",NA,0,35,0
"20721",1,10,65,0
"20722",2,10,65,0
"20723",3,7,62,0
"20724",1,10,37,0
"20725",2,9,36,0
"20726",3,11,38,0
"20727",NA,0,NA,NA
"20728",4,21,48,0
"20729",1,10,94,0
"20730",2,1,85,0
"20731",1,10,74,0
"20732",1,16,80,0
"20733",2,17,81,0
"20734",1,10,71,0
"20735",1,10,58,0
"20736",2,6,54,0
"20737",1,10,39,0
"20738",2,2,31,0
"20739",3,2,31,0
"20740",1,10,20,0
"20741",2,8,18,1
"20742",NA,0,15,0
"20743",NA,0,35,0
"20744",1,10,65,0
"20745",1,15,70,0
"20746",2,15,70,0
"20747",3,9,64,0
"20748",4,9,64,0
"20749",1,10,85,0
"20750",2,6,81,0
"20751",1,10,77,0
"20752",2,10,77,0
"20753",1,10,66,0
"20754",2,9,65,0
"20755",2,14,70,0
"20756",NA,0,NA,0
"20757",3,9,65,0
"20758",4,6,62,0
"20759",1,10,80,0
"20760",2,10,80,0
"20761",3,5,75,0
"20762",1,10,70,0
"20763",2,1,61,0
"20764",3,1,61,0
"20765",1,10,57,0
"20766",1,10,65,0
"20767",NA,0,NA,NA
"20768",NA,0,NA,NA
"20769",NA,0,35,0
"20770",1,10,66,0
"20771",2,1,57,0
"20772",1,10,49,0
"20773",2,10,49,0
"20774",1,10,33,0
"20775",1,10,18,0
"20776",1,7,7,0
"20777",2,9,9,0
"20778",3,4,4,0
"20779",4,4,4,0
"20780",1,10,89,0
"20781",2,10,89,0
"20782",3,8,87,0
"20783",1,10,69,0
"20784",2,10,69,0
"20785",3,10,69,0
"20786",1,10,54,0
"20787",2,10,54,0
"20788",3,6,50,0
"20789",1,10,45,0
"20790",2,8,43,0
"20791",3,6,41,0
"20792",1,10,34,0
"20793",2,12,36,0
"20794",3,5,29,0
"20795",4,5,29,0
"20796",NA,0,35,0
"20797",1,10,77,0
"20798",2,7,74,0
"20799",3,7,74,0
"20800",3,17,84,0
"20801",4,17,84,0
"20802",4,22,89,0
"20803",1,10,47,0
"20804",2,4,41,0
"20805",3,14,51,0
"20806",NA,0,NA,NA
"20807",1,10,31,0
"20808",1,10,15,0
"20809",2,3,8,0
"20810",3,1,6,0
"20811",1,4,4,1
"20812",NA,0,15,0
"20813",NA,0,35,0
"20814",1,10,74,0
"20815",2,8,72,0
"20816",1,10,60,0
"20817",2,7,57,0
"20818",3,2,52,0
"20819",1,10,47,0
"20820",2,1,38,0
"20821",3,1,38,0
"20822",1,10,35,0
"20823",2,7,32,0
"20824",2,17,42,0
"20825",3,17,42,0
"20826",1,10,76,0
"20827",2,9,75,0
"20828",1,10,65,0
"20829",2,10,65,0
"20830",3,16,71,0
"20831",4,9,64,1
"20832",NA,0,15,0
"20833",NA,0,35,0
"20834",1,10,74,0
"20835",1,10,58,0
"20836",1,10,42,0
"20837",2,3,35,0
"20838",NA,0,NA,0
"20839",3,3,35,0
"20840",1,10,27,0
"20841",1,10,15,0
"20842",2,10,15,0
"20843",3,1,6,0
"20844",NA,0,NA,0
"20845",1,1,1,0
"20846",NA,0,NA,0
"20847",2,1,1,1
"20848",NA,0,15,0
"20849",NA,0,35,0
"20850",1,10,62,0
"20851",2,10,62,0
"20852",3,2,54,0
"20853",1,10,50,0
"20854",2,10,50,0
"20855",NA,0,NA,NA
"20856",NA,0,35,0
"20857",1,10,74,0
"20858",1,10,24,0
"20859",1,7,7,0
"20860",1,12,12,1
"20861",NA,0,15,0
"20862",NA,0,35,0
"20863",1,10,73,0
"20864",2,6,69,0
"20865",1,10,55,0
"20866",2,10,55,0
"20867",1,10,32,0
"20868",1,10,17,0
"20869",2,8,15,0
"20870",3,8,15,0
"20871",1,5,5,0
"20872",2,5,5,0
"20873",3,14,14,0
"20874",4,8,8,0
"20875",NA,0,35,0
"20876",1,10,61,0
"20877",1,10,50,0
"20878",2,1,41,0
"20879",1,10,37,0
"20880",2,10,37,0
"20881",1,10,21,0
"20882",2,9,20,0
"20883",3,5,16,0
"20884",4,5,16,0
"20885",NA,0,35,0
"20886",1,10,73,0
"20887",2,1,64,0
"20888",1,10,61,0
"20889",NA,0,NA,0
"20890",1,10,28,0
"20891",2,10,28,0
"20892",3,9,27,0
"20893",NA,0,NA,NA
"20894",4,3,21,0
"20895",1,10,78,0
"20896",2,3,71,0
"20897",3,3,71,0
"20898",4,11,79,0
"20899",1,10,78,0
"20900",2,10,78,0
"20901",3,4,72,0
"20902",1,10,65,0
"20903",1,10,43,0
"20904",1,10,24,0
"20905",1,5,5,1
"20906",NA,0,15,0
"20907",NA,0,35,0
"20908",1,10,67,0
"20909",2,19,76,0
"20910",1,10,57,0
"20911",2,11,58,0
"20912",3,18,65,0
"20913",3,23,70,0
"20914",4,24,71,0
"20915",1,10,63,0
"20916",2,5,58,0
"20917",1,10,67,0
"20918",1,10,53,0
"20919",2,3,46,0
"20920",1,10,35,0
"20921",2,16,41,0
"20922",3,12,37,0
"20923",1,10,63,0
"20924",NA,0,NA,0
"20925",2,4,57,0
"20926",NA,0,NA,0
"20927",1,10,38,0
"20928",NA,0,NA,0
"20929",2,8,36,0
"20930",3,12,40,0
"20931",4,8,36,0
"20932",1,10,63,0
"20933",2,19,72,0
"20934",3,19,72,0
"20935",4,28,81,0
"20936",1,10,59,0
"20937",2,10,59,0
"20938",NA,0,NA,NA
"20939",NA,0,NA,NA
"20940",NA,0,35,0
"20941",1,10,68,0
"20942",2,8,66,0
"20943",3,12,70,0
"20944",4,12,70,0
"20945",1,10,75,0
"20946",2,4,69,0
"20947",3,1,66,0
"20948",1,10,60,0
"20949",1,10,49,0
"20950",2,10,49,0
"20951",1,10,37,0
"20952",2,10,37,0
"20953",1,10,18,0
"20954",2,9,17,1
"20955",NA,0,15,0
"20956",NA,0,35,0
"20957",1,10,69,0
"20958",2,5,64,0
"20959",1,10,53,0
"20960",2,15,58,0
"20961",3,9,52,0
"20962",4,9,52,0
"20963",1,10,94,0
"20964",2,6,90,0
"20965",3,5,89,0
"20966",4,5,89,0
"20967",1,10,53,0
"20968",1,10,31,0
"20969",1,10,15,0
"20970",2,8,13,0
"20971",1,1,1,1
"20972",NA,0,15,0
"20973",NA,0,35,0
"20974",1,10,65,0
"20975",NA,0,NA,NA
"20976",2,12,67,0
"20977",3,10,65,0
"20978",1,10,54,0
"20979",2,7,51,0
"20980",3,7,51,0
"20981",1,10,42,0
"20982",2,2,34,0
"20983",1,10,30,0
"20984",2,14,34,0
"20985",1,10,14,0
"20986",1,3,3,1
"20987",NA,0,15,0
"20988",NA,0,35,0
"20989",1,10,70,0
"20990",2,10,70,0
"20991",3,10,70,0
"20992",4,7,67,0
"20993",1,10,72,0
"20994",2,8,70,0
"20995",NA,0,NA,0
"20996",3,7,69,0
"20997",NA,0,NA,0
"20998",1,10,11,0
"20999",2,10,11,1
"21000",NA,0,15,0
"21001",NA,0,35,0
"21002",1,10,72,0
"21003",2,5,67,0
"21004",1,10,52,0
"21005",1,10,37,0
"21006",2,5,32,0
"21007",2,15,42,0
"21008",3,10,37,0
"21009",NA,0,NA,0
"21010",4,2,29,0
"21011",1,10,71,0
"21012",NA,0,NA,0
"21013",2,5,66,0
"21014",NA,0,NA,0
"21015",3,4,65,0
"21016",1,10,60,0
"21017",1,10,50,0
"21018",1,6,6,0
"21019",NA,0,NA,0
"21020",2,2,2,1
"21021",NA,0,15,0
"21022",NA,0,35,0
"21023",1,10,65,0
"21024",NA,0,NA,NA
"21025",NA,0,35,0
"21026",1,10,69,0
"21027",2,14,73,0
"21028",1,10,58,0
"21029",2,3,51,0
"21030",1,10,44,0
"21031",2,1,35,0
"21032",1,10,33,0
"21033",2,10,33,0
"21034",1,10,19,0
"21035",2,6,15,0
"21036",3,2,11,0
"21037",1,8,8,0
"21038",2,5,5,0
"21039",3,14,14,0
"21040",4,13,13,0
"21041",NA,0,35,0
"21042",1,10,84,0
"21043",2,6,80,0
"21044",3,6,80,0
"21045",4,6,80,0
"21046",1,10,52,0
"21047",2,10,52,0
"21048",1,10,51,0
"21049",2,9,50,0
"21050",2,14,55,0
"21051",1,10,40,0
"21052",2,10,40,0
"21053",3,1,31,0
"21054",1,10,24,0
"21055",NA,0,NA,NA
"21056",2,6,20,0
"21057",3,6,20,0
"21058",4,6,20,0
"21059",NA,0,35,0
"21060",1,10,78,0
"21061",2,4,72,0
"21062",1,10,64,0
"21063",2,12,66,0
"21064",3,12,66,0
"21065",1,10,45,0
"21066",2,18,53,0
"21067",3,12,47,0
"21068",4,12,47,0
"21069",1,10,85,0
"21070",2,10,85,0
"21071",NA,0,NA,0
"21072",1,10,80,0
"21073",2,6,76,0
"21074",1,10,66,0
"21075",1,10,26,0
"21076",2,7,23,0
"21077",3,4,20,0
"21078",4,4,20,0
"21079",1,10,10,0
"21080",2,8,8,0
"21081",3,8,8,0
"21082",4,8,8,1
"21083",NA,0,15,0
"21084",NA,0,35,0
"21085",1,10,71,0
"21086",2,6,67,0
"21087",3,6,67,0
"21088",4,6,67,0
"21089",1,10,81,0
"21090",2,2,73,0
"21091",1,10,68,0
"21092",1,15,73,0
"21093",1,10,48,0
"21094",2,10,48,0
"21095",3,20,58,0
"21096",4,20,58,0
"21097",1,10,82,0
"21098",NA,0,NA,0
"21099",2,7,79,0
"21100",NA,0,NA,0
"21101",3,5,77,0
"21102",1,10,60,0
"21103",2,11,61,0
"21104",NA,0,NA,NA
"21105",NA,0,NA,NA
"21106",NA,0,35,0
"21107",1,10,57,0
"21108",1,10,37,0
"21109",2,11,38,0
"21110",NA,0,NA,0
"21111",3,6,33,0
"21112",4,4,31,0
"21113",NA,0,35,0
"21114",1,10,67,0
"21115",2,10,67,0
"21116",3,3,60,0
"21117",4,3,60,0
"21118",1,10,96,0
"21119",2,7,93,0
"21120",1,7,7,0
"21121",2,1,1,0
"21122",3,2,2,0
"21123",4,2,2,1
"21124",NA,0,15,0
"21125",NA,0,35,0
"21126",1,10,74,0
"21127",1,10,55,0
"21128",2,4,49,0
"21129",3,7,52,0
"21130",1,10,43,0
"21131",2,10,43,0
"21132",1,10,21,0
"21133",2,7,18,0
"21134",3,4,15,0
"21135",4,1,12,0
"21136",4,6,17,0
"21137",1,10,75,0
"21138",2,9,74,0
"21139",1,10,64,0
"21140",2,4,58,0
"21141",3,4,58,0
"21142",NA,0,NA,NA
"21143",1,10,23,0
"21144",2,7,20,1
"21145",NA,0,15,0
"21146",NA,0,35,0
"21147",1,10,65,0
"21148",2,3,58,0
"21149",1,10,52,0
"21150",2,1,43,0
"21151",2,16,58,0
"21152",3,16,58,0
"21153",4,11,53,0
"21154",1,10,77,0
"21155",2,20,87,0
"21156",3,6,73,0
"21157",4,19,86,0
"21158",1,10,29,0
"21159",2,10,29,0
"21160",3,10,29,0
"21161",4,6,25,0
"21162",NA,0,35,0
"21163",1,10,72,0
"21164",2,3,65,0
"21165",3,1,63,0
"21166",4,2,64,0
"21167",1,10,80,0
"21168",2,10,80,0
"21169",2,15,85,0
"21170",NA,0,NA,0
"21171",3,7,77,0
"21172",1,10,63,0
"21173",1,10,39,0
"21174",2,7,36,0
"21175",1,10,21,0
"21176",2,9,20,0
"21177",NA,0,NA,0
"21178",3,2,13,0
"21179",NA,0,NA,0
"21180",4,2,13,0
"21181",1,10,87,0
"21182",2,10,87,0
"21183",NA,0,NA,0
"21184",3,6,83,0
"21185",4,2,79,0
"21186",1,10,81,0
"21187",NA,0,NA,0
"21188",1,10,69,0
"21189",2,8,67,0
"21190",1,10,51,0
"21191",2,10,51,0
"21192",3,10,51,0
"21193",NA,0,NA,NA
"21194",NA,0,35,0
"21195",1,10,68,0
"21196",2,8,66,0
"21197",3,6,64,0
"21198",1,10,51,0
"21199",1,10,41,0
"21200",2,7,38,0
"21201",1,10,29,0
"21202",1,10,14,0
"21203",2,6,10,0
"21204",3,1,5,0
"21205",1,3,3,1
"21206",NA,0,15,0
"21207",NA,0,35,0
"21208",1,10,87,0
"21209",2,16,93,0
"21210",3,17,94,0
"21211",4,17,94,0
"21212",1,10,60,0
"21213",2,1,51,0
"21214",NA,0,NA,0
"21215",1,10,48,0
"21216",1,9,9,1
"21217",NA,0,15,0
"21218",NA,0,35,0
"21219",1,10,70,0
"21220",1,10,53,0
"21221",2,9,52,0
"21222",NA,0,NA,0
"21223",3,9,52,0
"21224",4,9,52,0
"21225",1,10,85,0
"21226",1,10,50,0
"21227",2,9,49,0
"21228",3,7,47,0
"21229",4,7,47,0
"21230",1,10,92,0
"21231",NA,0,NA,NA
"21232",1,10,64,0
"21233",2,4,58,0
"21234",1,10,53,0
"21235",2,10,53,0
"21236",3,1,44,0
"21237",4,1,44,0
"21238",1,10,37,0
"21239",2,2,29,0
"21240",3,12,39,0
"21241",4,11,38,0
"21242",1,10,25,0
"21243",1,10,14,0
"21244",1,10,90,0
"21245",1,10,71,0
"21246",2,8,69,0
"21247",3,5,66,0
"21248",4,11,72,0
"21249",1,10,82,0
"21250",2,6,78,0
"21251",1,10,66,0
"21252",2,10,66,0
"21253",1,10,88,0
"21254",2,9,87,0
"21255",3,10,88,0
"21256",1,10,68,0
"21257",1,10,55,0
"21258",2,3,48,0
"21259",3,1,46,0
"21260",1,10,44,0
"21261",2,7,41,0
"21262",3,8,42,0
"21263",NA,0,NA,NA
"21264",NA,0,NA,NA
"21265",NA,0,35,0
"21266",1,10,73,0
"21267",1,15,78,0
"21268",2,14,77,0
"21269",3,5,68,0
"21270",4,1,64,0
"21271",4,10,73,0
"21272",1,10,72,0
"21273",2,3,65,0
"21274",1,10,60,0
"21275",2,5,55,0
"21276",1,10,48,0
"21277",2,7,45,0
"21278",3,6,44,0
"21279",1,10,34,0
"21280",1,10,16,0
"21281",1,10,84,0
"21282",1,10,68,0
"21283",2,4,62,0
"21284",3,1,59,0
"21285",4,1,59,0
"21286",1,10,55,0
"21287",2,10,55,0
"21288",1,10,39,0
"21289",2,10,39,0
"21290",3,4,33,0
"21291",1,10,28,0
"21292",NA,0,NA,NA
"21293",2,7,25,0
"21294",1,10,18,0
"21295",2,4,12,0
"21296",3,6,14,0
"21297",1,10,80,0
"21298",2,12,82,0
"21299",3,12,82,0
"21300",1,10,30,0
"21301",2,2,22,0
"21302",1,10,18,0
"21303",2,6,14,0
"21304",2,10,18,0
"21305",3,18,26,0
"21306",3,23,31,0
"21307",4,23,31,0
"21308",NA,0,35,0
"21309",NA,0,30,0
"21310",1,10,76,0
"21311",1,10,47,0
"21312",2,7,44,0
"21313",3,5,42,0
"21314",1,10,20,0
"21315",1,10,15,0
"21316",2,9,14,0
"21317",3,9,14,0
"21318",4,1,6,0
"21319",1,5,5,0
"21320",2,5,5,1
"21321",NA,0,15,0
"21322",NA,0,35,0
"21323",1,10,58,0
"21324",2,2,50,0
"21325",2,12,60,0
"21326",3,2,50,0
"21327",1,10,48,0
"21328",1,20,58,0
"21329",NA,0,NA,0
"21330",2,20,58,0
"21331",1,10,28,0
"21332",1,10,12,0
"21333",2,10,12,0
"21334",NA,0,NA,0
"21335",3,6,8,0
"21336",4,6,8,0
"21337",NA,0,NA,NA
"21338",NA,0,35,0
"21339",1,10,68,0
"21340",2,4,62,0
"21341",3,1,59,0
"21342",1,10,51,0
"21343",2,5,46,0
"21344",1,10,31,0
"21345",2,10,31,0
"21346",3,10,31,0
"21347",4,4,25,0
"21348",1,10,67,0
"21349",2,10,67,0
"21350",3,3,60,0
"21351",1,10,55,0
"21352",2,6,51,0
"21353",3,4,49,0
"21354",4,4,49,0
"21355",1,10,89,0
"21356",2,7,86,0
"21357",3,7,86,0
"21358",1,10,76,0
"21359",1,10,38,0
"21360",2,2,30,0
"21361",1,10,22,0
"21362",2,8,20,0
"21363",3,3,15,0
"21364",1,7,7,0
"21365",2,7,7,0
"21366",3,4,4,0
"21367",1,1,1,1
"21368",NA,0,30,0
"21369",NA,0,35,0
"21370",1,10,71,0
"21371",2,13,74,0
"21372",3,9,70,0
"21373",1,10,42,0
"21374",2,5,37,0
"21375",NA,0,NA,NA
"21376",3,4,36,0
"21377",4,4,36,0
"21378",1,10,28,0
"21379",2,4,22,0
"21380",1,10,15,0
"21381",2,8,13,0
"21382",3,3,8,0
"21383",NA,0,NA,0
"21384",4,8,13,0
"21385",1,10,87,0
"21386",1,10,74,0
"21387",1,15,79,0
"21388",2,12,76,0
"21389",2,17,81,0
"21390",3,14,78,0
"21391",4,10,74,0
"21392",1,10,71,0
"21393",1,10,50,0
"21394",2,8,48,0
"21395",3,8,48,0
"21396",4,3,43,0
"21397",1,10,32,0
"21398",2,4,26,0
"21399",1,10,18,0
"21400",2,5,13,0
"21401",1,7,7,0
"21402",2,3,3,0
"21403",3,1,1,1
"21404",NA,0,15,0
"21405",NA,0,35,0
"21406",1,10,71,0
"21407",2,8,69,0
"21408",1,10,60,0
"21409",2,10,60,0
"21410",1,10,50,0
"21411",2,10,50,0
"21412",NA,0,NA,0
"21413",NA,0,NA,0
"21414",1,10,31,0
"21415",2,10,31,0
"21416",NA,0,NA,0
"21417",NA,0,NA,0
"21418",3,10,31,0
"21419",NA,0,NA,NA
"21420",NA,0,NA,NA
"21421",NA,0,35,1
"21422",NA,0,15,0
"21423",NA,0,35,0
"21424",1,10,73,0
"21425",2,10,73,0
"21426",3,5,68,0
"21427",1,10,59,0
"21428",2,10,59,0
"21429",3,10,59,0
"21430",1,10,54,0
"21431",1,10,38,0
"21432",2,1,29,0
"21433",1,10,10,0
"21434",2,8,8,0
"21435",3,3,3,0
"21436",4,2,2,1
"21437",NA,0,15,0
"21438",NA,0,35,0
"21439",1,10,55,0
"21440",1,10,43,0
"21441",2,5,38,0
"21442",1,10,27,0
"21443",2,9,26,0
"21444",3,6,23,0
"21445",4,6,23,0
"21446",NA,0,35,0
"21447",1,10,74,0
"21448",1,10,61,0
"21449",1,10,48,0
"21450",1,15,53,0
"21451",2,7,45,0
"21452",3,5,43,0
"21453",1,10,34,0
"21454",2,6,30,0
"21455",3,6,30,0
"21456",4,6,30,0
"21457",4,1,25,0
"21458",1,10,20,0
"21459",NA,0,NA,NA
"21460",2,5,15,1
"21461",NA,0,15,0
"21462",NA,0,35,0
"21463",1,10,69,0
"21464",2,2,61,0
"21465",2,7,66,0
"21466",3,2,61,0
"21467",3,7,66,0
"21468",4,12,71,0
"21469",1,10,82,0
"21470",2,6,78,0
"21471",3,13,85,0
"21472",4,2,74,0
"21473",1,10,85,0
"21474",2,8,83,0
"21475",1,10,75,0
"21476",2,5,70,0
"21477",1,10,42,0
"21478",2,10,42,0
"21479",3,10,42,0
"21480",1,6,6,0
"21481",2,21,21,0
"21482",3,15,15,0
"21483",4,15,15,0
"21484",NA,0,35,0
"21485",1,10,65,0
"21486",1,20,75,0
"21487",2,17,72,0
"21488",3,4,59,0
"21489",1,10,49,0
"21490",2,3,42,0
"21491",1,10,32,0
"21492",2,10,32,0
"21493",1,10,14,0
"21494",NA,0,NA,0
"21495",2,8,12,0
"21496",NA,0,NA,0
"21497",NA,0,NA,0
"21498",3,2,6,0
"21499",4,2,6,0
"21500",NA,0,35,0
"21501",1,10,63,0
"21502",1,10,44,1
"21503",NA,0,15,0
"21504",NA,0,35,0
"21505",1,10,80,0
"21506",2,10,80,0
"21507",3,3,73,0
"21508",1,10,60,0
"21509",NA,0,NA,0
"21510",2,10,60,0
"21511",NA,0,NA,0
"21512",3,2,52,0
"21513",1,10,29,0
"21514",2,10,29,0
"21515",3,10,29,0
"21516",4,10,29,0
"21517",1,10,63,0
"21518",NA,0,NA,NA
"21519",NA,0,35,0
"21520",1,10,77,0
"21521",2,10,77,0
"21522",1,10,63,0
"21523",2,3,56,0
"21524",1,10,52,0
"21525",1,10,41,0
"21526",1,10,27,0
"21527",1,10,16,0
"21528",2,3,9,0
"21529",1,3,3,0
"21530",2,3,3,0
"21531",3,1,1,0
"21532",3,5,5,1
"21533",NA,0,15,0
"21534",NA,0,35,0
"21535",1,10,69,0
"21536",2,7,66,0
"21537",3,3,62,0
"21538",1,10,29,0
"21539",1,2,2,0
"21540",2,2,2,1
"21541",NA,0,15,0
"21542",NA,0,35,0
"21543",1,10,74,0
"21544",2,1,65,0
"21545",1,10,34,0
"21546",2,7,31,0
"21547",3,1,25,0
"21548",1,10,22,1
"21549",NA,0,15,0
"21550",NA,0,35,0
"21551",1,10,73,0
"21552",2,6,69,0
"21553",1,10,56,0
"21554",NA,0,NA,NA
"21555",2,6,52,0
"21556",1,10,38,0
"21557",1,10,18,0
"21558",2,10,18,0
"21559",3,8,16,0
"21560",4,10,18,0
"21561",NA,0,35,0
"21562",1,10,74,0
"21563",2,16,80,0
"21564",3,16,80,0
"21565",1,10,59,0
"21566",2,10,59,0
"21567",3,1,50,0
"21568",1,10,47,0
"21569",2,4,41,0
"21570",3,2,39,0
"21571",1,10,33,0
"21572",2,4,27,0
"21573",3,3,26,0
"21574",4,13,36,0
"21575",1,10,56,0
"21576",1,10,17,1
"21577",NA,0,15,0
"21578",NA,0,35,0
"21579",1,10,67,0
"21580",1,10,57,0
"21581",1,10,33,0
"21582",2,10,33,0
"21583",3,10,33,0
"21584",4,10,33,0
"21585",1,10,12,0
"21586",NA,0,NA,0
"21587",1,5,5,0
"21588",2,5,5,0
"21589",1,10,96,0
"21590",NA,0,NA,0
"21591",2,9,95,0
"21592",2,11,97,0
"21593",NA,0,NA,0
"21594",3,10,96,0
"21595",NA,0,NA,0
"21596",4,5,91,0
"21597",1,10,55,0
"21598",1,10,44,0
"21599",2,8,42,0
"21600",1,10,23,1
"21601",NA,0,2,0
"21602",NA,0,35,0
"21603",1,10,57,0
"21604",2,10,57,0
"21605",1,10,45,0
"21606",NA,0,NA,0
"21607",1,10,22,0
"21608",1,7,7,0
"21609",NA,0,NA,0
"21610",2,9,9,1
"21611",NA,0,15,0
"21612",NA,0,35,0
"21613",1,10,72,0
"21614",2,10,72,0
"21615",3,10,72,0
"21616",NA,0,NA,0
"21617",1,10,58,1
"21618",NA,0,2,0
"21619",NA,0,35,0
"21620",1,10,65,0
"21621",2,10,65,0
"21622",1,10,52,0
"21623",NA,0,NA,NA
"21624",NA,0,NA,NA
"21625",NA,0,35,0
"21626",1,10,64,0
"21627",2,8,62,0
"21628",3,8,62,0
"21629",1,10,53,0
"21630",2,8,51,0
"21631",3,8,51,0
"21632",1,10,38,0
"21633",2,10,38,0
"21634",3,4,32,0
"21635",4,2,30,0
"21636",1,10,28,0
"21637",2,5,23,0
"21638",3,5,23,0
"21639",4,14,32,0
"21640",1,10,59,0
"21641",2,10,59,0
"21642",3,2,51,0
"21643",1,10,47,0
"21644",1,10,35,0
"21645",2,10,35,0
"21646",3,8,33,0
"21647",4,8,33,0
"21648",1,10,59,0
"21649",2,10,59,0
"21650",1,10,12,0
"21651",2,6,8,0
"21652",1,1,1,0
"21653",2,1,1,0
"21654",3,1,1,0
"21655",4,1,1,0
"21656",4,5,5,0
"21657",NA,0,35,0
"21658",1,10,65,0
"21659",NA,0,NA,NA
"21660",2,10,65,0
"21661",3,10,65,0
"21662",4,10,65,0
"21663",1,10,79,0
"21664",2,8,77,0
"21665",3,8,77,0
"21666",4,2,71,0
"21667",1,10,86,NA
"21668",1,10,86,0
"21669",2,7,83,0
"21670",1,10,51,0
"21671",2,10,51,0
"21672",1,10,25,0
"21673",2,2,17,0
"21674",1,10,15,0
"21675",2,7,12,0
"21676",1,2,2,0
"21677",2,2,2,0
"21678",2,12,12,0
"21679",3,11,11,0
"21680",4,23,23,0
"21681",NA,0,35,0
"21682",1,10,70,0
"21683",1,10,49,0
"21684",2,10,49,0
"21685",3,7,46,0
"21686",1,10,30,0
"21687",2,10,30,0
"21688",3,10,30,1
"21689",NA,0,15,0
"21690",NA,0,35,0
"21691",1,10,73,0
"21692",2,8,71,0
"21693",1,10,41,0
"21694",2,9,40,0
"21695",3,4,35,0
"21696",NA,0,NA,0
"21697",1,10,29,0
"21698",2,10,29,0
"21699",3,9,28,0
"21700",NA,0,NA,0
"21701",4,1,20,0
"21702",NA,0,35,0
"21703",1,10,80,0
"21704",1,10,68,0
"21705",2,10,68,0
"21706",NA,0,NA,0
"21707",3,16,74,0
"21708",4,16,74,0
"21709",1,10,66,0
"21710",2,10,66,0
"21711",3,10,66,0
"21712",NA,0,NA,0
"21713",4,11,67,0
"21714",1,10,30,0
"21715",NA,0,NA,0
"21716",2,5,25,0
"21717",NA,0,NA,0
"21718",1,10,17,0
"21719",NA,0,NA,0
"21720",2,14,21,0
"21721",NA,0,NA,NA
"21722",NA,0,35,0
"21723",1,10,76,0
"21724",2,1,67,0
"21725",1,10,65,0
"21726",2,12,67,0
"21727",3,8,63,0
"21728",4,8,63,0
"21729",1,10,47,0
"21730",2,6,43,0
"21731",1,10,24,0
"21732",2,6,20,0
"21733",3,9,23,0
"21734",4,9,23,0
"21735",NA,0,35,0
"21736",1,10,68,0
"21737",2,10,68,0
"21738",3,16,74,0
"21739",4,11,69,0
"21740",1,10,56,0
"21741",2,4,50,0
"21742",3,2,48,0
"21743",4,2,48,0
"21744",1,10,88,0
"21745",2,2,80,0
"21746",3,1,79,0
"21747",4,1,79,0
"21748",1,10,88,0
"21749",2,9,87,0
"21750",3,9,87,0
"21751",4,3,81,0
"21752",1,10,61,0
"21753",1,10,48,0
"21754",NA,0,NA,NA
"21755",2,7,45,0
"21756",NA,0,NA,0
"21757",3,7,45,0
"21758",1,10,38,0
"21759",2,2,30,0
"21760",3,1,29,0
"21761",1,10,27,1
"21762",NA,0,2,0
"21763",NA,0,35,0
"21764",1,10,71,0
"21765",2,5,66,0
"21766",1,10,52,0
"21767",2,10,52,0
"21768",2,15,57,0
"21769",3,15,57,0
"21770",4,15,57,0
"21771",1,10,80,0
"21772",2,8,78,0
"21773",3,8,78,0
"21774",4,8,78,0
"21775",1,10,64,0
"21776",1,14,68,0
"21777",2,7,61,0
"21778",3,4,58,0
"21779",4,2,56,0
"21780",1,10,80,0
"21781",2,6,76,0
"21782",3,6,76,0
"21783",4,6,76,0
"21784",1,10,80,0
"21785",2,3,73,0
"21786",3,3,73,0
"21787",4,3,73,0
"21788",1,10,80,0
"21789",2,6,76,0
"21790",1,10,64,0
"21791",2,12,66,0
"21792",3,11,65,0
"21793",1,10,52,0
"21794",NA,0,50,0
"21795",2,8,50,0
"21796",3,8,50,0
"21797",4,8,50,0
"21798",1,10,87,0
"21799",2,10,87,0
"21800",3,6,83,0
"21801",4,6,83,0
"21802",1,10,64,0
"21803",2,7,61,0
"21804",1,10,36,0
"21805",NA,0,NA,0
"21806",2,1,27,0
"21807",NA,0,NA,0
"21808",1,10,25,0
"21809",NA,0,NA,0
"21810",2,1,16,0
"21811",NA,0,NA,NA
"21812",NA,0,NA,NA
"21813",NA,0,35,0
"21814",1,10,61,0
"21815",2,10,61,0
"21816",3,4,55,0
"21817",4,4,55,0
"21818",1,10,79,0
"21819",1,10,69,0
"21820",2,11,70,0
"21821",3,11,70,0
"21822",1,10,52,0
"21823",1,10,16,0
"21824",2,10,16,0
"21825",3,2,8,0
"21826",4,1,7,0
"21827",1,5,5,0
"21828",2,5,5,0
"21829",3,1,1,0
"21830",4,1,1,1
"21831",NA,0,15,0
"21832",NA,0,35,0
"21833",1,10,74,0
"21834",2,7,71,0
"21835",3,7,71,0
"21836",4,14,78,0
"21837",1,10,11,0
"21838",2,3,4,0
"21839",3,3,4,0
"21840",4,3,4,0
"21841",1,10,95,0
"21842",1,13,98,0
"21843",2,9,94,0
"21844",3,6,91,0
"21845",1,10,84,0
"21846",2,10,84,0
"21847",3,8,82,0
"21848",4,1,75,0
"21849",NA,0,NA,NA
"21850",1,10,72,0
"21851",1,15,77,0
"21852",2,14,76,0
"21853",1,10,64,0
"21854",2,10,64,0
"21855",1,10,49,0
"21856",2,7,46,0
"21857",3,1,40,0
"21858",1,10,38,0
"21859",1,10,56,0
"21860",1,10,41,0
"21861",2,5,36,0
"21862",1,10,29,0
"21863",2,10,29,0
"21864",3,10,29,0
"21865",4,1,20,0
"21866",1,10,16,0
"21867",2,10,16,0
"21868",3,7,13,0
"21869",1,2,2,0
"21870",NA,0,NA,0
"21871",2,1,1,0
"21872",3,1,1,1
"21873",NA,0,15,0
"21874",NA,0,35,0
"21875",1,10,75,0
"21876",2,5,70,0
"21877",1,10,14,0
"21878",2,8,12,1
"21879",NA,0,15,0
"21880",NA,0,35,0
"21881",1,10,70,0
"21882",2,3,63,0
"21883",3,3,63,0
"21884",4,3,63,0
"21885",1,10,82,0
"21886",2,2,74,0
"21887",1,10,72,0
"21888",1,10,56,0
"21889",2,10,56,0
"21890",3,2,48,0
"21891",1,10,30,0
"21892",2,10,30,0
"21893",3,4,24,0
"21894",1,10,12,0
"21895",NA,0,NA,0
"21896",2,15,17,0
"21897",2,19,21,0
"21898",3,5,7,0
"21899",NA,0,NA,NA
"21900",NA,0,35,0
"21901",1,10,74,0
"21902",2,2,66,0
"21903",3,1,65,0
"21904",4,1,65,0
"21905",1,10,63,0
"21906",2,20,73,0
"21907",3,20,73,0
"21908",4,9,62,0
"21909",1,10,80,0
"21910",2,7,77,0
"21911",1,10,65,0
"21912",2,3,58,0
"21913",3,3,58,0
"21914",4,2,57,0
"21915",1,10,80,0
"21916",2,2,72,0
"21917",1,10,67,0
"21918",2,3,60,0
"21919",3,3,60,0
"21920",NA,0,NA,0
"21921",4,3,60,0
"21922",1,10,44,0
"21923",2,1,35,0
"21924",1,10,56,0
"21925",2,6,52,0
"21926",1,10,41,0
"21927",2,1,32,0
"21928",1,10,14,0
"21929",NA,0,NA,NA
"21930",1,1,1,0
"21931",2,2,2,1
"21932",NA,0,15,0
"21933",NA,0,50,0
"21934",1,10,75,0
"21935",2,16,81,0
"21936",3,11,76,0
"21937",1,10,59,0
"21938",1,10,44,0
"21939",1,10,34,0
"21940",2,9,33,0
"21941",3,9,33,0
"21942",4,9,33,0
"21943",NA,0,35,0
"21944",1,10,71,0
"21945",2,12,73,0
"21946",3,11,72,0
"21947",4,3,64,0
"21948",1,10,68,0
"21949",2,1,59,0
"21950",1,10,34,0
"21951",2,10,34,0
"21952",1,10,23,0
"21953",NA,0,NA,0
"21954",2,6,19,0
"21955",NA,0,NA,0
"21956",3,15,28,0
"21957",4,15,28,0
"21958",NA,0,35,0
"21959",NA,0,30,0
"21960",1,10,76,0
"21961",2,10,76,0
"21962",3,3,69,0
"21963",1,10,63,0
"21964",1,10,46,0
"21965",1,10,25,0
"21966",2,10,25,0
"21967",1,4,4,0
"21968",2,4,4,1
"21969",NA,0,15,0
"21970",NA,0,35,0
"21971",1,10,44,0
"21972",2,3,37,0
"21973",1,10,76,0
"21974",2,1,67,0
"21975",1,10,56,0
"21976",1,10,61,0
"21977",NA,0,NA,0
"21978",2,12,63,0
"21979",3,11,62,0
"21980",4,15,66,0
"21981",4,20,71,0
"21982",1,10,88,0
"21983",2,10,88,0
"21984",3,2,80,0
"21985",1,10,76,0
"21986",1,10,50,0
"21987",1,5,45,0
"21988",1,10,35,0
"21989",2,10,35,0
"21990",NA,0,35,0
"21991",1,10,48,0
"21992",NA,0,NA,NA
"21993",NA,0,NA,NA
"21994",NA,0,35,0
"21995",1,10,60,0
"21996",2,6,56,0
"21997",3,6,56,0
"21998",4,6,56,0
"21999",1,10,86,0
"22000",2,6,82,0
"22001",1,10,69,0
"22002",2,5,64,0
"22003",3,5,64,0
"22004",4,5,64,0
"22005",4,10,69,0
"22006",1,10,83,0
"22007",1,10,73,0
"22008",2,10,73,0
"22009",3,4,67,0
"22010",1,10,57,0
"22011",1,15,62,0
"22012",2,18,65,0
"22013",1,10,34,0
"22014",2,10,34,0
"22015",1,10,24,0
"22016",2,5,19,0
"22017",3,6,20,0
"22018",4,1,15,0
"22019",1,10,11,0
"22020",2,6,7,0
"22021",NA,0,NA,0
"22022",NA,0,NA,0
"22023",3,3,4,0
"22024",1,1,1,0
"22025",1,6,6,0
"22026",2,2,2,0
"22027",1,10,80,0
"22028",1,10,68,0
"22029",2,6,64,0
"22030",NA,0,NA,NA
"22031",1,10,58,0
"22032",2,10,58,0
"22033",3,1,49,0
"22034",1,10,46,0
"22035",2,3,39,0
"22036",3,1,37,0
"22037",4,1,37,0
"22038",1,10,63,0
"22039",2,4,57,0
"22040",3,1,54,0
"22041",1,10,52,0
"22042",2,10,52,0
"22043",2,20,62,0
"22044",3,9,51,0
"22045",1,10,36,0
"22046",2,10,36,0
"22047",2,15,41,0
"22048",2,20,46,0
"22049",3,20,46,0
"22050",4,20,46,0
"22051",1,10,95,0
"22052",1,10,82,0
"22053",2,1,73,0
"22054",3,1,73,0
"22055",1,10,71,0
"22056",2,9,70,0
"22057",1,10,58,0
"22058",2,10,58,0
"22059",3,3,51,0
"22060",1,10,47,0
"22061",1,10,37,0
"22062",1,15,42,0
"22063",2,13,40,0
"22064",1,10,19,0
"22065",NA,0,NA,0
"22066",1,7,7,1
"22067",NA,0,15,0
"22068",NA,0,35,0
"22069",1,10,69,0
"22070",NA,0,NA,0
"22071",2,9,68,0
"22072",1,10,50,0
"22073",2,10,50,0
"22074",NA,0,NA,NA
"22075",NA,0,35,0
"22076",1,10,71,0
"22077",2,7,68,0
"22078",1,10,32,0
"22079",2,5,27,0
"22080",3,3,25,0
"22081",1,10,20,0
"22082",2,5,15,0
"22083",3,6,16,0
"22084",4,5,15,0
"22085",NA,0,35,0
"22086",1,10,43,0
"22087",2,6,39,0
"22088",1,10,14,0
"22089",2,11,15,0
"22090",1,1,1,0
"22091",2,1,1,0
"22092",2,6,6,0
"22093",3,6,6,0
"22094",4,6,6,0
"22095",NA,0,35,0
"22096",1,10,69,0
"22097",1,10,47,0
"22098",2,5,42,0
"22099",3,5,42,0
"22100",1,10,32,0
"22101",2,5,27,0
"22102",NA,0,NA,0
"22103",3,1,23,0
"22104",1,10,21,0
"22105",2,2,13,0
"22106",3,1,12,0
"22107",4,2,13,0
"22108",NA,0,NA,NA
"22109",1,7,7,0
"22110",2,7,7,1
"22111",NA,0,15,0
"22112",NA,0,35,0
"22113",1,10,69,0
"22114",2,11,70,0
"22115",3,1,60,0
"22116",1,10,58,0
"22117",1,10,36,0
"22118",2,11,37,0
"22119",3,9,35,0
"22120",1,10,21,0
"22121",2,4,15,1
"22122",NA,0,15,0
"22123",NA,0,35,0
"22124",1,10,74,0
"22125",2,7,71,0
"22126",3,11,75,0
"22127",1,10,41,0
"22128",1,10,30,0
"22129",2,4,24,0
"22130",1,4,4,0
"22131",2,1,1,0
"22132",3,1,1,1
"22133",NA,0,15,0
"22134",NA,0,35,0
"22135",1,10,62,0
"22136",2,1,53,0
"22137",1,10,44,0
"22138",1,10,33,0
"22139",2,4,27,1
"22140",NA,0,15,0
"22141",NA,0,35,0
"22142",1,10,72,0
"22143",2,7,69,0
"22144",1,10,53,0
"22145",NA,0,50,0
"22146",2,7,50,0
"22147",1,10,35,0
"22148",2,10,35,0
"22149",NA,0,NA,0
"22150",3,5,30,0
"22151",4,5,30,0
"22152",NA,0,35,0
"22153",1,10,66,0
"22154",NA,0,NA,NA
"22155",NA,0,35,0
"22156",1,10,44,0
"22157",2,11,45,0
"22158",1,10,32,0
"22159",1,10,22,0
"22160",1,10,11,0
"22161",2,3,4,0
"22162",1,1,1,0
"22163",2,3,3,0
"22164",3,1,1,0
"22165",NA,0,NA,0
"22166",4,1,1,1
"22167",NA,0,15,0
"22168",NA,0,35,0
"22169",1,10,45,0
"22170",2,5,40,0
"22171",3,10,45,0
"22172",1,10,23,0
"22173",2,10,23,0
"22174",3,6,19,0
"22175",1,9,9,0
"22176",1,1,1,0
"22177",NA,0,NA,0
"22178",2,2,2,1
"22179",NA,0,NA,0
"22180",NA,0,2,0
"22181",NA,0,NA,NA
"22182",NA,0,NA,NA
"22183",NA,0,35,0
"22184",1,10,84,0
"22185",2,6,80,0
"22186",1,10,75,0
"22187",2,6,71,0
"22188",1,10,63,0
"22189",2,3,56,0
"22190",1,10,39,0
"22191",2,8,37,0
"22192",3,5,34,0
"22193",1,10,25,0
"22194",2,14,29,0
"22195",3,8,23,1
"22196",NA,0,15,0
"22197",NA,0,35,0
"22198",1,10,67,0
"22199",2,7,64,0
"22200",3,7,64,0
"22201",4,7,64,0
"22202",1,10,70,0
"22203",2,2,62,0
"22204",1,10,55,0
"22205",2,10,55,0
"22206",3,7,52,0
"22207",4,2,47,0
"22208",1,10,53,0
"22209",1,10,33,0
"22210",2,3,26,0
"22211",1,10,23,0
"22212",1,10,18,0
"22213",2,6,14,0
"22214",3,1,9,0
"22215",NA,0,NA,NA
"22216",1,3,3,1
"22217",NA,0,15,0
"22218",NA,0,35,0
"22219",1,10,70,0
"22220",2,9,69,0
"22221",3,3,63,0
"22222",4,5,65,0
"22223",1,10,64,0
"22224",2,16,70,0
"22225",1,10,46,0
"22226",1,10,33,0
"22227",2,12,35,0
"22228",3,12,35,0
"22229",NA,0,NA,0
"22230",4,5,28,0
"22231",NA,0,35,0
"22232",1,10,70,0
"22233",1,10,52,0
"22234",2,3,45,0
"22235",2,13,55,0
"22236",1,8,8,0
"22237",2,3,3,1
"22238",NA,0,15,0
"22239",NA,0,35,0
"22240",1,10,60,0
"22241",2,3,53,0
"22242",1,10,46,0
"22243",2,10,46,0
"22244",3,3,39,0
"22245",NA,0,NA,0
"22246",4,3,39,0
"22247",1,10,60,0
"22248",1,10,44,0
"22249",2,7,41,0
"22250",3,2,36,0
"22251",NA,0,NA,0
"22252",1,10,33,0
"22253",1,3,3,0
"22254",NA,0,NA,0
"22255",2,1,1,1
"22256",NA,0,15,0
"22257",NA,0,35,0
"22258",1,10,67,0
"22259",2,4,61,0
"22260",1,10,41,0
"22261",NA,0,NA,0
"22262",1,1,1,0
"22263",NA,0,NA,0
"22264",2,1,1,0
"22265",3,1,1,0
"22266",4,1,1,0
"22267",NA,0,35,0
"22268",1,10,65,0
"22269",NA,0,NA,NA
"22270",NA,0,35,0
"22271",1,10,69,0
"22272",2,5,64,0
"22273",3,7,66,0
"22274",4,7,66,0
"22275",1,10,83,0
"22276",2,7,80,0
"22277",3,2,75,0
"22278",1,10,64,0
"22279",2,7,61,0
"22280",1,10,49,0
"22281",2,10,49,0
"22282",3,10,49,0
"22283",4,9,48,0
"22284",1,10,89,0
"22285",2,9,88,0
"22286",3,9,88,0
"22287",1,10,60,0
"22288",2,6,56,0
"22289",3,16,66,0
"22290",4,25,75,0
"22291",1,10,74,0
"22292",2,7,71,0
"22293",1,10,51,0
"22294",1,10,40,0
"22295",2,8,38,0
"22296",1,10,10,0
"22297",2,4,4,0
"22298",3,1,1,1
"22299",NA,0,15,0
"22300",NA,0,35,0
"22301",1,10,66,0
"22302",2,10,66,0
"22303",3,10,66,0
"22304",1,10,33,0
"22305",NA,0,NA,NA
"22306",2,8,31,0
"22307",3,17,40,0
"22308",NA,0,NA,0
"22309",4,17,40,0
"22310",1,10,11,0
"22311",2,6,7,0
"22312",3,1,2,0
"22313",4,1,2,1
"22314",NA,0,2,0
"22315",NA,0,35,0
"22316",1,10,69,0
"22317",2,4,63,0
"22318",3,1,60,0
"22319",1,10,59,0
"22320",1,10,45,0
"22321",2,10,45,0
"22322",3,13,48,0
"22323",4,18,53,0
"22324",1,10,87,0
"22325",2,2,79,0
"22326",2,12,89,0
"22327",1,10,76,0
"22328",NA,0,NA,0
"22329",2,11,77,0
"22330",3,11,77,0
"22331",1,10,67,0
"22332",2,8,65,0
"22333",1,10,56,0
"22334",NA,0,50,0
"22335",2,4,50,0
"22336",NA,0,NA,0
"22337",3,3,49,0
"22338",NA,0,NA,0
"22339",1,10,38,0
"22340",2,9,37,0
"22341",NA,0,NA,0
"22342",3,7,35,0
"22343",4,6,34,0
"22344",1,10,58,0
"22345",1,10,40,0
"22346",2,10,40,0
"22347",3,10,40,0
"22348",NA,0,NA,NA
"22349",NA,0,NA,NA
"22350",NA,0,35,0
"22351",1,10,78,0
"22352",2,10,78,0
"22353",1,10,66,0
"22354",1,10,50,0
"22355",2,12,52,0
"22356",3,12,52,0
"22357",4,8,48,0
"22358",1,10,85,0
"22359",2,5,80,1
"22360",NA,0,15,0
"22361",NA,0,35,0
"22362",1,10,76,0
"22363",2,6,72,0
"22364",1,10,56,0
"22365",1,10,41,0
"22366",2,8,39,0
"22367",1,5,5,0
"22368",2,2,2,1
"22369",NA,0,15,0
"22370",NA,0,35,0
"22371",1,10,68,0
"22372",1,15,73,0
"22373",2,14,72,0
"22374",1,10,51,0
"22375",2,10,51,0
"22376",3,8,49,0
"22377",4,8,49,0
"22378",1,10,88,0
"22379",2,9,87,0
"22380",3,9,87,0
"22381",4,15,93,1
"22382",NA,0,15,0
"22383",NA,0,50,0
"22384",1,10,65,0
"22385",2,2,57,0
"22386",3,4,59,0
"22387",1,10,28,0
"22388",2,5,23,0
"22389",NA,0,NA,NA
"22390",1,10,11,0
"22391",2,8,9,0
"22392",3,8,9,0
"22393",4,8,9,0
"22394",NA,0,35,0
"22395",1,10,65,0
"22396",2,4,59,0
"22397",3,1,56,0
"22398",3,11,66,0
"22399",3,16,71,0
"22400",4,16,71,0
"22401",1,10,70,0
"22402",1,10,49,0
"22403",2,9,48,0
"22404",1,10,32,0
"22405",2,4,26,0
"22406",1,10,19,1
"22407",NA,0,15,0
"22408",NA,0,35,0
"22409",1,10,60,0
"22410",1,10,34,0
"22411",1,15,39,0
"22412",2,13,37,0
"22413",2,23,47,0
"22414",3,17,41,0
"22415",4,7,31,0
"22416",NA,0,35,0
"22417",1,10,80,0
"22418",2,10,80,0
"22419",3,19,89,0
"22420",4,19,89,0
"22421",1,10,57,0
"22422",2,10,57,0
"22423",3,3,50,0
"22424",4,11,58,0
"22425",1,10,74,0
"22426",2,4,68,0
"22427",1,10,39,0
"22428",2,16,45,0
"22429",3,5,34,0
"22430",4,5,34,0
"22431",NA,0,35,0
"22432",1,10,69,0
"22433",2,10,69,0
"22434",NA,0,NA,NA
"22435",NA,0,35,0
"22436",1,10,72,0
"22437",2,9,71,0
"22438",3,2,64,0
"22439",4,2,64,0
"22440",1,10,72,0
"22441",2,7,69,0
"22442",3,7,69,0
"22443",1,10,40,0
"22444",2,6,36,0
"22445",1,10,30,0
"22446",1,10,19,0
"22447",1,8,8,0
"22448",2,6,6,0
"22449",3,1,1,0
"22450",4,1,1,0
"22451",1,10,99,0
"22452",1,10,85,0
"22453",2,4,79,0
"22454",3,4,79,0
"22455",1,10,69,0
"22456",2,2,61,0
"22457",1,10,52,0
"22458",2,9,51,0
"22459",1,10,41,0
"22460",2,10,41,0
"22461",3,4,35,0
"22462",1,10,12,0
"22463",NA,0,NA,NA
"22464",1,15,17,0
"22465",2,8,10,0
"22466",3,1,3,0
"22467",1,1,1,1
"22468",NA,0,15,0
"22469",NA,0,35,0
"22470",1,10,70,0
"22471",2,14,74,0
"22472",3,8,68,0
"22473",4,15,75,0
"22474",1,10,60,0
"22475",2,10,60,0
"22476",3,17,67,0
"22477",4,27,77,0
"22478",1,10,59,0
"22479",2,9,58,0
"22480",1,10,43,0
"22481",2,6,39,0
"22482",1,10,27,0
"22483",2,10,27,0
"22484",3,2,19,0
"22485",4,2,19,0
"22486",NA,0,35,0
"22487",1,10,65,0
"22488",2,10,65,0
"22489",3,3,58,0
"22490",1,10,55,0
"22491",NA,0,NA,0
"22492",2,7,52,0
"22493",3,1,46,0
"22494",1,10,44,0
"22495",NA,0,NA,0
"22496",2,7,41,0
"22497",3,1,35,0
"22498",1,10,34,0
"22499",NA,0,NA,NA
"22500",NA,0,NA,NA
"22501",NA,0,35,0
"22502",1,10,72,0
"22503",1,10,57,0
"22504",1,10,46,0
"22505",2,4,40,0
"22506",3,4,40,0
"22507",4,4,40,1
"22508",NA,0,15,0
"22509",NA,0,35,0
"22510",1,10,36,0
"22511",1,10,25,0
"22512",2,9,24,0
"22513",3,9,24,0
"22514",1,10,10,1
"22515",NA,0,15,0
"22516",NA,0,35,0
"22517",1,10,72,0
"22518",2,8,70,0
"22519",3,10,72,0
"22520",3,15,77,0
"22521",4,17,79,0
"22522",1,10,64,0
"22523",1,10,50,0
"22524",2,4,44,0
"22525",1,10,39,0
"22526",2,10,39,0
"22527",3,9,38,0
"22528",1,7,7,1
"22529",NA,0,15,0
"22530",NA,0,35,0
"22531",1,10,70,0
"22532",2,16,76,0
"22533",3,9,69,0
"22534",1,10,50,0
"22535",2,6,46,0
"22536",3,6,46,0
"22537",4,16,56,0
"22538",1,10,93,0
"22539",NA,0,NA,NA
"22540",2,9,92,0
"22541",3,13,96,0
"22542",4,13,96,0
"22543",1,10,35,0
"22544",2,5,30,0
"22545",3,1,26,0
"22546",1,10,25,0
"22547",2,9,24,0
"22548",1,10,11,0
"22549",2,1,2,0
"22550",3,1,2,0
"22551",NA,0,NA,0
"22552",4,1,2,1
"22553",NA,0,15,0
"22554",NA,0,35,0
"22555",1,10,73,0
"22556",2,10,73,0
"22557",2,15,78,0
"22558",1,10,47,0
"22559",1,10,30,0
"22560",1,10,19,0
"22561",2,10,19,0
"22562",3,9,18,0
"22563",4,23,32,0
"22564",NA,0,35,0
"22565",1,10,71,0
"22566",2,12,73,0
"22567",3,4,65,0
"22568",4,4,65,0
"22569",1,10,75,0
"22570",1,15,80,0
"22571",2,9,74,0
"22572",1,10,55,0
"22573",2,13,58,0
"22574",3,13,58,0
"22575",1,10,53,0
"22576",2,10,53,0
"22577",3,11,54,0
"22578",1,10,61,0
"22579",2,10,61,0
"22580",NA,0,NA,0
"22581",3,11,62,0
"22582",4,11,62,0
"22583",1,10,89,0
"22584",NA,0,NA,NA
"22585",NA,0,35,0
"22586",1,10,71,0
"22587",2,4,65,0
"22588",3,1,62,0
"22589",1,10,57,0
"22590",2,10,57,0
"22591",3,3,50,0
"22592",4,3,50,0
"22593",1,10,92,0
"22594",2,8,90,0
"22595",3,8,90,0
"22596",4,2,84,0
"22597",1,10,70,0
"22598",1,10,49,0
"22599",2,5,44,0
"22600",3,7,46,0
"22601",4,7,46,0
"22602",1,10,91,0
"22603",2,10,91,0
"22604",3,13,94,0
"22605",1,10,35,0
"22606",2,3,28,0
"22607",1,10,11,0
"22608",2,8,9,0
"22609",3,8,9,1
"22610",NA,0,15,0
"22611",NA,0,35,0
"22612",1,10,61,0
"22613",2,18,69,0
"22614",3,3,54,0
"22615",1,10,43,0
"22616",1,10,30,0
"22617",1,15,35,0
"22618",2,13,33,0
"22619",2,23,43,0
"22620",3,14,34,0
"22621",1,10,16,0
"22622",2,10,16,0
"22623",3,6,12,0
"22624",4,17,23,0
"22625",NA,0,35,0
"22626",NA,0,NA,NA
"22627",1,10,74,0
"22628",2,6,70,0
"22629",3,3,67,0
"22630",4,12,76,0
"22631",1,10,60,0
"22632",1,10,49,0
"22633",2,7,46,0
"22634",3,4,43,0
"22635",4,2,41,0
"22636",1,10,24,0
"22637",1,20,34,0
"22638",2,20,34,0
"22639",3,14,28,0
"22640",4,5,19,0
"22641",1,10,14,0
"22642",2,10,14,0
"22643",3,9,13,0
"22644",3,14,18,0
"22645",4,23,27,0
"22646",1,10,26,0
"22647",2,5,21,0
"22648",2,15,31,0
"22649",1,10,15,0
"22650",1,1,1,0
"22651",2,2,2,0
"22652",3,2,2,0
"22653",4,2,2,0
"22654",NA,0,35,0
"22655",1,10,69,0
"22656",2,6,65,0
"22657",1,10,46,0
"22658",2,2,38,0
"22659",3,1,37,1
"22660",NA,0,15,0
"22661",NA,0,35,0
"22662",1,10,77,0
"22663",NA,0,NA,0
"22664",2,6,73,0
"22665",NA,0,NA,0
"22666",3,5,72,0
"22667",1,10,56,0
"22668",NA,0,NA,0
"22669",2,11,57,0
"22670",3,13,59,0
"22671",NA,0,NA,NA
"22672",NA,0,NA,NA
"22673",NA,0,35,0
"22674",1,10,70,0
"22675",2,9,69,0
"22676",3,7,67,0
"22677",4,1,61,0
"22678",1,10,88,0
"22679",1,10,78,0
"22680",2,1,69,0
"22681",1,10,49,0
"22682",1,10,33,0
"22683",2,7,30,0
"22684",3,4,27,0
"22685",1,10,23,0
"22686",2,1,14,0
"22687",1,8,8,0
"22688",2,6,6,0
"22689",3,1,1,1
"22690",NA,0,15,0
"22691",NA,0,20,0
"22692",NA,0,35,0
"22693",1,10,65,0
"22694",2,10,65,0
"22695",3,7,62,0
"22696",4,16,71,0
"22697",1,10,58,0
"22698",2,6,54,0
"22699",3,6,54,0
"22700",4,6,54,0
"22701",1,10,96,0
"22702",2,7,93,0
"22703",3,1,87,0
"22704",4,1,87,0
"22705",1,10,62,0
"22706",2,3,55,0
"22707",3,8,60,0
"22708",1,10,42,0
"22709",NA,0,50,NA
"22710",2,18,50,0
"22711",3,3,35,0
"22712",4,3,35,0
"22713",1,10,30,0
"22714",2,1,21,0
"22715",1,10,17,0
"22716",2,2,9,0
"22717",1,6,6,0
"22718",1,3,3,1
"22719",NA,0,15,0
"22720",NA,0,35,0
"22721",1,10,65,0
"22722",1,10,36,0
"22723",2,9,35,0
"22724",3,9,35,0
"22725",1,10,25,0
"22726",2,6,21,0
"22727",3,4,19,0
"22728",4,1,16,0
"22729",4,6,21,0
"22730",NA,0,35,0
"22731",1,10,65,0
"22732",2,5,60,0
"22733",1,10,39,1
"22734",NA,0,15,0
"22735",NA,0,35,0
"22736",1,10,65,0
"22737",2,10,65,0
"22738",3,7,62,0
"22739",4,7,62,0
"22740",1,10,84,0
"22741",2,3,77,0
"22742",1,10,69,0
"22743",2,6,65,0
"22744",1,10,29,0
"22745",2,9,28,0
"22746",2,4,23,0
"22747",1,10,16,0
"22748",2,8,14,0
"22749",NA,0,NA,0
"22750",2,15,21,0
"22751",3,15,21,0
"22752",4,15,21,0
"22753",1,10,71,0
"22754",NA,0,NA,0
"22755",1,10,58,0
"22756",2,10,58,0
"22757",NA,0,50,0
"22758",3,2,50,0
"22759",1,10,23,0
"22760",2,10,23,0
"22761",1,10,11,1
"22762",NA,0,15,0
"22763",NA,0,35,0
"22764",1,10,65,0
"22765",NA,0,NA,NA
"22766",NA,0,35,0
"22767",1,10,80,0
"22768",2,3,73,0
"22769",3,2,72,0
"22770",1,10,68,0
"22771",2,10,68,0
"22772",NA,0,NA,0
"22773",3,2,60,0
"22774",1,10,57,0
"22775",2,6,53,0
"22776",3,12,59,0
"22777",1,10,30,0
"22778",2,6,26,0
"22779",1,10,16,0
"22780",2,9,15,0
"22781",3,9,15,0
"22782",4,1,7,0
"22783",1,4,4,1
"22784",NA,0,15,0
"22785",NA,0,35,0
"22786",1,10,65,0
"22787",2,7,62,0
"22788",1,10,50,0
"22789",1,10,52,0
"22790",2,5,47,0
"22791",1,10,32,0
"22792",NA,0,NA,0
"22793",2,1,23,0
"22794",3,1,23,0
"22795",NA,0,NA,NA
"22796",1,10,21,0
"22797",1,8,8,0
"22798",2,1,1,0
"22799",3,1,1,0
"22800",4,1,1,1
"22801",NA,0,15,0
"22802",NA,0,35,0
"22803",1,10,65,0
"22804",1,10,39,0
"22805",1,10,15,0
"22806",2,9,14,0
"22807",3,8,13,0
"22808",4,2,7,0
"22809",1,10,92,0
"22810",2,9,91,0
"22811",3,3,85,0
"22812",4,8,90,0
"22813",1,10,51,0
"22814",2,6,47,0
"22815",1,10,30,0
"22816",2,4,24,0
"22817",3,4,24,0
"22818",4,4,24,0
"22819",1,10,80,0
"22820",2,5,75,0
"22821",1,10,70,0
"22822",2,8,68,0
"22823",1,10,53,0
"22824",2,8,51,0
"22825",1,10,41,0
"22826",2,11,42,0
"22827",3,12,43,0
"22828",NA,0,NA,NA
"22829",NA,0,NA,NA
"22830",NA,0,35,0
"22831",1,10,74,0
"22832",2,7,71,0
"22833",3,4,68,0
"22834",1,10,59,0
"22835",2,10,59,0
"22836",2,25,74,0
"22837",3,21,70,0
"22838",4,13,62,0
"22839",1,10,90,0
"22840",2,4,84,0
"22841",1,10,71,0
"22842",1,10,60,0
"22843",1,25,75,0
"22844",2,12,62,0
"22845",2,17,67,0
"22846",3,3,53,0
"22847",1,10,44,0
"22848",1,10,32,0
"22849",2,4,26,0
"22850",3,1,23,0
"22851",3,5,27,0
"22852",1,10,13,0
"22853",1,3,3,0
"22854",2,4,4,1
"22855",NA,0,15,0
"22856",NA,0,35,0
"22857",1,10,80,0
"22858",2,8,78,0
"22859",3,2,72,0
"22860",1,10,67,0
"22861",2,6,63,0
"22862",3,1,58,0
"22863",NA,0,NA,NA
"22864",4,1,58,0
"22865",1,10,48,0
"22866",2,1,39,0
"22867",3,2,40,0
"22868",3,17,55,0
"22869",1,10,60,0
"22870",1,10,43,0
"22871",2,10,43,0
"22872",3,3,36,0
"22873",1,10,27,0
"22874",2,4,21,0
"22875",3,8,25,1
"22876",NA,0,15,0
"22877",NA,0,40,0
"22878",1,10,26,1
"22879",NA,0,15,0
"22880",NA,0,35,0
"22881",1,10,80,0
"22882",2,10,80,0
"22883",3,5,75,0
"22884",4,1,71,0
"22885",4,6,76,0
"22886",1,10,87,0
"22887",2,5,82,0
"22888",3,5,82,0
"22889",1,10,60,1
"22890",NA,0,15,0
"22891",NA,0,35,0
"22892",1,10,69,0
"22893",2,2,61,0
"22894",1,10,57,0
"22895",1,10,45,0
"22896",2,1,36,0
"22897",1,10,33,0
"22898",1,10,18,0
"22899",NA,0,NA,0
"22900",2,5,13,0
"22901",3,5,13,0
"22902",1,1,1,1
"22903",NA,0,15,0
"22904",NA,0,35,0
"22905",1,10,76,0
"22906",1,10,56,0
"22907",NA,0,NA,0
"22908",2,3,49,0
"22909",NA,0,NA,0
"22910",1,10,23,0
"22911",NA,0,NA,NA
"22912",NA,0,35,0
"22913",1,10,81,0
"22914",2,9,80,0
"22915",3,1,72,0
"22916",4,1,72,0
"22917",1,10,79,0
"22918",2,5,74,0
"22919",1,10,49,0
"22920",2,6,45,0
"22921",3,13,52,0
"22922",4,13,52,0
"22923",1,10,88,0
"22924",1,10,60,0
"22925",NA,0,NA,0
"22926",2,10,60,0
"22927",3,4,54,0
"22928",1,10,53,0
"22929",2,7,50,0
"22930",3,1,44,0
"22931",1,10,41,0
"22932",NA,0,NA,0
"22933",2,9,40,0
"22934",2,14,45,0
"22935",3,15,46,0
"22936",4,15,46,0
"22937",1,10,60,0
"22938",2,4,54,0
"22939",1,10,33,0
"22940",2,8,31,0
"22941",3,5,28,0
"22942",1,10,18,0
"22943",NA,0,NA,0
"22944",1,3,3,0
"22945",2,3,3,0
"22946",3,1,1,1
"22947",NA,0,15,0
"22948",NA,0,35,0
"22949",1,10,65,0
"22950",1,10,46,0
"22951",2,11,47,0
"22952",3,4,40,0
"22953",NA,0,50,NA
"22954",4,14,50,0
"22955",1,10,86,0
"22956",2,6,82,0
"22957",3,4,80,0
"22958",4,2,78,0
"22959",1,10,65,0
"22960",2,5,60,0
"22961",1,10,50,0
"22962",2,9,49,0
"22963",1,10,31,0
"22964",1,10,17,0
"22965",2,5,12,0
"22966",3,6,13,0
"22967",1,6,6,0
"22968",2,2,2,0
"22969",3,4,4,1
"22970",NA,0,15,0
"22971",NA,0,35,0
"22972",1,10,72,0
"22973",2,10,72,0
"22974",3,8,70,0
"22975",4,1,63,0
"22976",1,10,83,0
"22977",2,4,77,0
"22978",3,1,74,0
"22979",1,10,63,0
"22980",2,6,59,0
"22981",1,10,50,0
"22982",2,6,46,0
"22983",NA,0,NA,NA
"22984",NA,0,NA,NA
"22985",NA,0,35,0
"22986",1,10,64,0
"22987",2,5,59,0
"22988",3,5,59,0
"22989",1,10,53,0
"22990",2,3,46,0
"22991",1,10,40,0
"22992",2,5,35,0
"22993",1,10,28,0
"22994",2,10,28,0
"22995",2,5,23,0
"22996",1,10,15,1
"22997",NA,0,15,0
"22998",NA,0,35,0
"22999",1,10,68,0
"23000",2,6,64,0
"23001",3,7,65,0
"23002",NA,0,NA,0
"23003",4,1,59,0
"23004",1,10,57,0
"23005",2,7,54,0
"23006",1,10,45,0
"23007",2,12,47,0
"23008",1,10,28,0
"23009",1,10,12,0
"23010",2,6,8,0
"23011",3,3,5,1
"23012",NA,0,15,0
"23013",NA,0,35,0
"23014",1,10,68,0
"23015",2,12,70,0
"23016",3,9,67,0
"23017",4,2,60,0
"23018",1,10,80,0
"23019",1,10,68,0
"23020",1,10,56,0
"23021",1,15,61,0
"23022",2,7,53,0
"23023",NA,0,NA,NA
"23024",1,10,37,0
"23025",1,10,16,0
"23026",2,12,18,0
"23027",3,5,11,1
"23028",NA,0,15,0
"23029",NA,0,35,0
"23030",1,10,65,0
"23031",2,1,56,0
"23032",1,10,54,0
"23033",2,4,48,0
"23034",3,3,47,0
"23035",3,8,52,0
"23036",3,13,57,0
"23037",4,6,50,0
"23038",1,10,82,0
"23039",1,10,71,0
"23040",2,8,69,0
"23041",1,10,49,0
"23042",2,8,47,0
"23043",3,7,46,0
"23044",4,5,44,0
"23045",1,10,93,0
"23046",2,7,90,0
"23047",3,12,95,0
"23048",4,7,90,0
"23049",1,10,41,0
"23050",2,8,39,0
"23051",3,17,48,0
"23052",NA,0,NA,0
"23053",4,5,36,0
"23054",NA,0,35,0
"23055",1,10,72,0
"23056",2,8,70,0
"23057",NA,0,NA,0
"23058",3,7,69,0
"23059",4,7,69,0
"23060",1,10,72,0
"23061",1,10,27,0
"23062",NA,0,NA,0
"23063",2,10,27,0
"23064",3,10,27,0
"23065",4,10,27,0
"23066",1,10,65,0
"23067",NA,0,NA,NA
"23068",NA,0,35,0
"23069",1,10,60,0
"23070",2,6,56,0
"23071",3,6,56,0
"23072",1,10,46,0
"23073",2,10,46,0
"23074",1,10,38,0
"23075",2,9,37,0
"23076",1,10,28,0
"23077",2,14,32,0
"23078",1,10,11,0
"23079",2,13,14,0
"23080",3,13,14,0
"23081",4,13,14,0
"23082",NA,0,35,0
"23083",1,10,67,0
"23084",2,2,59,0
"23085",1,10,48,0
"23086",1,10,25,0
"23087",1,9,9,0
"23088",2,9,9,0
"23089",3,5,5,0
"23090",4,3,3,0
"23091",NA,0,35,0
"23092",1,10,76,0
"23093",2,3,69,0
"23094",3,1,67,0
"23095",3,5,71,0
"23096",4,5,71,0
"23097",1,10,79,0
"23098",2,8,77,0
"23099",3,2,71,0
"23100",1,10,61,0
"23101",2,17,68,0
"23102",3,8,59,0
"23103",4,8,59,0
"23104",1,10,76,0
"23105",1,10,63,0
"23106",2,1,54,0
"23107",NA,0,NA,NA
"23108",1,10,44,0
"23109",2,5,39,0
"23110",3,1,35,0
"23111",1,10,33,0
"23112",2,5,28,0
"23113",1,10,18,1
"23114",NA,0,15,0
"23115",NA,0,35,0
"23116",1,10,65,0
"23117",1,10,41,0
"23118",2,7,38,0
"23119",3,2,33,0
"23120",1,10,28,0
"23121",1,10,14,0
"23122",1,5,9,0
"23123",2,2,6,1
"23124",NA,0,15,0
"23125",NA,0,35,0
"23126",1,10,60,0
"23127",2,9,59,0
"23128",1,10,20,0
"23129",1,8,8,0
"23130",2,5,5,0
"23131",NA,0,NA,0
"23132",3,3,3,1
"23133",NA,0,15,0
"23134",NA,0,35,0
"23135",1,10,69,0
"23136",2,10,69,0
"23137",3,5,64,0
"23138",1,10,58,0
"23139",2,3,51,0
"23140",1,10,34,0
"23141",2,10,34,0
"23142",3,10,34,0
"23143",1,10,24,1
"23144",NA,0,15,0
"23145",NA,0,35,0
"23146",1,10,48,0
"23147",NA,0,NA,0
"23148",2,5,43,0
"23149",NA,0,NA,0
"23150",3,1,39,0
"23151",1,10,35,0
"23152",NA,0,NA,NA
"23153",NA,0,NA,NA
"23154",NA,0,35,0
"23155",1,10,65,0
"23156",2,7,62,0
"23157",3,5,60,0
"23158",1,10,53,0
"23159",2,2,45,0
"23160",3,1,44,0
"23161",1,10,43,1
"23162",NA,0,15,0
"23163",NA,0,35,0
"23164",1,10,80,0
"23165",1,10,56,0
"23166",2,11,57,1
"23167",NA,0,15,0
"23168",NA,0,35,0
"23169",1,10,76,0
"23170",2,4,70,0
"23171",1,10,65,0
"23172",2,8,63,0
"23173",3,1,56,0
"23174",4,3,58,0
"23175",1,10,81,0
"23176",1,10,71,0
"23177",2,7,68,0
"23178",1,10,51,0
"23179",1,10,37,0
"23180",2,7,34,0
"23181",1,10,19,0
"23182",2,7,16,0
"23183",NA,0,NA,0
"23184",1,9,9,0
"23185",2,9,9,1
"23186",NA,0,15,0
"23187",NA,0,35,0
"23188",1,10,71,0
"23189",1,10,57,0
"23190",NA,0,NA,NA
"23191",2,6,53,0
"23192",3,12,59,1
"23193",NA,0,15,0
"23194",NA,0,35,0
"23195",1,10,76,0
"23196",1,10,71,0
"23197",2,10,71,0
"23198",3,1,62,0
"23199",4,3,64,0
"23200",1,10,76,0
"23201",2,5,71,0
"23202",3,4,70,0
"23203",1,3,3,0
"23204",2,3,3,0
"23205",1,1,1,0
"23206",2,1,1,0
"23207",2,6,6,1
"23208",NA,0,15,0
"23209",NA,0,35,0
"23210",1,10,65,0
"23211",2,10,65,0
"23212",1,10,54,0
"23213",1,10,34,0
"23214",1,10,19,0
"23215",2,13,22,0
"23216",NA,0,NA,0
"23217",3,13,22,0
"23218",1,4,4,0
"23219",2,3,3,0
"23220",3,3,3,0
"23221",4,1,1,0
"23222",1,10,99,0
"23223",2,9,98,0
"23224",1,3,3,0
"23225",1,8,8,0
"23226",2,4,4,1
"23227",NA,0,15,0
"23228",NA,0,35,0
"23229",1,10,63,0
"23230",1,10,53,0
"23231",1,10,29,0
"23232",NA,0,NA,0
"23233",2,11,30,0
"23234",NA,0,NA,0
"23235",3,14,33,0
"23236",4,9,28,0
"23237",NA,0,35,0
"23238",1,10,74,0
"23239",1,10,64,0
"23240",2,10,64,0
"23241",3,10,64,0
"23242",1,10,30,0
"23243",2,10,30,0
"23244",3,10,30,0
"23245",NA,0,NA,0
"23246",4,25,45,0
"23247",1,10,94,0
"23248",2,11,95,0
"23249",NA,0,NA,NA
"23250",NA,0,35,0
"23251",1,10,75,0
"23252",2,1,66,0
"23253",3,1,66,0
"23254",1,10,64,0
"23255",1,10,49,0
"23256",2,6,45,0
"23257",3,6,45,0
"23258",4,6,45,0
"23259",4,11,50,0
"23260",1,10,38,0
"23261",2,9,37,0
"23262",3,2,30,0
"23263",1,10,22,0
"23264",2,10,22,0
"23265",1,6,6,0
"23266",2,6,6,0
"23267",3,6,6,0
"23268",NA,0,NA,0
"23269",4,2,2,0
"23270",1,10,98,0
"23271",1,10,19,0
"23272",2,10,19,0
"23273",3,10,19,0
"23274",4,6,15,1
"23275",NA,0,2,0
"23276",NA,0,35,0
"23277",1,10,75,0
"23278",1,10,65,0
"23279",2,5,60,0
"23280",2,15,70,0
"23281",1,10,24,0
"23282",2,4,18,0
"23283",1,10,13,0
"23284",2,11,14,0
"23285",3,11,14,0
"23286",4,5,8,0
"23287",1,10,92,0
"23288",1,10,62,0
"23289",2,1,53,0
"23290",1,10,40,0
"23291",2,1,31,0
"23292",3,1,31,0
"23293",1,10,29,0
"23294",NA,0,NA,NA
"23295",2,5,24,0
"23296",3,1,20,0
"23297",1,10,17,0
"23298",2,11,18,0
"23299",3,10,17,0
"23300",4,6,13,0
"23301",NA,0,35,0
"23302",1,10,84,0
"23303",2,10,84,0
"23304",3,1,75,0
"23305",1,10,20,0
"23306",2,10,20,0
"23307",3,10,20,0
"23308",1,8,8,0
"23309",2,9,9,1
"23310",NA,0,15,0
"23311",NA,0,35,0
"23312",1,10,45,0
"23313",1,10,34,0
"23314",2,3,27,0
"23315",1,10,21,0
"23316",2,5,16,0
"23317",3,9,20,0
"23318",4,4,15,0
"23319",NA,0,35,0
"23320",1,10,80,0
"23321",2,4,74,0
"23322",3,4,74,0
"23323",4,5,75,0
"23324",1,10,70,0
"23325",2,10,70,0
"23326",3,1,61,0
"23327",1,10,58,0
"23328",2,12,60,0
"23329",3,13,61,0
"23330",NA,0,NA,NA
"23331",NA,0,NA,NA
"23332",NA,0,35,0
"23333",1,10,75,0
"23334",2,8,73,0
"23335",1,10,63,0
"23336",1,10,46,0
"23337",1,10,35,0
"23338",2,6,31,0
"23339",3,2,27,0
"23340",4,2,27,0
"23341",1,10,72,0
"23342",1,10,56,0
"23343",2,10,56,0
"23344",3,8,54,0
"23345",1,10,23,0
"23346",1,1,1,1
"23347",NA,0,15,0
"23348",NA,0,35,0
"23349",1,10,81,0
"23350",1,10,51,0
"23351",1,10,38,0
"23352",2,6,34,0
"23353",1,10,14,0
"23354",1,1,1,1
"23355",NA,0,15,0
"23356",NA,0,35,0
"23357",1,10,65,0
"23358",1,10,37,1
"23359",NA,0,15,0
"23360",NA,0,35,0
"23361",1,10,73,0
"23362",2,10,73,0
"23363",1,10,56,0
"23364",1,10,46,0
"23365",2,5,41,0
"23366",3,5,41,0
"23367",4,9,45,0
"23368",1,10,98,0
"23369",2,2,90,0
"23370",1,10,87,0
"23371",2,10,87,0
"23372",1,10,74,0
"23373",NA,0,NA,NA
"23374",1,15,79,0
"23375",1,10,53,0
"23376",2,1,44,0
"23377",1,10,39,0
"23378",2,11,40,0
"23379",3,8,37,0
"23380",4,6,35,0
"23381",1,10,57,0
"23382",2,9,56,0
"23383",NA,0,NA,0
"23384",3,9,56,0
"23385",4,9,56,0
"23386",1,10,93,0
"23387",2,5,88,0
"23388",3,1,84,0
"23389",3,6,89,0
"23390",4,6,89,0
"23391",1,10,55,0
"23392",2,5,50,0
"23393",1,10,36,0
"23394",2,7,33,0
"23395",1,10,20,0
"23396",2,6,16,1
"23397",NA,0,15,0
"23398",NA,0,35,0
"23399",1,10,86,0
"23400",2,1,77,0
"23401",1,10,75,0
"23402",2,6,71,0
"23403",1,10,60,0
"23404",2,1,51,0
"23405",3,11,61,0
"23406",1,10,72,0
"23407",NA,0,NA,NA
"23408",NA,0,35,0
"23409",1,10,69,0
"23410",2,6,65,0
"23411",1,10,40,0
"23412",1,10,30,0
"23413",2,5,25,0
"23414",3,5,25,0
"23415",4,5,25,0
"23416",NA,0,35,0
"23417",1,10,44,0
"23418",1,10,20,0
"23419",2,21,31,0
"23420",3,13,23,0
"23421",1,10,56,0
"23422",2,8,54,0
"23423",3,8,54,0
"23424",4,8,54,0
"23425",1,10,87,0
"23426",2,6,83,0
"23427",1,10,76,0
"23428",2,7,73,0
"23429",2,2,68,0
"23430",1,10,56,0
"23431",2,6,52,0
"23432",1,10,28,0
"23433",2,6,24,0
"23434",3,3,21,0
"23435",4,1,19,0
"23436",1,10,14,0
"23437",2,8,12,0
"23438",3,5,9,0
"23439",4,1,5,0
"23440",1,10,93,0
"23441",2,6,89,0
"23442",NA,0,NA,NA
"23443",1,10,72,0
"23444",2,10,72,0
"23445",3,10,72,0
"23446",4,10,72,0
"23447",1,10,47,0
"23448",2,6,43,0
"23449",1,10,25,0
"23450",2,2,17,0
"23451",3,1,16,0
"23452",1,10,14,0
"23453",2,11,15,0
"23454",2,16,20,0
"23455",3,10,14,0
"23456",4,12,16,0
"23457",NA,0,35,0
"23458",1,10,77,0
"23459",2,3,70,0
"23460",1,10,62,0
"23461",2,7,59,0
"23462",3,7,59,0
"23463",4,7,59,0
"23464",1,10,91,0
"23465",2,2,83,1
"23466",NA,0,2,0
"23467",NA,0,35,0
"23468",1,10,71,0
"23469",1,10,56,0
"23470",2,2,48,0
"23471",1,10,46,0
"23472",2,3,39,0
"23473",1,10,32,0
"23474",1,10,19,0
"23475",NA,0,NA,0
"23476",1,9,9,0
"23477",NA,0,NA,0
"23478",2,1,1,1
"23479",NA,0,2,0
"23480",NA,0,35,0
"23481",1,10,48,0
"23482",2,10,48,0
"23483",NA,0,NA,0
"23484",3,21,59,0
"23485",4,2,40,0
"23486",1,10,30,0
"23487",2,10,30,0
"23488",3,16,36,0
"23489",NA,0,NA,0
"23490",4,6,26,0
"23491",NA,0,35,0
"23492",1,10,74,0
"23493",2,10,74,0
"23494",NA,0,NA,NA
"23495",NA,0,35,0
"23496",1,10,70,0
"23497",2,9,69,0
"23498",3,9,69,0
"23499",1,10,64,0
"23500",2,12,66,0
"23501",3,12,66,0
"23502",4,24,78,0
"23503",1,10,57,0
"23504",2,9,56,0
"23505",1,10,33,0
"23506",2,3,26,0
"23507",3,2,25,0
"23508",1,10,14,0
"23509",2,4,8,1
"23510",NA,0,NA,NA
"23511",NA,0,NA,NA
"23512",NA,0,35,0
"23513",1,10,69,0
"23514",2,10,69,0
"23515",3,8,67,0
"23516",4,2,61,0
"23517",1,10,86,0
"23518",2,10,86,0
"23519",3,6,82,0
"23520",1,10,72,0
"23521",2,8,70,0
"23522",3,4,66,0
"23523",NA,0,NA,0
"23524",1,4,4,1
"23525",NA,0,15,0
"23526",NA,0,35,0
"23527",1,10,68,0
"23528",2,6,64,0
"23529",3,4,62,0
"23530",1,10,56,0
"23531",1,10,40,0
"23532",2,9,39,0
"23533",3,2,32,0
"23534",1,10,29,0
"23535",2,7,26,0
"23536",3,7,26,0
"23537",4,7,26,0
"23538",NA,0,35,0
"23539",1,10,71,0
"23540",2,7,68,0
"23541",3,12,73,0
"23542",4,2,63,0
"23543",1,10,85,0
"23544",2,6,81,0
"23545",2,11,86,0
"23546",3,13,88,0
"23547",NA,0,NA,NA
"23548",4,7,82,0
"23549",1,10,57,0
"23550",2,10,57,0
"23551",3,4,51,0
"23552",1,10,33,0
"23553",2,11,34,0
"23554",3,8,31,0
"23555",3,13,36,0
"23556",4,8,31,0
"23557",NA,0,35,0
"23558",1,10,70,0
"23559",2,8,68,0
"23560",3,5,65,0
"23561",4,5,65,0
"23562",1,10,84,0
"23563",2,4,78,0
"23564",1,10,67,0
"23565",1,15,72,0
"23566",2,15,72,0
"23567",3,6,63,0
"23568",1,10,78,0
"23569",2,7,75,0
"23570",1,10,67,0
"23571",1,10,62,0
"23572",2,10,62,0
"23573",1,10,49,0
"23574",2,1,40,0
"23575",1,10,18,0
"23576",2,12,20,0
"23577",3,2,10,0
"23578",NA,0,NA,0
"23579",4,2,10,0
"23580",NA,0,35,0
"23581",1,10,65,0
"23582",2,5,60,0
"23583",3,5,60,0
"23584",4,5,60,0
"23585",1,10,75,0
"23586",NA,0,NA,0
"23587",1,10,63,0
"23588",1,10,52,0
"23589",NA,0,NA,0
"23590",1,10,25,0
"23591",1,10,12,0
"23592",NA,0,35,0
"23593",NA,0,NA,NA
"23594",NA,0,35,0
"23595",1,10,76,0
"23596",1,10,59,0
"23597",2,5,54,0
"23598",3,1,50,0
"23599",1,10,71,0
"23600",1,10,49,0
"23601",1,10,27,0
"23602",1,4,4,0
"23603",2,4,4,0
"23604",3,4,4,0
"23605",4,4,4,0
"23606",NA,0,35,0
"23607",1,10,23,0
"23608",2,5,18,0
"23609",3,1,14,0
"23610",1,10,11,0
"23611",2,10,11,0
"23612",1,1,1,1
"23613",NA,0,15,0
"23614",NA,0,35,0
"23615",1,10,67,0
"23616",1,10,54,0
"23617",1,15,59,0
"23618",2,8,52,0
"23619",3,2,46,0
"23620",4,2,46,0
"23621",1,10,38,0
"23622",2,10,38,0
"23623",3,10,38,0
"23624",4,10,38,0
"23625",1,10,54,0
"23626",1,10,42,0
"23627",1,10,31,0
"23628",1,10,20,0
"23629",1,15,25,0
"23630",2,15,25,0
"23631",3,15,25,0
"23632",4,15,25,0
"23633",NA,0,35,0
"23634",1,10,67,0
"23635",2,2,59,0
"23636",1,10,45,0
"23637",2,1,36,0
"23638",NA,0,NA,NA
"23639",1,10,31,0
"23640",2,2,23,0
"23641",3,1,22,0
"23642",1,10,17,0
"23643",2,4,11,0
"23644",NA,0,NA,0
"23645",3,2,9,0
"23646",1,2,2,1
"23647",NA,0,2,0
"23648",NA,0,35,0
"23649",1,10,71,0
"23650",1,10,59,0
"23651",1,15,64,0
"23652",1,10,59,0
"23653",2,13,62,0
"23654",3,9,58,0
"23655",1,10,20,0
"23656",2,9,19,0
"23657",3,3,13,0
"23658",4,3,13,0
"23659",1,10,86,0
"23660",2,10,86,0
"23661",3,17,93,0
"23662",4,17,93,0
"23663",1,10,65,0
"23664",1,15,70,0
"23665",1,10,44,0
"23666",1,10,35,0
"23667",2,10,35,0
"23668",3,10,35,0
"23669",4,10,35,0
"23670",1,7,7,0
"23671",2,5,5,0
"23672",3,5,5,0
"23673",4,5,5,0
"23674",4,10,10,1
"23675",NA,0,2,0
"23676",NA,0,35,0
"23677",1,10,83,0
"23678",NA,0,NA,0
"23679",2,4,77,0
"23680",NA,0,NA,0
"23681",3,1,74,0
"23682",NA,0,NA,0
"23683",1,10,71,0
"23684",2,10,71,0
"23685",3,4,65,0
"23686",4,4,65,0
"23687",1,10,92,0
"23688",2,10,92,0
"23689",1,10,66,0
"23690",2,6,62,0
"23691",3,6,62,0
"23692",3,11,67,0
"23693",NA,0,NA,0
"23694",4,4,60,0
"23695",1,10,40,0
"23696",NA,0,NA,NA
"23697",NA,0,NA,NA
"23698",NA,0,35,0
"23699",1,10,65,0
"23700",NA,0,NA,0
"23701",1,15,70,0
"23702",2,14,69,0
"23703",3,11,66,0
"23704",1,10,75,0
"23705",2,10,75,0
"23706",3,2,67,0
"23707",4,1,66,0
"23708",1,10,92,0
"23709",2,4,86,0
"23710",3,1,83,0
"23711",1,10,77,0
"23712",2,9,76,0
"23713",1,10,61,0
"23714",2,6,57,0
"23715",1,10,50,0
"23716",1,10,20,0
"23717",2,1,11,0
"23718",1,8,8,0
"23719",2,9,9,1
"23720",NA,0,15,0
"23721",NA,0,35,0
"23722",1,10,71,0
"23723",2,2,63,0
"23724",1,10,58,0
"23725",2,8,56,0
"23726",3,12,60,0
"23727",NA,0,NA,0
"23728",4,1,49,0
"23729",1,10,51,0
"23730",1,10,37,0
"23731",NA,0,NA,NA
"23732",2,11,38,1
"23733",NA,0,15,0
"23734",NA,0,35,0
"23735",1,10,69,0
"23736",2,10,69,0
"23737",3,10,69,0
"23738",4,10,69,0
"23739",1,10,77,0
"23740",2,7,74,0
"23741",3,10,77,0
"23742",4,2,69,0
"23743",1,10,85,0
"23744",1,10,65,0
"23745",1,10,48,0
"23746",2,9,47,0
"23747",3,9,47,0
"23748",NA,0,NA,0
"23749",4,1,39,0
"23750",1,10,34,0
"23751",1,10,95,0
"23752",2,9,94,0
"23753",1,10,80,0
"23754",1,10,56,0
"23755",1,10,38,0
"23756",2,7,35,0
"23757",1,10,25,0
"23758",2,14,29,0
"23759",3,14,29,0
"23760",4,13,28,0
"23761",NA,0,35,0
"23762",1,10,69,0
"23763",2,10,69,0
"23764",3,7,66,0
"23765",4,13,72,0
"23766",1,10,67,0
"23767",1,10,56,0
"23768",2,10,56,0
"23769",3,10,56,0
"23770",NA,0,NA,0
"23771",4,7,53,0
"23772",1,10,80,0
"23773",2,5,75,0
"23774",3,5,75,0
"23775",NA,0,NA,NA
"23776",NA,0,35,0
"23777",1,10,82,0
"23778",2,7,79,0
"23779",1,10,69,0
"23780",1,10,64,0
"23781",2,5,59,0
"23782",3,6,60,0
"23783",3,16,70,0
"23784",1,10,49,0
"23785",2,5,44,0
"23786",3,5,44,0
"23787",1,10,33,0
"23788",1,10,19,0
"23789",2,7,16,0
"23790",1,7,7,0
"23791",2,5,5,0
"23792",3,5,5,0
"23793",1,10,80,0
"23794",2,6,76,0
"23795",1,10,54,0
"23796",1,10,41,0
"23797",2,14,45,0
"23798",3,14,45,0
"23799",4,10,41,0
"23800",1,10,98,0
"23801",2,7,95,0
"23802",3,1,89,0
"23803",NA,0,NA,NA
"23804",1,10,87,0
"23805",2,4,81,0
"23806",3,2,79,0
"23807",1,10,55,0
"23808",1,10,35,1
"23809",NA,0,2,0
"23810",NA,0,35,0
"23811",1,10,78,0
"23812",2,3,71,0
"23813",3,6,74,0
"23814",1,10,67,0
"23815",2,9,66,0
"23816",3,9,66,0
"23817",1,10,88,0
"23818",2,6,84,0
"23819",1,10,68,0
"23820",2,10,68,0
"23821",3,1,59,0
"23822",1,10,62,0
"23823",2,7,59,1
"23824",NA,0,15,0
"23825",NA,0,35,0
"23826",1,10,65,0
"23827",2,1,56,0
"23828",1,10,49,0
"23829",2,10,49,0
"23830",3,10,49,0
"23831",4,15,54,0
"23832",1,10,30,0
"23833",2,4,24,0
"23834",NA,0,NA,0
"23835",3,4,24,0
"23836",1,10,35,0
"23837",1,10,26,1
"23838",NA,0,15,0
"23839",NA,0,35,0
"23840",1,10,37,0
"23841",NA,0,NA,0
"23842",2,8,35,0
"23843",NA,0,NA,0
"23844",3,8,35,1
"23845",NA,0,15,0
"23846",NA,0,35,0
"23847",1,10,65,0
"23848",2,11,66,0
"23849",3,12,67,0
"23850",4,8,63,0
"23851",1,10,98,0
"23852",2,10,98,0
"23853",NA,0,NA,NA
"23854",NA,0,NA,NA
"23855",NA,0,35,0
"23856",1,10,70,0
"23857",1,18,78,0
"23858",2,18,78,0
"23859",3,18,78,0
"23860",4,18,78,0
"23861",1,10,59,0
"23862",2,9,58,0
"23863",3,9,58,0
"23864",4,8,57,0
"23865",1,10,95,0
"23866",2,9,94,0
"23867",3,4,89,0
"23868",1,10,60,0
"23869",1,10,44,0
"23870",1,10,31,0
"23871",2,10,31,0
"23872",3,4,25,0
"23873",1,10,12,0
"23874",2,7,9,1
"23875",NA,0,15,0
"23876",NA,0,35,1
"23877",NA,0,15,0
"23878",NA,0,35,0
"23879",1,10,71,0
"23880",2,10,71,0
"23881",3,10,71,0
"23882",4,10,71,1
"23883",NA,0,15,0
"23884",NA,0,35,0
"23885",1,10,80,0
"23886",2,8,78,0
"23887",3,5,75,0
"23888",1,10,64,0
"23889",2,10,64,0
"23890",3,17,71,0
"23891",4,2,56,0
"23892",4,7,61,0
"23893",1,10,78,0
"23894",2,8,76,0
"23895",2,13,81,0
"23896",3,13,81,0
"23897",4,4,72,0
"23898",1,10,74,0
"23899",NA,0,NA,NA
"23900",2,10,74,0
"23901",3,1,65,0
"23902",1,10,63,0
"23903",NA,0,NA,0
"23904",2,10,63,0
"23905",1,10,56,0
"23906",2,7,53,0
"23907",1,10,44,0
"23908",2,10,44,0
"23909",3,10,44,0
"23910",3,15,49,0
"23911",4,26,60,0
"23912",1,10,80,0
"23913",1,10,22,1
"23914",NA,0,15,0
"23915",NA,0,35,0
"23916",1,10,72,0
"23917",2,8,70,0
"23918",1,10,48,0
"23919",2,7,45,0
"23920",1,10,32,0
"23921",2,6,28,0
"23922",3,7,29,0
"23923",1,8,8,0
"23924",2,9,9,0
"23925",3,11,11,0
"23926",4,8,8,0
"23927",NA,0,35,0
"23928",1,10,77,0
"23929",2,1,68,0
"23930",1,10,60,0
"23931",2,10,60,0
"23932",NA,0,NA,0
"23933",3,17,67,0
"23934",NA,0,NA,0
"23935",4,26,76,0
"23936",1,10,67,0
"23937",2,9,66,0
"23938",2,14,71,0
"23939",3,14,71,0
"23940",NA,0,NA,0
"23941",4,22,79,0
"23942",1,10,61,0
"23943",2,10,61,0
"23944",1,10,37,0
"23945",NA,0,NA,0
"23946",1,10,22,0
"23947",2,10,22,0
"23948",3,10,22,0
"23949",4,15,27,0
"23950",NA,0,NA,NA
"23951",NA,0,35,0
"23952",1,10,55,0
"23953",2,11,56,0
"23954",3,11,56,0
"23955",4,13,58,0
"23956",1,10,90,0
"23957",1,10,80,0
"23958",2,8,78,0
"23959",3,7,77,0
"23960",1,10,65,0
"23961",1,10,54,0
"23962",2,11,55,0
"23963",2,26,70,0
"23964",3,18,62,0
"23965",4,18,62,0
"23966",1,10,74,0
"23967",2,10,74,0
"23968",3,6,70,0
"23969",4,3,67,0
"23970",1,10,81,0
"23971",2,18,89,0
"23972",3,17,88,0
"23973",3,22,93,0
"23974",4,10,81,0
"23975",1,10,58,0
"23976",2,8,56,0
"23977",3,4,52,0
"23978",1,10,46,0
"23979",2,5,41,0
"23980",3,2,38,0
"23981",NA,0,NA,NA
"23982",1,10,35,0
"23983",2,17,42,1
"23984",NA,0,15,0
"23985",NA,0,35,0
"23986",1,10,66,0
"23987",2,1,57,0
"23988",3,2,58,0
"23989",1,10,42,0
"23990",2,7,39,0
"23991",3,2,34,0
"23992",4,1,33,0
"23993",1,10,60,0
"23994",1,10,30,0
"23995",1,5,25,0
"23996",1,10,19,0
"23997",2,11,20,0
"23998",3,20,29,0
"23999",4,10,19,0
"24000",NA,0,35,0
"24001",1,10,69,0
"24002",2,17,76,0
"24003",1,10,52,0
"24004",1,10,32,0
"24005",2,7,29,0
"24006",3,7,29,0
"24007",1,10,17,0
"24008",2,6,13,0
"24009",3,6,13,0
"24010",4,4,11,0
"24011",NA,0,35,0
"24012",1,10,67,0
"24013",NA,0,NA,0
"24014",1,10,55,0
"24015",2,7,52,0
"24016",NA,0,NA,0
"24017",3,16,61,0
"24018",1,10,56,0
"24019",NA,0,NA,0
"24020",2,7,53,0
"24021",NA,0,NA,0
"24022",3,3,49,0
"24023",4,5,51,0
"24024",1,10,46,0
"24025",2,11,47,0
"24026",NA,0,NA,NA
"24027",NA,0,NA,NA
"24028",NA,0,35,0
"24029",1,10,74,0
"24030",2,5,69,0
"24031",3,3,67,0
"24032",4,3,67,0
"24033",1,10,78,0
"24034",2,2,70,0
"24035",1,10,67,0
"24036",1,10,51,0
"24037",2,6,47,0
"24038",1,10,39,0
"24039",2,6,35,0
"24040",3,6,35,0
"24041",1,10,21,0
"24042",NA,0,NA,0
"24043",2,3,14,1
"24044",NA,0,15,0
"24045",NA,0,35,0
"24046",1,10,52,0
"24047",1,10,39,0
"24048",2,4,33,0
"24049",1,10,29,0
"24050",2,10,29,0
"24051",3,10,29,0
"24052",3,15,34,0
"24053",4,7,26,0
"24054",NA,0,35,0
"24055",1,10,65,0
"24056",1,10,49,0
"24057",1,10,37,0
"24058",1,10,23,0
"24059",2,10,23,0
"24060",3,7,20,0
"24061",1,10,12,0
"24062",2,7,9,0
"24063",3,7,9,1
"24064",NA,0,15,0
"24065",NA,0,35,0
"24066",1,10,73,0
"24067",2,4,67,0
"24068",1,10,50,0
"24069",2,9,49,0
"24070",3,9,49,0
"24071",NA,0,NA,NA
"24072",4,22,62,0
"24073",1,10,87,0
"24074",2,2,79,0
"24075",1,10,70,0
"24076",1,10,42,0
"24077",2,10,42,0
"24078",3,2,34,0
"24079",1,10,31,0
"24080",1,10,18,0
"24081",2,10,18,0
"24082",2,5,13,1
"24083",NA,0,1,0
"24084",NA,0,50,0
"24085",1,10,75,0
"24086",2,9,74,0
"24087",1,10,33,0
"24088",2,1,24,0
"24089",1,10,23,0
"24090",2,12,25,0
"24091",3,3,16,0
"24092",4,1,14,0
"24093",1,6,6,0
"24094",2,1,1,1
"24095",NA,0,15,0
"24096",NA,0,20,0
"24097",NA,0,35,0
"24098",1,10,68,0
"24099",1,10,50,0
"24100",2,6,46,0
"24101",3,3,43,0
"24102",4,1,41,0
"24103",1,10,27,0
"24104",2,10,27,0
"24105",NA,0,NA,0
"24106",3,10,27,0
"24107",4,1,18,0
"24108",1,8,8,0
"24109",NA,0,NA,0
"24110",2,6,6,0
"24111",3,4,4,0
"24112",4,4,4,0
"24113",NA,0,50,0
"24114",1,10,75,0
"24115",NA,0,NA,NA
"24116",NA,0,35,0
"24117",1,10,72,0
"24118",1,10,50,0
"24119",1,10,39,0
"24120",1,10,25,0
"24121",1,10,14,1
"24122",NA,0,15,0
"24123",NA,0,35,0
"24124",1,10,69,0
"24125",2,4,63,0
"24126",1,10,54,0
"24127",2,6,50,0
"24128",3,4,48,0
"24129",1,10,11,0
"24130",2,7,8,0
"24131",3,4,5,0
"24132",NA,0,NA,0
"24133",4,3,4,1
"24134",NA,0,2,0
"24135",NA,0,35,0
"24136",1,10,82,0
"24137",2,7,79,0
"24138",1,10,38,0
"24139",2,1,29,0
"24140",3,1,29,0
"24141",1,10,12,0
"24142",2,8,10,0
"24143",3,8,10,0
"24144",4,8,10,0
"24145",NA,0,35,0
"24146",1,10,79,0
"24147",2,15,84,0
"24148",3,3,72,0
"24149",4,3,72,0
"24150",1,10,84,0
"24151",2,7,81,0
"24152",NA,0,NA,NA
"24153",1,10,66,0
"24154",2,5,61,0
"24155",1,10,51,0
"24156",2,2,43,1
"24157",NA,0,15,0
"24158",NA,0,35,0
"24159",1,10,81,0
"24160",2,7,78,0
"24161",1,10,48,0
"24162",1,15,53,0
"24163",2,9,47,0
"24164",3,5,43,0
"24165",4,5,43,0
"24166",1,10,24,0
"24167",2,8,22,0
"24168",3,4,18,0
"24169",1,9,9,0
"24170",2,4,4,1
"24171",NA,0,2,0
"24172",NA,0,1,0
"24173",NA,0,35,0
"24174",1,10,45,0
"24175",2,2,37,0
"24176",1,10,31,0
"24177",2,10,31,0
"24178",3,9,30,0
"24179",4,9,30,0
"24180",NA,0,35,0
"24181",1,10,72,0
"24182",2,6,68,0
"24183",3,5,67,0
"24184",4,7,69,0
"24185",1,10,78,0
"24186",2,8,76,0
"24187",1,10,67,0
"24188",2,6,63,0
"24189",NA,0,NA,NA
"24190",NA,0,NA,NA
"24191",NA,0,35,0
"24192",1,10,69,0
"24193",1,10,57,0
"24194",2,10,57,0
"24195",1,10,40,0
"24196",2,7,37,0
"24197",3,7,37,0
"24198",4,7,37,0
"24199",1,10,22,0
"24200",2,2,14,0
"24201",3,2,14,0
"24202",4,2,14,0
"24203",NA,0,35,0
"24204",1,10,19,0
"24205",2,7,16,0
"24206",1,5,5,0
"24207",2,2,2,0
"24208",2,7,7,0
"24209",3,7,7,1
"24210",NA,0,15,0
"24211",NA,0,35,0
"24212",1,10,65,0
"24213",2,13,68,0
"24214",3,1,56,0
"24215",1,10,53,0
"24216",2,7,50,0
"24217",3,2,45,0
"24218",1,10,41,0
"24219",1,20,51,0
"24220",2,21,52,0
"24221",3,26,57,0
"24222",4,20,51,0
"24223",1,10,72,0
"24224",2,3,65,0
"24225",1,10,59,0
"24226",NA,0,NA,NA
"24227",2,5,54,0
"24228",3,19,68,0
"24229",4,13,62,0
"24230",1,10,83,0
"24231",2,8,81,0
"24232",3,8,81,0
"24233",3,13,86,0
"24234",4,22,95,1
"24235",NA,0,15,0
"24236",NA,0,35,0
"24237",1,10,65,0
"24238",1,10,38,0
"24239",2,5,33,0
"24240",3,1,29,0
"24241",1,8,8,0
"24242",2,4,4,0
"24243",3,4,4,0
"24244",4,4,4,0
"24245",NA,0,35,0
"24246",1,10,74,0
"24247",1,10,61,0
"24248",2,7,58,0
"24249",1,10,43,0
"24250",1,10,39,0
"24251",2,15,44,0
"24252",2,20,49,0
"24253",3,15,44,0
"24254",3,20,49,0
"24255",4,5,34,0
"24256",NA,0,35,0
"24257",1,10,65,0
"24258",1,10,54,0
"24259",1,10,35,0
"24260",1,10,20,0
"24261",1,4,4,0
"24262",2,1,1,1
"24263",NA,0,15,0
"24264",NA,0,35,0
"24265",1,10,64,0
"24266",2,10,64,0
"24267",1,10,60,0
"24268",2,18,68,0
"24269",3,1,51,0
"24270",NA,0,NA,0
"24271",1,10,49,0
"24272",1,10,55,0
"24273",NA,0,NA,0
"24274",2,11,56,0
"24275",2,16,61,0
"24276",NA,0,NA,NA
"24277",NA,0,35,0
"24278",1,10,74,0
"24279",2,6,70,0
"24280",3,4,68,0
"24281",1,10,45,0
"24282",2,6,41,0
"24283",1,10,26,0
"24284",1,10,21,0
"24285",2,6,17,0
"24286",3,4,15,0
"24287",4,4,15,0
"24288",NA,0,35,0
"24289",1,10,60,0
"24290",2,5,55,0
"24291",3,3,53,0
"24292",1,10,47,0
"24293",2,5,42,0
"24294",3,5,42,0
"24295",4,5,42,0
"24296",1,10,58,0
"24297",2,11,59,0
"24298",1,10,48,0
"24299",1,20,58,0
"24300",2,20,58,0
"24301",3,17,55,0
"24302",1,10,34,0
"24303",NA,0,NA,0
"24304",2,10,34,0
"24305",1,10,16,0
"24306",2,8,14,0
"24307",1,5,5,0
"24308",2,13,13,0
"24309",1,6,6,1
"24310",NA,0,2,0
"24311",NA,0,35,0
"24312",1,10,65,0
"24313",1,10,46,0
"24314",2,10,46,0
"24315",3,4,40,0
"24316",NA,0,NA,NA
"24317",1,10,36,0
"24318",2,4,30,0
"24319",1,10,25,0
"24320",2,10,25,0
"24321",3,2,17,0
"24322",NA,0,NA,0
"24323",4,2,17,0
"24324",1,10,12,0
"24325",2,10,12,0
"24326",NA,0,NA,0
"24327",3,10,12,1
"24328",NA,0,2,0
"24329",NA,0,35,0
"24330",1,10,87,0
"24331",2,5,82,0
"24332",3,9,86,0
"24333",4,14,91,0
"24334",1,10,51,0
"24335",1,10,29,0
"24336",2,5,24,0
"24337",1,10,14,0
"24338",2,10,14,0
"24339",NA,0,NA,0
"24340",3,3,7,1
"24341",NA,0,2,0
"24342",NA,0,35,0
"24343",1,10,55,0
"24344",2,7,52,0
"24345",3,4,49,0
"24346",4,4,49,0
"24347",1,10,93,0
"24348",2,10,93,0
"24349",3,10,93,0
"24350",1,10,73,0
"24351",2,5,68,0
"24352",1,10,62,0
"24353",2,5,57,0
"24354",1,10,50,0
"24355",1,10,38,0
"24356",2,3,31,0
"24357",3,3,31,0
"24358",1,10,25,0
"24359",1,2,2,0
"24360",1,7,7,0
"24361",2,9,9,0
"24362",2,14,14,0
"24363",3,14,14,1
"24364",NA,0,2,0
"24365",NA,0,35,0
"24366",1,10,67,0
"24367",NA,0,NA,0
"24368",2,19,76,0
"24369",1,10,55,0
"24370",NA,0,NA,0
"24371",1,20,65,1
"24372",NA,0,NA,NA
"24373",NA,0,NA,NA
"24374",NA,0,35,0
"24375",1,10,64,0
"24376",2,10,64,0
"24377",1,10,52,0
"24378",2,10,52,0
"24379",1,10,42,0
"24380",1,10,30,0
"24381",2,7,27,0
"24382",NA,0,NA,0
"24383",3,3,23,0
"24384",1,10,15,0
"24385",1,2,2,1
"24386",NA,0,15,0
"24387",NA,0,35,0
"24388",1,10,65,0
"24389",2,3,58,0
"24390",3,2,57,0
"24391",4,2,57,0
"24392",1,10,86,0
"24393",1,5,81,0
"24394",2,5,81,0
"24395",1,10,74,0
"24396",1,10,59,0
"24397",1,10,36,0
"24398",1,10,22,0
"24399",2,10,22,1
"24400",NA,0,15,0
"24401",NA,0,35,0
"24402",1,10,65,0
"24403",2,7,62,0
"24404",2,12,67,0
"24405",1,10,53,0
"24406",1,10,39,0
"24407",2,10,39,0
"24408",1,10,59,0
"24409",2,6,55,0
"24410",3,6,55,0
"24411",1,10,40,0
"24412",NA,0,NA,0
"24413",2,3,33,0
"24414",1,10,24,0
"24415",NA,0,NA,NA
"24416",2,10,24,0
"24417",1,9,9,0
"24418",2,4,4,1
"24419",NA,0,15,0
"24420",NA,0,35,0
"24421",1,10,65,0
"24422",2,3,58,0
"24423",1,10,53,0
"24424",2,8,51,0
"24425",1,10,31,0
"24426",1,10,20,0
"24427",2,8,18,0
"24428",3,3,13,0
"24429",4,1,11,0
"24430",1,10,89,0
"24431",2,10,89,0
"24432",3,11,90,0
"24433",NA,0,NA,0
"24434",3,6,85,0
"24435",4,6,85,0
"24436",1,10,36,0
"24437",2,10,36,0
"24438",1,10,25,0
"24439",2,9,24,0
"24440",3,5,20,0
"24441",4,2,17,0
"24442",1,6,6,1
"24443",NA,0,15,0
"24444",NA,0,35,0
"24445",1,10,70,0
"24446",2,3,63,0
"24447",3,8,68,0
"24448",1,10,53,0
"24449",1,10,41,0
"24450",2,10,41,0
"24451",3,10,41,0
"24452",4,10,41,0
"24453",1,10,84,0
"24454",1,10,62,0
"24455",NA,0,50,0
"24456",1,10,50,0
"24457",2,10,50,0
"24458",2,15,55,0
"24459",3,15,55,0
"24460",4,7,47,0
"24461",1,10,92,0
"24462",NA,0,NA,NA
"24463",NA,0,35,0
"24464",1,10,65,0
"24465",2,7,62,0
"24466",1,10,43,0
"24467",2,6,39,0
"24468",3,1,34,0
"24469",1,10,28,0
"24470",1,10,15,0
"24471",2,11,16,0
"24472",1,3,3,0
"24473",2,1,1,1
"24474",NA,0,15,0
"24475",NA,0,35,0
"24476",1,10,64,0
"24477",2,3,57,0
"24478",1,10,54,0
"24479",1,10,35,0
"24480",2,10,35,0
"24481",3,3,28,0
"24482",4,3,28,0
"24483",1,10,24,0
"24484",1,10,12,0
"24485",2,5,7,0
"24486",1,1,1,0
"24487",2,2,2,1
"24488",NA,0,15,0
"24489",NA,0,35,0
"24490",1,10,70,0
"24491",2,1,61,0
"24492",1,10,56,0
"24493",2,4,50,0
"24494",1,10,31,0
"24495",NA,0,NA,NA
"24496",2,4,25,0
"24497",1,10,21,0
"24498",2,5,16,0
"24499",3,1,12,0
"24500",1,9,9,1
"24501",NA,0,15,0
"24502",NA,0,35,0
"24503",1,10,64,0
"24504",2,10,64,0
"24505",1,10,51,0
"24506",1,10,19,0
"24507",1,7,7,1
"24508",NA,0,15,0
"24509",NA,0,35,0
"24510",1,10,65,0
"24511",2,2,57,0
"24512",3,4,59,0
"24513",4,4,59,NA
"24514",4,4,59,0
"24515",1,10,38,0
"24516",2,15,43,0
"24517",3,7,35,0
"24518",1,10,24,0
"24519",2,7,21,0
"24520",3,2,16,1
"24521",NA,0,15,0
"24522",NA,0,35,0
"24523",1,10,65,0
"24524",1,10,51,0
"24525",1,10,33,0
"24526",2,2,25,0
"24527",1,10,16,0
"24528",2,6,12,0
"24529",2,11,17,0
"24530",3,7,13,1
"24531",NA,0,2,0
"24532",NA,0,35,0
"24533",1,10,43,0
"24534",NA,0,NA,0
"24535",2,7,40,0
"24536",NA,0,NA,0
"24537",3,2,35,0
"24538",NA,0,NA,0
"24539",4,1,34,0
"24540",1,10,29,0
"24541",2,3,22,0
"24542",1,10,17,0
"24543",2,11,18,0
"24544",NA,0,NA,NA
"24545",NA,0,NA,NA
"24546",NA,0,35,0
"24547",1,10,65,0
"24548",2,10,65,0
"24549",3,6,61,0
"24550",1,10,55,0
"24551",2,5,50,0
"24552",1,10,44,0
"24553",2,7,41,0
"24554",2,12,46,0
"24555",3,3,37,0
"24556",4,8,42,0
"24557",1,10,98,0
"24558",2,4,92,0
"24559",3,2,90,0
"24560",4,1,89,0
"24561",1,10,41,0
"24562",2,10,41,0
"24563",3,10,41,0
"24564",1,10,30,0
"24565",2,3,23,0
"24566",1,10,12,0
"24567",2,4,6,0
"24568",3,2,4,1
"24569",NA,0,15,0
"24570",NA,0,35,0
"24571",1,10,80,0
"24572",2,4,74,0
"24573",3,13,83,0
"24574",4,13,83,0
"24575",1,10,78,0
"24576",1,10,68,0
"24577",2,4,62,0
"24578",NA,0,NA,NA
"24579",2,12,70,0
"24580",3,12,70,0
"24581",4,18,76,0
"24582",1,10,67,0
"24583",1,20,77,0
"24584",2,16,73,0
"24585",3,16,73,0
"24586",4,3,60,0
"24587",4,8,65,0
"24588",1,10,71,0
"24589",2,9,70,0
"24590",3,9,70,0
"24591",1,10,39,0
"24592",2,10,39,0
"24593",3,7,36,0
"24594",3,2,31,0
"24595",4,2,31,0
"24596",4,12,41,0
"24597",1,10,99,0
"24598",2,3,92,0
"24599",3,1,90,0
"24600",4,1,90,0
"24601",1,10,43,0
"24602",2,10,43,0
"24603",3,14,47,0
"24604",4,5,38,0
"24605",1,10,53,0
"24606",1,10,40,0
"24607",1,20,50,0
"24608",2,18,48,0
"24609",1,5,5,0
"24610",2,7,7,1
"24611",NA,0,15,0
"24612",NA,0,35,0
"24613",1,10,65,0
"24614",NA,0,NA,0
"24615",2,10,65,0
"24616",NA,0,NA,0
"24617",3,6,61,0
"24618",4,12,67,0
"24619",1,10,73,0
"24620",2,10,73,0
"24621",3,3,66,0
"24622",3,13,76,0
"24623",1,10,62,0
"24624",1,15,67,0
"24625",2,15,67,0
"24626",1,10,64,0
"24627",NA,0,NA,0
"24628",2,10,64,0
"24629",3,1,55,0
"24630",NA,0,NA,NA
"24631",NA,0,35,0
"24632",1,10,91,0
"24633",1,15,96,0
"24634",2,12,93,0
"24635",3,12,93,0
"24636",4,12,93,0
"24637",1,10,71,0
"24638",2,5,66,0
"24639",NA,0,NA,0
"24640",3,2,63,0
"24641",4,2,63,0
"24642",1,10,84,0
"24643",2,3,77,0
"24644",3,1,75,0
"24645",1,10,74,0
"24646",1,10,61,0
"24647",2,3,54,0
"24648",3,1,52,0
"24649",1,10,45,0
"24650",2,3,38,0
"24651",2,8,43,0
"24652",3,1,36,0
"24653",4,6,41,0
"24654",1,10,51,0
"24655",1,10,33,0
"24656",2,10,33,0
"24657",2,20,43,0
"24658",3,18,41,0
"24659",4,16,39,0
"24660",1,10,80,0
"24661",2,7,77,0
"24662",3,20,90,0
"24663",4,16,86,0
"24664",1,10,12,0
"24665",2,12,14,0
"24666",3,12,14,0
"24667",4,12,14,0
"24668",NA,0,35,0
"24669",NA,0,NA,NA
"24670",1,10,69,0
"24671",2,9,68,0
"24672",3,11,70,0
"24673",4,11,70,0
"24674",1,10,67,0
"24675",2,6,63,0
"24676",3,6,63,0
"24677",4,6,63,0
"24678",1,10,90,0
"24679",1,10,65,0
"24680",2,6,61,0
"24681",1,10,42,0
"24682",2,9,41,0
"24683",3,8,40,0
"24684",4,11,43,0
"24685",4,16,48,0
"24686",1,10,80,0
"24687",2,5,75,0
"24688",3,5,75,0
"24689",1,10,45,0
"24690",2,4,39,0
"24691",1,10,34,0
"24692",2,7,31,0
"24693",3,6,30,0
"24694",4,6,30,0
"24695",1,10,62,0
"24696",2,2,54,0
"24697",3,1,53,0
"24698",1,10,35,0
"24699",1,5,30,0
"24700",2,1,26,0
"24701",NA,0,NA,0
"24702",3,1,26,0
"24703",NA,0,NA,0
"24704",1,10,25,0
"24705",2,3,18,0
"24706",1,10,13,0
"24707",2,11,14,0
"24708",NA,0,NA,NA
"24709",NA,0,NA,NA
"24710",NA,0,35,0
"24711",1,10,65,0
"24712",2,6,61,0
"24713",1,10,37,0
"24714",2,3,30,0
"24715",3,1,28,0
"24716",1,10,21,1
"24717",NA,0,15,0
"24718",NA,0,35,0
"24719",1,10,66,0
"24720",2,1,57,0
"24721",3,1,57,0
"24722",4,1,57,0
"24723",1,10,55,0
"24724",2,10,55,0
"24725",3,10,55,0
"24726",4,10,55,0
"24727",1,10,80,0
"24728",1,10,69,0
"24729",2,10,69,0
"24730",1,10,57,0
"24731",2,6,53,0
"24732",NA,0,NA,0
"24733",3,6,53,0
"24734",4,6,53,0
"24735",1,10,94,0
"24736",2,8,92,0
"24737",1,10,82,0
"24738",2,9,81,0
"24739",3,9,81,0
"24740",1,10,65,0
"24741",2,10,65,0
"24742",3,10,65,0
"24743",4,6,61,0
"24744",1,10,77,0
"24745",2,10,77,0
"24746",3,3,70,0
"24747",4,13,80,0
"24748",1,10,72,1
"24749",NA,0,15,0
"24750",NA,0,NA,NA
"24751",NA,0,35,0
"24752",1,10,70,0
"24753",2,10,70,0
"24754",3,2,62,0
"24755",4,2,62,0
"24756",1,10,93,0
"24757",2,3,86,0
"24758",1,10,76,0
"24759",2,3,69,0
"24760",3,3,69,0
"24761",4,3,69,0
"24762",1,10,75,0
"24763",1,10,63,0
"24764",2,9,62,0
"24765",1,10,51,0
"24766",1,10,20,0
"24767",2,11,21,0
"24768",3,11,21,0
"24769",4,8,18,0
"24770",NA,0,35,0
"24771",1,10,78,0
"24772",2,9,77,0
"24773",2,4,72,0
"24774",2,9,77,0
"24775",1,10,58,0
"24776",2,7,55,0
"24777",1,10,43,0
"24778",2,10,43,0
"24779",3,2,35,0
"24780",3,7,40,0
"24781",1,10,14,0
"24782",2,11,15,0
"24783",NA,0,NA,0
"24784",3,2,6,0
"24785",NA,0,NA,0
"24786",1,1,1,0
"24787",2,1,1,0
"24788",NA,0,NA,0
"24789",3,1,1,0
"24790",NA,0,NA,0
"24791",4,1,1,1
"24792",NA,0,15,0
"24793",NA,0,NA,NA
"24794",NA,0,35,0
"24795",1,10,65,0
"24796",1,10,55,1
"24797",NA,0,15,0
"24798",NA,0,35,0
"24799",1,10,73,0
"24800",2,3,66,0
"24801",1,10,61,0
"24802",2,10,61,0
"24803",3,10,61,0
"24804",4,10,61,0
"24805",4,15,66,0
"24806",1,10,70,0
"24807",2,8,68,0
"24808",3,7,67,0
"24809",4,7,67,0
"24810",1,10,92,0
"24811",2,12,94,0
"24812",3,1,83,0
"24813",1,10,81,0
"24814",1,10,59,0
"24815",2,8,57,0
"24816",1,10,46,0
"24817",1,10,34,0
"24818",1,10,21,0
"24819",1,10,10,0
"24820",2,10,10,0
"24821",3,10,10,1
"24822",NA,0,2,0
"24823",NA,0,35,0
"24824",1,10,65,0
"24825",2,10,65,0
"24826",3,7,62,0
"24827",1,10,47,0
"24828",2,10,47,0
"24829",3,10,47,0
"24830",4,5,42,0
"24831",1,10,58,0
"24832",2,6,54,0
"24833",NA,0,NA,NA
"24834",3,1,49,0
"24835",1,10,47,0
"24836",2,10,47,0
"24837",3,12,49,0
"24838",4,3,40,0
"24839",4,13,50,0
"24840",1,10,80,0
"24841",2,7,77,0
"24842",3,9,79,0
"24843",4,1,71,0
"24844",1,10,76,0
"24845",2,4,70,0
"24846",3,9,75,0
"24847",4,8,74,0
"24848",1,10,58,0
"24849",2,14,62,0
"24850",3,14,62,0
"24851",1,8,8,0
"24852",1,3,3,0
"24853",2,2,2,0
"24854",3,2,2,0
"24855",1,10,80,0
"24856",2,5,75,0
"24857",1,10,69,0
"24858",2,9,68,0
"24859",1,10,52,0
"24860",1,10,34,0
"24861",2,10,34,0
"24862",3,3,27,0
"24863",4,3,27,0
"24864",1,10,70,0
"24865",NA,0,NA,0
"24866",2,9,69,1
"24867",NA,0,15,0
"24868",NA,0,35,0
"24869",1,10,65,0
"24870",1,10,52,0
"24871",NA,0,NA,0
"24872",1,10,31,0
"24873",2,10,31,0
"24874",3,10,31,0
"24875",1,10,20,0
"24876",NA,0,NA,0
"24877",2,1,11,1
"24878",NA,0,15,0
"24879",NA,0,35,0
"24880",1,10,50,0
"24881",NA,0,NA,NA
"24882",NA,0,NA,NA
"24883",NA,0,35,0
"24884",1,10,67,0
"24885",2,3,60,0
"24886",1,10,56,0
"24887",2,11,57,0
"24888",3,8,54,0
"24889",3,3,49,0
"24890",1,10,43,0
"24891",2,10,43,0
"24892",1,10,32,0
"24893",2,9,31,0
"24894",3,9,31,0
"24895",1,10,16,0
"24896",2,7,13,0
"24897",1,5,5,1
"24898",NA,0,15,0
"24899",NA,0,35,0
"24900",1,10,80,0
"24901",2,4,74,0
"24902",3,12,82,0
"24903",1,10,30,0
"24904",1,10,16,0
"24905",2,6,12,0
"24906",1,2,2,0
"24907",2,3,3,0
"24908",3,2,2,0
"24909",4,2,2,0
"24910",NA,0,35,0
"24911",1,10,72,0
"24912",1,10,58,0
"24913",2,9,57,0
"24914",3,5,53,0
"24915",4,5,53,0
"24916",1,10,98,0
"24917",2,10,98,0
"24918",3,3,91,0
"24919",NA,0,NA,NA
"24920",4,3,91,0
"24921",1,10,53,0
"24922",2,10,53,0
"24923",3,9,52,0
"24924",4,22,65,0
"24925",1,10,75,0
"24926",2,7,72,0
"24927",3,4,69,0
"24928",4,1,66,0
"24929",1,10,64,0
"24930",2,11,65,0
"24931",3,8,62,1
"24932",NA,0,15,0
"24933",NA,0,35,0
"24934",1,10,62,0
"24935",2,6,58,0
"24936",3,3,55,0
"24937",4,3,55,0
"24938",1,10,92,0
"24939",2,10,92,0
"24940",1,10,66,0
"24941",2,10,66,0
"24942",3,4,60,0
"24943",4,4,60,0
"24944",1,10,87,0
"24945",2,9,86,0
"24946",3,18,95,0
"24947",4,7,84,0
"24948",1,10,84,0
"24949",2,7,81,0
"24950",3,6,80,0
"24951",1,10,70,0
"24952",2,7,67,0
"24953",3,4,64,0
"24954",1,10,46,0
"24955",2,10,46,0
"24956",3,5,41,0
"24957",NA,0,NA,0
"24958",NA,0,NA,0
"24959",4,4,40,0
"24960",4,9,45,0
"24961",1,10,81,0
"24962",2,10,81,0
"24963",NA,0,NA,0
"24964",1,10,68,0
"24965",1,15,73,0
"24966",NA,0,NA,NA
"24967",NA,0,35,0
"24968",1,10,63,0
"24969",2,7,60,0
"24970",3,7,60,0
"24971",3,17,70,0
"24972",4,2,55,0
"24973",1,10,90,0
"24974",2,3,83,0
"24975",1,10,79,0
"24976",2,9,78,0
"24977",3,3,72,0
"24978",1,10,62,0
"24979",2,7,59,0
"24980",1,10,33,0
"24981",2,9,32,0
"24982",3,7,30,0
"24983",4,7,30,0
"24984",1,10,30,0
"24985",2,5,25,0
"24986",3,4,24,0
"24987",1,10,15,0
"24988",1,10,83,0
"24989",2,2,75,0
"24990",1,10,59,0
"24991",2,8,57,0
"24992",3,2,51,0
"24993",4,1,50,0
"24994",1,10,48,0
"24995",2,4,42,0
"24996",NA,0,NA,NA
"24997",1,10,38,0
"24998",2,10,38,0
"24999",3,5,33,0
"25000",4,4,32,0
"25001",1,10,60,0
"25002",2,5,55,0
"25003",1,10,43,0
"25004",2,9,42,0
"25005",1,10,28,0
"25006",2,10,28,0
"25007",3,12,30,1
"25008",NA,0,15,0
"25009",NA,0,35,0
"25010",1,10,68,0
"25011",2,7,65,0
"25012",3,7,65,0
"25013",1,10,50,0
"25014",2,5,45,0
"25015",3,1,41,0
"25016",4,2,42,0
"25017",1,10,59,0
"25018",2,11,60,0
"25019",3,5,54,0
"25020",1,10,40,0
"25021",2,8,38,0
"25022",NA,0,NA,0
"25023",1,10,27,0
"25024",NA,0,NA,0
"25025",2,6,23,0
"25026",3,4,21,0
"25027",NA,0,NA,0
"25028",1,10,16,0
"25029",2,6,12,0
"25030",3,4,10,0
"25031",1,5,5,0
"25032",2,7,7,0
"25033",3,9,9,0
"25034",NA,0,NA,NA
"25035",NA,0,NA,NA
"25036",NA,0,35,0
"25037",1,10,60,0
"25038",2,1,51,0
"25039",1,10,36,0
"25040",2,10,36,0
"25041",3,7,33,0
"25042",4,4,30,0
"25043",1,10,69,0
"25044",2,11,70,0
"25045",1,10,57,0
"25046",2,12,59,0
"25047",3,12,59,0
"25048",4,2,49,0
"25049",1,10,47,0
"25050",2,10,47,0
"25051",3,9,46,0
"25052",1,10,41,0
"25053",2,8,39,0
"25054",1,10,24,0
"25055",2,9,23,0
"25056",3,9,23,0
"25057",1,8,8,1
"25058",NA,0,15,0
"25059",NA,0,35,0
"25060",1,10,65,0
"25061",2,10,65,0
"25062",3,18,73,0
"25063",4,14,69,0
"25064",1,10,72,0
"25065",2,7,69,0
"25066",1,10,57,0
"25067",2,5,52,0
"25068",3,4,51,0
"25069",4,4,51,0
"25070",1,10,80,0
"25071",2,10,80,0
"25072",NA,0,NA,NA
"25073",1,10,49,0
"25074",1,10,11,0
"25075",2,2,3,0
"25076",3,2,3,1
"25077",NA,0,15,0
"25078",NA,0,35,0
"25079",1,10,65,0
"25080",1,10,38,0
"25081",2,10,38,0
"25082",3,8,36,0
"25083",4,8,36,0
"25084",1,10,89,0
"25085",2,7,86,0
"25086",3,6,85,0
"25087",1,10,69,0
"25088",1,10,58,0
"25089",2,8,56,0
"25090",1,10,43,0
"25091",1,10,28,0
"25092",2,11,29,0
"25093",3,11,29,0
"25094",3,3,21,0
"25095",4,1,19,0
"25096",1,10,81,0
"25097",1,10,56,0
"25098",2,4,50,0
"25099",2,9,55,0
"25100",3,5,51,0
"25101",4,2,48,0
"25102",1,10,39,0
"25103",2,13,42,0
"25104",NA,0,NA,0
"25105",3,8,37,0
"25106",NA,0,NA,0
"25107",4,4,33,0
"25108",1,10,67,0
"25109",2,3,60,0
"25110",3,3,60,0
"25111",1,10,39,0
"25112",1,10,14,0
"25113",2,10,14,0
"25114",3,10,14,0
"25115",4,10,14,0
"25116",NA,0,35,0
"25117",1,10,60,0
"25118",NA,0,NA,NA
"25119",NA,0,35,0
"25120",1,10,56,0
"25121",2,10,56,0
"25122",3,5,51,0
"25123",1,10,44,0
"25124",2,6,40,0
"25125",1,10,24,1
"25126",NA,0,15,0
"25127",NA,0,35,0
"25128",1,10,75,0
"25129",2,5,70,0
"25130",3,4,69,0
"25131",1,10,64,0
"25132",2,10,64,0
"25133",3,5,59,0
"25134",4,5,59,0
"25135",1,10,80,0
"25136",2,7,77,0
"25137",1,10,62,0
"25138",2,10,62,0
"25139",3,10,62,0
"25140",4,1,53,0
"25141",1,10,43,0
"25142",2,2,35,0
"25143",1,10,32,0
"25144",2,6,28,0
"25145",1,10,84,0
"25146",1,10,74,0
"25147",1,10,63,0
"25148",1,10,58,0
"25149",2,1,49,0
"25150",1,10,29,0
"25151",1,10,10,0
"25152",2,5,5,0
"25153",3,4,4,0
"25154",4,4,4,0
"25155",NA,0,35,0
"25156",1,10,80,0
"25157",1,20,90,0
"25158",NA,0,NA,NA
"25159",1,10,81,0
"25160",2,5,76,0
"25161",3,1,72,0
"25162",1,10,31,0
"25163",1,10,18,0
"25164",1,7,7,0
"25165",2,1,1,0
"25166",3,2,2,0
"25167",4,1,1,0
"25168",NA,0,35,0
"25169",1,10,64,0
"25170",2,1,55,0
"25171",3,1,55,0
"25172",4,3,57,0
"25173",1,10,43,0
"25174",2,5,38,0
"25175",2,10,43,0
"25176",2,20,53,0
"25177",3,15,48,0
"25178",4,6,39,NA
"25179",4,6,39,0
"25180",1,10,91,0
"25181",2,3,84,0
"25182",1,10,74,0
"25183",2,10,74,0
"25184",3,10,74,0
"25185",1,10,54,0
"25186",1,10,49,0
"25187",2,10,49,0
"25188",1,10,31,0
"25189",1,2,2,1
"25190",NA,0,15,0
"25191",NA,0,35,0
"25192",1,10,65,0
"25193",2,12,67,0
"25194",NA,0,NA,0
"25195",3,7,62,0
"25196",NA,0,NA,0
"25197",4,18,73,0
"25198",1,10,53,0
"25199",2,3,46,0
"25200",1,10,19,0
"25201",NA,0,NA,0
"25202",2,8,17,1
"25203",NA,0,15,0
"25204",NA,0,35,0
"25205",1,10,65,0
"25206",2,10,65,0
"25207",1,10,54,0
"25208",2,10,54,0
"25209",3,10,54,0
"25210",4,10,54,0
"25211",1,10,46,0
"25212",NA,0,NA,NA
"25213",NA,0,NA,NA
"25214",NA,0,35,0
"25215",1,10,61,0
"25216",2,5,56,0
"25217",1,10,50,0
"25218",2,7,47,0
"25219",3,3,43,0
"25220",4,1,41,0
"25221",1,10,39,0
"25222",2,9,38,0
"25223",3,20,49,0
"25224",4,20,49,0
"25225",1,10,91,0
"25226",2,7,88,0
"25227",3,1,82,0
"25228",1,10,79,0
"25229",2,7,76,0
"25230",1,10,61,0
"25231",2,5,56,0
"25232",3,5,56,0
"25233",3,10,61,0
"25234",1,10,50,0
"25235",2,8,48,0
"25236",3,5,45,0
"25237",1,10,37,0
"25238",2,3,30,0
"25239",1,10,26,0
"25240",2,10,26,0
"25241",3,8,24,0
"25242",1,10,64,0
"25243",2,13,67,0
"25244",3,13,67,0
"25245",NA,0,NA,NA
"25246",4,1,55,0
"25247",4,5,59,0
"25248",1,10,79,0
"25249",2,13,82,0
"25250",3,14,83,0
"25251",4,7,76,0
"25252",1,10,78,0
"25253",2,5,73,0
"25254",1,10,62,0
"25255",2,7,59,0
"25256",3,8,60,0
"25257",4,2,54,0
"25258",4,7,59,0
"25259",1,10,80,0
"25260",2,2,72,0
"25261",3,2,72,0
"25262",4,2,72,0
"25263",1,10,59,0
"25264",2,10,59,0
"25265",3,8,57,0
"25266",4,8,57,0
"25267",1,10,74,0
"25268",2,3,67,NA
"25269",2,3,67,0
"25270",3,2,66,0
"25271",1,10,60,0
"25272",1,15,65,0
"25273",1,25,75,0
"25274",2,20,70,0
"25275",3,11,61,0
"25276",4,7,57,0
"25277",4,17,67,0
"25278",1,10,68,0
"25279",2,2,60,0
"25280",1,10,55,0
"25281",2,5,50,0
"25282",1,10,41,0
"25283",NA,0,NA,0
"25284",2,1,32,0
"25285",1,10,27,0
"25286",NA,0,NA,0
"25287",2,10,27,0
"25288",1,10,65,0
"25289",2,6,61,0
"25290",3,6,61,0
"25291",NA,0,NA,0
"25292",4,4,59,0
"25293",NA,0,NA,NA
"25294",NA,0,35,0
"25295",1,10,71,0
"25296",2,3,64,0
"25297",1,10,59,0
"25298",1,10,37,0
"25299",2,10,37,0
"25300",3,4,31,0
"25301",1,10,23,0
"25302",2,4,17,0
"25303",3,7,20,0
"25304",3,12,25,0
"25305",4,8,21,0
"25306",NA,0,35,0
"25307",1,10,73,0
"25308",1,10,53,0
"25309",2,6,49,0
"25310",3,3,46,0
"25311",1,10,42,0
"25312",2,14,46,0
"25313",3,9,41,0
"25314",4,9,41,0
"25315",1,10,59,0
"25316",2,9,58,0
"25317",3,15,64,0
"25318",4,9,58,0
"25319",1,10,80,0
"25320",1,10,69,0
"25321",1,10,49,0
"25322",2,8,47,0
"25323",NA,0,NA,NA
"25324",3,4,43,0
"25325",1,10,39,0
"25326",2,6,35,0
"25327",2,11,40,0
"25328",3,11,40,0
"25329",4,11,40,0
"25330",1,10,80,0
"25331",2,6,76,0
"25332",3,7,77,0
"25333",1,10,36,1
"25334",NA,0,15,0
"25335",NA,0,35,0
"25336",1,10,75,0
"25337",2,7,72,0
"25338",1,10,62,0
"25339",2,4,56,0
"25340",3,2,54,0
"25341",1,10,46,0
"25342",2,8,44,0
"25343",3,8,44,0
"25344",1,10,34,0
"25345",2,10,34,0
"25346",1,10,13,0
"25347",2,3,6,1
"25348",NA,0,15,0
"25349",NA,0,35,0
"25350",1,10,72,0
"25351",2,12,74,0
"25352",3,12,74,0
"25353",1,10,58,0
"25354",2,7,55,0
"25355",NA,0,50,0
"25356",3,2,50,0
"25357",1,10,45,0
"25358",NA,0,NA,0
"25359",2,8,43,0
"25360",3,8,43,0
"25361",4,8,43,0
"25362",4,13,48,0
"25363",1,10,90,0
"25364",2,10,90,0
"25365",3,10,90,0
"25366",1,10,65,0
"25367",2,10,65,0
"25368",3,10,65,0
"25369",4,1,56,0
"25370",1,10,39,0
"25371",NA,0,NA,0
"25372",2,8,37,0
"25373",NA,0,NA,0
"25374",3,7,36,0
"25375",NA,0,NA,0
"25376",4,6,35,0
"25377",1,10,64,0
"25378",2,10,64,0
"25379",1,10,46,0
"25380",NA,0,NA,0
"25381",2,10,46,0
"25382",3,10,46,0
"25383",NA,0,NA,NA
"25384",NA,0,NA,NA
"25385",NA,0,35,0
"25386",1,10,60,0
"25387",1,15,65,0
"25388",2,12,62,0
"25389",3,4,54,0
"25390",4,4,54,0
"25391",1,10,89,0
"25392",2,8,87,0
"25393",3,9,88,0
"25394",4,9,88,0
"25395",1,10,46,0
"25396",2,6,42,0
"25397",3,5,41,0
"25398",4,5,41,0
"25399",NA,0,35,0
"25400",1,10,69,0
"25401",2,10,69,0
"25402",3,1,60,0
"25403",4,1,60,0
"25404",1,10,58,0
"25405",2,9,57,0
"25406",3,3,51,0
"25407",4,3,51,0
"25408",1,10,94,0
"25409",2,12,96,0
"25410",3,7,91,0
"25411",NA,0,20,0
"25412",1,10,66,0
"25413",2,7,63,0
"25414",3,4,60,0
"25415",3,9,65,0
"25416",4,9,65,0
"25417",1,10,79,0
"25418",1,10,60,0
"25419",2,6,56,0
"25420",1,10,41,0
"25421",NA,0,NA,0
"25422",2,1,32,0
"25423",NA,0,NA,NA
"25424",1,10,29,0
"25425",2,1,20,0
"25426",2,10,29,0
"25427",3,10,29,0
"25428",4,8,27,0
"25429",1,10,65,0
"25430",2,5,60,0
"25431",1,10,52,0
"25432",2,10,52,0
"25433",1,10,41,0
"25434",2,5,36,0
"25435",3,2,33,0
"25436",1,10,25,0
"25437",2,15,30,0
"25438",1,10,14,0
"25439",2,10,14,0
"25440",3,10,14,0
"25441",4,10,14,0
"25442",NA,0,35,0
"25443",1,10,72,0
"25444",2,11,73,0
"25445",3,8,70,0
"25446",4,8,70,0
"25447",1,10,81,0
"25448",1,10,70,0
"25449",2,7,67,0
"25450",2,17,77,0
"25451",3,4,64,0
"25452",4,11,71,0
"25453",1,10,77,0
"25454",2,6,73,0
"25455",1,10,38,0
"25456",2,2,30,0
"25457",1,10,27,0
"25458",2,3,20,0
"25459",NA,0,NA,0
"25460",3,1,18,0
"25461",1,10,15,0
"25462",2,10,15,1
"25463",NA,0,15,0
"25464",NA,0,35,0
"25465",1,10,65,0
"25466",2,10,65,0
"25467",NA,0,NA,0
"25468",3,10,65,0
"25469",NA,0,NA,NA
"25470",NA,0,35,0
"25471",1,10,67,0
"25472",1,15,72,0
"25473",1,10,67,0
"25474",2,8,65,0
"25475",3,8,65,0
"25476",1,10,53,0
"25477",2,10,53,0
"25478",3,10,53,0
"25479",4,15,58,0
"25480",1,10,92,0
"25481",1,10,78,0
"25482",2,5,73,0
"25483",NA,0,NA,0
"25484",3,2,70,0
"25485",4,5,73,0
"25486",1,10,77,0
"25487",1,10,59,0
"25488",1,10,47,0
"25489",2,2,39,0
"25490",3,4,41,0
"25491",4,4,41,0
"25492",NA,0,35,0
"25493",1,10,82,0
"25494",2,10,82,0
"25495",NA,0,NA,0
"25496",3,8,80,0
"25497",4,8,80,0
"25498",1,10,64,0
"25499",2,4,58,0
"25500",3,6,60,0
"25501",1,10,45,0
"25502",1,20,55,0
"25503",2,13,48,0
"25504",3,14,49,0
"25505",4,2,37,0
"25506",1,10,55,0
"25507",1,10,44,0
"25508",NA,0,NA,NA
"25509",2,1,35,0
"25510",1,10,32,0
"25511",1,10,14,0
"25512",2,6,10,0
"25513",3,6,10,0
"25514",4,6,10,0
"25515",1,10,90,0
"25516",1,10,75,0
"25517",2,6,71,0
"25518",3,6,71,0
"25519",1,10,13,0
"25520",1,2,2,1
"25521",NA,0,15,0
"25522",NA,0,35,0
"25523",1,10,63,0
"25524",2,5,58,0
"25525",1,10,53,0
"25526",1,10,39,0
"25527",2,7,36,0
"25528",3,6,35,0
"25529",3,16,45,0
"25530",NA,0,NA,0
"25531",4,19,48,0
"25532",1,10,21,0
"25533",2,14,25,0
"25534",3,15,26,0
"25535",NA,0,NA,0
"25536",4,13,24,0
"25537",NA,0,35,0
"25538",1,10,65,0
"25539",2,4,59,0
"25540",1,10,44,0
"25541",2,10,44,0
"25542",3,10,44,0
"25543",1,10,33,0
"25544",2,8,31,0
"25545",3,4,27,1
"25546",NA,0,15,0
"25547",NA,0,35,0
"25548",1,10,49,0
"25549",2,3,42,0
"25550",3,5,44,0
"25551",1,10,38,0
"25552",NA,0,NA,NA
"25553",NA,0,NA,NA
"25554",NA,0,35,0
"25555",1,10,70,0
"25556",2,8,68,0
"25557",3,1,61,0
"25558",4,1,61,0
"25559",4,5,65,0
"25560",1,10,79,0
"25561",2,11,80,0
"25562",3,11,80,0
"25563",1,10,65,0
"25564",1,10,55,0
"25565",1,10,44,0
"25566",2,4,38,0
"25567",1,10,30,0
"25568",1,10,18,0
"25569",2,9,17,0
"25570",3,9,17,0
"25571",1,4,4,0
"25572",2,3,3,0
"25573",3,3,3,0
"25574",4,7,7,0
"25575",NA,0,35,0
"25576",1,10,67,0
"25577",1,10,54,0
"25578",2,3,47,0
"25579",1,10,35,0
"25580",2,10,35,0
"25581",1,10,16,0
"25582",2,8,14,0
"25583",3,7,13,0
"25584",4,6,12,0
"25585",NA,0,NA,NA
"25586",NA,0,35,0
"25587",1,10,65,0
"25588",1,10,54,0
"25589",2,8,52,0
"25590",3,6,50,0
"25591",4,6,50,0
"25592",1,10,80,0
"25593",1,10,59,0
"25594",2,11,60,0
"25595",3,18,67,0
"25596",4,11,60,0
"25597",1,6,6,0
"25598",2,3,3,0
"25599",3,6,6,0
"25600",4,6,6,0
"25601",NA,0,35,0
"25602",1,10,71,0
"25603",2,19,80,1
"25604",NA,0,15,0
"25605",NA,0,35,0
"25606",1,10,63,0
"25607",2,1,54,0
"25608",1,10,48,0
"25609",1,3,3,0
"25610",2,6,6,0
"25611",3,3,3,0
"25612",3,1,1,1
"25613",NA,0,15,0
"25614",NA,0,35,0
"25615",1,10,70,0
"25616",2,6,66,0
"25617",3,5,65,0
"25618",4,4,64,0
"25619",1,10,59,0
"25620",1,10,33,0
"25621",NA,0,NA,0
"25622",2,6,29,0
"25623",NA,0,NA,0
"25624",3,5,28,0
"25625",4,5,28,0
"25626",NA,0,35,0
"25627",1,10,66,0
"25628",2,10,66,0
"25629",NA,0,NA,0
"25630",3,12,68,0
"25631",NA,0,NA,0
"25632",4,2,58,0
"25633",1,10,89,0
"25634",NA,0,NA,NA
"25635",NA,0,35,0
"25636",1,10,65,0
"25637",2,2,57,0
"25638",3,3,58,0
"25639",4,5,60,0
"25640",1,10,75,0
"25641",2,5,70,0
"25642",2,15,80,0
"25643",3,8,73,0
"25644",4,21,86,0
"25645",1,10,67,0
"25646",2,4,61,0
"25647",1,10,55,0
"25648",2,10,55,0
"25649",3,4,49,0
"25650",1,10,39,0
"25651",2,3,32,0
"25652",2,14,43,0
"25653",3,9,38,0
"25654",4,9,38,0
"25655",4,14,43,0
"25656",1,10,83,0
"25657",2,10,83,0
"25658",3,10,83,0
"25659",1,10,16,0
"25660",1,10,77,0
"25661",2,5,72,0
"25662",3,3,70,0
"25663",1,10,65,0
"25664",2,8,63,0
"25665",3,6,61,0
"25666",4,20,75,0
"25667",1,10,68,0
"25668",1,9,9,0
"25669",NA,0,NA,NA
"25670",2,6,6,0
"25671",3,5,5,0
"25672",4,5,5,0
"25673",NA,0,35,0
"25674",1,10,68,0
"25675",2,2,60,0
"25676",1,10,44,0
"25677",2,10,44,0
"25678",3,12,46,0
"25679",4,6,40,0
"25680",1,10,80,0
"25681",1,10,65,0
"25682",2,19,74,0
"25683",3,10,65,0
"25684",1,10,47,0
"25685",2,10,47,0
"25686",1,10,30,0
"25687",2,5,25,0
"25688",3,6,26,0
"25689",4,6,26,0
"25690",NA,0,35,0
"25691",1,10,80,0
"25692",2,10,80,0
"25693",3,10,80,0
"25694",4,25,95,0
"25695",1,10,44,0
"25696",2,12,46,0
"25697",3,1,35,0
"25698",4,1,35,1
"25699",NA,0,15,0
"25700",NA,0,35,0
"25701",1,10,65,0
"25702",1,10,40,0
"25703",2,10,40,0
"25704",3,10,40,0
"25705",1,10,30,0
"25706",2,5,25,0
"25707",3,5,25,0
"25708",NA,0,NA,0
"25709",NA,0,NA,0
"25710",4,5,25,0
"25711",1,10,74,0
"25712",2,11,75,0
"25713",NA,0,NA,NA
"25714",NA,0,NA,NA
"25715",NA,0,35,0
"25716",1,10,69,0
"25717",1,20,79,0
"25718",2,16,75,0
"25719",3,14,73,0
"25720",4,14,73,0
"25721",1,10,73,0
"25722",2,5,68,0
"25723",3,2,65,0
"25724",1,10,50,0
"25725",2,9,49,0
"25726",3,9,49,0
"25727",4,2,42,0
"25728",1,10,20,0
"25729",2,8,18,0
"25730",3,5,15,0
"25731",1,4,4,0
"25732",2,12,12,0
"25733",2,7,7,1
"25734",NA,0,15,0
"25735",NA,0,35,0
"25736",1,10,75,0
"25737",1,10,45,0
"25738",2,10,45,0
"25739",1,4,4,1
"25740",NA,0,15,0
"25741",NA,0,35,0
"25742",1,10,65,0
"25743",1,10,50,0
"25744",2,8,48,0
"25745",3,6,46,0
"25746",4,14,54,0
"25747",1,10,95,0
"25748",2,5,90,0
"25749",NA,0,NA,NA
"25750",1,10,71,0
"25751",2,3,64,0
"25752",1,10,58,0
"25753",1,10,38,0
"25754",2,7,35,0
"25755",3,1,29,0
"25756",1,10,24,0
"25757",2,4,18,0
"25758",2,14,28,0
"25759",3,10,24,0
"25760",1,10,12,0
"25761",1,1,1,0
"25762",2,1,1,1
"25763",NA,0,15,0
"25764",NA,0,35,0
"25765",1,10,80,0
"25766",1,20,90,0
"25767",1,25,95,0
"25768",2,23,93,0
"25769",3,23,93,0
"25770",4,21,91,0
"25771",1,10,59,0
"25772",1,10,48,0
"25773",2,6,44,0
"25774",3,3,41,0
"25775",3,8,46,0
"25776",NA,0,NA,0
"25777",1,10,37,0
"25778",1,10,32,0
"25779",2,2,24,0
"25780",1,2,2,0
"25781",1,1,1,1
"25782",NA,0,15,0
"25783",NA,0,35,0
"25784",1,10,69,0
"25785",1,10,30,0
"25786",2,4,24,0
"25787",1,10,17,0
"25788",NA,0,NA,0
"25789",2,4,11,0
"25790",3,4,11,0
"25791",4,4,11,0
"25792",NA,0,35,0
"25793",1,10,71,0
"25794",NA,0,NA,0
"25795",NA,0,NA,0
"25796",2,7,68,0
"25797",NA,0,NA,NA
"25798",NA,0,35,0
"25799",1,10,68,0
"25800",2,6,64,0
"25801",3,1,59,0
"25802",1,10,57,0
"25803",1,10,36,1
"25804",NA,0,2,0
"25805",NA,0,35,0
"25806",1,10,32,0
"25807",2,5,27,0
"25808",2,15,37,0
"25809",1,10,17,0
"25810",2,6,13,0
"25811",3,4,11,0
"25812",4,1,8,0
"25813",1,10,91,0
"25814",2,9,90,0
"25815",3,2,83,0
"25816",1,10,78,0
"25817",2,1,69,0
"25818",2,10,78,0
"25819",3,10,78,0
"25820",4,10,78,0
"25821",4,5,73,0
"25822",1,10,79,0
"25823",2,6,75,0
"25824",1,10,60,0
"25825",2,10,60,0
"25826",3,4,54,0
"25827",1,10,45,0
"25828",1,10,20,0
"25829",2,6,16,0
"25830",3,6,16,0
"25831",4,6,16,0
"25832",NA,0,35,0
"25833",1,10,78,0
"25834",2,5,73,0
"25835",NA,0,NA,NA
"25836",3,1,69,0
"25837",1,10,67,0
"25838",2,8,65,0
"25839",3,1,58,0
"25840",4,2,59,0
"25841",1,10,84,0
"25842",1,10,55,0
"25843",2,7,52,0
"25844",3,7,52,0
"25845",4,14,59,0
"25846",1,10,82,0
"25847",2,3,75,0
"25848",3,8,80,0
"25849",1,10,72,0
"25850",1,10,61,0
"25851",2,10,61,0
"25852",3,10,61,0
"25853",4,10,61,0
"25854",1,10,93,0
"25855",2,4,87,0
"25856",3,4,87,0
"25857",1,10,76,0
"25858",2,9,75,0
"25859",3,9,75,0
"25860",4,1,67,0
"25861",1,10,65,0
"25862",2,10,65,0
"25863",3,4,59,0
"25864",4,1,56,0
"25865",1,10,39,0
"25866",NA,0,NA,0
"25867",2,7,36,0
"25868",NA,0,NA,0
"25869",3,5,34,0
"25870",4,5,34,0
"25871",NA,0,35,0
"25872",1,10,65,0
"25873",2,10,65,0
"25874",3,4,59,0
"25875",4,4,59,0
"25876",1,10,49,0
"25877",1,10,38,0
"25878",1,10,10,0
"25879",NA,0,NA,0
"25880",2,12,12,0
"25881",3,12,12,1
"25882",NA,0,2,0
"25883",NA,0,35,0
"25884",1,10,55,0
"25885",1,10,44,0
"25886",1,10,33,0
"25887",2,10,33,0
"25888",NA,0,NA,0
"25889",3,4,27,0
"25890",4,4,27,0
"25891",NA,0,35,0
"25892",1,10,72,0
"25893",NA,0,NA,NA
"25894",NA,0,35,0
"25895",1,10,80,0
"25896",2,6,76,0
"25897",2,11,81,0
"25898",3,11,81,0
"25899",4,11,81,0
"25900",1,10,70,0
"25901",2,9,69,0
"25902",1,10,15,0
"25903",2,7,12,0
"25904",3,6,11,0
"25905",4,5,10,0
"25906",NA,0,NA,NA
"25907",NA,0,NA,NA
"25908",NA,0,35,0
"25909",1,10,80,0
"25910",2,7,77,0
"25911",3,5,75,0
"25912",1,10,69,0
"25913",2,9,68,0
"25914",3,2,61,0
"25915",1,10,59,0
"25916",2,10,59,0
"25917",3,3,52,0
"25918",4,3,52,0
"25919",1,10,90,0
"25920",2,9,89,0
"25921",3,9,89,0
"25922",4,9,89,0
"25923",1,10,64,0
"25924",2,4,58,0
"25925",3,7,61,0
"25926",4,7,61,0
"25927",1,10,80,0
"25928",2,6,76,0
"25929",3,9,79,0
"25930",4,9,79,0
"25931",1,10,60,0
"25932",2,5,55,0
"25933",1,10,49,0
"25934",1,10,31,0
"25935",1,10,17,0
"25936",2,9,16,0
"25937",3,6,13,0
"25938",4,6,13,0
"25939",NA,0,35,0
"25940",1,10,75,0
"25941",2,25,90,0
"25942",3,1,66,0
"25943",1,10,63,0
"25944",2,10,63,0
"25945",NA,0,NA,NA
"25946",3,4,57,0
"25947",4,4,57,0
"25948",1,10,73,0
"25949",2,9,72,0
"25950",3,4,67,0
"25951",4,4,67,0
"25952",1,10,74,0
"25953",2,3,67,0
"25954",1,10,59,0
"25955",1,10,45,0
"25956",2,4,39,0
"25957",3,3,38,0
"25958",1,10,35,0
"25959",2,3,28,0
"25960",1,10,25,0
"25961",2,1,16,0
"25962",3,1,16,0
"25963",1,10,13,0
"25964",2,5,8,0
"25965",3,4,7,0
"25966",1,1,1,1
"25967",NA,0,15,0
"25968",NA,0,35,0
"25969",1,10,80,0
"25970",2,6,76,0
"25971",1,10,69,0
"25972",1,10,25,0
"25973",2,12,27,0
"25974",3,5,20,0
"25975",4,5,20,0
"25976",NA,0,35,0
"25977",1,10,66,0
"25978",2,6,62,0
"25979",3,6,62,0
"25980",1,10,35,0
"25981",2,10,35,0
"25982",1,10,30,0
"25983",1,10,80,0
"25984",1,15,85,0
"25985",2,15,85,0
"25986",NA,0,NA,0
"25987",3,1,71,0
"25988",4,1,71,0
"25989",1,10,61,0
"25990",NA,0,NA,NA
"25991",NA,0,35,0
"25992",1,10,69,0
"25993",2,11,70,0
"25994",1,10,53,0
"25995",2,2,45,0
"25996",3,3,46,0
"25997",1,10,39,0
"25998",2,5,34,0
"25999",3,5,34,0
"26000",4,7,36,0
"26001",NA,0,35,0
"26002",1,10,80,0
"26003",2,6,76,0
"26004",1,10,70,0
"26005",2,4,64,0
"26006",3,2,62,0
"26007",3,7,67,0
"26008",4,7,67,0
"26009",1,10,80,0
"26010",2,8,78,0
"26011",3,8,78,0
"26012",3,13,83,0
"26013",1,10,67,0
"26014",1,10,51,0
"26015",1,10,33,0
"26016",1,10,22,0
"26017",2,6,18,0
"26018",3,3,15,0
"26019",4,3,15,0
"26020",NA,0,35,0
"26021",1,10,79,0
"26022",2,2,71,0
"26023",3,2,71,0
"26024",4,2,71,0
"26025",1,10,79,0
"26026",2,2,71,0
"26027",NA,0,NA,NA
"26028",1,10,68,0
"26029",2,11,69,0
"26030",3,11,69,0
"26031",4,23,81,0
"26032",1,10,24,0
"26033",2,2,16,1
"26034",NA,0,15,0
"26035",NA,0,35,0
"26036",1,10,65,0
"26037",2,1,56,0
"26038",1,10,45,0
"26039",2,2,37,0
"26040",1,10,34,0
"26041",2,10,34,0
"26042",3,3,27,0
"26043",4,3,27,0
"26044",1,10,65,0
"26045",2,8,63,0
"26046",3,8,63,0
"26047",4,8,63,0
"26048",1,10,82,0
"26049",2,13,85,0
"26050",3,13,85,0
"26051",1,10,61,0
"26052",2,1,52,0
"26053",1,10,48,0
"26054",1,15,53,0
"26055",2,19,57,0
"26056",3,19,57,0
"26057",NA,0,NA,0
"26058",4,5,43,0
"26059",4,10,48,0
"26060",1,10,85,0
"26061",2,7,82,0
"26062",1,10,61,0
"26063",2,4,55,0
"26064",3,4,55,0
"26065",4,4,55,0
"26066",1,10,50,0
"26067",2,2,42,0
"26068",1,10,31,0
"26069",1,10,15,1
"26070",NA,0,15,0
"26071",NA,0,35,0
"26072",1,10,40,0
"26073",NA,0,NA,0
"26074",2,6,36,0
"26075",NA,0,NA,0
"26076",3,8,38,0
"26077",NA,0,NA,0
"26078",4,1,31,0
"26079",NA,0,NA,NA
"26080",NA,0,NA,NA
"26081",NA,0,35,0
"26082",1,10,78,0
"26083",2,6,74,0
"26084",3,1,69,0
"26085",1,10,67,0
"26086",1,10,50,0
"26087",2,7,47,0
"26088",1,10,12,0
"26089",2,9,11,1
"26090",NA,0,15,0
"26091",NA,0,35,0
"26092",1,10,71,0
"26093",2,11,72,0
"26094",3,11,72,0
"26095",1,10,61,0
"26096",2,10,61,0
"26097",3,6,57,0
"26098",1,10,50,0
"26099",2,8,48,0
"26100",2,3,43,0
"26101",1,10,28,1
"26102",NA,0,15,0
"26103",NA,0,1,0
"26104",NA,0,35,0
"26105",1,10,81,0
"26106",2,8,79,0
"26107",1,10,71,0
"26108",2,10,71,0
"26109",2,5,66,0
"26110",3,2,63,0
"26111",4,1,62,0
"26112",1,10,61,0
"26113",2,8,59,0
"26114",3,8,59,0
"26115",4,3,54,0
"26116",1,10,90,0
"26117",NA,0,NA,NA
"26118",2,6,86,0
"26119",3,5,85,0
"26120",1,10,76,0
"26121",2,10,76,0
"26122",3,8,74,0
"26123",1,10,59,0
"26124",2,5,54,0
"26125",2,10,59,0
"26126",3,6,55,0
"26127",4,6,55,0
"26128",1,10,80,0
"26129",2,4,74,0
"26130",3,3,73,0
"26131",4,3,73,0
"26132",1,10,74,0
"26133",2,10,74,0
"26134",2,15,79,0
"26135",3,15,79,0
"26136",4,8,72,0
"26137",1,10,77,0
"26138",2,11,78,0
"26139",1,10,59,0
"26140",2,10,59,0
"26141",3,21,70,0
"26142",4,6,55,0
"26143",1,10,83,0
"26144",2,8,81,0
"26145",3,6,79,0
"26146",1,10,62,0
"26147",2,10,62,0
"26148",3,7,59,0
"26149",4,7,59,0
"26150",1,10,93,0
"26151",2,10,93,0
"26152",NA,0,NA,0
"26153",3,4,87,0
"26154",1,10,79,0
"26155",1,10,67,0
"26156",1,20,77,0
"26157",1,10,62,0
"26158",1,10,31,0
"26159",NA,0,NA,0
"26160",1,10,19,0
"26161",1,9,9,0
"26162",NA,0,NA,0
"26163",2,7,7,0
"26164",NA,0,NA,0
"26165",3,7,7,0
"26166",4,7,7,0
"26167",NA,0,35,0
"26168",1,10,70,0
"26169",NA,0,NA,NA
"26170",NA,0,35,0
"26171",1,10,76,0
"26172",1,10,41,0
"26173",2,6,37,0
"26174",1,10,30,0
"26175",2,10,30,0
"26176",3,10,30,0
"26177",4,5,25,0
"26178",NA,0,35,0
"26179",1,10,73,0
"26180",2,5,68,0
"26181",3,2,65,0
"26182",1,10,63,0
"26183",2,11,64,0
"26184",3,11,64,0
"26185",1,10,47,0
"26186",2,7,44,0
"26187",3,7,44,0
"26188",3,17,54,0
"26189",1,10,37,0
"26190",2,1,28,0
"26191",1,10,19,0
"26192",NA,0,NA,0
"26193",2,3,12,0
"26194",3,3,12,0
"26195",4,3,12,0
"26196",NA,0,35,0
"26197",1,10,68,0
"26198",2,10,68,0
"26199",3,10,68,0
"26200",1,10,53,0
"26201",2,6,49,0
"26202",1,10,36,0
"26203",2,9,35,0
"26204",3,9,35,1
"26205",NA,0,15,0
"26206",NA,0,35,0
"26207",1,10,77,0
"26208",NA,0,NA,NA
"26209",2,8,75,0
"26210",1,10,53,0
"26211",2,3,46,0
"26212",3,1,44,0
"26213",NA,0,NA,0
"26214",1,10,29,0
"26215",NA,0,NA,0
"26216",2,5,24,0
"26217",3,2,21,0
"26218",1,10,18,0
"26219",2,10,18,0
"26220",3,17,25,0
"26221",3,22,30,0
"26222",4,22,30,0
"26223",NA,0,35,0
"26224",1,10,65,0
"26225",2,3,58,0
"26226",3,1,56,0
"26227",1,10,54,0
"26228",2,10,54,0
"26229",2,15,59,0
"26230",3,11,55,0
"26231",1,10,35,0
"26232",2,7,32,0
"26233",1,10,22,0
"26234",1,23,35,0
"26235",NA,0,NA,0
"26236",1,7,7,0
"26237",2,5,5,1
"26238",NA,0,15,0
"26239",NA,0,35,0
"26240",1,10,72,1
"26241",NA,0,15,0
"26242",NA,0,35,0
"26243",1,10,65,0
"26244",2,3,58,0
"26245",1,10,54,0
"26246",1,10,38,0
"26247",2,1,29,0
"26248",3,1,29,0
"26249",1,10,24,0
"26250",2,7,21,0
"26251",3,1,15,0
"26252",4,1,15,0
"26253",1,10,85,0
"26254",NA,0,NA,NA
"26255",NA,0,NA,NA
"26256",NA,0,35,0
"26257",1,10,74,0
"26258",2,8,72,0
"26259",3,4,68,0
"26260",4,4,68,0
"26261",1,10,69,0
"26262",1,10,51,0
"26263",2,11,52,0
"26264",3,7,48,0
"26265",4,6,47,0
"26266",1,10,96,0
"26267",2,1,87,0
"26268",1,10,84,0
"26269",1,10,15,0
"26270",2,17,22,0
"26271",3,12,17,0
"26272",4,12,17,0
"26273",NA,0,35,0
"26274",1,10,69,0
"26275",1,10,57,0
"26276",2,7,54,0
"26277",1,10,39,0
"26278",2,3,32,0
"26279",3,3,32,0
"26280",4,3,32,0
"26281",NA,0,35,0
"26282",1,10,73,0
"26283",1,10,54,0
"26284",1,10,37,0
"26285",1,10,17,0
"26286",2,14,21,0
"26287",3,14,21,0
"26288",4,20,27,0
"26289",NA,0,35,0
"26290",1,10,68,0
"26291",1,10,49,0
"26292",1,10,34,0
"26293",2,4,28,0
"26294",NA,0,NA,NA
"26295",1,10,18,0
"26296",2,10,18,1
"26297",NA,0,15,0
"26298",NA,0,35,0
"26299",1,10,69,0
"26300",2,3,62,0
"26301",1,10,58,0
"26302",2,10,58,0
"26303",1,10,47,0
"26304",2,10,47,0
"26305",3,18,55,0
"26306",4,18,55,0
"26307",4,23,60,0
"26308",1,10,79,0
"26309",2,10,79,0
"26310",1,10,68,0
"26311",2,10,68,0
"26312",3,3,61,0
"26313",1,10,47,0
"26314",2,1,38,0
"26315",1,10,37,0
"26316",1,10,14,0
"26317",2,10,14,0
"26318",3,10,14,0
"26319",NA,0,NA,0
"26320",4,1,5,1
"26321",NA,0,15,0
"26322",NA,0,20,0
"26323",NA,0,35,0
"26324",1,10,78,0
"26325",1,10,62,0
"26326",2,10,62,0
"26327",3,10,62,0
"26328",1,10,47,0
"26329",2,2,39,0
"26330",1,10,31,0
"26331",1,10,69,0
"26332",2,10,69,0
"26333",3,11,70,0
"26334",1,10,48,0
"26335",NA,0,NA,0
"26336",1,10,32,0
"26337",1,15,37,1
"26338",NA,0,30,0
"26339",NA,0,40,0
"26340",1,10,70,0
"26341",2,6,66,0
"26342",1,10,61,0
"26343",NA,0,NA,0
"26344",1,10,35,0
"26345",NA,0,NA,0
"26346",2,3,28,0
"26347",3,3,28,0
"26348",NA,0,NA,0
"26349",1,10,25,0
"26350",2,10,25,0
"26351",2,5,20,0
"26352",NA,0,NA,0
"26353",3,5,20,0
"26354",4,5,20,0
"26355",NA,0,NA,NA
"26356",NA,0,35,0
"26357",1,10,68,0
"26358",2,13,71,0
"26359",3,6,64,0
"26360",4,6,64,0
"26361",1,10,80,0
"26362",2,4,74,0
"26363",1,10,69,0
"26364",2,8,67,0
"26365",3,4,63,0
"26366",1,10,42,0
"26367",1,10,30,0
"26368",2,4,24,0
"26369",1,10,20,0
"26370",2,10,20,0
"26371",1,3,3,0
"26372",2,2,2,1
"26373",NA,0,15,0
"26374",NA,0,35,0
"26375",1,10,62,0
"26376",2,5,57,0
"26377",3,1,53,0
"26378",3,5,57,0
"26379",4,1,53,0
"26380",1,10,51,0
"26381",2,2,43,0
"26382",1,10,32,0
"26383",2,10,32,0
"26384",3,8,30,0
"26385",1,10,19,0
"26386",2,11,20,0
"26387",NA,0,NA,NA
"26388",3,10,19,0
"26389",4,4,13,0
"26390",1,6,6,1
"26391",NA,0,15,0
"26392",NA,0,35,0
"26393",1,10,57,0
"26394",2,7,54,0
"26395",3,7,54,0
"26396",4,7,54,0
"26397",1,10,98,0
"26398",1,11,99,0
"26399",NA,0,20,0
"26400",1,10,38,0
"26401",2,7,35,0
"26402",NA,0,NA,0
"26403",3,1,29,0
"26404",1,10,24,0
"26405",2,10,24,0
"26406",1,10,26,0
"26407",2,3,19,0
"26408",3,2,18,0
"26409",1,10,13,0
"26410",2,6,9,0
"26411",3,2,5,0
"26412",NA,0,NA,0
"26413",4,1,4,0
"26414",1,10,95,0
"26415",2,5,90,0
"26416",3,1,86,0
"26417",4,1,86,0
"26418",1,6,6,0
"26419",1,3,3,0
"26420",2,4,4,0
"26421",3,5,5,0
"26422",4,6,6,0
"26423",1,10,93,0
"26424",NA,0,NA,NA
"26425",NA,0,NA,NA
"26426",NA,0,35,0
"26427",1,10,65,0
"26428",2,10,65,0
"26429",3,10,65,0
"26430",1,10,53,0
"26431",1,20,63,0
"26432",2,15,58,0
"26433",3,15,58,0
"26434",4,14,57,0
"26435",1,10,86,0
"26436",2,2,78,0
"26437",1,10,74,0
"26438",1,10,11,0
"26439",2,8,9,0
"26440",3,8,9,0
"26441",4,8,9,0
"26442",NA,0,35,0
"26443",1,10,79,0
"26444",2,11,80,0
"26445",3,16,85,0
"26446",4,16,85,0
"26447",1,10,80,0
"26448",1,10,66,0
"26449",2,3,59,0
"26450",3,1,57,0
"26451",4,2,58,0
"26452",1,10,88,0
"26453",2,1,79,0
"26454",1,10,73,0
"26455",1,10,63,0
"26456",1,10,44,0
"26457",2,8,42,0
"26458",3,8,42,0
"26459",4,6,40,0
"26460",4,11,45,0
"26461",1,10,85,0
"26462",2,5,80,0
"26463",NA,0,NA,NA
"26464",3,8,83,0
"26465",4,8,83,0
"26466",1,10,61,0
"26467",2,4,55,0
"26468",3,1,52,0
"26469",4,1,52,0
"26470",1,10,48,0
"26471",2,10,48,0
"26472",3,10,48,0
"26473",4,10,48,0
"26474",1,10,65,0
"26475",2,6,61,0
"26476",3,2,57,0
"26477",4,2,57,0
"26478",1,10,43,0
"26479",2,2,35,0
"26480",1,10,32,0
"26481",2,10,32,0
"26482",3,11,33,0
"26483",1,10,21,0
"26484",2,7,18,0
"26485",3,15,26,0
"26486",NA,0,NA,0
"26487",4,5,16,0
"26488",NA,0,35,0
"26489",1,10,74,0
"26490",2,10,74,0
"26491",1,10,40,1
"26492",NA,0,30,0
"26493",NA,0,35,0
"26494",1,10,64,0
"26495",2,1,55,0
"26496",1,10,51,0
"26497",2,5,46,0
"26498",1,10,37,0
"26499",2,13,40,0
"26500",1,10,23,0
"26501",2,3,16,0
"26502",1,5,5,0
"26503",2,1,1,1
"26504",NA,0,15,0
"26505",NA,0,35,0
"26506",1,10,65,0
"26507",NA,0,NA,NA
"26508",NA,0,35,0
"26509",1,10,65,0
"26510",1,10,48,0
"26511",1,10,37,0
"26512",2,9,36,0
"26513",3,5,32,0
"26514",4,5,32,0
"26515",1,10,68,0
"26516",2,6,64,0
"26517",3,1,59,0
"26518",3,5,63,0
"26519",4,5,63,0
"26520",4,10,68,0
"26521",1,10,72,0
"26522",2,4,66,0
"26523",1,10,24,0
"26524",2,8,22,0
"26525",3,4,18,0
"26526",1,8,8,0
"26527",2,6,6,0
"26528",3,4,4,0
"26529",4,3,3,0
"26530",1,10,96,0
"26531",2,10,96,0
"26532",1,10,47,0
"26533",2,4,41,0
"26534",3,15,52,0
"26535",4,15,52,0
"26536",1,10,85,0
"26537",2,10,85,0
"26538",3,10,85,0
"26539",1,10,52,0
"26540",2,3,45,0
"26541",3,3,45,0
"26542",4,3,45,0
"26543",1,10,55,0
"26544",2,10,55,0
"26545",NA,0,NA,NA
"26546",2,18,63,0
"26547",3,11,56,0
"26548",1,10,51,0
"26549",1,19,60,0
"26550",2,14,55,0
"26551",3,6,47,0
"26552",1,10,36,0
"26553",2,10,36,0
"26554",3,10,36,0
"26555",4,4,30,0
"26556",NA,0,35,0
"26557",1,10,72,0
"26558",1,10,61,0
"26559",2,10,61,0
"26560",3,10,61,0
"26561",4,10,61,0
"26562",1,10,85,0
"26563",1,10,68,0
"26564",2,2,60,0
"26565",3,1,59,0
"26566",4,1,59,0
"26567",4,5,63,0
"26568",1,10,85,0
"26569",2,10,85,0
"26570",3,10,85,0
"26571",1,10,58,0
"26572",2,10,58,0
"26573",3,10,58,0
"26574",4,10,58,0
"26575",1,10,80,0
"26576",2,8,78,0
"26577",3,1,71,0
"26578",NA,0,NA,0
"26579",4,1,71,0
"26580",1,10,29,0
"26581",2,10,29,0
"26582",3,17,36,0
"26583",NA,0,NA,0
"26584",4,17,36,0
"26585",NA,0,35,0
"26586",1,10,65,0
"26587",NA,0,NA,0
"26588",2,5,60,0
"26589",NA,0,NA,0
"26590",3,3,58,0
"26591",3,8,63,0
"26592",1,10,55,0
"26593",NA,0,NA,0
"26594",2,10,55,0
"26595",NA,0,NA,0
"26596",3,8,53,0
"26597",1,10,45,0
"26598",NA,0,NA,NA
"26599",NA,0,NA,NA
"26600",NA,0,35,0
"26601",1,10,65,0
"26602",2,9,64,0
"26603",3,5,60,0
"26604",1,10,40,0
"26605",2,6,36,0
"26606",1,10,28,0
"26607",2,10,28,0
"26608",1,8,8,0
"26609",2,5,5,1
"26610",NA,0,15,0
"26611",NA,0,35,0
"26612",1,10,75,0
"26613",1,5,70,0
"26614",1,10,63,0
"26615",2,10,63,0
"26616",1,10,48,0
"26617",2,10,48,0
"26618",3,11,49,0
"26619",4,11,49,0
"26620",1,10,85,0
"26621",1,17,92,0
"26622",2,13,88,0
"26623",3,9,84,0
"26624",4,9,84,0
"26625",1,10,62,0
"26626",2,4,56,0
"26627",3,1,53,0
"26628",1,10,51,0
"26629",1,10,34,0
"26630",1,20,44,0
"26631",NA,0,NA,0
"26632",2,16,40,0
"26633",3,8,32,0
"26634",1,10,16,0
"26635",2,4,10,0
"26636",NA,0,NA,NA
"26637",1,5,5,0
"26638",2,1,1,0
"26639",3,1,1,1
"26640",NA,0,15,0
"26641",NA,0,35,0
"26642",1,10,77,0
"26643",2,9,76,0
"26644",3,3,70,0
"26645",4,3,70,0
"26646",1,10,84,0
"26647",2,7,81,0
"26648",3,7,81,0
"26649",1,10,69,0
"26650",1,10,45,0
"26651",2,8,43,0
"26652",3,8,43,0
"26653",1,10,35,0
"26654",2,8,33,0
"26655",1,10,11,1
"26656",NA,0,15,0
"26657",NA,0,35,0
"26658",1,10,68,0
"26659",2,7,65,0
"26660",3,7,65,0
"26661",3,12,70,0
"26662",1,10,50,0
"26663",2,5,45,0
"26664",1,10,37,0
"26665",2,5,32,0
"26666",3,1,28,0
"26667",1,10,18,0
"26668",2,7,15,0
"26669",1,1,1,0
"26670",2,2,2,1
"26671",NA,0,15,0
"26672",NA,0,30,0
"26673",NA,0,35,0
"26674",1,10,72,0
"26675",1,10,62,0
"26676",NA,0,NA,0
"26677",2,10,62,0
"26678",3,10,62,0
"26679",NA,0,NA,0
"26680",4,16,68,0
"26681",1,10,72,0
"26682",NA,0,NA,NA
"26683",NA,0,35,0
"26684",1,10,66,0
"26685",2,10,66,0
"26686",3,1,57,0
"26687",1,10,41,0
"26688",2,7,38,0
"26689",1,3,3,0
"26690",2,2,2,1
"26691",NA,0,15,0
"26692",NA,0,35,0
"26693",1,10,73,0
"26694",2,7,70,0
"26695",3,1,64,0
"26696",4,1,64,0
"26697",1,10,62,0
"26698",2,6,58,0
"26699",3,6,58,0
"26700",4,3,55,0
"26701",1,10,43,0
"26702",2,9,42,0
"26703",1,10,28,0
"26704",2,3,21,0
"26705",1,10,17,0
"26706",2,7,14,0
"26707",3,6,13,0
"26708",4,3,10,0
"26709",1,10,83,0
"26710",2,5,78,0
"26711",3,2,75,0
"26712",4,2,75,0
"26713",1,10,85,0
"26714",NA,0,NA,NA
"26715",2,5,80,0
"26716",3,5,80,0
"26717",1,10,60,0
"26718",2,5,55,0
"26719",1,10,47,0
"26720",2,10,47,0
"26721",3,7,44,0
"26722",1,10,30,0
"26723",2,8,28,0
"26724",3,3,23,0
"26725",3,13,33,0
"26726",4,2,22,0
"26727",1,9,9,0
"26728",1,3,3,0
"26729",2,1,1,1
"26730",NA,0,15,0
"26731",NA,0,35,0
"26732",1,10,65,0
"26733",2,1,56,0
"26734",1,10,53,0
"26735",2,10,53,0
"26736",3,10,53,0
"26737",1,10,20,0
"26738",1,20,30,0
"26739",NA,0,NA,0
"26740",2,7,17,1
"26741",NA,0,2,0
"26742",NA,0,35,0
"26743",1,10,65,0
"26744",2,5,60,0
"26745",3,5,60,0
"26746",1,10,49,0
"26747",1,10,32,0
"26748",2,3,25,0
"26749",3,3,25,0
"26750",1,10,18,0
"26751",2,10,18,0
"26752",3,6,14,0
"26753",1,10,80,0
"26754",NA,0,NA,0
"26755",2,8,78,0
"26756",NA,0,NA,0
"26757",3,3,73,0
"26758",NA,0,NA,0
"26759",4,9,79,0
"26760",1,10,65,0
"26761",NA,0,NA,NA
"26762",NA,0,NA,NA
"26763",NA,0,35,0
"26764",1,10,65,0
"26765",2,8,63,0
"26766",3,8,63,0
"26767",1,10,53,0
"26768",2,7,50,0
"26769",3,7,50,0
"26770",1,10,43,0
"26771",1,10,21,0
"26772",2,11,22,0
"26773",3,11,22,0
"26774",4,2,13,0
"26775",1,6,6,0
"26776",1,15,15,0
"26777",2,7,7,0
"26778",3,7,7,0
"26779",4,1,1,0
"26780",1,10,88,0
"26781",1,10,75,0
"26782",2,8,73,0
"26783",3,8,73,0
"26784",1,10,64,0
"26785",2,14,68,0
"26786",3,3,57,0
"26787",3,8,62,0
"26788",3,13,67,0
"26789",1,10,52,0
"26790",2,7,49,0
"26791",NA,0,NA,0
"26792",1,10,33,0
"26793",1,15,38,0
"26794",2,8,31,0
"26795",3,15,38,0
"26796",4,15,38,0
"26797",NA,0,35,0
"26798",1,10,67,0
"26799",1,10,54,0
"26800",NA,0,NA,NA
"26801",1,20,64,0
"26802",2,20,64,0
"26803",3,18,62,0
"26804",4,6,50,0
"26805",1,10,86,0
"26806",2,8,84,0
"26807",1,10,75,0
"26808",1,19,84,0
"26809",2,14,79,0
"26810",3,6,71,0
"26811",3,11,76,0
"26812",4,11,76,0
"26813",1,10,86,0
"26814",2,3,79,0
"26815",1,10,73,0
"26816",1,10,62,0
"26817",2,3,55,0
"26818",1,10,43,0
"26819",2,10,43,0
"26820",3,1,34,0
"26821",1,10,33,0
"26822",2,12,35,0
"26823",3,5,28,0
"26824",4,15,38,NA
"26825",4,15,38,NA
"26826",4,15,38,0
"26827",1,10,80,0
"26828",2,10,80,0
"26829",3,9,79,0
"26830",4,9,79,0
"26831",1,10,62,0
"26832",2,13,65,0
"26833",3,13,65,0
"26834",4,3,55,0
"26835",1,10,79,0
"26836",2,9,78,0
"26837",3,9,78,0
"26838",4,9,78,0
"26839",1,10,65,0
"26840",2,10,65,0
"26841",NA,0,NA,NA
"26842",NA,0,35,0
"26843",1,10,65,0
"26844",2,6,61,0
"26845",3,6,61,0
"26846",1,10,47,0
"26847",1,10,36,0
"26848",2,10,36,0
"26849",3,3,29,0
"26850",4,2,28,0
"26851",NA,0,35,0
"26852",1,10,65,0
"26853",1,10,47,0
"26854",2,5,42,0
"26855",1,10,28,0
"26856",2,6,24,0
"26857",1,1,1,0
"26858",2,3,3,1
"26859",NA,0,15,0
"26860",NA,0,35,0
"26861",1,10,70,0
"26862",2,5,65,0
"26863",3,3,63,0
"26864",4,3,63,0
"26865",1,10,86,0
"26866",1,10,72,0
"26867",2,2,64,0
"26868",1,10,60,0
"26869",2,10,60,0
"26870",1,10,46,0
"26871",2,6,42,0
"26872",1,10,28,0
"26873",2,10,28,0
"26874",3,5,23,0
"26875",4,5,23,0
"26876",NA,0,35,0
"26877",1,10,74,0
"26878",2,9,73,0
"26879",NA,0,NA,NA
"26880",3,4,68,0
"26881",1,10,58,0
"26882",2,10,58,0
"26883",3,10,58,0
"26884",1,10,34,0
"26885",2,10,34,0
"26886",3,10,34,0
"26887",4,1,25,0
"26888",NA,0,35,0
"26889",1,10,80,0
"26890",2,5,75,0
"26891",3,5,75,0
"26892",4,11,81,0
"26893",1,10,62,0
"26894",2,10,62,0
"26895",3,4,56,0
"26896",4,4,56,0
"26897",1,10,88,0
"26898",1,16,94,0
"26899",2,10,88,0
"26900",3,4,82,0
"26901",4,7,85,0
"26902",1,10,54,0
"26903",2,11,55,0
"26904",3,5,49,0
"26905",4,12,56,0
"26906",1,10,95,0
"26907",2,6,91,0
"26908",3,4,89,0
"26909",1,10,83,0
"26910",2,10,83,0
"26911",3,10,83,0
"26912",1,10,65,0
"26913",1,10,40,0
"26914",2,2,32,0
"26915",2,7,37,0
"26916",3,16,46,0
"26917",1,7,7,0
"26918",NA,0,NA,0
"26919",2,4,4,1
"26920",NA,0,15,0
"26921",NA,0,35,0
"26922",1,10,65,0
"26923",1,10,52,0
"26924",2,16,58,0
"26925",3,16,58,0
"26926",1,10,41,0
"26927",NA,0,NA,0
"26928",2,3,34,0
"26929",NA,0,NA,0
"26930",1,10,25,0
"26931",NA,0,NA,0
"26932",2,5,20,0
"26933",NA,0,NA,0
"26934",NA,0,NA,0
"26935",3,2,17,0
"26936",NA,0,NA,NA
"26937",NA,0,NA,NA
"26938",NA,0,35,0
"26939",1,10,65,0
"26940",2,16,71,0
"26941",3,7,62,0
"26942",1,10,54,0
"26943",2,11,55,0
"26944",3,11,55,0
"26945",1,10,34,0
"26946",2,2,26,0
"26947",1,10,23,0
"26948",2,5,18,0
"26949",1,10,12,0
"26950",2,10,12,0
"26951",3,3,5,0
"26952",4,9,11,0
"26953",NA,0,35,0
"26954",1,10,72,0
"26955",1,10,61,0
"26956",2,10,61,0
"26957",3,10,61,0
"26958",4,10,61,0
"26959",1,10,11,0
"26960",2,6,7,0
"26961",3,5,6,0
"26962",4,5,6,0
"26963",NA,0,35,0
"26964",1,10,71,0
"26965",1,10,61,0
"26966",2,2,53,0
"26967",1,10,47,0
"26968",1,20,57,0
"26969",2,16,53,0
"26970",1,10,13,0
"26971",2,10,13,0
"26972",2,18,21,0
"26973",3,15,18,0
"26974",4,9,12,0
"26975",NA,0,35,0
"26976",1,10,60,0
"26977",2,11,61,0
"26978",NA,0,NA,NA
"26979",3,16,66,0
"26980",4,7,57,0
"26981",4,12,62,0
"26982",1,10,89,0
"26983",2,3,82,0
"26984",1,10,78,0
"26985",2,5,73,0
"26986",3,2,70,0
"26987",1,10,59,0
"26988",NA,0,NA,0
"26989",2,5,54,0
"26990",1,10,49,0
"26991",2,5,44,0
"26992",1,10,35,0
"26993",2,4,29,0
"26994",2,8,33,0
"26995",3,4,29,0
"26996",1,10,19,0
"26997",1,20,29,0
"26998",2,2,11,0
"26999",3,3,12,0
"27000",4,3,12,0
"27001",NA,0,35,0
"27002",1,10,71,0
"27003",1,10,56,0
"27004",2,10,56,0
"27005",3,8,54,0
"27006",4,8,54,0
"27007",1,10,90,0
"27008",2,6,86,0
"27009",3,1,81,0
"27010",NA,0,NA,0
"27011",4,8,88,0
"27012",1,10,73,0
"27013",2,2,65,0
"27014",3,2,65,0
"27015",NA,0,NA,0
"27016",4,1,64,0
"27017",1,10,76,0
"27018",NA,0,NA,0
"27019",1,10,63,0
"27020",1,15,68,0
"27021",NA,0,NA,0
"27022",2,15,68,0
"27023",3,15,68,0
"27024",NA,0,NA,0
"27025",4,11,64,0
"27026",4,6,59,0
"27027",NA,0,NA,NA
"27028",NA,0,35,0
"27029",1,10,68,0
"27030",2,7,65,0
"27031",3,7,65,0
"27032",1,10,60,0
"27033",1,10,43,0
"27034",2,6,39,0
"27035",1,10,27,0
"27036",1,10,17,0
"27037",1,15,22,0
"27038",2,14,21,0
"27039",3,14,21,0
"27040",1,10,89,0
"27041",2,2,81,0
"27042",1,10,77,0
"27043",2,10,77,0
"27044",3,8,75,0
"27045",1,10,40,0
"27046",1,10,27,0
"27047",2,9,26,0
"27048",3,2,19,0
"27049",1,8,8,0
"27050",2,4,4,1
"27051",NA,0,15,0
"27052",NA,0,35,0
"27053",1,10,75,0
"27054",2,10,75,0
"27055",3,7,72,0
"27056",1,10,11,0
"27057",2,4,5,0
"27058",3,1,2,1
"27059",NA,0,15,0
"27060",NA,0,35,0
"27061",1,10,80,0
"27062",1,10,32,0
"27063",NA,0,NA,NA
"27064",2,1,23,0
"27065",3,1,23,0
"27066",1,10,19,0
"27067",2,11,20,0
"27068",3,11,20,0
"27069",4,11,20,0
"27070",NA,0,35,0
"27071",1,10,73,0
"27072",1,10,62,0
"27073",2,10,62,0
"27074",3,10,62,0
"27075",3,20,72,0
"27076",1,10,25,0
"27077",2,10,25,0
"27078",3,6,21,1
"27079",NA,0,15,0
"27080",NA,0,35,0
"27081",1,10,72,0
"27082",2,6,68,0
"27083",3,16,78,0
"27084",4,2,64,0
"27085",4,7,69,0
"27086",1,10,88,0
"27087",1,15,93,0
"27088",2,12,90,0
"27089",3,2,80,0
"27090",4,2,80,0
"27091",1,10,55,0
"27092",2,2,47,0
"27093",1,10,40,0
"27094",2,6,36,0
"27095",3,6,36,0
"27096",4,6,36,0
"27097",NA,0,35,0
"27098",1,10,74,0
"27099",2,10,74,0
"27100",3,10,74,0
"27101",4,21,85,0
"27102",1,10,74,0
"27103",2,5,69,0
"27104",2,15,79,0
"27105",3,15,79,0
"27106",1,10,59,0
"27107",2,5,54,0
"27108",3,5,54,0
"27109",NA,0,NA,0
"27110",1,10,49,0
"27111",NA,0,NA,0
"27112",2,8,47,0
"27113",NA,0,NA,0
"27114",1,10,15,0
"27115",NA,0,NA,0
"27116",2,11,16,0
"27117",NA,0,NA,NA
"27118",NA,0,NA,NA
"27119",NA,0,35,0
"27120",1,10,77,0
"27121",2,20,87,0
"27122",3,8,75,0
"27123",4,2,69,0
"27124",1,10,88,0
"27125",2,6,84,0
"27126",3,6,84,0
"27127",1,10,71,0
"27128",1,10,60,0
"27129",2,4,54,0
"27130",1,10,48,0
"27131",2,6,44,0
"27132",3,5,43,0
"27133",4,3,41,0
"27134",1,10,58,0
"27135",2,6,54,0
"27136",1,10,41,0
"27137",2,6,37,0
"27138",3,2,33,0
"27139",1,10,30,0
"27140",2,5,25,0
"27141",3,3,23,0
"27142",4,3,23,0
"27143",NA,0,35,0
"27144",1,10,74,0
"27145",2,1,65,0
"27146",1,10,56,0
"27147",2,6,52,0
"27148",1,10,46,0
"27149",1,10,15,0
"27150",1,4,4,1
"27151",NA,0,15,0
"27152",NA,0,NA,NA
"27153",NA,0,35,0
"27154",1,10,79,0
"27155",2,14,83,0
"27156",3,19,88,0
"27157",4,15,84,0
"27158",1,10,67,0
"27159",1,10,42,0
"27160",2,13,45,0
"27161",1,10,40,0
"27162",1,10,28,0
"27163",2,4,22,0
"27164",3,4,22,0
"27165",1,10,14,0
"27166",2,10,14,0
"27167",3,10,14,0
"27168",4,24,28,0
"27169",NA,0,35,0
"27170",1,10,60,0
"27171",1,10,45,0
"27172",2,10,45,0
"27173",3,1,36,0
"27174",4,1,36,0
"27175",1,10,32,0
"27176",1,10,16,0
"27177",2,2,8,0
"27178",1,2,2,1
"27179",NA,0,15,0
"27180",NA,0,35,0
"27181",1,10,75,0
"27182",2,10,75,0
"27183",3,10,75,0
"27184",1,10,45,0
"27185",1,20,55,0
"27186",2,13,48,0
"27187",3,7,42,0
"27188",4,7,42,NA
"27189",NA,0,NA,0
"27190",4,7,42,0
"27191",1,10,99,0
"27192",NA,0,NA,0
"27193",2,9,98,0
"27194",NA,0,NA,NA
"27195",NA,0,35,0
"27196",1,10,65,0
"27197",2,10,65,0
"27198",1,10,54,0
"27199",1,10,42,0
"27200",2,13,45,0
"27201",3,12,44,0
"27202",1,10,23,0
"27203",2,6,19,0
"27204",1,9,9,0
"27205",NA,0,NA,0
"27206",2,6,6,0
"27207",3,6,6,0
"27208",1,1,1,1
"27209",NA,0,15,0
"27210",NA,0,35,0
"27211",1,10,72,0
"27212",2,8,70,0
"27213",NA,0,NA,0
"27214",3,8,70,0
"27215",4,8,70,0
"27216",1,10,76,0
"27217",2,1,67,0
"27218",1,10,65,0
"27219",2,10,65,0
"27220",1,10,50,0
"27221",1,10,39,0
"27222",2,4,33,0
"27223",3,2,31,0
"27224",1,10,24,0
"27225",2,5,19,0
"27226",NA,0,NA,NA
"27227",3,6,20,0
"27228",1,10,12,0
"27229",2,5,7,0
"27230",3,1,3,0
"27231",NA,0,NA,0
"27232",1,1,1,0
"27233",2,1,1,1
"27234",NA,0,15,0
"27235",NA,0,35,0
"27236",1,10,72,0
"27237",1,10,13,0
"27238",2,10,13,1
"27239",NA,0,15,0
"27240",NA,0,35,0
"27241",1,10,65,0
"27242",2,8,63,0
"27243",3,8,63,0
"27244",4,8,63,0
"27245",1,10,37,0
"27246",2,7,34,0
"27247",3,6,33,0
"27248",4,3,30,0
"27249",1,10,69,0
"27250",1,10,41,0
"27251",2,11,42,0
"27252",3,2,33,0
"27253",4,1,32,0
"27254",1,10,31,0
"27255",2,10,31,0
"27256",3,10,31,0
"27257",4,10,31,0
"27258",1,10,62,0
"27259",2,6,58,0
"27260",3,2,54,0
"27261",4,1,53,0
"27262",1,10,26,0
"27263",2,8,24,0
"27264",3,4,20,0
"27265",4,2,18,0
"27266",NA,0,NA,NA
"27267",NA,0,NA,NA
"27268",NA,0,35,0
"27269",1,10,72,0
"27270",2,4,66,0
"27271",3,1,63,0
"27272",1,10,52,0
"27273",2,4,46,0
"27274",3,4,46,0
"27275",1,10,32,0
"27276",2,7,29,0
"27277",3,5,27,0
"27278",1,10,20,0
"27279",2,6,16,0
"27280",NA,0,NA,0
"27281",3,6,16,0
"27282",1,6,6,0
"27283",2,5,5,1
"27284",NA,0,15,0
"27285",NA,0,35,0
"27286",1,10,69,0
"27287",2,10,69,0
"27288",1,10,46,0
"27289",2,3,39,0
"27290",3,5,41,0
"27291",4,2,38,0
"27292",1,10,31,0
"27293",2,7,28,0
"27294",3,3,24,0
"27295",1,10,19,0
"27296",2,1,10,0
"27297",NA,0,NA,NA
"27298",3,1,10,0
"27299",1,7,7,1
"27300",NA,0,15,0
"27301",NA,0,35,0
"27302",1,10,69,0
"27303",2,9,68,0
"27304",3,9,68,0
"27305",4,3,62,0
"27306",1,10,83,0
"27307",1,10,60,0
"27308",2,8,58,0
"27309",3,7,57,0
"27310",1,10,45,0
"27311",2,11,46,0
"27312",1,10,27,0
"27313",1,7,7,1
"27314",NA,0,15,0
"27315",NA,0,35,0
"27316",1,10,62,0
"27317",2,5,57,0
"27318",3,4,56,0
"27319",4,4,56,0
"27320",1,10,85,0
"27321",2,5,80,0
"27322",1,10,72,0
"27323",2,9,71,0
"27324",3,8,70,0
"27325",4,8,70,0
"27326",1,10,93,0
"27327",2,5,88,0
"27328",3,2,85,0
"27329",4,2,85,0
"27330",1,10,59,0
"27331",1,5,54,0
"27332",2,4,53,0
"27333",2,14,63,0
"27334",3,6,55,0
"27335",1,10,50,0
"27336",NA,0,50,0
"27337",2,10,50,0
"27338",NA,0,NA,0
"27339",1,10,40,0
"27340",NA,0,NA,0
"27341",1,10,28,0
"27342",NA,0,NA,0
"27343",NA,0,NA,0
"27344",2,9,27,0
"27345",NA,0,NA,NA
"27346",NA,0,35,0
"27347",1,10,66,0
"27348",2,7,63,0
"27349",3,7,63,0
"27350",4,7,63,0
"27351",1,10,68,0
"27352",2,3,61,0
"27353",1,10,57,0
"27354",1,10,46,0
"27355",2,20,56,0
"27356",3,15,51,0
"27357",4,28,64,0
"27358",1,10,69,0
"27359",1,10,52,0
"27360",2,8,50,0
"27361",1,10,29,0
"27362",1,10,11,0
"27363",2,5,6,1
"27364",NA,0,15,0
"27365",NA,0,35,0
"27366",1,10,65,0
"27367",2,3,58,0
"27368",1,10,48,0
"27369",2,4,42,0
"27370",1,10,37,0
"27371",2,2,29,0
"27372",1,10,26,0
"27373",2,6,22,0
"27374",3,6,22,1
"27375",NA,0,15,0
"27376",NA,0,35,0
"27377",1,10,72,0
"27378",1,20,82,0
"27379",2,20,82,0
"27380",3,10,72,0
"27381",1,10,46,0
"27382",2,8,44,0
"27383",NA,0,NA,NA
"27384",3,5,41,0
"27385",1,10,28,0
"27386",1,10,23,0
"27387",2,5,18,0
"27388",3,15,28,0
"27389",4,13,26,0
"27390",NA,0,35,0
"27391",1,10,72,0
"27392",2,7,69,0
"27393",3,2,64,0
"27394",1,10,62,0
"27395",2,10,62,0
"27396",3,12,64,0
"27397",4,12,64,0
"27398",1,10,80,0
"27399",1,10,58,0
"27400",2,15,63,0
"27401",3,15,63,0
"27402",4,15,63,0
"27403",1,10,85,0
"27404",1,10,11,0
"27405",2,7,8,0
"27406",3,7,8,0
"27407",4,7,8,0
"27408",NA,0,35,0
"27409",1,10,65,0
"27410",2,19,74,0
"27411",3,8,63,0
"27412",1,10,55,0
"27413",2,10,55,0
"27414",3,6,51,0
"27415",1,10,33,0
"27416",2,10,33,0
"27417",1,10,21,0
"27418",2,10,21,0
"27419",3,2,13,0
"27420",4,4,15,0
"27421",1,10,85,0
"27422",NA,0,NA,0
"27423",2,6,81,0
"27424",NA,0,NA,0
"27425",3,3,78,0
"27426",1,10,73,0
"27427",2,12,75,0
"27428",NA,0,NA,NA
"27429",NA,0,NA,NA
"27430",NA,0,35,0
"27431",1,10,70,0
"27432",2,10,70,0
"27433",1,10,47,0
"27434",1,10,17,0
"27435",2,6,13,0
"27436",3,6,13,0
"27437",4,1,8,0
"27438",1,10,92,0
"27439",2,2,84,0
"27440",1,10,79,0
"27441",1,3,3,0
"27442",2,1,1,0
"27443",3,1,1,0
"27444",NA,0,NA,0
"27445",4,1,1,1
"27446",NA,0,15,0
"27447",NA,0,35,0
"27448",1,10,65,0
"27449",1,10,52,0
"27450",1,10,41,0
"27451",2,8,39,0
"27452",3,8,39,0
"27453",4,8,39,0
"27454",NA,0,35,0
"27455",1,10,74,0
"27456",1,20,84,0
"27457",1,10,61,0
"27458",2,7,58,0
"27459",3,3,54,0
"27460",1,10,44,0
"27461",2,2,36,0
"27462",3,1,35,0
"27463",4,1,35,0
"27464",1,1,1,0
"27465",NA,0,NA,0
"27466",2,1,1,1
"27467",NA,0,15,0
"27468",NA,0,35,0
"27469",1,10,65,0
"27470",2,7,62,0
"27471",NA,0,NA,NA
"27472",3,6,61,0
"27473",1,10,55,0
"27474",2,6,51,0
"27475",1,10,45,0
"27476",2,9,44,0
"27477",1,10,39,0
"27478",2,6,35,0
"27479",1,10,29,0
"27480",1,5,24,0
"27481",1,10,14,0
"27482",2,8,12,0
"27483",3,8,12,0
"27484",4,8,12,0
"27485",NA,0,35,0
"27486",1,10,60,0
"27487",2,15,65,0
"27488",3,9,59,0
"27489",4,9,59,0
"27490",1,10,92,0
"27491",2,4,86,0
"27492",1,10,61,0
"27493",2,8,59,0
"27494",1,10,31,0
"27495",2,8,29,0
"27496",3,6,27,0
"27497",1,10,17,0
"27498",2,6,13,0
"27499",3,5,12,0
"27500",4,1,8,0
"27501",1,7,7,0
"27502",NA,0,NA,0
"27503",2,7,7,0
"27504",NA,0,NA,0
"27505",3,3,3,0
"27506",4,3,3,0
"27507",NA,0,NA,NA
"27508",NA,0,35,0
"27509",1,10,65,0
"27510",2,10,65,0
"27511",3,9,64,0
"27512",1,10,35,0
"27513",2,10,35,0
"27514",1,10,66,0
"27515",2,7,63,0
"27516",1,10,42,0
"27517",1,10,29,0
"27518",2,8,27,0
"27519",3,3,22,0
"27520",1,10,15,0
"27521",1,20,25,0
"27522",2,20,25,0
"27523",3,11,16,0
"27524",4,6,11,0
"27525",NA,0,35,0
"27526",1,10,78,0
"27527",2,3,71,0
"27528",1,10,52,0
"27529",2,13,55,0
"27530",3,13,55,0
"27531",4,13,55,0
"27532",1,10,69,0
"27533",2,3,62,0
"27534",3,1,60,0
"27535",4,1,60,0
"27536",1,10,88,0
"27537",2,6,84,0
"27538",2,11,89,0
"27539",1,10,77,0
"27540",2,10,77,0
"27541",NA,0,NA,0
"27542",3,10,77,0
"27543",3,15,82,0
"27544",4,1,68,0
"27545",1,10,63,0
"27546",1,20,73,0
"27547",1,10,25,0
"27548",2,1,16,0
"27549",NA,0,NA,NA
"27550",3,1,16,0
"27551",1,6,6,1
"27552",NA,0,15,0
"27553",NA,0,35,0
"27554",1,10,70,0
"27555",2,4,64,0
"27556",3,1,61,0
"27557",1,10,43,0
"27558",2,7,40,0
"27559",3,3,36,0
"27560",1,10,49,0
"27561",2,7,46,0
"27562",3,6,45,0
"27563",4,6,45,0
"27564",1,10,87,0
"27565",2,7,84,0
"27566",3,3,80,0
"27567",4,3,80,0
"27568",1,10,75,0
"27569",2,8,73,0
"27570",3,2,67,0
"27571",4,3,68,0
"27572",1,10,84,0
"27573",1,10,61,0
"27574",2,1,52,0
"27575",1,10,49,0
"27576",2,3,42,0
"27577",1,10,33,0
"27578",2,2,25,0
"27579",3,1,24,0
"27580",1,10,21,0
"27581",1,8,8,0
"27582",2,1,1,1
"27583",NA,0,15,0
"27584",NA,0,35,0
"27585",1,10,69,0
"27586",NA,0,NA,0
"27587",1,10,51,0
"27588",2,10,51,0
"27589",NA,0,NA,0
"27590",3,10,51,0
"27591",4,10,51,0
"27592",1,10,99,0
"27593",2,6,95,0
"27594",3,6,95,0
"27595",1,10,86,0
"27596",2,10,86,0
"27597",3,6,82,0
"27598",1,10,74,0
"27599",NA,0,NA,0
"27600",1,10,62,0
"27601",2,10,62,0
"27602",1,10,49,0
"27603",NA,0,NA,0
"27604",NA,0,NA,0
"27605",2,4,43,0
"27606",NA,0,NA,NA
"27607",NA,0,NA,NA
"27608",NA,0,35,0
"27609",1,1,1,1
"27610",NA,0,15,0
"27611",NA,0,35,0
"27612",1,10,73,0
"27613",2,3,66,0
"27614",1,10,61,0
"27615",2,10,61,0
"27616",3,5,56,0
"27617",3,10,61,0
"27618",4,10,61,0
"27619",1,10,70,0
"27620",2,8,68,0
"27621",3,8,68,0
"27622",1,10,43,0
"27623",1,10,30,1
"27624",NA,0,15,0
"27625",NA,0,35,0
"27626",1,10,72,0
"27627",2,4,66,0
"27628",3,3,65,0
"27629",1,10,31,0
"27630",2,1,22,0
"27631",1,10,17,0
"27632",2,6,13,0
"27633",3,1,8,0
"27634",1,6,6,1
"27635",NA,0,15,0
"27636",NA,0,35,0
"27637",1,10,65,0
"27638",2,8,63,0
"27639",3,10,65,0
"27640",4,10,65,0
"27641",1,10,44,0
"27642",2,7,41,0
"27643",2,12,46,0
"27644",3,12,46,0
"27645",4,6,40,0
"27646",1,10,52,0
"27647",1,10,41,0
"27648",NA,0,NA,NA
"27649",1,10,27,0
"27650",1,10,17,0
"27651",2,7,14,0
"27652",1,9,9,1
"27653",NA,0,15,0
"27654",NA,0,35,0
"27655",1,10,71,0
"27656",2,8,69,0
"27657",1,10,60,0
"27658",2,15,65,0
"27659",3,10,60,0
"27660",1,10,38,0
"27661",1,10,25,0
"27662",2,9,24,0
"27663",1,7,7,0
"27664",1,17,17,0
"27665",2,5,5,0
"27666",3,9,9,0
"27667",4,8,8,0
"27668",NA,0,35,0
"27669",1,10,48,0
"27670",2,10,48,0
"27671",3,5,43,0
"27672",4,5,43,0
"27673",1,10,92,0
"27674",2,6,88,0
"27675",2,11,93,0
"27676",3,8,90,0
"27677",4,2,84,0
"27678",1,10,61,0
"27679",1,10,49,0
"27680",NA,0,NA,0
"27681",1,5,44,0
"27682",1,10,37,0
"27683",2,10,37,0
"27684",NA,0,NA,0
"27685",3,3,30,0
"27686",4,3,30,0
"27687",NA,0,35,0
"27688",1,10,72,0
"27689",1,10,55,0
"27690",2,10,55,0
"27691",2,15,60,0
"27692",NA,0,NA,0
"27693",3,13,58,0
"27694",1,10,67,0
"27695",NA,0,NA,0
"27696",1,10,55,0
"27697",NA,0,50,0
"27698",1,10,50,0
"27699",NA,0,NA,0
"27700",2,4,44,0
"27701",1,10,29,0
"27702",NA,0,NA,NA
"27703",NA,0,35,0
"27704",1,10,69,0
"27705",2,10,69,0
"27706",2,15,74,0
"27707",3,3,62,0
"27708",4,1,60,0
"27709",4,10,69,0
"27710",1,10,68,0
"27711",1,10,47,0
"27712",2,10,47,0
"27713",1,10,36,0
"27714",2,5,31,0
"27715",1,10,21,0
"27716",2,5,16,0
"27717",3,4,15,0
"27718",4,18,29,0
"27719",NA,0,35,0
"27720",1,10,75,0
"27721",1,20,85,0
"27722",1,10,60,0
"27723",2,6,56,0
"27724",1,10,22,0
"27725",1,15,27,0
"27726",1,10,14,0
"27727",2,6,10,0
"27728",1,4,4,0
"27729",2,4,4,0
"27730",3,4,4,1
"27731",NA,0,15,0
"27732",NA,0,35,0
"27733",1,10,70,0
"27734",2,4,64,0
"27735",1,10,49,0
"27736",2,3,42,0
"27737",3,1,40,0
"27738",1,10,37,0
"27739",1,10,23,0
"27740",NA,0,NA,NA
"27741",1,7,7,0
"27742",1,17,17,0
"27743",2,8,8,0
"27744",3,8,8,0
"27745",1,10,97,0
"27746",2,10,97,0
"27747",3,6,93,0
"27748",4,2,89,0
"27749",1,10,65,0
"27750",2,11,66,0
"27751",3,5,60,0
"27752",1,10,43,0
"27753",2,2,35,0
"27754",1,10,27,0
"27755",2,10,27,0
"27756",3,1,18,0
"27757",1,10,15,0
"27758",2,5,10,1
"27759",NA,0,2,0
"27760",NA,0,35,0
"27761",1,10,45,0
"27762",2,5,40,0
"27763",1,10,34,0
"27764",NA,0,NA,0
"27765",2,8,32,0
"27766",NA,0,NA,0
"27767",3,15,39,0
"27768",1,10,24,0
"27769",1,4,4,1
"27770",NA,0,2,0
"27771",NA,0,35,0
"27772",1,10,65,0
"27773",2,10,65,0
"27774",3,3,58,0
"27775",1,10,50,0
"27776",1,10,34,0
"27777",2,3,27,0
"27778",1,10,21,0
"27779",2,6,17,1
"27780",NA,0,2,0
"27781",NA,0,35,0
"27782",1,10,45,0
"27783",2,3,38,0
"27784",1,10,34,0
"27785",2,11,35,0
"27786",3,12,36,0
"27787",NA,0,NA,NA
"27788",NA,0,NA,NA
"27789",NA,0,35,0
"27790",1,10,65,0
"27791",2,7,62,0
"27792",3,1,56,0
"27793",1,10,53,0
"27794",1,10,41,0
"27795",2,8,39,0
"27796",3,8,39,0
"27797",4,8,39,0
"27798",1,10,95,0
"27799",2,10,95,0
"27800",1,7,7,0
"27801",2,5,5,0
"27802",3,5,5,0
"27803",4,5,5,0
"27804",NA,0,35,0
"27805",1,10,36,0
"27806",2,10,36,0
"27807",3,4,30,0
"27808",4,4,30,0
"27809",1,10,23,0
"27810",2,11,24,0
"27811",3,2,15,0
"27812",1,10,11,0
"27813",2,1,2,0
"27814",3,1,2,1
"27815",NA,0,15,0
"27816",NA,0,35,0
"27817",1,10,69,0
"27818",2,6,65,0
"27819",1,10,49,0
"27820",2,4,43,0
"27821",3,2,41,0
"27822",1,10,28,0
"27823",2,6,24,0
"27824",NA,0,NA,NA
"27825",2,1,19,0
"27826",1,10,13,0
"27827",2,14,17,0
"27828",3,8,11,0
"27829",4,1,4,1
"27830",NA,0,15,0
"27831",NA,0,35,0
"27832",1,10,67,0
"27833",2,10,67,0
"27834",3,6,63,0
"27835",1,10,50,0
"27836",2,4,44,0
"27837",3,3,43,1
"27838",NA,0,15,0
"27839",NA,0,35,0
"27840",1,10,66,0
"27841",2,1,57,0
"27842",1,10,55,0
"27843",2,10,55,0
"27844",3,12,57,0
"27845",1,10,43,1
"27846",NA,0,15,0
"27847",NA,0,35,0
"27848",1,10,51,0
"27849",2,10,51,0
"27850",3,10,51,0
"27851",4,2,43,0
"27852",1,10,68,0
"27853",2,2,60,0
"27854",3,1,59,0
"27855",1,10,48,0
"27856",2,10,48,0
"27857",3,5,43,0
"27858",4,5,43,NA
"27859",4,5,43,0
"27860",1,10,92,0
"27861",1,10,72,0
"27862",1,10,57,0
"27863",2,10,57,0
"27864",3,5,52,1
"27865",NA,0,15,0
"27866",NA,0,35,0
"27867",1,10,64,0
"27868",NA,0,NA,0
"27869",2,2,56,0
"27870",NA,0,NA,0
"27871",1,10,32,0
"27872",NA,0,NA,0
"27873",1,10,17,0
"27874",2,4,11,0
"27875",1,6,6,0
"27876",NA,0,NA,NA
"27877",NA,0,35,0
"27878",1,10,56,0
"27879",2,8,54,0
"27880",2,13,59,0
"27881",3,16,62,0
"27882",4,9,55,0
"27883",1,10,96,0
"27884",2,10,96,0
"27885",3,10,96,0
"27886",4,1,87,0
"27887",1,10,43,0
"27888",2,2,35,0
"27889",1,10,21,0
"27890",2,3,14,0
"27891",3,3,14,0
"27892",1,6,6,0
"27893",2,6,6,1
"27894",NA,0,2,0
"27895",NA,0,35,0
"27896",1,10,46,0
"27897",1,10,25,0
"27898",2,4,19,0
"27899",3,6,21,0
"27900",4,6,21,0
"27901",NA,0,35,0
"27902",1,10,72,0
"27903",2,6,68,0
"27904",3,6,68,0
"27905",1,10,25,1
"27906",NA,0,15,0
"27907",NA,0,35,0
"27908",1,10,62,0
"27909",2,9,61,0
"27910",3,1,53,0
"27911",1,10,49,0
"27912",2,8,47,0
"27913",3,6,45,0
"27914",NA,0,NA,NA
"27915",1,10,37,0
"27916",2,4,31,0
"27917",3,1,28,1
"27918",NA,0,2,0
"27919",NA,0,35,0
"27920",1,10,81,0
"27921",1,10,63,0
"27922",2,10,63,0
"27923",3,6,59,0
"27924",3,11,64,0
"27925",1,10,50,0
"27926",1,10,28,0
"27927",2,10,28,0
"27928",1,5,5,1
"27929",NA,0,2,0
"27930",NA,0,35,0
"27931",1,10,69,0
"27932",2,8,67,0
"27933",3,2,61,0
"27934",4,2,61,0
"27935",1,10,85,0
"27936",2,2,77,0
"27937",1,10,66,0
"27938",2,2,58,0
"27939",1,10,35,0
"27940",2,6,31,0
"27941",3,4,29,0
"27942",1,10,14,0
"27943",NA,0,NA,0
"27944",2,5,9,1
"27945",NA,0,15,0
"27946",NA,0,35,0
"27947",1,10,65,0
"27948",2,10,65,0
"27949",3,10,65,0
"27950",1,10,46,0
"27951",2,10,46,0
"27952",1,10,31,0
"27953",1,10,61,0
"27954",NA,0,NA,0
"27955",2,7,58,0
"27956",NA,0,NA,0
"27957",3,4,55,0
"27958",NA,0,NA,0
"27959",4,1,52,0
"27960",NA,0,NA,0
"27961",1,10,80,0
"27962",NA,0,NA,NA
"27963",NA,0,NA,NA
"27964",NA,0,35,0
"27965",1,10,80,0
"27966",1,10,69,0
"27967",1,10,55,0
"27968",NA,0,NA,0
"27969",1,10,32,0
"27970",2,6,28,0
"27971",3,2,24,0
"27972",4,1,23,0
"27973",4,6,28,0
"27974",NA,0,35,0
"27975",1,10,79,0
"27976",2,1,70,0
"27977",1,10,63,0
"27978",2,6,59,0
"27979",3,1,54,0
"27980",4,1,54,0
"27981",1,10,50,0
"27982",2,9,49,0
"27983",NA,0,NA,0
"27984",1,10,36,0
"27985",1,10,15,0
"27986",1,10,11,0
"27987",2,8,9,0
"27988",3,1,2,0
"27989",4,2,3,0
"27990",4,7,8,0
"27991",NA,0,35,0
"27992",1,10,77,0
"27993",2,5,72,0
"27994",1,10,58,NA
"27995",1,10,58,0
"27996",2,10,58,0
"27997",NA,0,NA,NA
"27998",1,10,43,0
"27999",2,8,41,0
"28000",3,3,36,0
"28001",1,10,18,0
"28002",2,2,10,0
"28003",3,2,10,0
"28004",4,13,21,0
"28005",NA,0,35,0
"28006",1,10,72,0
"28007",2,11,73,0
"28008",1,10,58,0
"28009",1,10,41,0
"28010",2,1,32,0
"28011",1,10,27,0
"28012",2,10,27,0
"28013",3,10,27,0
"28014",4,16,33,0
"28015",1,10,59,0
"28016",2,3,52,0
"28017",3,5,54,0
"28018",4,17,66,0
"28019",1,10,94,0
"28020",2,11,95,0
"28021",1,10,80,0
"28022",2,4,74,0
"28023",1,10,69,0
"28024",2,10,69,0
"28025",1,10,50,0
"28026",2,7,47,0
"28027",1,10,32,0
"28028",2,6,28,0
"28029",NA,0,NA,0
"28030",3,1,23,0
"28031",1,10,17,0
"28032",NA,0,NA,0
"28033",2,8,15,0
"28034",3,8,15,0
"28035",3,18,25,0
"28036",NA,0,NA,0
"28037",4,5,12,0
"28038",NA,0,NA,NA
"28039",NA,0,35,0
"28040",1,10,59,0
"28041",2,4,53,0
"28042",1,10,41,0
"28043",2,6,37,0
"28044",3,1,32,0
"28045",1,10,20,1
"28046",NA,0,15,0
"28047",NA,0,35,0
"28048",1,10,65,0
"28049",1,10,34,0
"28050",1,10,20,0
"28051",2,10,20,0
"28052",2,5,15,0
"28053",1,7,7,0
"28054",2,4,4,0
"28055",3,2,2,0
"28056",4,2,2,0
"28057",1,10,98,0
"28058",1,11,99,0
"28059",2,9,97,0
"28060",3,9,97,0
"28061",1,10,87,0
"28062",2,10,87,0
"28063",2,15,92,0
"28064",3,15,92,0
"28065",4,8,85,0
"28066",1,10,53,0
"28067",2,10,53,0
"28068",3,7,50,0
"28069",1,10,37,0
"28070",2,4,31,0
"28071",NA,0,NA,NA
"28072",1,10,20,0
"28073",2,1,11,0
"28074",1,8,8,0
"28075",2,8,8,0
"28076",3,1,1,1
"28077",NA,0,15,0
"28078",NA,0,35,0
"28079",1,10,70,0
"28080",1,10,60,0
"28081",2,6,56,0
"28082",3,9,59,0
"28083",1,10,15,0
"28084",2,4,9,0
"28085",3,3,8,0
"28086",1,5,5,0
"28087",2,4,4,0
"28088",3,1,1,0
"28089",NA,0,NA,0
"28090",4,1,1,0
"28091",1,10,98,0
"28092",1,10,78,0
"28093",2,13,81,0
"28094",3,13,81,0
"28095",4,19,87,0
"28096",1,10,42,0
"28097",2,9,41,0
"28098",1,10,29,0
"28099",NA,0,NA,0
"28100",2,5,24,0
"28101",1,6,6,0
"28102",NA,0,NA,0
"28103",2,5,5,0
"28104",3,1,1,0
"28105",NA,0,NA,0
"28106",4,1,1,0
"28107",1,10,97,0
"28108",1,10,69,0
"28109",NA,0,NA,0
"28110",2,9,68,0
"28111",NA,0,NA,0
"28112",3,6,65,0
"28113",1,10,40,0
"28114",2,8,38,0
"28115",3,8,38,0
"28116",4,8,38,0
"28117",1,10,54,0
"28118",2,10,54,0
"28119",NA,0,NA,NA
"28120",NA,0,35,0
"28121",1,10,65,0
"28122",1,10,33,0
"28123",1,10,23,0
"28124",NA,0,NA,0
"28125",2,6,19,0
"28126",1,10,11,0
"28127",NA,0,NA,NA
"28128",NA,0,NA,NA
"28129",NA,0,35,0
"28130",1,10,74,0
"28131",2,8,72,0
"28132",3,8,72,0
"28133",4,8,72,0
"28134",1,10,58,0
"28135",2,8,56,0
"28136",1,10,39,0
"28137",2,8,37,0
"28138",3,4,33,0
"28139",4,9,38,0
"28140",NA,0,35,0
"28141",1,10,16,0
"28142",2,10,16,0
"28143",3,17,23,0
"28144",4,15,21,0
"28145",1,10,71,0
"28146",1,10,55,0
"28147",2,8,53,0
"28148",3,1,46,0
"28149",3,5,50,0
"28150",3,10,55,0
"28151",4,18,63,0
"28152",1,10,92,0
"28153",2,6,88,0
"28154",3,1,83,0
"28155",1,10,81,0
"28156",2,10,81,0
"28157",1,10,71,0
"28158",1,17,78,0
"28159",2,15,76,0
"28160",3,8,69,0
"28161",4,1,62,0
"28162",1,10,77,0
"28163",NA,0,NA,NA
"28164",1,10,54,0
"28165",2,6,50,0
"28166",3,6,50,0
"28167",1,10,41,0
"28168",2,9,40,0
"28169",1,8,8,0
"28170",2,9,9,1
"28171",NA,0,15,0
"28172",NA,0,35,0
"28173",1,10,71,0
"28174",2,10,71,0
"28175",1,10,60,0
"28176",2,10,60,0
"28177",1,10,46,0
"28178",2,9,45,0
"28179",3,13,49,0
"28180",4,13,49,0
"28181",1,10,81,0
"28182",2,2,73,0
"28183",1,10,60,0
"28184",2,9,59,1
"28185",NA,0,15,0
"28186",NA,0,35,0
"28187",1,10,64,0
"28188",2,7,61,0
"28189",1,10,43,0
"28190",2,7,40,0
"28191",3,2,35,0
"28192",1,10,23,0
"28193",2,8,21,0
"28194",3,5,18,0
"28195",4,10,23,0
"28196",NA,0,35,0
"28197",1,10,65,0
"28198",2,4,59,0
"28199",1,10,51,0
"28200",1,10,35,0
"28201",2,4,29,0
"28202",3,4,29,0
"28203",4,4,29,0
"28204",1,10,62,0
"28205",2,10,62,0
"28206",NA,0,NA,0
"28207",3,5,57,0
"28208",4,1,53,0
"28209",NA,0,NA,0
"28210",1,10,51,0
"28211",2,5,46,0
"28212",1,10,40,0
"28213",1,15,45,0
"28214",2,15,45,0
"28215",3,6,36,0
"28216",NA,0,NA,0
"28217",4,6,36,0
"28218",NA,0,NA,NA
"28219",NA,0,35,0
"28220",1,10,75,0
"28221",1,10,57,0
"28222",2,6,53,0
"28223",3,2,49,0
"28224",1,10,45,0
"28225",2,4,39,0
"28226",3,1,36,0
"28227",1,10,33,0
"28228",2,10,33,0
"28229",3,1,24,0
"28230",1,10,20,0
"28231",2,10,20,0
"28232",1,8,8,0
"28233",2,5,5,0
"28234",3,2,2,0
"28235",4,1,1,0
"28236",1,10,98,0
"28237",2,7,95,0
"28238",3,6,94,0
"28239",4,1,89,0
"28240",1,10,59,0
"28241",2,9,58,0
"28242",3,4,53,0
"28243",4,1,50,0
"28244",1,10,48,0
"28245",2,7,45,0
"28246",1,10,27,0
"28247",2,12,29,0
"28248",1,10,16,0
"28249",2,12,18,0
"28250",2,17,23,0
"28251",NA,0,NA,NA
"28252",3,1,7,0
"28253",4,1,7,0
"28254",1,5,5,0
"28255",2,1,1,0
"28256",3,1,1,0
"28257",4,15,15,0
"28258",NA,0,35,0
"28259",1,10,68,0
"28260",2,23,81,0
"28261",1,10,49,1
"28262",NA,0,2,0
"28263",NA,0,35,0
"28264",1,10,65,0
"28265",2,10,65,0
"28266",3,3,58,0
"28267",4,14,69,0
"28268",1,10,73,0
"28269",2,4,67,0
"28270",3,1,64,0
"28271",1,10,63,0
"28272",2,6,59,0
"28273",3,10,63,0
"28274",NA,0,NA,0
"28275",4,2,55,0
"28276",1,10,88,0
"28277",1,10,77,0
"28278",1,10,66,0
"28279",2,10,66,0
"28280",3,15,71,0
"28281",4,15,71,0
"28282",1,10,42,0
"28283",NA,0,NA,0
"28284",2,5,37,0
"28285",NA,0,NA,0
"28286",3,6,38,0
"28287",4,6,38,0
"28288",4,11,43,0
"28289",1,10,88,0
"28290",2,10,88,0
"28291",1,10,74,0
"28292",2,2,66,0
"28293",3,2,66,0
"28294",1,10,62,0
"28295",2,3,55,0
"28296",1,10,48,0
"28297",2,3,41,0
"28298",NA,0,NA,0
"28299",1,10,32,0
"28300",2,10,32,0
"28301",3,17,39,0
"28302",4,7,29,0
"28303",1,10,80,0
"28304",NA,0,NA,NA
"28305",NA,0,NA,NA
"28306",NA,0,35,0
"28307",1,10,78,0
"28308",2,10,78,0
"28309",3,4,72,0
"28310",4,4,72,0
"28311",1,10,81,0
"28312",2,6,77,0
"28313",3,6,77,0
"28314",4,1,72,0
"28315",1,10,69,0
"28316",2,10,69,0
"28317",3,8,67,0
"28318",1,10,54,0
"28319",2,1,45,0
"28320",3,1,45,1
"28321",NA,0,15,0
"28322",NA,0,35,0
"28323",1,10,59,0
"28324",2,3,52,0
"28325",1,10,47,0
"28326",1,10,37,0
"28327",2,10,37,0
"28328",1,10,25,0
"28329",1,6,6,0
"28330",2,5,5,0
"28331",3,5,5,0
"28332",4,5,5,0
"28333",NA,0,35,0
"28334",1,10,88,0
"28335",2,4,82,0
"28336",NA,0,NA,0
"28337",3,6,84,0
"28338",4,4,82,0
"28339",1,10,66,0
"28340",2,6,62,0
"28341",3,6,62,0
"28342",4,6,62,0
"28343",1,10,95,0
"28344",2,9,94,0
"28345",1,10,72,0
"28346",NA,0,NA,NA
"28347",2,4,66,0
"28348",1,10,58,0
"28349",1,10,45,0
"28350",2,13,48,0
"28351",3,3,38,0
"28352",4,2,37,0
"28353",1,10,14,0
"28354",2,12,16,0
"28355",3,22,26,0
"28356",4,22,26,0
"28357",NA,0,35,0
"28358",1,10,77,0
"28359",1,10,53,0
"28360",1,10,33,0
"28361",2,5,28,0
"28362",3,5,28,0
"28363",4,1,24,0
"28364",1,10,18,0
"28365",2,10,18,0
"28366",1,10,13,0
"28367",2,1,4,0
"28368",3,1,4,0
"28369",1,2,2,0
"28370",2,2,2,1
"28371",NA,0,15,0
"28372",NA,0,35,0
"28373",1,10,75,0
"28374",1,10,30,0
"28375",2,12,32,0
"28376",3,17,37,0
"28377",4,5,25,0
"28378",NA,0,35,1
"28379",NA,0,15,0
"28380",NA,0,35,0
"28381",1,10,75,0
"28382",2,3,68,0
"28383",NA,0,NA,0
"28384",1,10,49,0
"28385",NA,0,NA,0
"28386",2,2,41,0
"28387",1,8,8,0
"28388",NA,0,NA,0
"28389",2,8,8,1
"28390",NA,0,15,0
"28391",NA,0,35,0
"28392",1,10,65,0
"28393",NA,0,NA,NA
"28394",NA,0,35,0
"28395",1,10,80,0
"28396",2,9,79,0
"28397",1,10,61,0
"28398",2,8,59,0
"28399",3,6,57,0
"28400",4,24,75,0
"28401",1,10,69,0
"28402",1,15,74,0
"28403",2,16,75,0
"28404",2,26,85,0
"28405",3,16,75,0
"28406",4,16,75,0
"28407",1,10,90,0
"28408",2,6,86,0
"28409",3,6,86,0
"28410",4,11,91,0
"28411",1,10,53,0
"28412",2,7,50,0
"28413",3,2,45,0
"28414",4,2,45,0
"28415",4,7,50,0
"28416",1,10,92,0
"28417",2,6,88,0
"28418",3,3,85,0
"28419",1,10,22,0
"28420",2,3,15,0
"28421",3,2,14,0
"28422",1,10,11,0
"28423",2,10,11,0
"28424",2,15,16,0
"28425",3,15,16,0
"28426",4,7,8,0
"28427",NA,0,35,0
"28428",1,10,65,0
"28429",NA,0,NA,NA
"28430",2,18,73,0
"28431",3,13,68,0
"28432",1,10,54,0
"28433",2,8,52,0
"28434",1,10,32,0
"28435",2,7,29,0
"28436",3,2,24,0
"28437",4,1,23,0
"28438",1,10,75,0
"28439",2,9,74,0
"28440",3,9,74,0
"28441",4,9,74,0
"28442",1,10,62,0
"28443",2,5,57,0
"28444",3,12,64,0
"28445",1,10,20,0
"28446",2,15,25,0
"28447",3,10,20,0
"28448",4,10,20,0
"28449",NA,0,35,0
"28450",1,10,79,0
"28451",1,10,63,0
"28452",2,10,63,0
"28453",3,6,59,0
"28454",4,2,55,0
"28455",1,10,82,0
"28456",2,4,76,0
"28457",3,1,73,0
"28458",1,10,65,0
"28459",2,1,56,0
"28460",1,10,53,0
"28461",2,10,53,0
"28462",NA,0,NA,0
"28463",3,20,63,0
"28464",4,27,70,0
"28465",NA,0,NA,0
"28466",1,10,26,0
"28467",2,10,26,0
"28468",NA,0,NA,0
"28469",3,1,17,0
"28470",4,1,17,0
"28471",4,6,22,0
"28472",1,10,91,0
"28473",NA,0,NA,NA
"28474",NA,0,NA,NA
"28475",NA,0,35,0
"28476",1,10,72,0
"28477",2,7,69,0
"28478",3,10,72,0
"28479",1,10,61,0
"28480",2,7,58,0
"28481",3,3,54,0
"28482",1,10,48,0
"28483",2,10,48,0
"28484",3,3,41,0
"28485",1,10,35,0
"28486",2,7,32,0
"28487",1,10,24,0
"28488",2,2,16,0
"28489",1,10,12,0
"28490",2,10,12,1
"28491",NA,0,15,0
"28492",NA,0,35,0
"28493",1,10,65,0
"28494",2,6,61,0
"28495",2,16,71,0
"28496",3,13,68,0
"28497",4,3,58,0
"28498",1,10,92,0
"28499",1,10,16,0
"28500",2,5,11,0
"28501",3,2,8,0
"28502",1,1,1,0
"28503",1,10,80,0
"28504",2,6,76,0
"28505",NA,0,NA,NA
"28506",1,10,67,0
"28507",1,10,56,0
"28508",2,6,52,0
"28509",3,1,47,0
"28510",4,1,47,0
"28511",1,10,44,0
"28512",2,7,41,0
"28513",1,10,32,0
"28514",2,6,28,0
"28515",NA,0,NA,0
"28516",3,6,28,0
"28517",1,10,80,0
"28518",2,4,74,0
"28519",3,2,72,0
"28520",4,2,72,0
"28521",1,10,83,0
"28522",1,10,67,0
"28523",2,8,65,0
"28524",1,10,33,0
"28525",1,10,22,0
"28526",2,2,14,0
"28527",1,10,10,0
"28528",2,9,9,0
"28529",3,4,4,0
"28530",4,7,7,0
"28531",NA,0,35,0
"28532",1,10,54,0
"28533",2,10,54,0
"28534",1,10,29,0
"28535",2,10,29,0
"28536",3,10,29,0
"28537",4,10,29,0
"28538",NA,0,35,0
"28539",1,10,75,0
"28540",2,4,69,0
"28541",3,4,69,0
"28542",4,14,79,0
"28543",1,10,65,0
"28544",NA,0,NA,0
"28545",2,1,56,0
"28546",NA,0,NA,0
"28547",3,1,56,0
"28548",NA,0,NA,NA
"28549",NA,0,35,0
"28550",1,10,73,0
"28551",1,10,56,0
"28552",1,20,66,0
"28553",2,18,64,0
"28554",3,6,52,0
"28555",4,6,52,0
"28556",1,10,80,0
"28557",1,10,68,0
"28558",2,9,67,0
"28559",3,5,63,0
"28560",1,10,56,0
"28561",2,3,49,0
"28562",1,10,45,0
"28563",2,2,37,0
"28564",1,10,33,0
"28565",2,9,32,0
"28566",3,6,29,0
"28567",1,10,19,0
"28568",2,3,12,1
"28569",NA,0,15,0
"28570",NA,0,35,0
"28571",1,10,68,0
"28572",2,10,68,0
"28573",1,10,54,0
"28574",2,6,50,0
"28575",1,10,40,0
"28576",2,4,34,0
"28577",1,10,29,0
"28578",2,10,29,1
"28579",NA,0,15,0
"28580",NA,0,1,0
"28581",NA,0,35,0
"28582",1,10,70,0
"28583",NA,0,NA,NA
"28584",2,2,62,0
"28585",1,10,45,0
"28586",1,10,26,0
"28587",2,9,25,0
"28588",3,2,18,0
"28589",1,10,15,0
"28590",2,13,18,0
"28591",3,18,23,0
"28592",4,6,11,0
"28593",NA,0,35,0
"28594",1,10,65,0
"28595",2,10,65,0
"28596",1,10,47,0
"28597",2,7,44,0
"28598",1,10,35,0
"28599",2,8,33,0
"28600",1,10,74,0
"28601",2,7,71,0
"28602",2,12,76,0
"28603",3,12,76,0
"28604",NA,0,NA,0
"28605",4,4,68,0
"28606",1,10,66,0
"28607",2,10,66,0
"28608",1,10,55,0
"28609",1,10,41,0
"28610",2,10,41,0
"28611",NA,0,NA,0
"28612",3,18,49,0
"28613",4,8,39,0
"28614",1,10,53,0
"28615",NA,0,NA,0
"28616",2,5,48,0
"28617",NA,0,NA,0
"28618",3,3,46,0
"28619",NA,0,NA,0
"28620",4,1,44,0
"28621",1,10,41,0
"28622",2,11,42,0
"28623",NA,0,NA,NA
"28624",NA,0,NA,NA
"28625",NA,0,35,0
"28626",1,10,68,0
"28627",2,10,68,0
"28628",3,8,66,0
"28629",4,2,60,0
"28630",1,10,86,0
"28631",2,10,86,0
"28632",3,3,79,0
"28633",1,10,75,0
"28634",1,19,84,0
"28635",2,14,79,0
"28636",3,19,84,0
"28637",4,18,83,0
"28638",1,10,13,0
"28639",2,5,8,1
"28640",NA,0,15,0
"28641",NA,0,35,0
"28642",1,10,65,0
"28643",2,11,66,0
"28644",3,11,66,0
"28645",4,19,74,0
"28646",1,10,60,0
"28647",2,13,63,0
"28648",3,16,66,0
"28649",4,16,66,0
"28650",1,10,74,0
"28651",1,15,79,0
"28652",2,18,82,0
"28653",3,18,82,0
"28654",4,4,68,0
"28655",1,10,73,0
"28656",1,10,56,0
"28657",2,8,54,0
"28658",3,8,54,0
"28659",NA,0,NA,0
"28660",1,2,2,1
"28661",NA,0,15,0
"28662",NA,0,35,0
"28663",1,10,75,0
"28664",NA,0,50,NA
"28665",1,10,50,0
"28666",2,10,50,0
"28667",1,10,39,0
"28668",2,12,41,0
"28669",1,10,27,0
"28670",2,16,33,0
"28671",3,13,30,0
"28672",4,13,30,0
"28673",1,10,62,0
"28674",1,10,26,0
"28675",2,8,24,0
"28676",3,13,29,0
"28677",4,7,23,0
"28678",NA,0,35,0
"28679",1,10,59,0
"28680",2,16,65,0
"28681",3,11,60,0
"28682",4,11,60,0
"28683",1,10,79,0
"28684",2,10,79,0
"28685",1,10,64,0
"28686",1,10,52,0
"28687",2,18,60,0
"28688",3,15,57,0
"28689",4,22,64,0
"28690",1,10,72,0
"28691",1,10,76,0
"28692",2,7,73,0
"28693",3,10,76,0
"28694",4,10,76,0
"28695",1,10,72,0
"28696",2,11,73,0
"28697",NA,0,NA,0
"28698",3,9,71,0
"28699",NA,0,NA,0
"28700",4,3,65,0
"28701",1,10,77,0
"28702",1,10,63,0
"28703",1,10,44,0
"28704",2,22,56,0
"28705",NA,0,NA,0
"28706",2,27,61,0
"28707",3,27,61,0
"28708",NA,0,NA,0
"28709",4,25,59,0
"28710",1,10,91,0
"28711",NA,0,NA,NA
"28712",NA,0,35,0
"28713",1,10,63,0
"28714",2,4,57,0
"28715",3,5,58,0
"28716",1,10,49,0
"28717",2,10,49,0
"28718",3,18,57,0
"28719",4,4,43,0
"28720",1,10,48,0
"28721",2,10,48,0
"28722",3,11,49,0
"28723",4,3,41,0
"28724",4,8,46,0
"28725",1,10,80,0
"28726",2,10,80,0
"28727",3,6,76,0
"28728",4,6,76,0
"28729",1,10,87,0
"28730",1,16,93,0
"28731",2,18,95,0
"28732",3,12,89,0
"28733",1,10,74,0
"28734",2,6,70,0
"28735",3,1,65,0
"28736",3,6,70,0
"28737",4,6,70,0
"28738",1,10,65,0
"28739",2,10,65,0
"28740",3,7,62,0
"28741",1,10,29,0
"28742",2,10,29,0
"28743",3,8,27,0
"28744",3,3,22,0
"28745",4,3,22,0
"28746",1,10,78,0
"28747",1,10,63,0
"28748",NA,0,NA,NA
"28749",1,10,52,0
"28750",2,10,52,0
"28751",1,10,44,0
"28752",1,10,18,0
"28753",2,13,21,0
"28754",2,23,31,0
"28755",3,26,34,0
"28756",4,26,34,0
"28757",NA,0,35,0
"28758",1,10,82,0
"28759",1,10,68,0
"28760",2,18,76,0
"28761",2,23,81,0
"28762",3,19,77,0
"28763",4,11,69,0
"28764",1,10,67,0
"28765",2,10,67,0
"28766",3,9,66,1
"28767",NA,0,15,0
"28768",NA,0,35,0
"28769",1,10,65,0
"28770",2,5,60,0
"28771",1,10,45,0
"28772",2,2,37,0
"28773",1,10,34,0
"28774",1,10,13,0
"28775",2,10,13,0
"28776",2,20,23,0
"28777",3,11,14,0
"28778",4,2,5,1
"28779",NA,0,15,0
"28780",NA,0,35,0
"28781",1,10,72,0
"28782",2,7,69,0
"28783",NA,0,NA,0
"28784",3,9,71,0
"28785",NA,0,NA,0
"28786",4,10,72,0
"28787",1,10,69,0
"28788",2,18,77,0
"28789",3,6,65,0
"28790",1,10,58,0
"28791",2,1,49,0
"28792",1,10,43,0
"28793",1,10,51,0
"28794",2,1,42,0
"28795",1,10,37,0
"28796",NA,0,NA,0
"28797",2,7,34,0
"28798",3,11,38,0
"28799",4,7,34,0
"28800",4,2,29,0
"28801",1,10,90,0
"28802",1,10,72,0
"28803",2,2,64,0
"28804",NA,0,NA,NA
"28805",NA,0,NA,NA
"28806",NA,0,35,0
"28807",1,10,69,0
"28808",2,2,61,0
"28809",3,1,60,0
"28810",1,10,58,0
"28811",2,4,52,0
"28812",2,13,61,0
"28813",3,10,58,0
"28814",3,15,63,0
"28815",4,3,51,0
"28816",4,8,56,0
"28817",1,10,96,0
"28818",2,7,93,0
"28819",1,3,3,0
"28820",2,6,6,1
"28821",NA,0,15,0
"28822",NA,0,35,0
"28823",1,10,74,0
"28824",1,10,63,0
"28825",2,1,54,0
"28826",1,10,52,0
"28827",2,3,45,0
"28828",3,3,45,0
"28829",1,10,41,0
"28830",2,1,32,0
"28831",3,1,32,0
"28832",1,10,29,0
"28833",1,10,19,0
"28834",2,2,11,0
"28835",1,8,8,0
"28836",2,4,4,0
"28837",2,18,18,0
"28838",NA,0,NA,NA
"28839",3,15,15,0
"28840",3,10,10,0
"28841",4,10,10,0
"28842",NA,0,35,0
"28843",1,10,75,0
"28844",2,6,71,0
"28845",3,1,66,0
"28846",1,10,62,0
"28847",2,10,62,0
"28848",3,1,53,0
"28849",1,5,5,0
"28850",2,4,4,1
"28851",NA,0,15,0
"28852",NA,0,35,0
"28853",1,10,78,0
"28854",2,7,75,0
"28855",3,4,72,0
"28856",1,10,66,0
"28857",2,2,58,0
"28858",3,1,57,0
"28859",NA,0,NA,0
"28860",4,1,57,0
"28861",1,10,56,0
"28862",2,3,49,0
"28863",1,10,45,0
"28864",1,10,30,0
"28865",2,8,28,0
"28866",3,9,29,0
"28867",4,10,30,0
"28868",NA,0,35,0
"28869",1,10,69,0
"28870",2,2,61,0
"28871",NA,0,NA,0
"28872",3,1,60,0
"28873",4,1,60,0
"28874",4,6,65,0
"28875",1,10,85,0
"28876",1,10,67,0
"28877",1,10,53,0
"28878",2,10,53,0
"28879",2,15,58,0
"28880",1,10,41,0
"28881",1,10,12,0
"28882",2,10,12,0
"28883",NA,0,NA,0
"28884",1,6,6,0
"28885",NA,0,NA,0
"28886",2,4,4,0
"28887",NA,0,NA,0
"28888",3,4,4,0
"28889",4,4,4,0
"28890",NA,0,35,0
"28891",1,10,67,0
"28892",NA,0,NA,NA
"28893",NA,0,35,0
"28894",1,10,71,0
"28895",2,10,71,0
"28896",3,10,71,0
"28897",4,3,64,0
"28898",1,10,63,0
"28899",2,11,64,0
"28900",3,5,58,0
"28901",1,10,46,0
"28902",1,10,20,0
"28903",2,4,14,0
"28904",3,4,14,0
"28905",4,4,14,0
"28906",NA,0,35,0
"28907",1,10,80,0
"28908",2,2,72,0
"28909",1,10,69,0
"28910",1,10,64,0
"28911",2,5,59,0
"28912",3,3,57,0
"28913",4,3,57,0
"28914",1,10,74,0
"28915",2,6,70,0
"28916",3,1,65,0
"28917",1,10,38,0
"28918",2,8,36,0
"28919",1,10,23,0
"28920",2,10,23,0
"28921",1,7,7,0
"28922",2,5,5,0
"28923",3,5,5,0
"28924",4,5,5,0
"28925",NA,0,35,0
"28926",1,10,72,0
"28927",2,8,70,0
"28928",1,10,59,0
"28929",NA,0,NA,NA
"28930",1,10,17,0
"28931",2,10,17,0
"28932",1,10,94,0
"28933",2,12,96,0
"28934",3,12,96,0
"28935",4,12,96,0
"28936",1,10,56,0
"28937",2,10,56,0
"28938",3,2,48,0
"28939",1,10,45,0
"28940",2,10,45,0
"28941",2,10,45,0
"28942",1,10,32,0
"28943",1,10,22,0
"28944",2,11,23,0
"28945",1,10,11,0
"28946",2,1,2,1
"28947",NA,0,2,0
"28948",NA,0,35,0
"28949",1,10,67,0
"28950",2,10,67,0
"28951",3,3,60,0
"28952",4,3,60,0
"28953",1,10,88,0
"28954",2,11,89,0
"28955",3,11,89,0
"28956",4,11,89,0
"28957",1,10,51,0
"28958",2,10,51,0
"28959",3,10,51,0
"28960",4,4,45,0
"28961",4,9,50,0
"28962",1,10,94,0
"28963",1,13,97,0
"28964",2,13,97,0
"28965",1,10,50,0
"28966",2,8,48,0
"28967",3,8,48,0
"28968",4,3,43,0
"28969",1,10,24,0
"28970",2,8,22,0
"28971",NA,0,NA,0
"28972",1,10,14,0
"28973",NA,0,NA,0
"28974",2,7,11,0
"28975",3,1,5,0
"28976",NA,0,NA,0
"28977",1,2,2,0
"28978",2,3,3,0
"28979",NA,0,NA,0
"28980",3,3,3,0
"28981",NA,0,NA,0
"28982",4,7,7,0
"28983",NA,0,NA,NA
"28984",NA,0,35,0
"28985",1,10,67,0
"28986",2,6,63,0
"28987",3,1,58,0
"28988",4,3,60,0
"28989",1,10,90,0
"28990",2,3,83,0
"28991",3,1,81,0
"28992",1,10,79,0
"28993",2,10,79,0
"28994",3,7,76,0
"28995",1,10,45,0
"28996",2,10,45,0
"28997",1,10,24,0
"28998",2,7,21,0
"28999",NA,0,NA,0
"29000",1,10,11,0
"29001",NA,0,NA,0
"29002",2,8,9,0
"29003",NA,0,NA,NA
"29004",NA,0,NA,NA
"29005",NA,0,35,0
"29006",1,10,72,0
"29007",2,1,63,0
"29008",1,10,60,0
"29009",2,8,58,0
"29010",3,2,52,0
"29011",1,10,49,0
"29012",2,5,44,0
"29013",3,6,45,0
"29014",4,14,53,0
"29015",1,10,97,0
"29016",2,8,95,0
"29017",1,10,65,0
"29018",1,5,60,0
"29019",1,10,15,1
"29020",NA,0,15,0
"29021",NA,0,35,0
"29022",1,10,77,0
"29023",1,10,64,0
"29024",1,10,54,0
"29025",1,10,38,0
"29026",2,10,38,0
"29027",1,10,34,0
"29028",2,10,34,0
"29029",3,17,41,0
"29030",4,22,46,0
"29031",1,10,92,0
"29032",2,6,88,0
"29033",3,6,88,1
"29034",NA,0,15,0
"29035",NA,0,35,0
"29036",1,10,65,0
"29037",2,7,62,0
"29038",3,7,62,0
"29039",1,10,43,0
"29040",2,4,37,0
"29041",NA,0,NA,NA
"29042",3,6,39,0
"29043",1,10,30,0
"29044",2,8,28,0
"29045",3,8,28,0
"29046",4,14,34,0
"29047",NA,0,35,0
"29048",1,10,65,0
"29049",2,6,61,0
"29050",3,6,61,0
"29051",1,10,56,0
"29052",1,15,61,0
"29053",2,4,50,0
"29054",1,10,35,0
"29055",1,10,24,0
"29056",1,10,13,0
"29057",2,1,4,0
"29058",1,2,2,0
"29059",2,1,1,1
"29060",NA,0,15,0
"29061",NA,0,35,0
"29062",1,10,65,0
"29063",2,10,65,0
"29064",3,6,61,0
"29065",4,6,61,0
"29066",1,10,87,0
"29067",1,16,93,0
"29068",2,14,91,0
"29069",3,4,81,0
"29070",1,10,75,0
"29071",2,22,87,0
"29072",3,13,78,0
"29073",4,1,66,0
"29074",1,10,60,0
"29075",1,10,47,0
"29076",2,6,43,0
"29077",3,3,40,0
"29078",1,10,35,0
"29079",NA,0,NA,0
"29080",2,11,36,0
"29081",1,10,18,0
"29082",2,7,15,0
"29083",3,7,15,0
"29084",4,7,15,0
"29085",1,10,77,0
"29086",2,10,77,0
"29087",NA,0,NA,NA
"29088",NA,0,35,0
"29089",1,10,57,0
"29090",1,10,42,0
"29091",1,10,30,0
"29092",NA,0,NA,0
"29093",1,6,6,0
"29094",1,10,80,0
"29095",2,4,74,0
"29096",3,4,74,0
"29097",3,14,84,0
"29098",4,14,84,0
"29099",1,10,27,0
"29100",2,1,18,0
"29101",1,10,14,0
"29102",2,10,14,0
"29103",2,18,22,0
"29104",3,6,10,1
"29105",NA,0,15,0
"29106",NA,0,35,0
"29107",1,10,79,0
"29108",2,9,78,0
"29109",1,10,69,0
"29110",2,10,69,0
"29111",3,10,69,0
"29112",4,27,86,0
"29113",1,10,77,0
"29114",2,7,74,0
"29115",NA,0,NA,0
"29116",3,3,70,0
"29117",1,10,39,0
"29118",2,11,40,0
"29119",3,16,45,0
"29120",4,18,47,0
"29121",1,10,91,0
"29122",2,9,90,0
"29123",1,10,79,0
"29124",NA,0,NA,NA
"29125",2,8,77,0
"29126",3,3,72,0
"29127",4,1,70,0
"29128",1,10,78,0
"29129",1,10,66,0
"29130",2,10,66,0
"29131",3,10,66,0
"29132",4,10,66,0
"29133",1,10,99,0
"29134",2,2,91,0
"29135",1,10,87,0
"29136",2,8,85,0
"29137",1,10,68,0
"29138",2,8,66,0
"29139",3,8,66,0
"29140",1,10,41,0
"29141",2,7,38,0
"29142",3,8,39,1
"29143",NA,0,15,0
"29144",NA,0,35,0
"29145",1,10,65,0
"29146",1,10,42,0
"29147",2,9,41,0
"29148",1,10,24,0
"29149",1,5,19,0
"29150",2,5,19,0
"29151",1,9,9,1
"29152",NA,0,15,0
"29153",NA,0,35,0
"29154",1,10,70,0
"29155",2,4,64,0
"29156",3,11,71,0
"29157",3,21,81,0
"29158",4,12,72,0
"29159",1,10,28,0
"29160",NA,0,NA,0
"29161",2,7,25,0
"29162",NA,0,NA,0
"29163",3,1,19,0
"29164",NA,0,NA,0
"29165",4,1,19,0
"29166",1,10,80,0
"29167",2,10,80,0
"29168",3,10,80,0
"29169",4,1,71,0
"29170",1,10,63,0
"29171",1,5,58,0
"29172",1,10,42,0
"29173",1,10,11,0
"29174",2,10,11,0
"29175",NA,0,35,0
"29176",1,10,65,0
"29177",NA,0,NA,NA
"29178",NA,0,35,0
"29179",1,10,65,0
"29180",1,10,40,0
"29181",2,7,37,0
"29182",3,4,34,0
"29183",4,4,34,0
"29184",NA,0,35,0
"29185",NA,0,NA,0
"29186",1,10,72,0
"29187",2,14,76,0
"29188",3,5,67,0
"29189",1,10,62,0
"29190",1,10,48,0
"29191",2,6,44,0
"29192",3,4,42,0
"29193",4,4,42,0
"29194",NA,0,NA,NA
"29195",NA,0,NA,NA
"29196",NA,0,35,0
"29197",1,10,65,0
"29198",2,7,62,0
"29199",1,10,49,0
"29200",1,10,34,0
"29201",2,10,34,0
"29202",3,10,34,0
"29203",4,10,34,0
"29204",NA,0,35,0
"29205",1,10,70,0
"29206",2,10,70,0
"29207",3,3,63,0
"29208",1,10,51,0
"29209",2,6,47,0
"29210",1,10,23,0
"29211",2,6,19,0
"29212",1,1,1,1
"29213",NA,0,15,0
"29214",NA,0,35,0
"29215",1,10,72,0
"29216",2,7,69,0
"29217",3,1,63,0
"29218",1,10,61,0
"29219",2,13,64,0
"29220",3,9,60,0
"29221",4,4,55,0
"29222",1,10,98,0
"29223",2,1,89,0
"29224",3,1,89,0
"29225",1,10,81,0
"29226",2,10,81,0
"29227",3,10,81,0
"29228",1,10,67,0
"29229",2,10,67,0
"29230",2,15,72,0
"29231",3,15,72,0
"29232",4,19,76,0
"29233",1,10,76,0
"29234",2,3,69,0
"29235",NA,0,NA,NA
"29236",1,10,65,0
"29237",2,5,60,0
"29238",1,10,38,0
"29239",2,2,30,0
"29240",1,10,26,0
"29241",2,6,22,0
"29242",3,1,17,0
"29243",4,1,17,0
"29244",1,10,82,0
"29245",1,10,71,0
"29246",2,3,64,0
"29247",3,1,62,0
"29248",1,10,58,0
"29249",2,6,54,0
"29250",3,1,49,0
"29251",NA,0,NA,0
"29252",1,10,47,0
"29253",1,10,37,0
"29254",2,10,37,0
"29255",1,10,19,0
"29256",2,10,19,0
"29257",3,5,14,0
"29258",NA,0,NA,0
"29259",4,5,14,0
"29260",NA,0,35,0
"29261",1,10,73,0
"29262",2,2,65,0
"29263",3,1,64,0
"29264",1,10,59,0
"29265",1,10,40,0
"29266",2,10,40,0
"29267",NA,0,NA,0
"29268",3,17,47,0
"29269",NA,0,NA,0
"29270",4,11,41,0
"29271",NA,0,35,0
"29272",1,10,65,0
"29273",NA,0,NA,NA
"29274",NA,0,35,0
"29275",1,10,72,0
"29276",2,7,69,0
"29277",1,10,58,0
"29278",1,10,45,0
"29279",2,11,46,0
"29280",3,15,50,0
"29281",4,15,50,0
"29282",1,5,5,0
"29283",2,1,1,1
"29284",NA,0,15,0
"29285",NA,0,35,0
"29286",1,10,66,0
"29287",2,17,73,0
"29288",3,12,68,0
"29289",4,8,64,0
"29290",1,10,92,0
"29291",2,5,87,0
"29292",NA,0,NA,0
"29293",3,5,87,0
"29294",1,10,81,0
"29295",1,10,70,0
"29296",2,7,67,0
"29297",3,1,61,0
"29298",4,3,63,0
"29299",1,10,87,0
"29300",2,11,88,0
"29301",3,16,93,0
"29302",4,22,99,0
"29303",1,10,55,0
"29304",1,10,43,0
"29305",2,4,37,0
"29306",NA,0,NA,NA
"29307",1,10,29,0
"29308",1,10,18,0
"29309",2,7,15,0
"29310",3,3,11,0
"29311",4,4,12,0
"29312",NA,0,35,0
"29313",1,10,81,0
"29314",2,12,83,0
"29315",2,17,88,0
"29316",3,17,88,0
"29317",4,27,98,0
"29318",1,10,40,0
"29319",1,10,29,0
"29320",1,15,34,0
"29321",2,14,33,0
"29322",3,3,22,0
"29323",4,2,21,0
"29324",NA,0,35,0
"29325",1,10,65,0
"29326",1,10,40,0
"29327",2,10,40,0
"29328",NA,0,NA,0
"29329",3,9,39,0
"29330",4,9,39,0
"29331",1,10,93,0
"29332",2,3,86,0
"29333",1,10,82,0
"29334",1,10,72,0
"29335",2,5,67,0
"29336",1,10,63,0
"29337",2,8,61,0
"29338",1,10,51,0
"29339",2,8,49,0
"29340",3,1,42,0
"29341",1,10,38,0
"29342",NA,0,NA,NA
"29343",NA,0,NA,NA
"29344",NA,0,35,0
"29345",1,10,76,0
"29346",2,7,73,0
"29347",3,1,67,0
"29348",1,10,65,0
"29349",2,4,59,0
"29350",3,4,59,0
"29351",4,4,59,0
"29352",1,10,81,0
"29353",1,10,71,0
"29354",2,5,66,0
"29355",3,3,64,0
"29356",1,10,60,0
"29357",2,9,59,0
"29358",3,5,55,0
"29359",1,10,42,0
"29360",2,10,42,0
"29361",3,3,35,0
"29362",4,3,35,0
"29363",NA,0,35,0
"29364",1,10,72,0
"29365",2,10,72,0
"29366",3,6,68,0
"29367",4,6,68,0
"29368",1,10,76,0
"29369",2,7,73,0
"29370",1,10,65,0
"29371",2,1,56,0
"29372",1,10,50,0
"29373",2,10,50,0
"29374",3,5,45,0
"29375",4,5,45,0
"29376",1,10,40,0
"29377",2,5,35,0
"29378",3,5,35,0
"29379",4,15,45,0
"29380",NA,0,NA,NA
"29381",1,10,90,0
"29382",2,4,84,1
"29383",NA,0,15,0
"29384",NA,0,35,0
"29385",1,10,70,0
"29386",2,1,61,0
"29387",1,10,60,0
"29388",2,10,60,0
"29389",3,3,53,0
"29390",1,10,48,0
"29391",2,5,43,0
"29392",3,2,40,0
"29393",1,10,28,1
"29394",NA,0,15,0
"29395",NA,0,35,0
"29396",1,10,80,0
"29397",2,10,80,0
"29398",1,10,69,0
"29399",2,5,64,1
"29400",NA,0,15,0
"29401",NA,0,35,0
"29402",1,10,65,0
"29403",2,4,59,0
"29404",1,10,54,0
"29405",1,20,64,0
"29406",2,18,62,0
"29407",3,18,62,0
"29408",3,23,67,0
"29409",4,6,50,0
"29410",1,10,90,0
"29411",2,6,86,0
"29412",1,10,69,0
"29413",2,7,66,0
"29414",1,10,52,0
"29415",1,10,31,0
"29416",2,8,29,0
"29417",3,8,29,0
"29418",NA,0,NA,0
"29419",NA,0,NA,0
"29420",4,2,23,0
"29421",NA,0,35,0
"29422",1,10,82,0
"29423",NA,0,NA,0
"29424",1,10,61,0
"29425",NA,0,NA,0
"29426",1,10,45,0
"29427",NA,0,NA,NA
"29428",NA,0,35,0
"29429",1,10,69,0
"29430",2,7,66,0
"29431",3,4,63,0
"29432",4,4,63,0
"29433",1,10,90,0
"29434",2,11,91,0
"29435",3,11,91,0
"29436",1,10,54,0
"29437",1,10,40,0
"29438",1,5,5,0
"29439",2,5,5,0
"29440",NA,0,NA,0
"29441",3,1,1,0
"29442",4,1,1,0
"29443",1,1,1,0
"29444",2,1,1,0
"29445",2,11,11,0
"29446",NA,0,NA,0
"29447",3,1,1,0
"29448",4,1,1,0
"29449",1,10,98,0
"29450",1,10,86,0
"29451",1,10,69,0
"29452",2,4,63,0
"29453",3,4,63,0
"29454",4,4,63,0
"29455",1,10,76,0
"29456",2,6,72,0
"29457",1,10,63,0
"29458",2,6,59,0
"29459",1,10,35,0
"29460",2,4,29,0
"29461",3,13,38,0
"29462",4,2,27,0
"29463",NA,0,35,0
"29464",1,10,76,0
"29465",2,5,71,0
"29466",NA,0,NA,NA
"29467",3,1,67,0
"29468",1,10,64,0
"29469",2,2,56,0
"29470",3,1,55,0
"29471",4,1,55,0
"29472",4,6,60,0
"29473",1,10,80,0
"29474",1,20,90,0
"29475",1,10,67,0
"29476",2,4,61,0
"29477",1,10,54,0
"29478",2,5,49,0
"29479",1,10,31,0
"29480",2,10,31,0
"29481",1,10,19,0
"29482",2,9,18,0
"29483",1,4,4,0
"29484",2,4,4,0
"29485",3,1,1,0
"29486",4,1,1,0
"29487",NA,0,35,0
"29488",1,10,71,0
"29489",2,10,71,0
"29490",1,10,58,0
"29491",1,10,44,0
"29492",1,10,17,1
"29493",NA,0,15,0
"29494",NA,0,35,0
"29495",1,10,60,0
"29496",2,1,51,0
"29497",NA,0,NA,0
"29498",1,10,49,0
"29499",NA,0,50,0
"29500",2,11,50,0
"29501",3,11,50,0
"29502",NA,0,NA,0
"29503",1,10,36,0
"29504",2,9,35,0
"29505",3,7,33,0
"29506",4,7,33,0
"29507",NA,0,35,0
"29508",1,10,72,0
"29509",2,10,72,0
"29510",3,1,63,0
"29511",4,1,63,0
"29512",NA,0,NA,0
"29513",1,10,59,0
"29514",2,10,59,0
"29515",3,8,57,0
"29516",4,8,57,0
"29517",1,10,45,0
"29518",1,10,26,0
"29519",2,10,26,0
"29520",3,10,26,0
"29521",4,10,26,0
"29522",1,10,74,0
"29523",NA,0,NA,NA
"29524",NA,0,NA,NA
"29525",NA,0,35,0
"29526",1,10,70,0
"29527",1,10,47,0
"29528",2,6,43,0
"29529",3,7,44,0
"29530",3,2,39,1
"29531",NA,0,15,0
"29532",NA,0,35,0
"29533",1,10,65,0
"29534",2,6,61,0
"29535",3,1,56,0
"29536",1,10,51,0
"29537",2,8,49,0
"29538",1,10,39,0
"29539",2,7,36,0
"29540",3,7,36,0
"29541",4,14,43,0
"29542",4,19,48,0
"29543",1,10,92,0
"29544",2,9,91,0
"29545",3,9,91,0
"29546",4,9,91,0
"29547",1,10,53,0
"29548",2,13,56,0
"29549",3,13,56,0
"29550",4,9,52,0
"29551",1,10,90,0
"29552",2,8,88,0
"29553",3,6,86,0
"29554",1,10,74,0
"29555",1,10,34,0
"29556",2,8,32,0
"29557",1,8,8,0
"29558",2,5,5,0
"29559",3,3,3,0
"29560",4,3,3,0
"29561",NA,0,NA,NA
"29562",NA,0,35,0
"29563",1,10,65,0
"29564",1,10,45,0
"29565",2,1,36,0
"29566",1,10,33,0
"29567",1,10,15,0
"29568",1,1,1,0
"29569",2,1,1,0
"29570",3,11,11,1
"29571",NA,0,15,0
"29572",NA,0,35,0
"29573",1,10,69,0
"29574",1,10,27,0
"29575",2,10,27,0
"29576",1,10,14,0
"29577",2,8,12,0
"29578",NA,0,NA,0
"29579",3,8,12,1
"29580",NA,0,15,0
"29581",NA,0,35,0
"29582",1,10,72,0
"29583",2,4,66,0
"29584",1,10,61,0
"29585",NA,0,NA,0
"29586",2,10,61,0
"29587",3,10,61,0
"29588",4,17,68,0
"29589",1,10,88,0
"29590",2,6,84,0
"29591",3,1,79,0
"29592",4,1,79,0
"29593",1,10,61,0
"29594",1,5,56,0
"29595",2,1,52,0
"29596",1,3,3,1
"29597",NA,0,15,0
"29598",NA,0,35,0
"29599",1,10,82,0
"29600",2,7,79,0
"29601",1,10,55,0
"29602",1,10,29,0
"29603",2,7,26,0
"29604",3,7,26,0
"29605",4,7,26,0
"29606",NA,0,35,0
"29607",1,10,57,0
"29608",NA,0,NA,0
"29609",2,6,53,0
"29610",1,10,23,0
"29611",NA,0,NA,0
"29612",2,10,23,0
"29613",3,6,19,0
"29614",NA,0,NA,NA
"29615",NA,0,35,0
"29616",1,10,76,0
"29617",2,2,68,0
"29618",1,10,62,0
"29619",1,10,45,0
"29620",2,13,48,0
"29621",3,11,46,0
"29622",3,16,51,0
"29623",4,8,43,0
"29624",1,10,93,0
"29625",2,9,92,0
"29626",1,10,82,0
"29627",2,10,82,0
"29628",1,10,58,0
"29629",2,10,58,0
"29630",1,10,47,0
"29631",2,9,46,0
"29632",3,9,46,0
"29633",4,9,46,0
"29634",1,10,90,0
"29635",1,10,60,0
"29636",2,7,57,0
"29637",3,4,54,0
"29638",1,10,34,0
"29639",2,10,34,0
"29640",3,4,28,0
"29641",1,10,19,0
"29642",2,18,27,0
"29643",3,11,20,0
"29644",1,10,85,0
"29645",2,4,79,0
"29646",3,3,78,0
"29647",1,10,58,0
"29648",NA,0,NA,NA
"29649",2,3,51,0
"29650",3,4,52,0
"29651",1,10,44,0
"29652",2,2,36,0
"29653",1,10,33,1
"29654",NA,0,15,0
"29655",NA,0,35,0
"29656",1,10,81,0
"29657",1,10,54,0
"29658",2,5,49,1
"29659",NA,0,15,0
"29660",NA,0,35,0
"29661",1,10,65,0
"29662",1,10,45,0
"29663",2,9,44,0
"29664",3,9,44,0
"29665",4,9,44,0
"29666",1,10,92,0
"29667",2,6,88,0
"29668",2,11,93,0
"29669",3,10,92,0
"29670",1,10,62,0
"29671",2,6,58,0
"29672",3,6,58,0
"29673",1,10,50,0
"29674",2,7,47,0
"29675",2,17,57,0
"29676",3,17,57,0
"29677",1,10,18,0
"29678",2,7,15,0
"29679",1,4,4,0
"29680",NA,0,NA,0
"29681",2,2,2,0
"29682",3,2,2,0
"29683",NA,0,NA,0
"29684",4,6,6,0
"29685",1,10,94,0
"29686",2,6,90,0
"29687",2,11,95,0
"29688",1,10,82,0
"29689",2,10,82,0
"29690",3,1,73,0
"29691",1,10,70,0
"29692",2,2,62,0
"29693",1,10,53,0
"29694",NA,0,NA,0
"29695",2,10,53,0
"29696",1,5,36,0
"29697",2,5,36,0
"29698",3,10,41,0
"29699",4,10,41,0
"29700",NA,0,35,0
"29701",1,10,68,0
"29702",2,10,68,0
"29703",2,20,78,0
"29704",NA,0,NA,NA
"29705",NA,0,35,0
"29706",1,10,69,1
"29707",NA,0,15,0
"29708",NA,0,35,0
"29709",1,10,70,0
"29710",2,10,70,0
"29711",3,10,70,0
"29712",4,10,70,0
"29713",1,10,59,0
"29714",1,10,45,0
"29715",2,5,40,0
"29716",NA,0,NA,0
"29717",3,3,38,0
"29718",1,10,32,0
"29719",2,7,29,0
"29720",3,7,29,0
"29721",4,5,27,0
"29722",NA,0,NA,NA
"29723",NA,0,NA,NA
"29724",NA,0,35,0
"29725",1,10,57,0
"29726",2,6,53,0
"29727",3,6,53,0
"29728",4,6,53,0
"29729",1,10,82,0
"29730",2,3,75,0
"29731",3,1,73,0
"29732",NA,0,NA,0
"29733",4,1,73,0
"29734",1,10,71,0
"29735",2,4,65,0
"29736",3,3,64,0
"29737",4,3,64,0
"29738",1,10,79,0
"29739",2,2,71,0
"29740",1,10,67,0
"29741",2,9,66,0
"29742",3,6,63,0
"29743",1,10,47,0
"29744",2,8,45,0
"29745",3,7,44,0
"29746",4,5,42,0
"29747",4,10,47,0
"29748",1,10,94,0
"29749",2,4,88,0
"29750",3,3,87,0
"29751",4,3,87,0
"29752",1,10,60,0
"29753",2,4,54,0
"29754",3,1,51,0
"29755",1,10,46,0
"29756",NA,0,NA,NA
"29757",2,10,46,0
"29758",3,8,44,0
"29759",4,8,44,0
"29760",1,10,85,0
"29761",2,10,85,0
"29762",3,10,85,0
"29763",1,10,80,0
"29764",2,6,76,0
"29765",2,16,86,0
"29766",3,7,77,0
"29767",4,17,87,0
"29768",1,10,79,0
"29769",2,12,81,0
"29770",1,10,62,0
"29771",2,7,59,0
"29772",1,10,51,0
"29773",1,10,37,0
"29774",2,11,38,0
"29775",1,10,25,0
"29776",2,6,21,0
"29777",1,10,13,0
"29778",2,10,13,0
"29779",3,10,13,1
"29780",NA,0,15,0
"29781",NA,0,35,0
"29782",1,10,58,0
"29783",2,6,54,0
"29784",1,10,34,0
"29785",2,9,33,0
"29786",1,10,19,0
"29787",2,10,19,0
"29788",NA,0,NA,0
"29789",3,5,14,0
"29790",NA,0,NA,0
"29791",4,4,13,0
"29792",NA,0,35,0
"29793",1,10,61,0
"29794",1,10,47,0
"29795",2,10,47,0
"29796",3,2,39,0
"29797",NA,0,NA,0
"29798",4,10,47,0
"29799",1,10,80,0
"29800",2,10,80,0
"29801",NA,0,NA,NA
"29802",NA,0,35,0
"29803",1,10,74,0
"29804",2,10,74,0
"29805",2,15,79,0
"29806",3,15,79,0
"29807",1,10,45,0
"29808",2,6,41,0
"29809",3,3,38,0
"29810",1,10,29,0
"29811",1,10,18,0
"29812",2,7,15,0
"29813",1,6,6,0
"29814",2,3,3,0
"29815",3,2,2,1
"29816",NA,0,15,0
"29817",NA,0,35,0
"29818",1,10,66,0
"29819",2,6,62,0
"29820",3,4,60,0
"29821",4,2,58,0
"29822",1,10,42,0
"29823",1,10,23,0
"29824",2,7,20,0
"29825",3,7,20,0
"29826",1,3,3,0
"29827",2,3,3,0
"29828",3,2,2,0
"29829",4,2,2,1
"29830",NA,0,15,0
"29831",NA,0,35,0
"29832",1,10,60,0
"29833",2,8,58,0
"29834",3,7,57,0
"29835",1,10,49,0
"29836",1,20,59,0
"29837",2,11,50,0
"29838",1,10,24,0
"29839",NA,0,NA,NA
"29840",2,10,24,0
"29841",3,10,24,0
"29842",4,10,24,0
"29843",NA,0,35,0
"29844",1,10,75,0
"29845",2,11,76,0
"29846",1,10,59,0
"29847",1,10,29,0
"29848",2,9,28,0
"29849",1,10,19,0
"29850",2,10,19,0
"29851",3,8,17,0
"29852",4,8,17,0
"29853",NA,0,35,0
"29854",1,10,67,0
"29855",1,10,57,0
"29856",1,10,17,0
"29857",1,20,27,0
"29858",2,5,12,0
"29859",1,10,97,0
"29860",1,10,80,0
"29861",2,7,77,0
"29862",2,17,87,0
"29863",3,12,82,0
"29864",4,2,72,0
"29865",1,10,95,0
"29866",2,9,94,0
"29867",1,10,85,0
"29868",2,10,85,0
"29869",3,6,81,0
"29870",NA,0,NA,0
"29871",4,14,89,0
"29872",1,10,11,0
"29873",NA,0,NA,0
"29874",2,8,9,0
"29875",NA,0,NA,0
"29876",3,4,5,0
"29877",NA,0,NA,0
"29878",4,3,4,0
"29879",4,8,9,0
"29880",NA,0,35,0
"29881",1,10,59,0
"29882",2,12,61,0
"29883",1,10,87,0
"29884",NA,0,NA,NA
"29885",NA,0,NA,NA
"29886",NA,0,35,0
"29887",1,10,72,0
"29888",2,8,70,0
"29889",1,10,57,0
"29890",2,8,55,0
"29891",3,6,53,0
"29892",4,3,50,0
"29893",1,10,50,0
"29894",2,4,44,0
"29895",1,10,34,0
"29896",2,10,34,0
"29897",1,10,20,0
"29898",2,8,18,0
"29899",3,6,16,1
"29900",NA,0,15,0
"29901",NA,0,35,0
"29902",1,10,81,0
"29903",1,10,76,0
"29904",2,7,73,0
"29905",3,6,72,0
"29906",4,6,72,0
"29907",1,10,76,0
"29908",2,11,77,0
"29909",2,16,82,0
"29910",3,14,80,0
"29911",4,10,76,0
"29912",1,10,61,0
"29913",1,10,48,0
"29914",2,10,48,0
"29915",3,10,48,0
"29916",3,5,43,0
"29917",1,10,21,0
"29918",2,6,17,0
"29919",NA,0,NA,0
"29920",3,3,14,0
"29921",1,7,7,0
"29922",2,7,7,1
"29923",NA,0,15,0
"29924",NA,0,35,0
"29925",1,10,65,0
"29926",1,10,45,0
"29927",2,10,45,0
"29928",NA,0,NA,NA
"29929",3,8,43,0
"29930",1,10,31,0
"29931",1,10,66,0
"29932",1,10,50,0
"29933",1,20,60,0
"29934",2,20,60,0
"29935",3,12,52,0
"29936",1,10,11,0
"29937",1,1,1,1
"29938",NA,0,15,0
"29939",NA,0,35,0
"29940",1,10,60,0
"29941",2,8,58,0
"29942",3,3,53,0
"29943",1,10,48,0
"29944",1,15,53,0
"29945",2,6,44,0
"29946",3,3,41,0
"29947",1,10,34,0
"29948",2,6,30,0
"29949",1,10,13,0
"29950",1,1,1,0
"29951",2,1,1,0
"29952",2,5,5,0
"29953",1,10,80,0
"29954",2,8,78,0
"29955",3,2,72,0
"29956",3,7,77,0
"29957",4,7,77,0
"29958",4,12,82,0
"29959",1,10,72,0
"29960",1,10,24,0
"29961",2,5,19,0
"29962",1,10,13,0
"29963",1,25,28,0
"29964",2,15,18,0
"29965",1,1,1,1
"29966",NA,0,15,0
"29967",NA,0,35,0
"29968",1,10,72,0
"29969",NA,0,NA,NA
"29970",NA,0,35,0
"29971",1,10,68,0
"29972",2,2,60,0
"29973",2,7,65,0
"29974",3,7,65,0
"29975",4,7,65,0
"29976",1,10,92,0
"29977",2,1,83,0
"29978",3,5,87,0
"29979",4,11,93,0
"29980",4,6,88,0
"29981",1,10,70,0
"29982",2,9,69,0
"29983",3,9,69,0
"29984",1,10,57,0
"29985",2,5,52,0
"29986",3,5,52,0
"29987",4,5,52,0
"29988",1,10,96,0
"29989",2,3,89,0
"29990",1,10,66,0
"29991",1,10,55,0
"29992",1,10,34,0
"29993",2,10,34,0
"29994",3,9,33,NA
"29995",3,9,33,0
"29996",4,9,33,0
"29997",1,10,59,0
"29998",2,9,58,0
"29999",3,7,56,0
"30000",4,3,52,0
"30001",1,10,89,0
"30002",2,10,89,0
"30003",1,10,83,0
"30004",1,10,71,0
"30005",2,5,66,0
"30006",3,5,66,0
"30007",1,10,18,0
"30008",2,6,14,0
"30009",1,4,4,1
"30010",NA,0,15,0
"30011",NA,0,35,0
"30012",1,10,68,0
"30013",1,10,58,0
"30014",2,8,56,0
"30015",NA,0,NA,NA
"30016",1,10,43,0
"30017",1,20,53,0
"30018",1,25,58,0
"30019",2,25,58,0
"30020",3,12,45,0
"30021",4,5,38,0
"30022",1,10,54,0
"30023",1,10,11,0
"30024",2,7,8,1
"30025",NA,0,15,0
"30026",NA,0,35,0
"30027",1,10,69,0
"30028",2,3,62,0
"30029",1,10,43,0
"30030",2,6,39,0
"30031",1,10,31,0
"30032",2,7,28,0
"30033",2,17,38,0
"30034",1,10,67,0
"30035",2,6,63,0
"30036",1,10,57,0
"30037",1,20,67,0
"30038",2,20,67,0
"30039",3,20,67,0
"30040",4,13,60,0
"30041",1,8,8,0
"30042",2,2,2,0
"30043",3,1,1,0
"30044",4,1,1,0
"30045",1,10,98,0
"30046",1,10,87,0
"30047",1,10,71,0
"30048",2,10,71,0
"30049",3,2,63,0
"30050",NA,0,NA,0
"30051",4,15,76,0
"30052",4,20,81,0
"30053",1,10,73,0
"30054",2,3,66,0
"30055",NA,0,NA,0
"30056",3,2,65,0
"30057",NA,0,NA,0
"30058",1,10,46,0
"30059",NA,0,NA,0
"30060",2,10,46,0
"30061",NA,0,NA,0
"30062",1,10,22,0
"30063",NA,0,NA,0
"30064",2,11,23,0
"30065",3,12,24,0
"30066",4,12,24,0
"30067",NA,0,NA,NA
"30068",NA,0,NA,NA
"30069",NA,0,35,0
"30070",1,10,71,0
"30071",2,9,70,0
"30072",3,6,67,0
"30073",4,6,67,0
"30074",1,10,79,0
"30075",2,1,70,0
"30076",1,10,56,0
"30077",2,10,56,0
"30078",3,1,47,0
"30079",1,10,43,0
"30080",2,5,38,0
"30081",1,10,29,0
"30082",1,10,12,0
"30083",2,9,11,0
"30084",1,5,5,1
"30085",NA,0,15,0
"30086",NA,0,35,0
"30087",1,10,95,0
"30088",1,10,83,0
"30089",2,4,77,0
"30090",3,3,76,0
"30091",1,10,70,0
"30092",1,10,49,0
"30093",2,5,44,0
"30094",1,10,39,0
"30095",2,7,36,0
"30096",3,2,31,0
"30097",1,10,18,0
"30098",NA,0,NA,0
"30099",2,2,10,0
"30100",1,6,6,1
"30101",NA,0,15,0
"30102",NA,0,35,0
"30103",1,10,80,0
"30104",NA,0,NA,NA
"30105",1,20,90,0
"30106",2,20,90,1
"30107",NA,0,15,0
"30108",NA,0,35,0
"30109",1,10,74,0
"30110",2,10,74,0
"30111",1,10,57,0
"30112",2,5,52,0
"30113",3,2,49,0
"30114",1,10,52,0
"30115",1,10,39,0
"30116",2,8,37,0
"30117",3,6,35,0
"30118",4,1,30,0
"30119",1,10,70,0
"30120",2,10,70,0
"30121",3,10,70,0
"30122",4,1,61,0
"30123",1,10,53,0
"30124",2,7,50,0
"30125",1,10,35,0
"30126",2,14,39,0
"30127",1,10,17,0
"30128",2,10,17,0
"30129",3,5,12,1
"30130",NA,0,15,0
"30131",NA,0,35,0
"30132",1,10,80,0
"30133",2,1,71,0
"30134",1,10,65,0
"30135",1,15,70,0
"30136",2,10,65,0
"30137",3,11,66,0
"30138",NA,0,NA,0
"30139",4,1,56,0
"30140",1,1,1,1
"30141",NA,0,15,0
"30142",NA,0,35,0
"30143",1,10,64,0
"30144",1,5,59,0
"30145",2,5,59,0
"30146",3,5,59,0
"30147",NA,0,NA,0
"30148",1,10,49,0
"30149",NA,0,NA,0
"30150",2,4,43,0
"30151",2,9,48,0
"30152",3,9,48,0
"30153",1,10,29,0
"30154",2,10,29,0
"30155",3,10,29,0
"30156",NA,0,NA,NA
"30157",NA,0,35,0
"30158",1,10,75,0
"30159",2,4,69,0
"30160",3,1,66,0
"30161",1,10,64,0
"30162",2,14,68,0
"30163",3,10,64,0
"30164",4,10,64,0
"30165",4,20,74,0
"30166",1,10,60,0
"30167",1,10,43,0
"30168",1,10,29,0
"30169",2,20,39,0
"30170",3,6,25,1
"30171",NA,0,15,0
"30172",NA,0,35,0
"30173",1,10,73,0
"30174",2,2,65,0
"30175",3,2,65,0
"30176",4,3,66,0
"30177",1,10,73,0
"30178",2,10,73,0
"30179",3,10,73,0
"30180",4,1,64,0
"30181",1,10,66,0
"30182",2,6,62,0
"30183",1,10,35,0
"30184",2,12,37,0
"30185",1,10,54,0
"30186",1,10,34,0
"30187",2,2,26,0
"30188",3,2,26,0
"30189",1,10,24,0
"30190",2,6,20,0
"30191",1,8,8,0
"30192",NA,0,NA,NA
"30193",2,3,3,0
"30194",3,2,2,1
"30195",NA,0,15,0
"30196",NA,0,35,0
"30197",1,10,73,0
"30198",2,3,66,0
"30199",1,10,63,0
"30200",2,7,60,0
"30201",3,6,59,0
"30202",1,10,40,0
"30203",2,4,34,0
"30204",3,1,31,0
"30205",1,10,29,0
"30206",2,10,29,0
"30207",3,7,26,0
"30208",1,10,15,0
"30209",2,6,11,0
"30210",3,1,6,0
"30211",1,4,4,0
"30212",1,12,12,0
"30213",2,9,9,0
"30214",3,3,3,1
"30215",NA,0,15,0
"30216",NA,0,35,0
"30217",1,10,68,0
"30218",2,10,68,0
"30219",3,8,66,0
"30220",3,13,71,0
"30221",4,2,60,0
"30222",1,10,89,0
"30223",2,1,80,0
"30224",3,1,80,0
"30225",1,10,78,0
"30226",2,4,72,0
"30227",3,4,72,0
"30228",3,9,77,0
"30229",4,9,77,0
"30230",1,10,56,0
"30231",NA,0,NA,0
"30232",2,9,55,0
"30233",NA,0,NA,0
"30234",3,7,53,0
"30235",NA,0,NA,0
"30236",4,7,53,0
"30237",1,10,80,0
"30238",1,10,66,0
"30239",2,3,59,0
"30240",1,10,51,0
"30241",2,8,49,0
"30242",3,8,49,0
"30243",4,6,47,0
"30244",1,10,52,0
"30245",NA,0,NA,NA
"30246",NA,0,NA,NA
"30247",NA,0,35,0
"30248",1,10,67,0
"30249",2,7,64,0
"30250",1,10,50,0
"30251",2,7,47,0
"30252",3,2,42,0
"30253",4,2,42,0
"30254",1,10,32,0
"30255",2,9,31,0
"30256",1,10,21,0
"30257",2,10,21,0
"30258",2,5,16,0
"30259",3,1,12,0
"30260",1,9,9,0
"30261",2,14,14,0
"30262",3,3,3,0
"30263",4,4,4,0
"30264",NA,0,35,0
"30265",1,10,73,0
"30266",1,10,48,0
"30267",2,10,48,0
"30268",3,5,43,0
"30269",3,9,47,0
"30270",1,10,34,0
"30271",2,9,33,0
"30272",3,4,28,0
"30273",4,4,28,0
"30274",NA,0,35,0
"30275",1,10,97,0
"30276",2,5,92,0
"30277",3,3,90,0
"30278",1,10,65,0
"30279",1,15,70,0
"30280",NA,0,NA,NA
"30281",1,25,80,0
"30282",2,29,84,0
"30283",3,19,74,0
"30284",4,7,62,0
"30285",1,10,67,0
"30286",2,6,63,0
"30287",3,1,58,0
"30288",3,6,63,1
"30289",NA,0,15,0
"30290",NA,0,35,0
"30291",1,10,85,0
"30292",2,7,82,0
"30293",3,7,82,0
"30294",4,19,94,0
"30295",1,10,26,0
"30296",2,9,25,0
"30297",1,10,14,0
"30298",2,6,10,0
"30299",3,1,5,0
"30300",1,2,2,0
"30301",2,6,6,0
"30302",3,6,6,0
"30303",3,11,11,0
"30304",4,11,11,0
"30305",NA,0,35,0
"30306",1,10,73,0
"30307",2,10,73,0
"30308",3,9,72,0
"30309",1,10,49,0
"30310",2,8,47,0
"30311",3,1,40,0
"30312",NA,0,NA,0
"30313",4,1,40,0
"30314",1,10,60,0
"30315",2,8,58,0
"30316",1,10,49,0
"30317",2,10,49,0
"30318",1,10,36,0
"30319",1,10,25,0
"30320",NA,0,NA,0
"30321",1,10,13,0
"30322",NA,0,NA,0
"30323",2,9,12,0
"30324",2,14,17,NA
"30325",2,14,17,0
"30326",3,14,17,0
"30327",NA,0,NA,NA
"30328",NA,0,35,0
"30329",1,10,76,0
"30330",1,10,20,0
"30331",2,3,13,1
"30332",NA,0,15,0
"30333",NA,0,20,0
"30334",NA,0,35,0
"30335",1,10,73,0
"30336",2,8,71,0
"30337",3,8,71,0
"30338",4,15,78,0
"30339",1,10,78,0
"30340",2,10,78,0
"30341",3,2,70,0
"30342",4,2,70,1
"30343",NA,0,15,0
"30344",NA,0,35,0
"30345",1,10,74,0
"30346",1,10,55,0
"30347",1,10,44,0
"30348",1,10,15,0
"30349",2,6,11,0
"30350",1,5,5,1
"30351",NA,0,15,0
"30352",NA,0,35,0
"30353",1,10,73,0
"30354",1,15,78,0
"30355",1,10,73,0
"30356",2,7,70,0
"30357",1,10,44,0
"30358",2,9,43,0
"30359",2,4,38,0
"30360",3,4,38,0
"30361",1,10,26,0
"30362",1,5,21,0
"30363",2,5,21,0
"30364",3,5,21,0
"30365",1,6,6,1
"30366",NA,0,15,0
"30367",NA,0,50,0
"30368",1,10,75,0
"30369",1,10,63,0
"30370",NA,0,NA,NA
"30371",1,10,48,0
"30372",2,10,48,0
"30373",3,3,41,0
"30374",NA,0,NA,0
"30375",4,3,41,0
"30376",1,10,54,0
"30377",2,6,50,0
"30378",3,1,45,0
"30379",NA,0,NA,0
"30380",4,1,45,0
"30381",1,10,44,0
"30382",2,8,42,0
"30383",3,4,38,0
"30384",1,10,24,0
"30385",2,7,21,0
"30386",2,17,31,0
"30387",3,21,35,0
"30388",4,21,35,0
"30389",1,10,80,0
"30390",2,10,80,0
"30391",NA,0,NA,0
"30392",3,14,84,0
"30393",4,14,84,0
"30394",1,10,62,0
"30395",2,10,62,0
"30396",3,10,62,0
"30397",4,4,56,0
"30398",1,10,45,0
"30399",2,6,41,0
"30400",3,6,41,0
"30401",4,6,41,0
"30402",1,10,32,0
"30403",2,10,32,0
"30404",3,5,27,0
"30405",4,5,27,0
"30406",1,10,18,0
"30407",2,5,13,0
"30408",NA,0,NA,0
"30409",1,1,1,1
"30410",NA,0,15,0
"30411",NA,0,35,0
"30412",1,10,43,0
"30413",NA,0,NA,NA
"30414",NA,0,NA,NA
"30415",NA,0,35,0
"30416",1,10,72,0
"30417",2,4,66,0
"30418",3,1,63,0
"30419",1,10,60,0
"30420",2,7,57,0
"30421",3,1,51,0
"30422",1,10,44,0
"30423",2,10,44,0
"30424",3,9,43,0
"30425",4,9,43,0
"30426",1,10,80,0
"30427",2,9,79,0
"30428",3,7,77,0
"30429",1,10,64,0
"30430",2,3,57,0
"30431",1,10,26,0
"30432",2,20,36,0
"30433",3,18,34,0
"30434",1,10,16,0
"30435",NA,0,NA,0
"30436",1,1,1,1
"30437",NA,0,15,0
"30438",NA,0,35,0
"30439",1,10,65,0
"30440",2,6,61,0
"30441",3,4,59,0
"30442",1,10,54,0
"30443",2,13,57,1
"30444",NA,0,15,0
"30445",NA,0,35,0
"30446",1,10,65,0
"30447",2,10,65,0
"30448",3,10,65,0
"30449",4,19,74,0
"30450",1,10,72,0
"30451",2,4,66,0
"30452",NA,0,NA,NA
"30453",1,10,61,0
"30454",2,9,60,0
"30455",3,3,54,0
"30456",1,10,43,0
"30457",1,10,29,0
"30458",2,10,29,0
"30459",1,10,15,0
"30460",1,5,5,0
"30461",2,5,5,0
"30462",3,5,5,1
"30463",NA,0,15,0
"30464",NA,0,35,0
"30465",1,10,65,0
"30466",2,6,61,0
"30467",3,6,61,0
"30468",1,10,52,0
"30469",2,9,51,0
"30470",3,6,48,0
"30471",1,10,41,0
"30472",2,1,32,0
"30473",1,10,20,0
"30474",2,4,14,1
"30475",NA,0,15,0
"30476",NA,0,35,0
"30477",1,10,65,0
"30478",2,7,62,0
"30479",1,10,38,0
"30480",1,10,24,1
"30481",NA,0,15,0
"30482",NA,0,35,0
"30483",1,10,80,0
"30484",2,10,80,0
"30485",3,6,76,0
"30486",NA,0,NA,0
"30487",4,2,72,0
"30488",1,10,28,0
"30489",2,8,26,0
"30490",3,3,21,0
"30491",4,3,21,0
"30492",NA,0,35,0
"30493",1,10,65,0
"30494",2,3,58,0
"30495",3,3,58,0
"30496",NA,0,NA,0
"30497",1,10,54,0
"30498",1,10,49,0
"30499",2,10,49,0
"30500",NA,0,NA,0
"30501",3,21,60,0
"30502",NA,0,NA,0
"30503",4,24,63,0
"30504",NA,0,NA,NA
"30505",NA,0,35,0
"30506",1,10,60,0
"30507",2,3,53,0
"30508",1,10,46,0
"30509",2,4,40,0
"30510",3,4,40,0
"30511",4,4,40,0
"30512",1,10,48,0
"30513",2,7,45,0
"30514",3,2,40,0
"30515",1,10,36,0
"30516",2,12,38,0
"30517",3,12,38,0
"30518",4,6,32,0
"30519",1,10,19,0
"30520",2,9,18,0
"30521",3,9,18,0
"30522",4,9,18,0
"30523",1,10,73,0
"30524",1,10,63,0
"30525",1,10,50,0
"30526",2,16,56,0
"30527",3,8,48,0
"30528",4,8,48,0
"30529",1,10,92,0
"30530",2,6,88,0
"30531",3,2,84,0
"30532",4,1,83,0
"30533",1,10,64,0
"30534",1,20,74,0
"30535",2,5,59,0
"30536",1,10,49,0
"30537",NA,0,NA,NA
"30538",2,1,40,0
"30539",1,10,37,0
"30540",2,7,34,0
"30541",3,7,34,0
"30542",4,7,34,0
"30543",NA,0,35,0
"30544",1,10,65,0
"30545",2,10,65,0
"30546",3,10,65,0
"30547",1,10,60,0
"30548",1,10,44,0
"30549",1,20,54,0
"30550",2,18,52,0
"30551",1,10,20,0
"30552",2,10,20,0
"30553",3,7,17,0
"30554",4,3,13,0
"30555",1,10,75,0
"30556",2,9,74,0
"30557",3,8,73,0
"30558",4,1,66,0
"30559",1,10,48,0
"30560",2,10,48,0
"30561",3,10,48,0
"30562",4,7,45,0
"30563",1,10,80,0
"30564",2,1,71,0
"30565",1,10,67,0
"30566",2,15,72,0
"30567",3,9,66,0
"30568",4,8,65,0
"30569",1,10,71,0
"30570",2,7,68,0
"30571",3,8,69,0
"30572",NA,0,NA,NA
"30573",NA,0,NA,NA
"30574",NA,0,35,0
"30575",1,10,73,0
"30576",2,8,71,0
"30577",3,4,67,0
"30578",3,9,72,0
"30579",1,10,47,0
"30580",1,15,52,0
"30581",2,18,55,0
"30582",3,10,47,0
"30583",4,10,47,0
"30584",1,10,93,0
"30585",2,3,86,0
"30586",1,10,75,0
"30587",2,3,68,0
"30588",1,10,52,0
"30589",2,4,46,0
"30590",1,10,41,0
"30591",2,6,37,0
"30592",3,2,33,0
"30593",1,10,26,0
"30594",2,4,20,0
"30595",1,10,86,0
"30596",2,11,87,0
"30597",3,2,78,0
"30598",1,10,73,0
"30599",2,10,73,0
"30600",3,3,66,0
"30601",3,13,76,0
"30602",3,8,71,0
"30603",NA,0,NA,NA
"30604",4,15,78,0
"30605",1,10,77,0
"30606",2,8,75,0
"30607",3,8,75,0
"30608",4,3,70,0
"30609",1,10,70,0
"30610",2,5,65,0
"30611",3,1,61,0
"30612",1,10,59,0
"30613",1,10,48,0
"30614",2,7,45,0
"30615",2,2,40,0
"30616",1,9,9,0
"30617",2,7,7,0
"30618",3,7,7,0
"30619",4,7,7,0
"30620",NA,0,35,0
"30621",1,10,69,0
"30622",2,12,71,0
"30623",3,12,71,0
"30624",4,20,79,0
"30625",1,10,50,0
"30626",2,8,48,0
"30627",3,3,43,0
"30628",1,10,22,0
"30629",2,5,17,0
"30630",3,3,15,0
"30631",3,13,25,0
"30632",4,2,14,0
"30633",NA,0,NA,0
"30634",1,9,9,0
"30635",NA,0,NA,0
"30636",2,1,1,0
"30637",2,11,11,0
"30638",NA,0,NA,0
"30639",3,2,2,1
"30640",NA,0,15,0
"30641",NA,0,35,0
"30642",1,10,77,0
"30643",2,23,90,0
"30644",NA,0,NA,0
"30645",3,9,76,0
"30646",1,10,55,0
"30647",1,10,45,0
"30648",2,7,42,0
"30649",1,10,34,0
"30650",NA,0,NA,0
"30651",2,10,34,0
"30652",NA,0,NA,NA
"30653",NA,0,35,0
"30654",1,10,58,0
"30655",1,10,45,0
"30656",1,10,60,NA
"30657",1,10,60,0
"30658",2,10,60,0
"30659",3,12,62,0
"30660",4,12,62,0
"30661",1,10,90,0
"30662",1,10,74,0
"30663",2,10,74,0
"30664",1,10,63,0
"30665",2,8,61,0
"30666",1,10,47,0
"30667",1,10,32,0
"30668",2,9,31,0
"30669",3,3,25,0
"30670",4,3,25,0
"30671",1,10,67,0
"30672",2,8,65,0
"30673",3,8,65,0
"30674",1,10,42,0
"30675",2,8,40,0
"30676",1,10,18,0
"30677",2,5,13,1
"30678",NA,0,15,0
"30679",NA,0,35,0
"30680",1,10,72,0
"30681",1,10,55,0
"30682",1,10,37,0
"30683",2,4,31,0
"30684",1,10,22,0
"30685",2,3,15,1
"30686",NA,0,15,0
"30687",NA,0,35,0
"30688",1,10,80,0
"30689",NA,0,NA,NA
"30690",1,10,60,0
"30691",2,5,55,0
"30692",3,5,55,0
"30693",4,5,55,0
"30694",1,10,88,0
"30695",2,12,90,0
"30696",3,3,81,0
"30697",1,10,70,0
"30698",2,4,64,0
"30699",3,1,61,0
"30700",4,1,61,0
"30701",1,10,39,0
"30702",2,7,36,0
"30703",3,10,39,0
"30704",4,10,39,0
"30705",NA,0,35,0
"30706",1,10,73,0
"30707",2,4,67,0
"30708",1,10,47,0
"30709",1,10,37,0
"30710",2,2,29,0
"30711",1,10,25,0
"30712",2,8,23,0
"30713",1,10,15,0
"30714",2,10,15,1
"30715",NA,0,15,0
"30716",NA,0,35,0
"30717",1,10,79,0
"30718",2,8,77,0
"30719",3,3,72,0
"30720",1,10,68,0
"30721",NA,0,NA,0
"30722",2,10,68,0
"30723",NA,0,NA,0
"30724",3,10,68,0
"30725",4,5,63,0
"30726",1,10,91,0
"30727",2,7,88,0
"30728",3,2,83,0
"30729",4,2,83,0
"30730",1,10,16,0
"30731",NA,0,NA,0
"30732",2,12,18,0
"30733",3,13,19,0
"30734",NA,0,NA,NA
"30735",NA,0,NA,NA
"30736",NA,0,35,0
"30737",1,10,76,0
"30738",2,4,70,0
"30739",1,10,59,0
"30740",2,6,55,0
"30741",3,1,50,0
"30742",4,2,51,0
"30743",1,10,85,0
"30744",2,10,85,0
"30745",3,2,77,0
"30746",1,10,71,0
"30747",1,10,56,0
"30748",2,6,52,0
"30749",2,11,57,0
"30750",3,8,54,0
"30751",4,2,48,0
"30752",1,10,90,0
"30753",1,5,85,0
"30754",1,10,66,0
"30755",2,1,57,0
"30756",1,10,55,0
"30757",2,10,55,0
"30758",1,10,45,0
"30759",2,6,41,0
"30760",3,6,41,0
"30761",4,10,45,0
"30762",1,10,95,0
"30763",2,11,96,0
"30764",3,4,89,0
"30765",1,10,62,0
"30766",2,7,59,0
"30767",NA,0,NA,0
"30768",3,7,59,0
"30769",1,10,48,0
"30770",NA,0,NA,NA
"30771",2,4,42,0
"30772",3,6,44,0
"30773",4,6,44,0
"30774",1,2,2,1
"30775",NA,0,15,0
"30776",NA,0,35,0
"30777",1,10,72,0
"30778",1,10,46,0
"30779",2,2,38,0
"30780",3,6,42,0
"30781",4,14,50,0
"30782",1,10,82,0
"30783",2,3,75,0
"30784",3,4,76,0
"30785",4,4,76,0
"30786",1,10,77,0
"30787",2,4,71,0
"30788",1,10,66,0
"30789",2,13,69,0
"30790",1,10,56,0
"30791",2,10,56,0
"30792",3,3,49,0
"30793",4,3,49,0
"30794",1,10,81,0
"30795",2,3,74,0
"30796",2,13,84,0
"30797",3,18,89,0
"30798",4,22,93,0
"30799",1,10,62,0
"30800",1,10,46,0
"30801",2,7,43,0
"30802",3,4,40,0
"30803",NA,0,NA,0
"30804",1,10,30,0
"30805",2,3,23,0
"30806",1,10,20,0
"30807",2,5,15,0
"30808",NA,0,NA,0
"30809",1,6,6,0
"30810",1,1,1,0
"30811",NA,0,NA,0
"30812",2,1,1,1
"30813",NA,0,15,0
"30814",NA,0,35,0
"30815",1,10,65,0
"30816",NA,0,NA,NA
"30817",NA,0,35,0
"30818",1,10,65,0
"30819",2,5,60,0
"30820",3,5,60,0
"30821",4,5,60,0
"30822",1,10,95,0
"30823",2,11,96,0
"30824",1,10,84,0
"30825",2,3,77,0
"30826",1,10,69,0
"30827",1,10,13,0
"30828",2,5,8,0
"30829",3,2,5,1
"30830",NA,0,15,0
"30831",NA,0,35,0
"30832",1,10,65,0
"30833",1,10,52,1
"30834",NA,0,15,0
"30835",NA,0,35,0
"30836",1,10,72,0
"30837",2,6,68,0
"30838",3,4,66,0
"30839",1,10,42,0
"30840",1,10,30,0
"30841",2,9,29,0
"30842",3,9,29,0
"30843",4,12,32,0
"30844",1,10,60,0
"30845",2,6,56,0
"30846",1,10,50,0
"30847",2,10,50,0
"30848",3,1,41,0
"30849",1,10,40,0
"30850",2,6,36,0
"30851",3,6,36,0
"30852",4,6,36,0
"30853",1,10,55,0
"30854",1,10,39,0
"30855",2,8,37,0
"30856",3,5,34,0
"30857",4,5,34,0
"30858",NA,0,NA,NA
"30859",NA,0,35,0
"30860",1,10,15,0
"30861",2,9,14,0
"30862",3,4,9,0
"30863",4,4,9,0
"30864",4,9,14,0
"30865",NA,0,35,0
"30866",1,10,74,NA
"30867",1,10,74,0
"30868",2,3,67,0
"30869",1,10,54,0
"30870",2,7,51,0
"30871",1,10,40,0
"30872",1,9,9,0
"30873",2,9,9,0
"30874",3,9,9,1
"30875",NA,0,15,0
"30876",NA,0,35,0
"30877",1,10,65,0
"30878",2,8,63,0
"30879",3,1,56,0
"30880",1,10,47,0
"30881",2,5,42,0
"30882",3,4,41,0
"30883",3,9,46,0
"30884",1,10,36,0
"30885",2,10,36,0
"30886",3,3,29,0
"30887",1,10,20,0
"30888",2,7,17,0
"30889",3,7,17,0
"30890",4,1,11,0
"30891",1,9,9,0
"30892",2,10,10,1
"30893",NA,0,15,0
"30894",NA,0,35,0
"30895",1,10,70,0
"30896",NA,0,NA,0
"30897",2,9,69,0
"30898",3,9,69,0
"30899",4,9,69,0
"30900",1,10,86,0
"30901",NA,0,NA,0
"30902",2,19,95,0
"30903",NA,0,NA,0
"30904",3,15,91,0
"30905",NA,0,NA,0
"30906",4,11,87,0
"30907",1,10,67,0
"30908",2,10,67,0
"30909",3,10,67,0
"30910",4,10,67,0
"30911",1,10,57,0
"30912",1,10,43,0
"30913",1,15,48,0
"30914",NA,0,NA,0
"30915",2,5,38,0
"30916",3,5,38,0
"30917",NA,0,NA,0
"30918",1,10,33,0
"30919",1,15,38,0
"30920",2,15,38,0
"30921",3,15,38,0
"30922",NA,0,NA,NA
"30923",NA,0,NA,NA
"30924",NA,0,35,0
"30925",1,10,77,0
"30926",1,10,58,0
"30927",2,10,58,0
"30928",3,8,56,0
"30929",1,10,43,0
"30930",2,9,42,0
"30931",2,14,47,0
"30932",3,9,42,0
"30933",1,10,65,0
"30934",2,2,57,0
"30935",3,1,56,0
"30936",1,10,53,0
"30937",2,12,55,0
"30938",3,10,53,0
"30939",4,10,53,0
"30940",1,10,82,0
"30941",2,2,74,0
"30942",1,10,69,0
"30943",1,10,54,0
"30944",1,10,42,0
"30945",2,12,44,0
"30946",2,17,49,0
"30947",3,10,42,0
"30948",4,10,42,0
"30949",4,15,47,0
"30950",1,10,80,0
"30951",2,8,78,0
"30952",3,4,74,0
"30953",4,4,74,0
"30954",1,10,87,0
"30955",2,6,83,0
"30956",3,4,81,0
"30957",4,4,81,0
"30958",1,10,59,0
"30959",2,10,59,0
"30960",NA,0,NA,NA
"30961",1,10,47,0
"30962",2,10,47,0
"30963",3,9,46,0
"30964",4,9,46,0
"30965",1,10,80,0
"30966",2,9,79,0
"30967",1,10,66,0
"30968",2,4,60,0
"30969",3,2,58,0
"30970",1,10,55,0
"30971",1,10,39,0
"30972",1,10,25,0
"30973",2,10,25,0
"30974",1,8,8,0
"30975",2,1,1,0
"30976",3,1,1,1
"30977",NA,0,15,0
"30978",NA,0,20,0
"30979",1,10,69,0
"30980",1,10,55,0
"30981",2,7,52,0
"30982",3,3,48,0
"30983",1,10,45,0
"30984",2,8,43,0
"30985",3,8,43,0
"30986",1,10,34,0
"30987",2,3,27,0
"30988",3,2,26,0
"30989",1,10,24,0
"30990",NA,0,NA,0
"30991",2,6,20,0
"30992",NA,0,NA,0
"30993",1,10,11,0
"30994",2,8,9,0
"30995",3,8,9,0
"30996",NA,0,NA,0
"30997",NA,0,NA,0
"30998",4,3,4,0
"30999",4,8,9,0
"31000",NA,0,35,0
"31001",1,10,87,0
"31002",2,4,81,0
"31003",NA,0,NA,NA
"31004",NA,0,35,0
"31005",1,10,74,1
"31006",NA,0,15,0
"31007",NA,0,35,0
"31008",1,10,82,0
"31009",2,11,83,0
"31010",1,10,68,0
"31011",2,6,64,0
"31012",1,10,56,0
"31013",2,7,53,0
"31014",1,10,44,0
"31015",2,4,38,0
"31016",1,7,7,0
"31017",2,5,5,0
"31018",3,2,2,0
"31019",4,1,1,1
"31020",NA,0,15,0
"31021",NA,0,50,0
"31022",1,10,75,0
"31023",2,9,74,0
"31024",3,9,74,0
"31025",4,1,66,0
"31026",1,10,83,0
"31027",2,3,76,0
"31028",1,10,66,0
"31029",2,9,65,0
"31030",1,10,54,0
"31031",1,10,41,0
"31032",1,10,31,0
"31033",2,10,31,0
"31034",3,5,26,0
"31035",4,2,23,0
"31036",1,10,21,0
"31037",2,10,21,0
"31038",NA,0,NA,NA
"31039",1,5,5,0
"31040",2,5,5,0
"31041",3,8,8,1
"31042",NA,0,15,0
"31043",NA,0,35,0
"31044",1,10,66,0
"31045",2,26,82,0
"31046",3,7,63,0
"31047",1,10,53,0
"31048",1,10,41,0
"31049",2,10,41,0
"31050",1,10,15,0
"31051",2,10,15,0
"31052",3,10,15,0
"31053",4,2,7,0
"31054",1,10,91,0
"31055",2,7,88,0
"31056",1,10,72,0
"31057",2,6,68,0
"31058",3,3,65,0
"31059",1,10,61,0
"31060",2,3,54,0
"31061",NA,0,NA,0
"31062",3,1,52,0
"31063",1,10,47,0
"31064",2,13,50,0
"31065",NA,0,NA,0
"31066",1,10,27,0
"31067",2,5,22,0
"31068",3,2,19,0
"31069",NA,0,NA,0
"31070",4,2,19,0
"31071",NA,0,35,0
"31072",1,10,72,0
"31073",2,9,71,0
"31074",3,9,71,0
"31075",NA,0,NA,NA
"31076",NA,0,NA,NA
"31077",NA,0,35,0
"31078",1,10,67,0
"31079",2,7,64,0
"31080",3,1,58,0
"31081",1,10,55,0
"31082",2,10,55,0
"31083",3,5,50,0
"31084",1,10,45,0
"31085",1,10,34,0
"31086",2,7,31,0
"31087",3,7,31,0
"31088",4,1,25,0
"31089",1,10,75,0
"31090",2,5,70,0
"31091",2,10,75,0
"31092",1,10,65,0
"31093",2,5,60,0
"31094",3,5,60,0
"31095",4,5,60,0
"31096",1,10,78,0
"31097",1,10,61,0
"31098",2,4,55,0
"31099",1,10,50,0
"31100",2,5,45,0
"31101",1,10,22,0
"31102",2,10,22,0
"31103",3,2,14,0
"31104",1,10,11,0
"31105",2,10,11,0
"31106",3,2,3,1
"31107",NA,0,15,0
"31108",NA,0,35,0
"31109",1,10,65,0
"31110",2,1,56,0
"31111",2,6,61,0
"31112",NA,0,NA,NA
"31113",3,3,58,0
"31114",1,10,28,0
"31115",2,5,23,0
"31116",3,8,26,0
"31117",4,8,26,0
"31118",NA,0,35,0
"31119",1,10,80,0
"31120",1,10,63,0
"31121",2,7,60,0
"31122",3,7,60,0
"31123",1,10,51,0
"31124",2,1,42,0
"31125",3,1,42,0
"31126",1,10,40,0
"31127",2,7,37,0
"31128",3,4,34,0
"31129",1,10,29,0
"31130",1,10,12,0
"31131",2,10,12,0
"31132",3,10,12,0
"31133",4,10,12,0
"31134",NA,0,35,0
"31135",1,10,70,0
"31136",2,8,68,0
"31137",3,3,63,0
"31138",4,3,63,0
"31139",1,10,80,0
"31140",2,10,80,0
"31141",1,10,67,0
"31142",2,10,67,0
"31143",3,10,67,0
"31144",4,20,77,0
"31145",1,10,65,0
"31146",2,9,64,0
"31147",3,9,64,0
"31148",3,19,74,0
"31149",4,8,63,0
"31150",1,10,81,0
"31151",2,6,77,0
"31152",1,10,70,0
"31153",2,10,70,0
"31154",NA,0,NA,0
"31155",1,10,57,0
"31156",2,10,57,0
"31157",2,20,67,0
"31158",NA,0,NA,NA
"31159",NA,0,35,0
"31160",1,10,73,0
"31161",2,10,73,0
"31162",3,9,72,0
"31163",4,9,72,0
"31164",1,10,76,0
"31165",1,10,66,0
"31166",2,10,66,0
"31167",3,5,61,0
"31168",4,5,61,0
"31169",4,10,66,0
"31170",1,10,74,0
"31171",2,10,74,0
"31172",1,10,51,0
"31173",2,3,44,0
"31174",3,3,44,0
"31175",4,3,44,0
"31176",1,10,92,0
"31177",1,10,76,0
"31178",1,10,60,0
"31179",2,6,56,0
"31180",1,10,33,1
"31181",NA,0,15,0
"31182",NA,0,35,0
"31183",1,10,64,0
"31184",2,5,59,0
"31185",1,10,54,0
"31186",2,1,45,0
"31187",1,10,36,0
"31188",1,10,21,0
"31189",2,6,17,0
"31190",3,1,12,0
"31191",1,10,87,0
"31192",1,10,56,0
"31193",2,5,51,0
"31194",1,10,42,0
"31195",1,15,47,0
"31196",2,14,46,0
"31197",3,5,37,0
"31198",4,5,37,0
"31199",1,10,30,0
"31200",NA,0,NA,NA
"31201",2,1,21,0
"31202",1,10,15,0
"31203",2,5,10,0
"31204",1,4,4,1
"31205",NA,0,15,0
"31206",NA,0,35,0
"31207",1,10,79,0
"31208",2,10,79,0
"31209",3,6,75,0
"31210",4,3,72,0
"31211",4,8,77,0
"31212",1,10,63,0
"31213",2,7,60,0
"31214",3,4,57,0
"31215",1,10,46,0
"31216",2,6,42,0
"31217",3,4,40,0
"31218",1,10,30,0
"31219",2,8,28,1
"31220",NA,0,15,0
"31221",NA,0,35,0
"31222",1,10,80,0
"31223",1,10,67,0
"31224",2,9,66,0
"31225",3,9,66,0
"31226",1,10,54,0
"31227",1,10,42,0
"31228",2,10,42,0
"31229",3,10,42,0
"31230",1,10,25,0
"31231",2,6,21,0
"31232",3,6,21,0
"31233",1,4,4,1
"31234",NA,0,2,0
"31235",NA,0,35,0
"31236",1,10,47,0
"31237",NA,0,NA,0
"31238",2,7,44,0
"31239",NA,0,NA,0
"31240",3,3,40,0
"31241",NA,0,NA,0
"31242",1,10,36,0
"31243",2,7,33,0
"31244",3,5,31,0
"31245",3,1,27,0
"31246",NA,0,NA,0
"31247",4,4,30,0
"31248",1,10,70,0
"31249",1,20,80,0
"31250",2,2,62,0
"31251",1,10,40,0
"31252",2,10,40,0
"31253",3,4,34,0
"31254",4,4,34,0
"31255",1,10,58,0
"31256",NA,0,NA,NA
"31257",NA,0,NA,NA
"31258",NA,0,35,0
"31259",1,10,64,0
"31260",2,2,56,0
"31261",1,10,53,0
"31262",2,3,46,0
"31263",1,10,32,0
"31264",1,10,27,0
"31265",2,1,18,0
"31266",1,10,16,0
"31267",2,10,16,0
"31268",3,7,13,0
"31269",4,7,13,0
"31270",NA,0,35,0
"31271",1,10,69,0
"31272",1,10,52,0
"31273",2,9,51,0
"31274",3,1,43,0
"31275",1,10,39,0
"31276",2,10,39,0
"31277",1,10,28,1
"31278",NA,0,15,0
"31279",NA,0,35,0
"31280",1,10,67,0
"31281",2,17,74,0
"31282",NA,0,NA,0
"31283",3,17,74,0
"31284",4,8,65,0
"31285",1,10,86,0
"31286",2,10,86,0
"31287",3,9,85,0
"31288",1,2,2,0
"31289",2,2,2,0
"31290",3,2,2,0
"31291",4,2,2,0
"31292",1,10,98,0
"31293",2,10,98,0
"31294",3,10,98,0
"31295",4,10,98,0
"31296",4,11,99,0
"31297",1,10,53,0
"31298",2,9,52,0
"31299",3,6,49,0
"31300",NA,0,NA,NA
"31301",3,11,54,0
"31302",1,10,41,0
"31303",2,10,41,0
"31304",3,4,35,0
"31305",4,1,32,0
"31306",1,10,30,0
"31307",2,10,30,0
"31308",3,10,30,0
"31309",4,4,24,0
"31310",NA,0,35,0
"31311",1,10,69,0
"31312",2,10,69,0
"31313",3,4,63,0
"31314",1,10,57,0
"31315",2,10,57,0
"31316",1,10,45,0
"31317",2,9,44,0
"31318",1,10,80,0
"31319",1,20,90,0
"31320",2,12,82,0
"31321",3,1,71,0
"31322",1,10,68,0
"31323",1,10,25,0
"31324",2,5,20,0
"31325",2,10,25,0
"31326",3,10,25,0
"31327",1,10,10,0
"31328",2,10,10,0
"31329",3,6,6,0
"31330",4,6,6,0
"31331",NA,0,35,0
"31332",1,10,66,0
"31333",2,10,66,0
"31334",1,10,36,0
"31335",1,20,46,0
"31336",2,10,36,0
"31337",3,10,36,0
"31338",NA,0,NA,0
"31339",4,19,45,0
"31340",1,10,80,0
"31341",1,10,68,0
"31342",1,15,73,0
"31343",2,10,68,0
"31344",NA,0,NA,0
"31345",1,10,54,0
"31346",2,10,54,0
"31347",3,10,54,0
"31348",4,10,54,0
"31349",1,10,80,0
"31350",1,10,19,0
"31351",NA,0,NA,0
"31352",2,6,15,0
"31353",3,6,15,0
"31354",4,6,15,0
"31355",NA,0,35,0
"31356",1,10,67,0
"31357",NA,0,NA,NA
"31358",NA,0,35,0
"31359",1,10,78,0
"31360",2,7,75,0
"31361",3,5,73,0
"31362",4,4,72,0
"31363",1,10,61,0
"31364",2,4,55,0
"31365",3,4,55,0
"31366",1,10,49,0
"31367",2,7,46,0
"31368",NA,0,NA,0
"31369",3,4,43,0
"31370",1,10,26,0
"31371",2,2,18,0
"31372",1,10,15,0
"31373",2,10,15,0
"31374",3,9,14,1
"31375",NA,0,15,0
"31376",NA,0,35,0
"31377",1,10,68,0
"31378",1,10,49,0
"31379",2,2,41,0
"31380",1,10,34,0
"31381",2,10,34,0
"31382",3,3,27,0
"31383",1,10,18,1
"31384",NA,0,15,0
"31385",NA,0,35,0
"31386",1,10,68,0
"31387",2,1,59,0
"31388",1,10,47,0
"31389",2,10,47,0
"31390",3,7,44,0
"31391",1,10,30,0
"31392",2,9,29,0
"31393",3,9,29,1
"31394",NA,0,15,0
"31395",NA,0,35,0
"31396",1,10,65,0
"31397",1,20,75,0
"31398",NA,0,NA,NA
"31399",1,10,31,0
"31400",2,10,31,0
"31401",1,10,16,0
"31402",2,9,15,0
"31403",3,9,15,0
"31404",1,10,53,0
"31405",2,6,49,0
"31406",3,6,49,0
"31407",1,10,41,0
"31408",2,12,43,0
"31409",NA,0,NA,0
"31410",3,2,33,0
"31411",4,3,34,0
"31412",NA,0,35,0
"31413",1,10,65,0
"31414",2,3,58,0
"31415",3,3,58,0
"31416",1,10,53,0
"31417",2,10,53,0
"31418",3,3,46,0
"31419",3,8,51,0
"31420",4,8,51,0
"31421",1,10,48,0
"31422",1,10,30,0
"31423",2,2,22,0
"31424",3,1,21,0
"31425",1,10,16,0
"31426",NA,0,NA,0
"31427",2,9,15,0
"31428",NA,0,NA,0
"31429",3,6,12,0
"31430",1,10,84,0
"31431",2,10,84,0
"31432",3,10,84,0
"31433",4,2,76,0
"31434",1,10,62,0
"31435",1,10,36,0
"31436",2,9,35,0
"31437",1,10,24,0
"31438",1,15,29,0
"31439",2,12,26,0
"31440",NA,0,NA,0
"31441",3,10,24,0
"31442",NA,0,NA,0
"31443",4,9,23,0
"31444",NA,0,35,0
"31445",1,10,65,0
"31446",2,1,56,0
"31447",1,10,51,0
"31448",NA,0,NA,NA
"31449",NA,0,NA,NA
"31450",NA,0,35,0
"31451",1,10,74,0
"31452",1,10,63,0
"31453",2,10,63,0
"31454",1,10,50,0
"31455",2,10,50,0
"31456",3,10,50,0
"31457",1,10,37,0
"31458",1,10,20,0
"31459",2,5,15,0
"31460",3,5,15,0
"31461",4,5,15,0
"31462",NA,0,35,0
"31463",NA,0,30,0
"31464",1,10,79,0
"31465",2,10,79,0
"31466",3,3,72,0
"31467",1,10,68,0
"31468",2,5,63,0
"31469",1,10,52,0
"31470",2,9,51,0
"31471",3,4,46,0
"31472",1,10,41,0
"31473",2,7,38,0
"31474",3,8,39,0
"31475",4,8,39,0
"31476",1,10,89,0
"31477",2,10,89,0
"31478",3,9,88,0
"31479",4,4,83,0
"31480",1,10,58,0
"31481",2,1,49,0
"31482",3,1,49,0
"31483",1,10,47,0
"31484",1,10,36,0
"31485",2,13,39,0
"31486",3,13,39,0
"31487",NA,0,NA,NA
"31488",1,10,23,0
"31489",2,6,19,0
"31490",1,10,66,0
"31491",2,7,63,0
"31492",3,1,57,0
"31493",1,10,54,0
"31494",2,10,54,0
"31495",3,5,49,0
"31496",4,1,45,0
"31497",NA,0,NA,0
"31498",1,10,23,0
"31499",2,7,20,0
"31500",1,10,12,0
"31501",2,14,16,0
"31502",3,8,10,0
"31503",4,8,10,0
"31504",NA,0,35,0
"31505",1,10,71,0
"31506",2,4,65,0
"31507",1,10,53,0
"31508",2,17,60,0
"31509",3,12,55,0
"31510",1,10,43,0
"31511",2,11,44,0
"31512",1,10,23,0
"31513",2,9,22,0
"31514",NA,0,NA,0
"31515",1,10,11,0
"31516",NA,0,NA,0
"31517",1,15,16,0
"31518",1,8,8,1
"31519",NA,0,15,0
"31520",NA,0,35,0
"31521",1,10,64,0
"31522",2,3,57,0
"31523",3,3,57,0
"31524",1,10,51,0
"31525",2,10,51,0
"31526",1,10,38,0
"31527",1,10,26,0
"31528",NA,0,NA,0
"31529",2,2,18,0
"31530",1,10,11,0
"31531",2,10,11,1
"31532",NA,0,15,0
"31533",NA,0,35,0
"31534",1,10,65,0
"31535",NA,0,NA,NA
"31536",NA,0,35,0
"31537",1,10,72,0
"31538",2,4,66,0
"31539",1,10,48,0
"31540",1,10,36,0
"31541",1,10,17,0
"31542",2,9,16,0
"31543",3,9,16,0
"31544",1,3,3,0
"31545",2,5,5,0
"31546",3,5,5,1
"31547",NA,0,15,0
"31548",NA,0,35,0
"31549",1,10,72,0
"31550",2,8,70,0
"31551",3,8,70,0
"31552",1,10,59,0
"31553",2,1,50,0
"31554",3,1,50,0
"31555",3,11,60,0
"31556",1,10,29,0
"31557",2,6,25,0
"31558",3,5,24,0
"31559",1,3,3,0
"31560",2,1,1,1
"31561",NA,0,15,0
"31562",NA,0,35,0
"31563",1,10,69,0
"31564",2,10,69,0
"31565",1,10,55,0
"31566",2,5,50,0
"31567",3,4,49,0
"31568",3,9,54,0
"31569",4,9,54,0
"31570",1,10,86,0
"31571",2,9,85,0
"31572",NA,0,NA,NA
"31573",1,10,69,0
"31574",2,8,67,0
"31575",3,8,67,0
"31576",1,10,36,0
"31577",1,10,22,0
"31578",2,10,22,0
"31579",3,8,20,0
"31580",4,8,20,0
"31581",NA,0,35,0
"31582",1,10,71,0
"31583",2,8,69,0
"31584",3,3,64,0
"31585",4,9,70,0
"31586",1,10,73,0
"31587",2,5,68,0
"31588",3,2,65,0
"31589",4,2,65,0
"31590",1,10,80,0
"31591",1,10,66,0
"31592",2,10,66,0
"31593",3,8,64,0
"31594",1,10,53,0
"31595",2,10,53,0
"31596",3,10,53,0
"31597",4,4,47,0
"31598",1,10,80,0
"31599",1,10,64,0
"31600",2,9,63,0
"31601",3,21,75,0
"31602",4,21,75,0
"31603",1,10,71,0
"31604",NA,0,NA,0
"31605",2,10,71,0
"31606",NA,0,NA,0
"31607",NA,0,NA,0
"31608",3,4,65,0
"31609",4,4,65,0
"31610",1,10,85,0
"31611",2,10,85,0
"31612",1,10,74,0
"31613",2,10,74,0
"31614",3,10,74,0
"31615",4,1,65,0
"31616",1,10,63,0
"31617",1,10,49,0
"31618",1,15,54,0
"31619",2,25,64,0
"31620",3,25,64,0
"31621",4,6,45,0
"31622",1,10,37,0
"31623",1,10,27,0
"31624",NA,0,NA,0
"31625",2,3,20,0
"31626",3,3,20,0
"31627",NA,0,NA,0
"31628",1,10,14,0
"31629",2,10,14,0
"31630",3,10,14,0
"31631",NA,0,NA,NA
"31632",NA,0,35,0
"31633",1,10,76,0
"31634",1,10,64,0
"31635",1,10,52,0
"31636",1,10,11,0
"31637",2,4,5,1
"31638",NA,0,15,0
"31639",NA,0,35,0
"31640",1,10,65,0
"31641",1,10,45,0
"31642",2,10,45,0
"31643",3,6,41,0
"31644",4,6,41,0
"31645",1,10,36,0
"31646",2,2,28,0
"31647",3,4,30,0
"31648",3,14,40,0
"31649",NA,0,NA,0
"31650",1,2,2,0
"31651",2,3,3,0
"31652",3,3,3,0
"31653",NA,0,NA,0
"31654",4,3,3,1
"31655",NA,0,NA,0
"31656",NA,0,2,0
"31657",NA,0,NA,NA
"31658",NA,0,NA,NA
"31659",NA,0,35,0
"31660",1,10,83,0
"31661",2,6,79,0
"31662",1,10,62,0
"31663",2,7,59,0
"31664",3,1,53,0
"31665",1,10,40,0
"31666",2,9,39,0
"31667",3,1,31,0
"31668",1,10,27,0
"31669",2,10,27,0
"31670",3,10,27,0
"31671",4,10,27,0
"31672",NA,0,35,0
"31673",1,10,65,0
"31674",2,8,63,0
"31675",3,8,63,0
"31676",4,8,63,0
"31677",1,10,83,0
"31678",2,9,82,0
"31679",3,9,82,0
"31680",4,5,78,0
"31681",1,10,63,0
"31682",2,3,56,0
"31683",1,10,49,0
"31684",1,15,54,0
"31685",2,15,54,0
"31686",3,15,54,0
"31687",4,21,60,0
"31688",1,10,77,0
"31689",2,10,77,0
"31690",3,2,69,0
"31691",1,10,40,0
"31692",2,5,35,0
"31693",3,4,34,0
"31694",1,10,29,0
"31695",NA,0,NA,NA
"31696",2,12,31,0
"31697",3,3,22,0
"31698",4,3,22,1
"31699",NA,0,15,0
"31700",NA,0,35,0
"31701",1,10,65,0
"31702",2,9,64,0
"31703",1,10,42,0
"31704",2,15,47,0
"31705",1,10,29,0
"31706",2,9,28,0
"31707",3,13,32,0
"31708",1,9,9,0
"31709",1,14,14,0
"31710",2,6,6,0
"31711",3,3,3,1
"31712",NA,0,15,0
"31713",NA,0,35,0
"31714",1,10,70,0
"31715",2,10,70,0
"31716",3,3,63,0
"31717",1,10,59,0
"31718",2,5,54,0
"31719",3,5,54,0
"31720",1,10,36,0
"31721",2,8,34,0
"31722",1,10,11,0
"31723",2,7,8,0
"31724",3,7,8,0
"31725",3,3,4,0
"31726",NA,0,NA,0
"31727",4,1,2,1
"31728",NA,0,15,0
"31729",NA,0,35,0
"31730",1,10,65,0
"31731",2,10,65,0
"31732",2,5,60,0
"31733",3,1,56,0
"31734",NA,0,NA,0
"31735",1,10,54,0
"31736",NA,0,NA,0
"31737",1,10,29,0
"31738",2,5,24,0
"31739",NA,0,NA,0
"31740",3,3,22,1
"31741",NA,0,15,0
"31742",NA,0,35,0
"31743",1,10,74,0
"31744",2,10,74,0
"31745",NA,0,NA,NA
"31746",NA,0,35,0
"31747",1,10,66,0
"31748",2,7,63,0
"31749",3,5,61,0
"31750",1,10,54,0
"31751",2,6,50,0
"31752",3,2,46,0
"31753",4,3,47,0
"31754",1,10,51,0
"31755",2,10,51,1
"31756",NA,0,15,0
"31757",NA,0,35,0
"31758",1,10,71,0
"31759",1,10,47,0
"31760",2,7,44,0
"31761",1,10,31,0
"31762",1,10,17,1
"31763",NA,0,15,0
"31764",NA,0,35,0
"31765",1,10,72,0
"31766",2,7,69,0
"31767",1,10,55,0
"31768",1,10,25,0
"31769",2,4,19,0
"31770",1,10,15,0
"31771",NA,0,NA,0
"31772",2,5,10,0
"31773",3,1,6,0
"31774",1,3,3,0
"31775",2,1,1,1
"31776",NA,0,15,0
"31777",NA,0,35,0
"31778",1,10,74,0
"31779",1,10,59,0
"31780",2,19,68,0
"31781",3,5,54,0
"31782",NA,0,NA,NA
"31783",1,10,42,0
"31784",2,1,33,0
"31785",3,3,35,0
"31786",1,10,28,0
"31787",2,10,28,0
"31788",3,3,21,0
"31789",4,3,21,0
"31790",1,10,78,0
"31791",2,5,73,0
"31792",3,4,72,0
"31793",4,4,72,0
"31794",1,10,80,0
"31795",2,10,80,0
"31796",1,10,62,0
"31797",2,18,70,0
"31798",3,15,67,0
"31799",1,10,62,0
"31800",2,8,60,0
"31801",1,10,16,0
"31802",2,8,14,0
"31803",3,4,10,0
"31804",1,4,4,0
"31805",2,4,4,0
"31806",3,4,4,0
"31807",4,13,13,0
"31808",NA,0,35,0
"31809",1,10,65,0
"31810",NA,0,NA,0
"31811",2,10,65,0
"31812",NA,0,NA,0
"31813",3,5,60,0
"31814",1,10,52,0
"31815",NA,0,NA,0
"31816",2,7,49,0
"31817",3,3,45,0
"31818",NA,0,NA,0
"31819",4,3,45,0
"31820",1,10,29,0
"31821",2,11,30,0
"31822",NA,0,NA,NA
"31823",NA,0,NA,NA
"31824",NA,0,35,0
"31825",1,10,65,0
"31826",2,8,63,0
"31827",3,8,63,0
"31828",4,8,63,0
"31829",1,10,68,0
"31830",2,10,68,0
"31831",1,10,56,0
"31832",2,10,56,0
"31833",3,9,55,0
"31834",1,10,34,0
"31835",2,11,35,0
"31836",1,10,11,0
"31837",2,8,9,0
"31838",3,8,9,0
"31839",1,4,4,0
"31840",2,4,4,0
"31841",NA,0,NA,0
"31842",2,9,9,0
"31843",3,4,4,0
"31844",4,4,4,0
"31845",NA,0,35,0
"31846",1,10,73,0
"31847",2,5,68,0
"31848",3,4,67,0
"31849",4,10,73,0
"31850",1,10,68,0
"31851",1,15,73,0
"31852",2,9,67,0
"31853",3,18,76,0
"31854",4,4,62,0
"31855",1,10,77,0
"31856",2,7,74,0
"31857",1,10,62,0
"31858",2,7,59,0
"31859",3,7,59,0
"31860",4,7,59,0
"31861",1,10,83,0
"31862",1,18,91,0
"31863",2,23,96,0
"31864",NA,0,NA,NA
"31865",3,20,93,0
"31866",4,7,80,0
"31867",1,10,63,0
"31868",1,10,30,0
"31869",2,2,22,0
"31870",1,10,18,0
"31871",2,11,19,0
"31872",3,3,11,0
"31873",4,1,9,0
"31874",1,10,89,0
"31875",1,10,42,0
"31876",1,10,23,0
"31877",2,6,19,1
"31878",NA,0,15,0
"31879",NA,0,35,0
"31880",1,10,67,0
"31881",2,9,66,0
"31882",1,10,51,0
"31883",2,9,50,0
"31884",1,10,42,0
"31885",1,10,26,0
"31886",2,10,26,0
"31887",1,4,4,1
"31888",NA,0,15,0
"31889",NA,0,35,0
"31890",1,10,77,0
"31891",1,10,59,0
"31892",2,6,55,0
"31893",1,10,42,0
"31894",2,10,42,0
"31895",3,10,42,0
"31896",4,10,42,0
"31897",4,15,47,0
"31898",1,10,80,0
"31899",1,10,69,0
"31900",2,7,66,0
"31901",NA,0,NA,0
"31902",1,10,55,0
"31903",2,10,55,0
"31904",3,10,55,0
"31905",NA,0,NA,0
"31906",NA,0,NA,0
"31907",4,2,47,0
"31908",NA,0,NA,NA
"31909",NA,0,35,0
"31910",1,10,73,0
"31911",2,10,73,0
"31912",3,1,64,0
"31913",1,10,62,0
"31914",2,9,61,0
"31915",3,4,56,0
"31916",1,10,47,0
"31917",2,2,39,0
"31918",3,3,40,0
"31919",1,10,25,0
"31920",1,10,14,0
"31921",2,10,14,0
"31922",3,10,14,0
"31923",4,21,25,0
"31924",NA,0,35,0
"31925",1,10,79,0
"31926",2,11,80,0
"31927",3,11,80,0
"31928",1,10,46,0
"31929",2,9,45,0
"31930",3,9,45,0
"31931",1,10,35,0
"31932",2,9,34,0
"31933",3,9,34,0
"31934",3,19,44,0
"31935",1,10,12,1
"31936",NA,0,15,0
"31937",NA,0,35,0
"31938",1,10,65,0
"31939",1,10,46,0
"31940",2,6,42,0
"31941",3,6,42,0
"31942",1,10,30,0
"31943",2,4,24,0
"31944",NA,0,NA,NA
"31945",1,10,20,0
"31946",1,15,25,0
"31947",2,15,25,0
"31948",3,15,25,0
"31949",1,10,17,0
"31950",2,2,9,0
"31951",3,1,8,0
"31952",1,7,7,1
"31953",NA,0,15,0
"31954",NA,0,35,0
"31955",1,10,65,0
"31956",2,8,63,0
"31957",1,10,48,0
"31958",2,4,42,0
"31959",3,1,39,0
"31960",1,10,27,0
"31961",2,2,19,0
"31962",3,7,24,0
"31963",4,7,24,0
"31964",NA,0,35,0
"31965",1,10,70,0
"31966",1,10,41,0
"31967",2,9,40,0
"31968",1,10,26,0
"31969",2,1,17,0
"31970",3,1,17,0
"31971",4,1,17,0
"31972",1,10,83,0
"31973",1,10,67,0
"31974",2,8,65,0
"31975",1,10,43,0
"31976",1,10,32,0
"31977",2,9,31,0
"31978",3,9,31,0
"31979",NA,0,NA,0
"31980",4,9,31,0
"31981",1,10,68,0
"31982",NA,0,NA,0
"31983",2,9,67,0
"31984",NA,0,NA,0
"31985",1,10,58,0
"31986",NA,0,NA,0
"31987",2,6,54,0
"31988",NA,0,NA,0
"31989",3,5,53,0
"31990",NA,0,NA,NA
"31991",NA,0,NA,NA
"31992",NA,0,35,0
"31993",1,10,66,0
"31994",1,15,71,0
"31995",2,9,65,0
"31996",1,10,54,0
"31997",2,9,53,0
"31998",3,19,63,0
"31999",4,5,49,0
"32000",1,10,80,0
"32001",2,6,76,0
"32002",1,10,61,0
"32003",2,4,55,0
"32004",1,10,44,0
"32005",1,10,34,0
"32006",2,9,33,0
"32007",1,10,17,0
"32008",2,8,15,0
"32009",3,8,15,0
"32010",4,3,10,0
"32011",NA,0,35,0
"32012",1,10,84,0
"32013",2,8,82,0
"32014",3,8,82,0
"32015",1,10,56,0
"32016",1,6,6,0
"32017",2,4,4,0
"32018",3,3,3,1
"32019",NA,0,15,0
"32020",NA,0,35,0
"32021",1,10,35,0
"32022",2,7,32,0
"32023",NA,0,NA,NA
"32024",1,10,21,1
"32025",NA,0,15,0
"32026",NA,0,1,0
"32027",NA,0,50,0
"32028",1,10,75,0
"32029",2,5,70,0
"32030",3,5,70,0
"32031",4,15,80,0
"32032",1,10,71,0
"32033",2,7,68,0
"32034",3,5,66,0
"32035",4,5,66,0
"32036",4,10,71,0
"32037",1,10,72,0
"32038",2,7,69,0
"32039",3,3,65,0
"32040",4,3,65,0
"32041",1,10,80,0
"32042",1,10,75,0
"32043",2,10,75,0
"32044",3,7,72,0
"32045",4,7,72,0
"32046",1,10,59,0
"32047",2,9,58,0
"32048",3,3,52,0
"32049",3,8,57,0
"32050",4,8,57,0
"32051",1,10,80,0
"32052",1,20,90,0
"32053",2,27,97,0
"32054",3,28,98,0
"32055",4,20,90,0
"32056",4,25,95,0
"32057",1,10,42,0
"32058",2,7,39,0
"32059",3,7,39,0
"32060",1,10,29,0
"32061",2,10,29,0
"32062",3,10,29,0
"32063",3,15,34,0
"32064",NA,0,NA,0
"32065",4,2,21,0
"32066",1,10,79,0
"32067",NA,0,NA,0
"32068",1,10,66,0
"32069",NA,0,NA,0
"32070",1,10,54,0
"32071",NA,0,NA,0
"32072",NA,0,NA,0
"32073",1,10,42,0
"32074",1,10,27,0
"32075",NA,0,NA,NA
"32076",NA,0,35,0
"32077",1,10,81,0
"32078",2,10,81,0
"32079",3,13,84,0
"32080",4,1,72,0
"32081",1,10,71,0
"32082",2,10,71,0
"32083",3,10,71,0
"32084",4,20,81,0
"32085",1,10,66,0
"32086",2,5,61,0
"32087",3,5,61,0
"32088",3,10,66,0
"32089",1,10,49,0
"32090",2,3,42,0
"32091",1,10,37,0
"32092",2,7,34,0
"32093",1,10,27,0
"32094",1,10,13,0
"32095",2,10,13,0
"32096",3,10,13,0
"32097",4,1,4,0
"32098",1,2,2,1
"32099",NA,0,15,0
"32100",NA,0,35,0
"32101",1,10,68,0
"32102",2,6,64,0
"32103",3,6,64,0
"32104",1,10,58,0
"32105",2,6,54,0
"32106",2,16,64,0
"32107",3,12,60,0
"32108",4,7,55,0
"32109",1,10,77,0
"32110",2,1,68,0
"32111",1,10,66,0
"32112",1,10,53,0
"32113",1,20,63,0
"32114",NA,0,NA,NA
"32115",2,19,62,0
"32116",3,36,79,0
"32117",4,35,78,0
"32118",1,10,38,0
"32119",2,6,34,0
"32120",3,6,34,0
"32121",4,6,34,0
"32122",1,10,66,0
"32123",2,4,60,0
"32124",3,5,61,0
"32125",4,5,61,0
"32126",4,15,71,0
"32127",1,10,65,0
"32128",2,6,61,0
"32129",1,10,56,0
"32130",2,9,55,0
"32131",3,9,55,0
"32132",4,4,50,0
"32133",1,10,45,0
"32134",2,10,45,NA
"32135",2,10,45,0
"32136",3,20,55,0
"32137",4,18,53,0
"32138",1,10,52,0
"32139",2,10,52,0
"32140",3,8,50,0
"32141",4,8,50,0
"32142",1,10,95,0
"32143",2,2,87,0
"32144",1,10,82,0
"32145",2,10,82,0
"32146",3,6,78,0
"32147",1,10,71,0
"32148",2,11,72,0
"32149",1,10,57,0
"32150",1,10,46,0
"32151",2,11,47,0
"32152",3,12,48,0
"32153",NA,0,NA,NA
"32154",NA,0,NA,NA
"32155",NA,0,35,0
"32156",1,10,73,0
"32157",2,6,69,0
"32158",3,4,67,0
"32159",1,10,37,0
"32160",1,10,27,1
"32161",NA,0,15,0
"32162",NA,0,35,0
"32163",1,10,75,0
"32164",2,4,69,0
"32165",1,10,60,0
"32166",1,15,65,0
"32167",2,5,55,0
"32168",3,7,57,0
"32169",1,10,47,0
"32170",2,9,46,0
"32171",3,9,46,0
"32172",1,10,29,0
"32173",1,10,15,0
"32174",2,13,18,0
"32175",3,10,15,1
"32176",NA,0,15,0
"32177",NA,0,35,0
"32178",1,10,72,0
"32179",1,10,58,0
"32180",2,3,51,0
"32181",1,10,34,0
"32182",2,1,25,0
"32183",1,10,21,0
"32184",2,14,25,0
"32185",3,14,25,0
"32186",1,9,9,0
"32187",2,4,4,0
"32188",3,2,2,0
"32189",4,2,2,1
"32190",NA,0,15,0
"32191",NA,0,35,0
"32192",NA,0,NA,NA
"32193",1,10,84,0
"32194",1,10,73,0
"32195",1,10,54,0
"32196",2,8,52,0
"32197",3,4,48,0
"32198",4,4,48,0
"32199",1,10,38,0
"32200",2,10,38,0
"32201",3,9,37,0
"32202",4,3,31,0
"32203",NA,0,35,0
"32204",1,10,76,0
"32205",1,10,54,0
"32206",2,10,54,0
"32207",3,1,45,0
"32208",1,10,41,0
"32209",1,20,51,0
"32210",2,19,50,0
"32211",3,26,57,0
"32212",4,16,47,0
"32213",1,10,85,0
"32214",2,7,82,0
"32215",3,7,82,0
"32216",1,10,71,0
"32217",2,3,64,0
"32218",3,3,64,0
"32219",1,10,52,0
"32220",2,1,43,1
"32221",NA,0,15,0
"32222",NA,0,35,0
"32223",1,10,68,0
"32224",2,5,63,0
"32225",1,10,55,0
"32226",2,8,53,0
"32227",2,3,48,0
"32228",3,2,47,0
"32229",1,10,43,0
"32230",2,10,43,0
"32231",2,20,53,NA
"32232",2,20,53,0
"32233",3,16,49,0
"32234",NA,0,NA,0
"32235",4,19,52,0
"32236",1,10,86,0
"32237",NA,0,NA,NA
"32238",NA,0,35,0
"32239",1,10,54,0
"32240",2,6,50,0
"32241",3,6,50,0
"32242",3,16,60,0
"32243",4,5,49,0
"32244",1,10,97,0
"32245",2,7,94,0
"32246",3,2,89,0
"32247",4,2,89,0
"32248",1,10,63,0
"32249",2,8,61,0
"32250",3,1,54,0
"32251",4,1,54,0
"32252",1,10,50,0
"32253",2,10,50,0
"32254",3,4,44,0
"32255",4,4,44,0
"32256",1,10,96,0
"32257",2,4,90,0
"32258",1,10,85,0
"32259",1,10,60,0
"32260",2,2,52,0
"32261",1,10,20,0
"32262",2,3,13,0
"32263",3,3,13,0
"32264",4,3,13,0
"32265",4,8,18,0
"32266",NA,0,35,0
"32267",1,10,80,0
"32268",2,9,79,0
"32269",1,10,51,0
"32270",2,3,44,0
"32271",3,3,44,0
"32272",1,10,22,0
"32273",2,10,22,0
"32274",1,9,9,0
"32275",2,8,8,0
"32276",NA,0,NA,NA
"32277",3,3,3,0
"32278",4,3,3,1
"32279",NA,0,15,0
"32280",NA,0,35,0
"32281",1,10,68,0
"32282",2,10,68,0
"32283",1,10,58,0
"32284",1,10,47,0
"32285",2,8,45,0
"32286",3,8,45,0
"32287",1,6,6,0
"32288",1,16,16,0
"32289",2,14,14,0
"32290",NA,0,NA,0
"32291",3,3,3,1
"32292",NA,0,2,0
"32293",NA,0,50,0
"32294",NA,0,45,0
"32295",1,10,61,0
"32296",1,20,71,0
"32297",2,14,65,0
"32298",3,8,59,0
"32299",4,8,59,0
"32300",1,10,90,0
"32301",1,10,39,0
"32302",2,9,38,0
"32303",3,2,31,0
"32304",1,10,14,0
"32305",2,8,12,0
"32306",3,8,12,0
"32307",4,4,8,0
"32308",NA,0,35,0
"32309",1,10,67,0
"32310",2,18,75,0
"32311",3,5,62,0
"32312",1,10,20,0
"32313",2,10,20,0
"32314",1,10,10,0
"32315",2,10,10,1
"32316",NA,0,15,0
"32317",NA,0,35,0
"32318",1,10,68,0
"32319",NA,0,NA,0
"32320",2,8,66,0
"32321",1,10,62,0
"32322",NA,0,NA,0
"32323",2,9,61,0
"32324",1,10,48,0
"32325",NA,0,NA,0
"32326",2,3,41,0
"32327",3,2,40,0
"32328",1,10,27,0
"32329",2,11,28,0
"32330",3,11,28,0
"32331",NA,0,NA,NA
"32332",NA,0,NA,NA
"32333",NA,0,35,0
"32334",1,10,35,0
"32335",2,10,35,0
"32336",1,10,25,0
"32337",2,6,21,0
"32338",1,10,11,0
"32339",2,3,4,1
"32340",NA,0,15,0
"32341",NA,0,35,0
"32342",1,10,69,0
"32343",2,11,70,0
"32344",3,7,66,0
"32345",1,10,51,0
"32346",2,4,45,0
"32347",3,3,44,0
"32348",1,10,37,0
"32349",2,8,35,0
"32350",3,8,35,1
"32351",NA,0,15,0
"32352",NA,0,35,0
"32353",1,10,68,0
"32354",1,10,55,0
"32355",1,10,23,0
"32356",2,5,18,0
"32357",1,10,12,0
"32358",2,6,8,0
"32359",3,6,8,0
"32360",1,10,80,0
"32361",2,3,73,0
"32362",3,3,73,0
"32363",4,3,73,0
"32364",1,10,72,0
"32365",2,3,65,0
"32366",1,10,59,0
"32367",2,10,59,1
"32368",NA,0,15,0
"32369",NA,0,35,0
"32370",1,10,64,0
"32371",1,10,37,0
"32372",NA,0,NA,NA
"32373",1,10,23,0
"32374",2,4,17,0
"32375",1,10,11,0
"32376",2,10,11,0
"32377",3,6,7,1
"32378",NA,0,15,0
"32379",NA,0,35,0
"32380",1,10,74,0
"32381",2,7,71,0
"32382",1,10,63,0
"32383",2,4,57,0
"32384",1,10,33,0
"32385",2,10,33,0
"32386",3,3,26,0
"32387",4,1,24,0
"32388",1,10,18,0
"32389",1,20,28,0
"32390",2,15,23,0
"32391",3,9,17,0
"32392",4,6,14,0
"32393",NA,0,35,0
"32394",1,10,80,0
"32395",2,4,74,0
"32396",1,10,69,0
"32397",2,10,69,0
"32398",1,10,18,0
"32399",2,6,14,0
"32400",1,7,7,0
"32401",2,2,2,1
"32402",NA,0,15,0
"32403",NA,0,35,0
"32404",1,10,66,0
"32405",2,9,65,0
"32406",1,10,48,0
"32407",2,10,48,0
"32408",NA,0,NA,0
"32409",3,18,56,0
"32410",NA,0,NA,0
"32411",4,10,48,0
"32412",1,10,91,0
"32413",NA,0,NA,NA
"32414",NA,0,35,0
"32415",1,10,71,0
"32416",2,7,68,0
"32417",3,3,64,0
"32418",1,10,61,0
"32419",2,8,59,0
"32420",3,5,56,0
"32421",1,10,40,0
"32422",2,4,34,0
"32423",3,4,34,0
"32424",4,3,33,1
"32425",NA,0,15,0
"32426",NA,0,35,0
"32427",1,10,72,0
"32428",2,5,67,0
"32429",3,13,75,0
"32430",4,13,75,0
"32431",1,10,76,0
"32432",2,5,71,0
"32433",NA,0,NA,0
"32434",3,3,69,0
"32435",1,10,63,0
"32436",2,4,57,0
"32437",1,10,51,0
"32438",2,9,50,0
"32439",1,10,40,0
"32440",2,1,31,0
"32441",1,10,29,0
"32442",NA,0,NA,NA
"32443",2,6,25,0
"32444",2,16,35,0
"32445",3,20,39,0
"32446",4,20,39,NA
"32447",4,20,39,0
"32448",1,10,89,0
"32449",1,10,55,0
"32450",2,4,49,0
"32451",1,10,37,0
"32452",2,11,38,0
"32453",1,7,7,1
"32454",NA,0,15,0
"32455",NA,0,35,0
"32456",1,10,65,0
"32457",2,9,64,0
"32458",1,10,51,0
"32459",2,8,49,0
"32460",3,4,45,0
"32461",4,2,43,1
"32462",NA,0,15,0
"32463",NA,0,35,0
"32464",1,10,72,0
"32465",2,4,66,0
"32466",1,10,54,0
"32467",2,10,54,0
"32468",1,10,39,0
"32469",2,10,39,0
"32470",3,6,35,0
"32471",1,10,22,0
"32472",2,6,18,0
"32473",3,5,17,0
"32474",3,10,22,0
"32475",1,10,66,0
"32476",NA,0,NA,0
"32477",2,6,62,0
"32478",NA,0,NA,0
"32479",3,5,61,0
"32480",1,10,51,0
"32481",2,11,52,0
"32482",3,12,53,0
"32483",NA,0,NA,NA
"32484",NA,0,NA,NA
"32485",NA,0,35,0
"32486",1,10,63,0
"32487",2,5,58,0
"32488",3,5,58,0
"32489",4,13,66,0
"32490",1,10,74,0
"32491",2,6,70,0
"32492",3,3,67,0
"32493",1,10,57,0
"32494",2,7,54,0
"32495",2,2,49,0
"32496",1,10,44,0
"32497",2,4,38,0
"32498",3,1,35,0
"32499",1,10,32,0
"32500",1,10,21,0
"32501",2,8,19,0
"32502",3,5,16,0
"32503",1,10,11,0
"32504",2,9,10,1
"32505",NA,0,15,0
"32506",NA,0,35,0
"32507",1,10,72,0
"32508",1,10,45,0
"32509",NA,0,NA,0
"32510",2,9,44,0
"32511",NA,0,NA,0
"32512",3,9,44,0
"32513",4,18,53,0
"32514",1,10,93,0
"32515",2,10,93,0
"32516",3,1,84,0
"32517",3,6,89,0
"32518",NA,0,NA,NA
"32519",1,10,81,0
"32520",2,5,76,0
"32521",3,1,72,0
"32522",1,10,54,0
"32523",2,6,50,0
"32524",3,4,48,0
"32525",3,10,54,0
"32526",1,10,44,0
"32527",1,10,29,0
"32528",1,2,2,0
"32529",2,1,1,0
"32530",NA,0,NA,0
"32531",3,2,2,0
"32532",1,10,98,0
"32533",2,9,97,0
"32534",1,10,27,0
"32535",2,6,23,0
"32536",3,6,23,0
"32537",4,1,18,0
"32538",1,10,82,0
"32539",2,7,79,0
"32540",3,2,74,0
"32541",1,10,58,0
"32542",2,1,49,0
"32543",1,10,44,0
"32544",2,8,42,0
"32545",1,10,29,0
"32546",1,5,5,0
"32547",NA,0,NA,0
"32548",NA,0,NA,0
"32549",2,6,6,1
"32550",NA,0,15,0
"32551",NA,0,35,0
"32552",1,10,66,0
"32553",NA,0,NA,0
"32554",2,16,72,0
"32555",3,16,72,0
"32556",4,1,57,0
"32557",1,10,80,0
"32558",NA,0,NA,NA
"32559",NA,0,35,0
"32560",1,10,67,0
"32561",2,10,67,0
"32562",3,2,59,1
"32563",NA,0,15,0
"32564",NA,0,35,0
"32565",1,10,65,0
"32566",2,3,58,0
"32567",3,1,56,0
"32568",4,9,64,0
"32569",1,10,86,0
"32570",2,5,81,0
"32571",3,8,84,0
"32572",4,10,86,0
"32573",1,10,70,0
"32574",2,6,66,0
"32575",3,5,65,0
"32576",4,13,73,0
"32577",1,10,60,0
"32578",2,6,56,0
"32579",3,5,55,0
"32580",1,10,39,0
"32581",2,8,37,0
"32582",1,10,15,0
"32583",2,7,12,0
"32584",3,2,7,1
"32585",NA,0,15,0
"32586",NA,0,35,0
"32587",1,10,66,0
"32588",2,9,65,0
"32589",NA,0,NA,0
"32590",3,1,57,0
"32591",4,1,57,0
"32592",1,10,42,0
"32593",2,11,43,0
"32594",NA,0,NA,NA
"32595",3,6,38,0
"32596",4,6,38,0
"32597",NA,0,35,0
"32598",1,10,65,0
"32599",2,10,65,0
"32600",1,10,54,0
"32601",2,2,46,0
"32602",1,10,37,0
"32603",2,5,32,0
"32604",3,6,33,0
"32605",1,10,22,0
"32606",2,5,17,0
"32607",1,10,11,0
"32608",2,2,3,0
"32609",NA,0,NA,0
"32610",3,3,4,0
"32611",1,1,1,0
"32612",2,6,6,1
"32613",NA,0,15,0
"32614",NA,0,35,0
"32615",1,10,68,0
"32616",2,6,64,0
"32617",3,8,66,0
"32618",1,10,57,0
"32619",2,3,50,0
"32620",3,4,51,0
"32621",1,10,26,0
"32622",NA,0,NA,0
"32623",2,9,25,0
"32624",3,2,18,0
"32625",NA,0,NA,0
"32626",1,10,13,0
"32627",NA,0,NA,0
"32628",2,8,11,0
"32629",1,2,2,0
"32630",2,2,2,1
"32631",NA,0,15,0
"32632",NA,0,35,0
"32633",1,10,66,0
"32634",2,17,73,0
"32635",3,13,69,0
"32636",4,13,69,0
"32637",1,10,37,0
"32638",2,11,38,0
"32639",NA,0,NA,NA
"32640",NA,0,NA,NA
"32641",NA,0,35,0
"32642",1,10,67,0
"32643",2,6,63,0
"32644",3,6,63,0
"32645",1,10,58,0
"32646",2,9,57,0
"32647",3,3,51,0
"32648",4,12,60,0
"32649",1,10,96,0
"32650",2,7,93,0
"32651",1,10,79,0
"32652",1,5,74,0
"32653",2,1,70,0
"32654",3,1,70,0
"32655",1,10,68,0
"32656",1,10,55,0
"32657",2,10,55,0
"32658",3,11,56,0
"32659",4,24,69,0
"32660",1,10,87,0
"32661",1,10,74,0
"32662",2,9,73,0
"32663",3,9,73,0
"32664",4,2,66,0
"32665",1,10,86,0
"32666",2,9,85,0
"32667",3,9,85,0
"32668",4,9,85,0
"32669",1,10,73,0
"32670",2,10,73,0
"32671",3,8,71,0
"32672",4,8,71,0
"32673",1,10,68,0
"32674",2,10,68,0
"32675",3,6,64,0
"32676",NA,0,NA,NA
"32677",1,10,53,0
"32678",2,4,47,0
"32679",3,11,54,0
"32680",1,10,33,0
"32681",2,3,26,0
"32682",1,10,20,0
"32683",2,8,18,0
"32684",3,3,13,0
"32685",1,8,8,0
"32686",2,8,8,0
"32687",3,10,10,0
"32688",4,15,15,0
"32689",NA,0,35,0
"32690",1,10,71,0
"32691",1,10,58,0
"32692",2,10,58,0
"32693",3,5,53,0
"32694",4,5,53,0
"32695",1,10,78,0
"32696",1,10,13,0
"32697",2,9,12,0
"32698",3,6,9,0
"32699",4,1,4,1
"32700",NA,0,15,0
"32701",NA,0,35,0
"32702",1,10,68,0
"32703",2,8,66,0
"32704",2,13,71,0
"32705",3,12,70,0
"32706",4,18,76,0
"32707",1,10,55,0
"32708",2,1,46,0
"32709",3,1,46,0
"32710",NA,0,NA,0
"32711",1,10,45,0
"32712",2,3,38,0
"32713",3,3,38,0
"32714",4,3,38,0
"32715",NA,0,35,0
"32716",1,10,69,0
"32717",NA,0,NA,NA
"32718",NA,0,35,0
"32719",1,10,80,0
"32720",1,10,56,0
"32721",2,8,54,0
"32722",3,8,54,0
"32723",3,3,49,0
"32724",1,10,45,0
"32725",2,6,41,0
"32726",3,6,41,0
"32727",3,1,36,0
"32728",4,1,36,0
"32729",NA,0,35,0
"32730",1,10,68,0
"32731",2,10,68,0
"32732",1,10,39,0
"32733",2,14,43,0
"32734",3,14,43,0
"32735",1,10,63,0
"32736",1,15,68,0
"32737",2,2,55,0
"32738",1,10,51,0
"32739",2,1,42,0
"32740",1,10,38,0
"32741",1,10,33,0
"32742",1,5,28,0
"32743",1,10,22,0
"32744",2,10,22,0
"32745",3,9,21,0
"32746",4,9,21,0
"32747",NA,0,35,0
"32748",1,10,67,0
"32749",2,6,63,0
"32750",3,5,62,0
"32751",1,10,56,0
"32752",1,10,45,0
"32753",1,10,79,0
"32754",2,6,75,0
"32755",NA,0,NA,NA
"32756",1,10,58,0
"32757",2,14,62,0
"32758",3,14,62,0
"32759",4,5,53,0
"32760",1,10,80,0
"32761",2,6,76,0
"32762",1,10,32,0
"32763",2,2,24,0
"32764",3,1,23,0
"32765",NA,0,NA,0
"32766",4,1,23,0
"32767",1,10,21,0
"32768",2,6,17,1
"32769",NA,0,15,0
"32770",NA,0,50,0
"32771",1,10,75,0
"32772",1,10,64,0
"32773",1,10,53,0
"32774",2,6,49,0
"32775",3,6,49,0
"32776",1,10,41,0
"32777",1,10,32,0
"32778",2,6,28,0
"32779",1,10,37,0
"32780",1,20,47,0
"32781",2,13,40,0
"32782",3,21,48,0
"32783",4,13,40,0
"32784",1,10,53,0
"32785",2,7,50,0
"32786",3,7,50,0
"32787",4,4,47,0
"32788",1,10,98,0
"32789",2,1,89,0
"32790",NA,0,NA,NA
"32791",NA,0,NA,NA
"32792",NA,0,35,0
"32793",1,10,69,0
"32794",2,2,61,0
"32795",1,10,53,0
"32796",2,18,61,0
"32797",3,5,48,0
"32798",1,10,29,1
"32799",NA,0,15,0
"32800",NA,0,35,0
"32801",1,10,73,0
"32802",2,6,69,0
"32803",3,7,70,0
"32804",4,2,65,0
"32805",1,10,82,0
"32806",2,8,80,0
"32807",3,8,80,0
"32808",4,8,80,0
"32809",1,10,66,0
"32810",2,3,59,0
"32811",3,4,60,0
"32812",4,4,60,0
"32813",1,10,80,0
"32814",2,10,80,0
"32815",3,9,79,0
"32816",3,14,84,0
"32817",4,18,88,0
"32818",1,10,56,0
"32819",2,9,55,0
"32820",3,14,60,0
"32821",4,3,49,0
"32822",1,10,89,0
"32823",1,10,73,0
"32824",1,10,39,0
"32825",2,1,30,0
"32826",NA,0,NA,NA
"32827",1,10,24,0
"32828",2,7,21,0
"32829",3,7,21,0
"32830",4,7,21,0
"32831",NA,0,35,0
"32832",1,10,62,0
"32833",2,4,56,0
"32834",1,10,51,0
"32835",2,8,49,0
"32836",1,10,37,0
"32837",1,10,80,0
"32838",2,10,80,0
"32839",NA,0,NA,0
"32840",3,10,80,0
"32841",4,10,80,0
"32842",1,10,51,0
"32843",2,1,42,0
"32844",1,10,37,0
"32845",2,5,32,0
"32846",3,3,30,0
"32847",1,10,26,0
"32848",1,10,10,0
"32849",NA,0,NA,0
"32850",2,6,6,0
"32851",3,7,7,0
"32852",4,7,7,0
"32853",NA,0,35,0
"32854",1,10,72,0
"32855",2,9,71,0
"32856",1,10,64,0
"32857",2,5,59,0
"32858",3,2,56,0
"32859",1,10,51,0
"32860",2,5,46,0
"32861",3,4,45,0
"32862",1,10,40,0
"32863",2,2,32,0
"32864",NA,0,NA,0
"32865",1,10,24,0
"32866",2,10,24,0
"32867",1,10,42,0
"32868",NA,0,NA,0
"32869",2,1,33,0
"32870",3,3,35,0
"32871",1,10,29,0
"32872",NA,0,NA,0
"32873",2,10,29,0
"32874",NA,0,NA,NA
"32875",NA,0,35,0
"32876",1,10,65,0
"32877",2,5,60,0
"32878",3,1,56,0
"32879",1,10,54,0
"32880",2,8,52,0
"32881",1,10,38,0
"32882",2,4,32,0
"32883",1,10,28,0
"32884",2,8,26,0
"32885",1,10,12,0
"32886",1,15,17,1
"32887",NA,0,2,0
"32888",NA,0,35,0
"32889",1,10,73,0
"32890",2,1,64,0
"32891",3,1,64,0
"32892",4,1,64,0
"32893",1,10,90,0
"32894",2,8,88,0
"32895",2,13,93,0
"32896",1,10,79,0
"32897",1,10,67,0
"32898",2,9,66,0
"32899",1,10,55,0
"32900",2,10,55,0
"32901",2,15,60,0
"32902",3,17,62,0
"32903",4,13,58,0
"32904",1,10,96,0
"32905",2,7,93,0
"32906",3,4,90,0
"32907",1,10,69,0
"32908",1,10,55,0
"32909",2,9,54,0
"32910",3,5,50,0
"32911",4,12,57,0
"32912",1,10,88,0
"32913",NA,0,NA,NA
"32914",2,4,82,0
"32915",3,2,80,0
"32916",4,12,90,0
"32917",1,10,53,0
"32918",2,10,53,0
"32919",1,10,31,0
"32920",1,10,21,0
"32921",2,1,12,0
"32922",1,10,11,0
"32923",2,10,11,0
"32924",3,10,11,0
"32925",4,14,15,0
"32926",NA,0,35,0
"32927",1,10,74,0
"32928",2,3,67,0
"32929",1,10,62,0
"32930",2,4,56,0
"32931",3,4,56,0
"32932",1,10,50,0
"32933",1,10,40,0
"32934",2,10,40,0
"32935",3,7,37,0
"32936",4,7,37,0
"32937",NA,0,35,0
"32938",1,10,65,0
"32939",2,4,59,0
"32940",1,10,52,0
"32941",2,7,49,0
"32942",3,4,46,0
"32943",NA,0,NA,0
"32944",4,1,43,0
"32945",1,10,55,0
"32946",2,10,55,0
"32947",1,10,43,0
"32948",1,20,53,0
"32949",2,16,49,0
"32950",3,6,39,0
"32951",1,10,23,0
"32952",2,2,15,1
"32953",NA,0,2,0
"32954",NA,0,7,0
"32955",NA,0,NA,0
"32956",NA,0,35,0
"32957",1,10,55,0
"32958",1,10,45,0
"32959",2,1,36,0
"32960",3,1,36,0
"32961",4,1,36,0
"32962",1,10,65,0
"32963",NA,0,NA,0
"32964",2,11,66,0
"32965",NA,0,NA,NA
"32966",NA,0,NA,NA
"32967",NA,0,35,0
"32968",1,10,53,0
"32969",2,6,49,0
"32970",3,1,44,0
"32971",1,10,36,0
"32972",2,10,36,0
"32973",1,10,23,0
"32974",2,10,23,0
"32975",3,3,16,0
"32976",1,7,7,0
"32977",2,6,6,0
"32978",3,4,4,0
"32979",4,4,4,0
"32980",NA,0,35,0
"32981",1,10,75,0
"32982",2,9,74,0
"32983",1,10,63,0
"32984",2,15,68,0
"32985",3,9,62,0
"32986",4,7,60,1
"32987",NA,0,15,0
"32988",NA,0,35,0
"32989",1,10,70,0
"32990",2,8,68,0
"32991",2,13,73,0
"32992",3,16,76,0
"32993",4,16,76,0
"32994",1,10,61,0
"32995",1,10,51,0
"32996",2,1,42,0
"32997",1,10,39,0
"32998",1,3,3,1
"32999",NA,0,15,0
"33000",NA,0,35,0
"33001",1,10,62,0
"33002",2,9,61,0
"33003",NA,0,NA,NA
"33004",3,3,55,0
"33005",1,10,47,0
"33006",2,9,46,0
"33007",3,8,45,0
"33008",1,10,30,1
"33009",NA,0,15,0
"33010",NA,0,35,0
"33011",1,10,75,0
"33012",2,5,70,0
"33013",NA,0,NA,0
"33014",3,1,66,0
"33015",4,1,66,0
"33016",1,10,56,0
"33017",2,6,52,0
"33018",3,2,48,0
"33019",1,10,43,0
"33020",1,10,29,0
"33021",2,10,29,0
"33022",2,15,34,0
"33023",3,10,29,0
"33024",4,10,29,0
"33025",1,10,58,0
"33026",1,10,45,0
"33027",1,10,34,0
"33028",2,12,36,0
"33029",2,22,46,0
"33030",3,9,33,1
"33031",NA,0,15,0
"33032",NA,0,35,0
"33033",1,10,27,0
"33034",1,10,16,0
"33035",2,6,12,0
"33036",NA,0,NA,0
"33037",3,6,12,0
"33038",4,6,12,0
"33039",NA,0,35,0
"33040",1,10,69,0
"33041",2,10,69,0
"33042",3,5,64,0
"33043",NA,0,NA,0
"33044",4,1,60,0
"33045",4,6,65,0
"33046",1,10,77,0
"33047",2,3,70,0
"33048",1,10,55,0
"33049",1,10,19,0
"33050",NA,0,NA,0
"33051",2,1,10,0
"33052",NA,0,NA,NA
"33053",NA,0,35,0
"33054",1,10,71,0
"33055",2,2,63,0
"33056",1,10,60,0
"33057",1,10,42,0
"33058",2,8,40,0
"33059",3,3,35,0
"33060",4,6,38,0
"33061",1,10,62,0
"33062",2,7,59,0
"33063",3,7,59,0
"33064",1,10,51,0
"33065",2,8,49,0
"33066",1,10,40,0
"33067",2,1,31,0
"33068",3,1,31,0
"33069",4,6,36,0
"33070",1,10,26,0
"33071",2,11,27,0
"33072",3,11,27,0
"33073",4,11,27,0
"33074",1,10,65,0
"33075",2,3,58,0
"33076",1,10,54,0
"33077",2,3,47,0
"33078",1,10,38,0
"33079",2,2,30,0
"33080",1,10,26,0
"33081",2,9,25,0
"33082",NA,0,NA,NA
"33083",3,6,22,1
"33084",NA,0,2,0
"33085",NA,0,35,0
"33086",1,10,77,0
"33087",1,10,57,0
"33088",2,8,55,0
"33089",1,10,43,0
"33090",2,8,41,0
"33091",3,12,45,0
"33092",4,8,41,0
"33093",4,13,46,0
"33094",1,10,86,0
"33095",2,12,88,0
"33096",3,2,78,0
"33097",1,10,75,0
"33098",2,9,74,0
"33099",3,9,74,0
"33100",4,8,73,0
"33101",1,10,63,0
"33102",2,3,56,0
"33103",1,10,30,NA
"33104",1,10,30,0
"33105",2,4,24,0
"33106",3,1,21,0
"33107",NA,0,NA,0
"33108",1,10,19,0
"33109",NA,0,NA,0
"33110",2,5,14,0
"33111",NA,0,NA,0
"33112",3,7,16,0
"33113",1,8,8,0
"33114",2,7,7,0
"33115",3,7,7,0
"33116",4,5,5,0
"33117",NA,0,35,0
"33118",1,10,65,0
"33119",2,4,59,0
"33120",1,10,43,0
"33121",2,2,35,0
"33122",3,8,41,0
"33123",4,8,41,0
"33124",1,10,58,0
"33125",2,12,60,0
"33126",NA,0,NA,NA
"33127",NA,0,NA,NA
"33128",NA,0,35,0
"33129",1,10,75,0
"33130",1,10,52,0
"33131",2,10,52,0
"33132",3,9,51,0
"33133",4,9,51,0
"33134",1,10,87,0
"33135",2,3,80,0
"33136",1,10,73,0
"33137",2,8,71,0
"33138",3,3,66,0
"33139",4,3,66,0
"33140",1,10,16,0
"33141",2,8,14,0
"33142",3,8,14,0
"33143",1,2,2,0
"33144",2,2,2,0
"33145",NA,0,NA,0
"33146",3,1,1,1
"33147",NA,0,15,0
"33148",NA,0,35,0
"33149",1,10,70,0
"33150",2,3,63,0
"33151",1,10,50,0
"33152",1,10,40,0
"33153",2,8,38,0
"33154",3,8,38,0
"33155",1,10,29,0
"33156",2,6,25,0
"33157",3,3,22,0
"33158",4,1,20,0
"33159",1,10,79,0
"33160",2,11,80,0
"33161",3,9,78,0
"33162",4,9,78,0
"33163",1,10,61,0
"33164",2,11,62,0
"33165",1,10,44,0
"33166",NA,0,NA,NA
"33167",2,1,35,0
"33168",1,10,31,0
"33169",2,10,31,0
"33170",3,10,31,0
"33171",3,15,36,0
"33172",4,28,49,0
"33173",1,10,80,0
"33174",2,9,79,0
"33175",1,10,65,0
"33176",2,4,59,0
"33177",1,10,53,0
"33178",2,8,51,0
"33179",1,10,46,0
"33180",2,7,43,0
"33181",3,10,46,0
"33182",4,4,40,0
"33183",1,10,90,0
"33184",2,2,82,0
"33185",1,10,79,0
"33186",2,3,72,0
"33187",1,10,63,0
"33188",2,3,56,0
"33189",1,10,48,0
"33190",2,1,39,0
"33191",1,10,35,0
"33192",2,9,34,1
"33193",NA,0,15,0
"33194",NA,0,1,0
"33195",NA,0,35,0
"33196",1,10,65,0
"33197",2,10,65,0
"33198",3,10,65,0
"33199",1,10,52,0
"33200",NA,0,NA,0
"33201",1,10,40,0
"33202",NA,0,NA,0
"33203",1,7,7,0
"33204",NA,0,NA,NA
"33205",NA,0,35,0
"33206",1,10,73,0
"33207",2,5,68,0
"33208",1,10,63,0
"33209",2,6,59,0
"33210",3,6,59,0
"33211",4,6,59,0
"33212",1,10,78,0
"33213",2,6,74,0
"33214",1,10,67,0
"33215",2,6,63,0
"33216",3,6,63,0
"33217",1,10,56,0
"33218",1,15,61,0
"33219",2,15,61,0
"33220",3,15,61,0
"33221",4,13,59,0
"33222",1,10,76,0
"33223",2,2,68,0
"33224",3,1,67,0
"33225",4,1,67,0
"33226",1,10,32,0
"33227",2,3,25,0
"33228",3,2,24,0
"33229",1,10,20,0
"33230",2,8,18,0
"33231",3,8,18,0
"33232",1,4,4,0
"33233",2,3,3,0
"33234",3,2,2,1
"33235",NA,0,15,0
"33236",NA,0,35,0
"33237",1,10,95,0
"33238",2,9,94,0
"33239",3,9,94,0
"33240",4,9,94,0
"33241",1,10,47,0
"33242",NA,0,NA,NA
"33243",2,7,44,0
"33244",3,4,41,0
"33245",4,11,48,0
"33246",1,10,18,0
"33247",2,10,18,0
"33248",NA,0,NA,0
"33249",3,5,13,0
"33250",1,5,5,0
"33251",2,7,7,0
"33252",3,7,7,1
"33253",NA,0,2,0
"33254",NA,0,35,0
"33255",1,10,68,0
"33256",2,4,62,0
"33257",3,1,59,0
"33258",1,10,42,0
"33259",1,20,52,0
"33260",2,20,52,0
"33261",3,16,48,0
"33262",NA,0,NA,0
"33263",4,16,48,0
"33264",1,10,42,0
"33265",2,8,40,0
"33266",3,6,38,0
"33267",3,11,43,0
"33268",1,10,30,0
"33269",2,3,23,0
"33270",NA,0,NA,0
"33271",1,10,14,0
"33272",NA,0,NA,0
"33273",2,9,13,0
"33274",3,9,13,0
"33275",4,9,13,0
"33276",NA,0,35,0
"33277",1,10,65,0
"33278",2,6,61,0
"33279",3,2,57,0
"33280",1,10,44,0
"33281",2,5,39,0
"33282",1,10,28,0
"33283",2,10,28,0
"33284",3,21,39,0
"33285",3,26,44,0
"33286",4,26,44,0
"33287",1,10,62,0
"33288",NA,0,NA,0
"33289",2,5,57,0
"33290",3,1,53,0
"33291",1,10,50,0
"33292",NA,0,NA,NA
"33293",NA,0,NA,NA
"33294",NA,0,35,0
"33295",1,10,72,0
"33296",2,5,67,0
"33297",3,5,67,0
"33298",3,15,77,0
"33299",4,15,77,0
"33300",1,10,89,0
"33301",2,5,84,0
"33302",1,10,74,0
"33303",2,10,74,0
"33304",1,10,64,0
"33305",2,3,57,0
"33306",3,1,55,0
"33307",1,10,53,0
"33308",2,4,47,0
"33309",3,3,46,0
"33310",1,10,43,0
"33311",2,5,38,0
"33312",3,19,52,0
"33313",1,10,36,0
"33314",2,10,36,0
"33315",2,15,41,0
"33316",3,15,41,0
"33317",4,15,41,0
"33318",1,10,89,0
"33319",2,5,84,0
"33320",1,10,65,0
"33321",2,10,65,0
"33322",2,25,80,0
"33323",3,19,74,0
"33324",4,19,74,0
"33325",1,10,75,0
"33326",2,3,68,0
"33327",1,10,63,0
"33328",2,8,61,0
"33329",3,7,60,0
"33330",4,7,60,0
"33331",1,10,80,0
"33332",NA,0,NA,NA
"33333",2,3,73,0
"33334",1,10,68,0
"33335",2,2,60,0
"33336",3,1,59,0
"33337",1,10,52,0
"33338",2,8,50,0
"33339",3,2,44,0
"33340",1,10,23,0
"33341",2,10,23,0
"33342",3,10,23,1
"33343",NA,0,15,0
"33344",NA,0,35,0
"33345",1,10,74,0
"33346",2,7,71,0
"33347",3,3,67,0
"33348",1,10,55,0
"33349",2,10,55,0
"33350",1,10,48,0
"33351",2,7,45,0
"33352",3,4,42,0
"33353",4,1,39,0
"33354",1,10,34,0
"33355",1,10,18,0
"33356",2,14,22,0
"33357",3,8,16,0
"33358",4,7,15,0
"33359",NA,0,35,0
"33360",1,10,60,0
"33361",2,7,57,0
"33362",NA,0,NA,0
"33363",1,10,45,0
"33364",2,10,45,1
"33365",NA,0,15,0
"33366",NA,0,35,0
"33367",1,10,74,0
"33368",1,10,63,0
"33369",NA,0,NA,0
"33370",2,19,72,0
"33371",3,19,72,0
"33372",NA,0,NA,0
"33373",4,9,62,0
"33374",NA,0,NA,NA
"33375",NA,0,35,0
"33376",1,10,65,0
"33377",2,10,65,0
"33378",3,11,66,0
"33379",4,11,66,0
"33380",4,21,76,0
"33381",1,10,64,0
"33382",2,4,58,0
"33383",1,10,52,0
"33384",2,10,52,0
"33385",3,5,47,0
"33386",1,10,37,0
"33387",1,10,11,0
"33388",2,6,7,0
"33389",3,1,2,0
"33390",1,1,1,1
"33391",NA,0,2,0
"33392",NA,0,35,0
"33393",1,10,63,0
"33394",1,10,48,0
"33395",2,9,47,0
"33396",3,3,41,1
"33397",NA,0,15,0
"33398",NA,0,35,0
"33399",1,10,60,0
"33400",1,10,44,0
"33401",2,10,44,0
"33402",1,10,26,0
"33403",2,7,23,0
"33404",3,7,23,0
"33405",4,7,23,0
"33406",NA,0,35,0
"33407",1,10,73,0
"33408",2,10,73,0
"33409",3,10,73,0
"33410",4,4,67,0
"33411",1,10,83,0
"33412",2,4,77,0
"33413",3,1,74,0
"33414",NA,0,NA,NA
"33415",1,10,65,0
"33416",2,1,56,0
"33417",3,1,56,0
"33418",1,10,49,0
"33419",2,3,42,0
"33420",1,10,34,0
"33421",2,3,27,0
"33422",3,1,25,0
"33423",1,10,17,0
"33424",2,10,17,0
"33425",3,8,15,0
"33426",1,5,5,0
"33427",2,5,5,0
"33428",3,1,1,1
"33429",NA,0,15,0
"33430",NA,0,35,0
"33431",1,10,65,0
"33432",1,10,54,0
"33433",1,10,36,0
"33434",2,8,34,0
"33435",NA,0,NA,0
"33436",3,2,28,0
"33437",1,7,7,0
"33438",2,4,4,0
"33439",2,2,2,0
"33440",3,2,2,1
"33441",NA,0,15,0
"33442",NA,0,35,0
"33443",1,10,74,0
"33444",1,10,47,0
"33445",2,10,47,0
"33446",1,10,23,0
"33447",2,4,17,0
"33448",3,1,14,0
"33449",NA,0,NA,0
"33450",NA,0,NA,0
"33451",4,1,14,0
"33452",1,10,80,0
"33453",NA,0,NA,NA
"33454",NA,0,NA,NA
"33455",NA,0,35,0
"33456",1,10,67,0
"33457",2,6,63,0
"33458",3,5,62,0
"33459",1,10,52,0
"33460",1,10,40,0
"33461",2,9,39,0
"33462",3,6,36,0
"33463",1,10,29,0
"33464",2,10,29,0
"33465",3,10,29,0
"33466",1,10,18,0
"33467",2,7,15,0
"33468",3,1,9,0
"33469",1,5,5,1
"33470",NA,0,15,0
"33471",NA,0,35,0
"33472",1,10,77,0
"33473",1,10,45,0
"33474",2,8,43,0
"33475",3,1,36,0
"33476",1,10,13,0
"33477",2,6,9,0
"33478",3,2,5,0
"33479",4,5,8,0
"33480",NA,0,35,0
"33481",1,10,55,0
"33482",1,10,42,0
"33483",2,8,40,0
"33484",NA,0,NA,NA
"33485",3,11,43,0
"33486",1,10,29,0
"33487",2,2,21,1
"33488",NA,0,15,0
"33489",NA,0,35,0
"33490",1,10,70,0
"33491",2,5,65,0
"33492",1,10,51,0
"33493",2,4,45,0
"33494",3,4,45,0
"33495",4,4,45,0
"33496",1,10,28,0
"33497",2,2,20,0
"33498",1,10,17,0
"33499",2,10,17,0
"33500",3,3,10,0
"33501",4,4,11,1
"33502",NA,0,1,0
"33503",NA,0,35,0
"33504",1,10,69,0
"33505",2,8,67,0
"33506",3,7,66,0
"33507",1,10,53,0
"33508",2,10,53,0
"33509",3,3,46,0
"33510",1,10,43,0
"33511",2,10,43,0
"33512",1,10,10,1
"33513",NA,0,15,0
"33514",NA,0,35,0
"33515",1,10,68,0
"33516",1,10,50,0
"33517",2,5,45,0
"33518",3,3,43,0
"33519",3,8,48,0
"33520",NA,0,NA,0
"33521",4,3,43,0
"33522",1,10,56,0
"33523",1,10,51,0
"33524",1,10,40,0
"33525",2,10,40,0
"33526",NA,0,NA,0
"33527",3,18,48,0
"33528",4,18,48,0
"33529",1,10,74,0
"33530",NA,0,NA,NA
"33531",NA,0,35,0
"33532",1,10,75,0
"33533",2,18,83,0
"33534",1,10,64,0
"33535",2,9,63,0
"33536",3,5,59,0
"33537",1,10,43,0
"33538",2,7,40,0
"33539",3,3,36,0
"33540",1,9,9,0
"33541",2,5,5,1
"33542",NA,0,15,0
"33543",NA,0,35,0
"33544",1,10,73,0
"33545",2,8,71,0
"33546",3,8,71,0
"33547",4,8,71,0
"33548",4,13,76,0
"33549",1,10,72,0
"33550",1,10,60,0
"33551",2,5,55,0
"33552",1,10,50,0
"33553",2,12,52,0
"33554",3,4,44,0
"33555",1,10,24,0
"33556",1,16,30,0
"33557",2,8,22,0
"33558",1,10,17,0
"33559",2,5,12,0
"33560",3,3,10,0
"33561",1,2,2,0
"33562",1,10,80,0
"33563",1,10,75,0
"33564",NA,0,NA,NA
"33565",2,1,66,0
"33566",1,10,61,0
"33567",2,5,56,0
"33568",1,10,50,0
"33569",NA,0,50,0
"33570",2,10,50,0
"33571",NA,0,NA,0
"33572",3,4,44,0
"33573",1,10,38,0
"33574",2,6,34,0
"33575",3,6,34,0
"33576",1,10,16,0
"33577",2,6,12,1
"33578",NA,0,15,0
"33579",NA,0,35,0
"33580",1,10,68,0
"33581",1,10,52,0
"33582",1,10,40,0
"33583",2,10,40,1
"33584",NA,0,15,0
"33585",NA,0,35,0
"33586",1,10,67,0
"33587",1,10,52,0
"33588",2,7,49,0
"33589",1,10,33,1
"33590",NA,0,NA,0
"33591",NA,0,15,0
"33592",NA,0,35,0
"33593",1,10,66,0
"33594",1,10,29,0
"33595",1,20,39,0
"33596",1,8,8,0
"33597",2,4,4,0
"33598",NA,0,NA,0
"33599",3,3,3,0
"33600",4,3,3,1
"33601",NA,0,15,0
"33602",NA,0,35,0
"33603",1,10,66,0
"33604",1,10,29,0
"33605",2,6,25,0
"33606",3,6,25,1
"33607",NA,0,2,0
"33608",NA,0,35,0
"33609",1,10,70,0
"33610",2,7,67,0
"33611",NA,0,NA,0
"33612",3,15,75,0
"33613",1,10,58,0
"33614",2,11,59,0
"33615",NA,0,NA,NA
"33616",NA,0,NA,NA
"33617",NA,0,35,0
"33618",1,10,64,0
"33619",2,3,57,0
"33620",3,3,57,0
"33621",1,10,38,0
"33622",1,10,12,0
"33623",2,6,8,0
"33624",3,8,10,0
"33625",4,18,20,0
"33626",NA,0,35,0
"33627",1,10,68,0
"33628",2,6,64,0
"33629",1,10,53,0
"33630",2,15,58,0
"33631",1,10,39,0
"33632",2,10,39,0
"33633",3,10,39,0
"33634",4,10,39,0
"33635",NA,0,35,0
"33636",1,10,53,0
"33637",2,8,51,0
"33638",3,8,51,0
"33639",4,8,51,0
"33640",1,10,95,0
"33641",2,8,93,0
"33642",3,4,89,0
"33643",4,14,99,0
"33644",1,10,42,0
"33645",2,6,38,0
"33646",1,10,31,0
"33647",1,15,36,0
"33648",2,13,34,0
"33649",1,8,8,0
"33650",2,1,1,1
"33651",NA,0,15,0
"33652",NA,0,35,0
"33653",1,10,70,0
"33654",2,3,63,0
"33655",3,1,61,0
"33656",1,10,57,0
"33657",NA,0,NA,NA
"33658",2,7,54,0
"33659",3,6,53,0
"33660",1,10,37,0
"33661",2,6,33,0
"33662",3,3,30,0
"33663",1,10,25,0
"33664",2,3,18,0
"33665",3,1,16,0
"33666",1,10,15,0
"33667",2,10,15,0
"33668",3,10,15,0
"33669",4,19,24,0
"33670",NA,0,35,0
"33671",1,10,71,0
"33672",2,10,71,0
"33673",2,15,76,0
"33674",3,2,63,0
"33675",4,2,63,0
"33676",1,10,79,0
"33677",1,10,42,0
"33678",2,26,58,0
"33679",3,21,53,0
"33680",1,10,53,0
"33681",1,20,63,0
"33682",1,25,68,0
"33683",2,17,60,0
"33684",1,10,35,0
"33685",2,10,35,1
"33686",NA,0,15,0
"33687",NA,0,35,0
"33688",1,10,80,0
"33689",2,5,75,0
"33690",1,10,54,0
"33691",2,7,51,NA
"33692",2,7,51,0
"33693",3,4,48,0
"33694",1,10,43,0
"33695",2,10,43,0
"33696",2,25,58,0
"33697",NA,0,NA,0
"33698",3,15,48,0
"33699",NA,0,NA,0
"33700",4,4,37,0
"33701",NA,0,35,0
"33702",1,10,74,0
"33703",2,6,70,0
"33704",1,10,52,0
"33705",2,1,43,0
"33706",NA,0,NA,0
"33707",3,1,43,0
"33708",1,10,29,0
"33709",NA,0,NA,0
"33710",2,10,29,0
"33711",NA,0,NA,NA
"33712",NA,0,35,0
"33713",1,10,70,0
"33714",1,10,14,0
"33715",2,8,12,1
"33716",NA,0,15,0
"33717",NA,0,35,0
"33718",1,10,65,0
"33719",2,7,62,0
"33720",1,10,30,0
"33721",1,10,19,0
"33722",1,10,14,0
"33723",2,10,14,0
"33724",3,5,9,0
"33725",4,5,9,0
"33726",1,2,2,0
"33727",2,1,1,1
"33728",NA,0,15,0
"33729",NA,0,35,0
"33730",1,10,68,0
"33731",2,15,73,0
"33732",3,8,66,0
"33733",1,10,56,0
"33734",2,9,55,0
"33735",1,10,39,0
"33736",2,9,38,0
"33737",3,5,34,0
"33738",4,5,34,0
"33739",1,10,58,0
"33740",2,6,54,0
"33741",1,10,36,0
"33742",2,9,35,0
"33743",2,19,45,0
"33744",3,9,35,0
"33745",3,19,45,0
"33746",4,19,45,0
"33747",NA,0,35,0
"33748",1,10,68,0
"33749",2,1,59,0
"33750",1,10,55,0
"33751",1,15,60,0
"33752",2,2,47,0
"33753",NA,0,NA,NA
"33754",1,10,45,0
"33755",1,15,50,0
"33756",2,2,37,0
"33757",1,10,29,0
"33758",1,20,39,0
"33759",2,22,41,0
"33760",3,13,32,0
"33761",4,9,28,0
"33762",NA,0,35,0
"33763",1,10,70,0
"33764",1,10,58,0
"33765",1,10,47,0
"33766",2,5,42,1
"33767",NA,0,2,0
"33768",NA,0,35,0
"33769",1,10,59,0
"33770",2,8,57,0
"33771",3,6,55,0
"33772",1,10,13,0
"33773",2,7,10,1
"33774",NA,0,15,0
"33775",NA,0,35,0
"33776",1,10,67,0
"33777",2,19,76,0
"33778",1,10,56,0
"33779",2,2,48,0
"33780",1,10,43,0
"33781",2,9,42,0
"33782",1,10,30,0
"33783",2,8,28,0
"33784",3,8,28,0
"33785",1,10,18,0
"33786",2,3,11,0
"33787",NA,0,NA,0
"33788",3,3,11,0
"33789",4,3,11,0
"33790",NA,0,35,0
"33791",1,10,51,0
"33792",2,9,50,0
"33793",1,10,13,1
"33794",NA,0,15,0
"33795",NA,0,35,0
"33796",1,10,69,0
"33797",2,10,69,0
"33798",3,10,69,0
"33799",4,10,69,0
"33800",1,10,59,0
"33801",1,10,38,0
"33802",1,10,23,0
"33803",NA,0,NA,0
"33804",2,16,29,0
"33805",1,10,86,0
"33806",2,11,87,0
"33807",NA,0,NA,NA
"33808",NA,0,NA,NA
"33809",NA,0,35,0
"33810",1,10,81,0
"33811",1,10,70,0
"33812",2,2,62,0
"33813",3,2,62,0
"33814",1,10,59,0
"33815",NA,0,NA,0
"33816",2,4,53,0
"33817",1,10,44,0
"33818",2,13,47,0
"33819",1,10,33,0
"33820",1,10,18,0
"33821",2,10,18,0
"33822",2,5,13,0
"33823",1,7,7,0
"33824",2,3,3,0
"33825",3,3,3,0
"33826",3,8,8,1
"33827",NA,0,15,0
"33828",NA,0,35,0
"33829",1,10,70,0
"33830",1,10,58,0
"33831",2,7,55,0
"33832",1,10,42,0
"33833",2,6,38,0
"33834",3,3,35,0
"33835",1,10,30,0
"33836",2,4,24,0
"33837",1,10,19,0
"33838",2,6,15,1
"33839",NA,0,15,0
"33840",NA,0,NA,NA
"33841",NA,0,35,0
"33842",1,10,81,0
"33843",1,10,66,0
"33844",2,4,60,0
"33845",1,10,55,0
"33846",2,13,58,0
"33847",3,8,53,0
"33848",1,10,44,0
"33849",2,5,39,0
"33850",3,6,40,0
"33851",4,6,40,NA
"33852",4,6,40,0
"33853",1,10,95,0
"33854",2,11,96,0
"33855",1,10,89,0
"33856",2,5,84,0
"33857",3,13,92,0
"33858",3,8,87,0
"33859",4,15,94,1
"33860",NA,0,15,0
"33861",NA,0,35,0
"33862",1,10,69,0
"33863",1,10,58,0
"33864",2,7,55,0
"33865",3,7,55,0
"33866",4,7,55,0
"33867",1,10,88,0
"33868",2,5,83,0
"33869",1,10,76,0
"33870",1,10,64,0
"33871",2,6,60,0
"33872",3,1,55,0
"33873",NA,0,NA,0
"33874",1,10,49,0
"33875",2,10,49,0
"33876",3,4,43,0
"33877",4,4,43,0
"33878",1,10,59,0
"33879",2,10,59,0
"33880",NA,0,NA,0
"33881",3,3,52,0
"33882",NA,0,NA,0
"33883",NA,0,NA,0
"33884",4,3,52,0
"33885",1,10,44,0
"33886",NA,0,NA,NA
"33887",NA,0,35,0
"33888",1,10,69,0
"33889",2,9,68,0
"33890",3,8,67,0
"33891",4,8,67,0
"33892",1,10,91,0
"33893",2,4,85,0
"33894",1,10,79,0
"33895",2,7,76,0
"33896",1,10,63,0
"33897",1,20,73,0
"33898",2,18,71,0
"33899",1,10,52,0
"33900",1,10,41,0
"33901",2,10,41,0
"33902",3,1,32,0
"33903",1,10,14,0
"33904",2,7,11,0
"33905",3,4,8,0
"33906",1,3,3,1
"33907",NA,0,15,0
"33908",NA,0,35,0
"33909",1,10,60,0
"33910",1,10,47,0
"33911",2,10,47,0
"33912",3,2,39,0
"33913",4,2,39,0
"33914",1,10,22,0
"33915",2,6,18,0
"33916",3,2,14,0
"33917",1,10,10,0
"33918",2,10,10,0
"33919",NA,0,NA,NA
"33920",3,7,7,0
"33921",4,5,5,0
"33922",1,10,95,0
"33923",2,6,91,0
"33924",1,10,80,0
"33925",2,5,75,0
"33926",1,10,61,0
"33927",2,10,61,0
"33928",1,10,50,0
"33929",2,5,45,0
"33930",3,5,45,0
"33931",NA,0,NA,0
"33932",1,10,34,0
"33933",2,2,26,0
"33934",1,10,22,0
"33935",2,4,16,0
"33936",3,2,14,0
"33937",NA,0,NA,0
"33938",4,1,13,0
"33939",1,10,12,0
"33940",2,8,10,0
"33941",3,3,5,0
"33942",4,3,5,0
"33943",NA,0,35,0
"33944",1,10,65,0
"33945",2,10,65,0
"33946",1,10,57,0
"33947",2,5,52,0
"33948",1,10,35,0
"33949",2,15,40,0
"33950",1,10,25,1
"33951",NA,0,15,0
"33952",NA,0,35,0
"33953",1,10,44,0
"33954",NA,0,NA,0
"33955",2,2,36,0
"33956",NA,0,NA,0
"33957",1,10,34,0
"33958",2,15,39,0
"33959",NA,0,NA,0
"33960",3,11,35,0
"33961",NA,0,NA,0
"33962",4,4,28,0
"33963",1,10,72,0
"33964",2,8,70,0
"33965",3,3,65,0
"33966",1,10,59,0
"33967",2,10,59,0
"33968",1,10,28,0
"33969",NA,0,NA,NA
"33970",NA,0,NA,NA
"33971",NA,0,35,0
"33972",1,10,67,0
"33973",2,7,64,0
"33974",3,4,61,0
"33975",4,4,61,0
"33976",1,10,87,0
"33977",2,4,81,0
"33978",3,1,78,0
"33979",1,10,76,0
"33980",2,4,70,0
"33981",1,10,65,0
"33982",2,11,66,0
"33983",3,8,63,0
"33984",4,8,63,0
"33985",1,10,75,0
"33986",1,10,65,0
"33987",2,5,60,0
"33988",3,4,59,0
"33989",4,14,69,0
"33990",1,10,67,0
"33991",1,10,21,0
"33992",2,3,14,0
"33993",3,5,16,0
"33994",3,10,21,0
"33995",4,1,12,0
"33996",4,5,16,0
"33997",NA,0,35,0
"33998",1,10,77,0
"33999",2,1,68,0
"34000",1,10,63,0
"34001",2,1,54,0
"34002",1,10,49,0
"34003",2,8,47,0
"34004",3,17,56,0
"34005",NA,0,NA,NA
"34006",4,10,49,0
"34007",1,10,90,0
"34008",2,9,89,0
"34009",3,9,89,0
"34010",1,10,84,0
"34011",2,3,77,0
"34012",3,3,77,0
"34013",1,10,63,0
"34014",2,7,60,0
"34015",1,7,7,0
"34016",1,12,12,0
"34017",2,13,13,0
"34018",3,9,9,1
"34019",NA,0,15,0
"34020",NA,0,35,0
"34021",1,10,65,0
"34022",2,9,64,0
"34023",1,10,57,0
"34024",2,6,53,0
"34025",3,1,48,0
"34026",1,10,46,0
"34027",2,6,42,0
"34028",3,6,42,0
"34029",4,6,42,0
"34030",1,10,97,0
"34031",2,9,96,0
"34032",1,10,84,0
"34033",2,10,84,0
"34034",3,5,79,0
"34035",1,10,59,0
"34036",1,10,37,0
"34037",2,7,34,0
"34038",NA,0,NA,0
"34039",1,10,27,0
"34040",2,10,27,0
"34041",3,5,22,0
"34042",NA,0,NA,0
"34043",4,8,25,0
"34044",1,10,67,0
"34045",1,20,77,0
"34046",2,20,77,0
"34047",3,16,73,0
"34048",1,10,55,0
"34049",NA,0,NA,0
"34050",1,15,60,0
"34051",2,20,65,0
"34052",NA,0,NA,NA
"34053",NA,0,35,0
"34054",1,10,83,0
"34055",2,14,87,0
"34056",3,14,87,0
"34057",4,14,87,0
"34058",1,10,56,0
"34059",1,10,21,0
"34060",2,3,14,0
"34061",3,1,12,0
"34062",1,10,11,0
"34063",2,7,8,0
"34064",3,7,8,0
"34065",4,1,2,1
"34066",NA,0,15,0
"34067",NA,0,35,0
"34068",1,10,65,0
"34069",2,8,63,0
"34070",3,8,63,0
"34071",4,8,63,0
"34072",1,10,96,0
"34073",1,12,98,0
"34074",2,4,90,0
"34075",3,1,87,0
"34076",1,10,85,0
"34077",1,10,62,0
"34078",2,10,62,0
"34079",3,4,56,0
"34080",4,4,56,0
"34081",1,10,88,0
"34082",2,10,88,0
"34083",3,10,88,0
"34084",4,10,88,0
"34085",1,10,48,0
"34086",2,10,48,0
"34087",3,3,41,0
"34088",1,10,26,0
"34089",2,8,24,0
"34090",3,2,18,0
"34091",4,2,18,0
"34092",NA,0,35,0
"34093",1,10,77,0
"34094",2,10,77,0
"34095",3,10,77,0
"34096",4,10,77,0
"34097",1,10,62,0
"34098",2,10,62,0
"34099",NA,0,NA,NA
"34100",3,6,58,0
"34101",1,10,84,0
"34102",2,6,80,0
"34103",3,17,91,0
"34104",1,10,74,0
"34105",2,3,67,0
"34106",3,2,66,0
"34107",4,1,65,0
"34108",1,10,78,0
"34109",2,10,78,0
"34110",3,10,78,0
"34111",4,1,69,0
"34112",1,10,31,0
"34113",2,4,25,0
"34114",3,3,24,0
"34115",1,10,16,0
"34116",2,7,13,0
"34117",1,5,5,1
"34118",NA,0,15,0
"34119",NA,0,35,0
"34120",1,10,65,0
"34121",2,4,59,0
"34122",3,4,59,0
"34123",NA,0,NA,0
"34124",4,4,59,0
"34125",NA,0,NA,0
"34126",1,10,41,0
"34127",2,10,41,0
"34128",3,7,38,0
"34129",3,12,43,0
"34130",4,12,43,0
"34131",1,10,92,0
"34132",2,10,92,0
"34133",1,10,26,0
"34134",NA,0,NA,0
"34135",2,8,24,0
"34136",NA,0,NA,0
"34137",3,5,21,0
"34138",1,10,15,0
"34139",2,8,13,0
"34140",3,4,9,0
"34141",NA,0,NA,0
"34142",4,5,10,0
"34143",NA,0,35,0
"34144",1,10,70,0
"34145",1,10,55,0
"34146",2,10,55,0
"34147",2,15,60,0
"34148",NA,0,NA,NA
"34149",NA,0,NA,NA
"34150",NA,0,35,0
"34151",1,10,74,0
"34152",1,10,63,0
"34153",2,12,65,0
"34154",3,12,65,0
"34155",4,7,60,0
"34156",1,10,80,0
"34157",1,10,21,0
"34158",2,9,20,0
"34159",2,14,25,0
"34160",1,7,7,0
"34161",2,3,3,1
"34162",NA,0,15,0
"34163",NA,0,35,0
"34164",1,10,76,0
"34165",1,10,60,0
"34166",2,10,60,0
"34167",1,10,43,0
"34168",2,6,39,0
"34169",1,10,26,0
"34170",2,5,21,0
"34171",1,10,12,0
"34172",2,6,8,0
"34173",3,1,3,0
"34174",1,1,1,1
"34175",NA,0,15,0
"34176",NA,0,35,0
"34177",1,10,74,0
"34178",2,10,74,0
"34179",3,5,69,0
"34180",1,10,30,0
"34181",1,10,14,1
"34182",NA,0,15,0
"34183",NA,0,35,0
"34184",1,10,65,0
"34185",1,10,60,0
"34186",2,8,58,0
"34187",2,13,63,0
"34188",3,8,58,0
"34189",3,23,73,0
"34190",NA,0,NA,NA
"34191",4,18,68,0
"34192",1,10,71,0
"34193",2,8,69,0
"34194",3,8,69,0
"34195",4,8,69,0
"34196",1,10,81,0
"34197",2,4,75,0
"34198",1,10,28,1
"34199",NA,0,15,0
"34200",NA,0,35,0
"34201",1,10,73,0
"34202",2,11,74,0
"34203",3,8,71,0
"34204",1,10,42,0
"34205",2,8,40,0
"34206",3,4,36,0
"34207",1,10,32,0
"34208",2,8,30,0
"34209",3,8,30,0
"34210",1,10,22,0
"34211",2,7,19,0
"34212",2,13,25,0
"34213",3,13,25,0
"34214",1,10,12,0
"34215",2,7,9,0
"34216",3,7,9,0
"34217",4,7,9,0
"34218",NA,0,35,0
"34219",1,10,71,0
"34220",1,10,60,0
"34221",2,1,51,0
"34222",1,10,45,0
"34223",1,10,53,0
"34224",2,7,50,0
"34225",2,2,45,0
"34226",3,1,44,0
"34227",4,1,44,0
"34228",1,10,55,0
"34229",2,10,55,0
"34230",2,15,60,0
"34231",3,15,60,0
"34232",1,10,23,0
"34233",2,3,16,0
"34234",NA,0,NA,0
"34235",3,3,16,0
"34236",NA,0,NA,0
"34237",1,10,13,0
"34238",NA,0,NA,0
"34239",2,9,12,0
"34240",NA,0,NA,0
"34241",3,2,5,0
"34242",NA,0,NA,0
"34243",1,2,2,0
"34244",2,2,2,0
"34245",2,7,7,0
"34246",3,7,7,1
"34247",NA,0,15,0
"34248",NA,0,35,0
"34249",1,10,70,0
"34250",NA,0,NA,NA
"34251",NA,0,35,0
"34252",1,10,74,0
"34253",2,3,67,0
"34254",1,10,62,0
"34255",1,10,38,0
"34256",2,8,36,0
"34257",1,10,20,0
"34258",2,8,18,0
"34259",3,6,16,0
"34260",3,16,26,0
"34261",4,8,18,0
"34262",NA,0,35,0
"34263",1,10,78,0
"34264",2,10,78,0
"34265",3,10,78,0
"34266",4,10,78,0
"34267",1,10,69,0
"34268",2,10,69,0
"34269",3,11,70,0
"34270",3,16,75,0
"34271",4,12,71,0
"34272",1,10,76,0
"34273",2,2,68,0
"34274",1,10,63,0
"34275",2,6,59,0
"34276",3,2,55,0
"34277",4,1,54,0
"34278",1,10,53,0
"34279",2,10,53,0
"34280",1,10,23,0
"34281",2,11,24,0
"34282",NA,0,NA,NA
"34283",3,3,16,0
"34284",3,13,26,0
"34285",4,4,17,0
"34286",NA,0,35,0
"34287",1,10,65,0
"34288",1,10,51,0
"34289",2,8,49,0
"34290",1,10,55,0
"34291",2,5,50,0
"34292",3,5,50,0
"34293",1,10,45,0
"34294",2,9,44,0
"34295",3,9,44,0
"34296",1,10,18,0
"34297",2,8,16,0
"34298",3,1,9,0
"34299",4,1,9,0
"34300",1,10,91,0
"34301",NA,0,20,0
"34302",1,10,31,0
"34303",2,7,28,0
"34304",3,11,32,0
"34305",4,8,29,0
"34306",NA,0,35,0
"34307",1,10,65,0
"34308",2,1,56,0
"34309",3,1,56,0
"34310",1,10,52,0
"34311",2,9,51,0
"34312",1,10,35,0
"34313",2,2,27,0
"34314",1,10,18,0
"34315",2,10,18,0
"34316",3,10,18,0
"34317",1,6,6,0
"34318",2,6,6,1
"34319",NA,0,2,0
"34320",NA,0,35,0
"34321",1,10,69,0
"34322",2,10,69,0
"34323",3,11,70,0
"34324",NA,0,NA,NA
"34325",NA,0,NA,NA
"34326",NA,0,35,0
"34327",1,10,67,0
"34328",2,7,64,0
"34329",1,10,37,0
"34330",1,10,19,0
"34331",2,10,19,1
"34332",NA,0,15,0
"34333",NA,0,35,0
"34334",1,10,68,0
"34335",2,4,62,0
"34336",1,10,54,0
"34337",2,6,50,0
"34338",1,10,32,0
"34339",2,4,26,0
"34340",1,8,8,0
"34341",2,8,8,0
"34342",3,8,8,0
"34343",4,8,8,0
"34344",NA,0,35,0
"34345",1,10,80,0
"34346",2,8,78,0
"34347",1,10,69,0
"34348",1,15,74,0
"34349",2,15,74,0
"34350",3,12,71,0
"34351",4,12,71,0
"34352",1,10,74,0
"34353",2,9,73,0
"34354",1,10,55,0
"34355",1,10,23,0
"34356",2,3,16,0
"34357",1,2,2,1
"34358",NA,0,15,0
"34359",NA,0,35,0
"34360",1,10,82,0
"34361",2,6,78,0
"34362",2,16,88,0
"34363",NA,0,NA,NA
"34364",3,5,77,0
"34365",1,10,54,0
"34366",2,8,52,0
"34367",1,10,38,0
"34368",2,7,35,0
"34369",3,3,31,0
"34370",1,10,24,0
"34371",1,10,12,0
"34372",2,10,12,0
"34373",3,10,12,0
"34374",4,18,20,0
"34375",NA,0,35,0
"34376",1,10,65,0
"34377",2,1,56,0
"34378",2,3,58,0
"34379",1,10,48,0
"34380",2,5,43,0
"34381",1,10,37,0
"34382",2,6,33,0
"34383",1,10,24,0
"34384",1,4,4,0
"34385",2,2,2,1
"34386",NA,0,15,0
"34387",NA,0,35,0
"34388",1,10,65,0
"34389",2,10,65,0
"34390",3,10,65,0
"34391",4,10,65,0
"34392",1,10,92,0
"34393",1,10,82,0
"34394",1,10,72,0
"34395",NA,0,NA,0
"34396",1,10,44,0
"34397",1,15,49,0
"34398",2,1,35,0
"34399",1,10,28,0
"34400",2,10,28,1
"34401",NA,0,15,0
"34402",NA,0,35,0
"34403",1,10,65,0
"34404",1,10,50,0
"34405",NA,0,50,0
"34406",2,10,50,0
"34407",NA,0,NA,0
"34408",NA,0,NA,0
"34409",3,5,45,0
"34410",NA,0,NA,NA
"34411",NA,0,35,0
"34412",1,10,74,0
"34413",2,4,68,0
"34414",1,10,63,0
"34415",1,10,51,0
"34416",2,7,48,0
"34417",1,10,43,0
"34418",2,1,34,0
"34419",1,10,17,0
"34420",2,6,13,0
"34421",1,6,6,0
"34422",2,6,6,0
"34423",3,6,6,1
"34424",NA,0,15,0
"34425",NA,0,35,0
"34426",1,10,65,0
"34427",2,10,65,0
"34428",3,5,60,0
"34429",4,5,60,0
"34430",1,10,84,0
"34431",2,1,75,0
"34432",1,10,71,0
"34433",2,3,64,0
"34434",3,1,62,0
"34435",1,10,61,0
"34436",1,10,49,0
"34437",2,10,49,0
"34438",3,6,45,0
"34439",4,6,45,0
"34440",1,10,90,0
"34441",2,10,90,0
"34442",3,6,86,0
"34443",3,11,91,0
"34444",4,11,91,0
"34445",1,10,61,0
"34446",2,8,59,0
"34447",3,3,54,0
"34448",3,8,59,0
"34449",4,8,59,0
"34450",1,10,80,0
"34451",2,8,78,0
"34452",3,8,78,0
"34453",1,10,31,1
"34454",NA,0,15,0
"34455",NA,0,35,0
"34456",1,10,80,0
"34457",2,10,80,0
"34458",NA,0,NA,NA
"34459",3,9,79,0
"34460",4,9,79,0
"34461",1,10,48,1
"34462",NA,0,15,0
"34463",NA,0,35,0
"34464",1,10,65,0
"34465",2,7,62,0
"34466",3,3,58,0
"34467",1,10,55,0
"34468",2,2,47,0
"34469",1,10,40,0
"34470",2,10,40,0
"34471",1,10,20,0
"34472",2,10,20,0
"34473",3,4,14,1
"34474",NA,0,15,0
"34475",NA,0,35,0
"34476",1,10,60,0
"34477",2,4,54,0
"34478",2,9,59,0
"34479",2,14,64,0
"34480",3,12,62,0
"34481",4,6,56,0
"34482",1,10,80,0
"34483",2,10,80,0
"34484",1,10,69,0
"34485",2,5,64,0
"34486",1,10,39,0
"34487",2,1,30,0
"34488",1,10,28,0
"34489",1,10,16,0
"34490",NA,0,NA,0
"34491",2,10,16,0
"34492",3,10,16,0
"34493",4,10,16,0
"34494",1,10,84,0
"34495",2,1,75,0
"34496",1,10,68,0
"34497",2,8,66,0
"34498",3,2,60,0
"34499",1,10,57,0
"34500",2,11,58,0
"34501",3,13,60,0
"34502",NA,0,NA,NA
"34503",NA,0,NA,NA
"34504",NA,0,35,0
"34505",1,10,69,0
"34506",1,5,64,0
"34507",2,4,63,0
"34508",1,10,42,0
"34509",1,3,3,1
"34510",NA,0,15,0
"34511",NA,0,35,0
"34512",1,10,59,0
"34513",2,10,59,0
"34514",3,7,56,0
"34515",4,7,56,0
"34516",1,10,80,0
"34517",1,10,57,0
"34518",NA,0,50,0
"34519",2,3,50,0
"34520",1,10,37,0
"34521",1,10,13,1
"34522",NA,0,15,0
"34523",NA,0,35,0
"34524",1,10,80,0
"34525",2,4,74,0
"34526",3,4,74,0
"34527",1,10,29,0
"34528",2,3,22,0
"34529",1,10,18,0
"34530",1,15,23,0
"34531",2,9,17,0
"34532",1,5,5,0
"34533",2,2,2,1
"34534",NA,0,15,0
"34535",NA,0,35,0
"34536",1,10,65,0
"34537",2,1,56,0
"34538",3,1,56,0
"34539",4,1,56,0
"34540",1,10,88,0
"34541",2,8,86,0
"34542",3,2,80,0
"34543",4,2,80,1
"34544",NA,0,15,0
"34545",NA,0,35,0
"34546",1,10,67,0
"34547",2,10,67,0
"34548",NA,0,NA,NA
"34549",1,10,54,0
"34550",2,9,53,0
"34551",3,9,53,0
"34552",4,9,53,0
"34553",1,10,87,0
"34554",2,4,81,0
"34555",3,1,78,0
"34556",4,4,81,0
"34557",1,10,59,0
"34558",2,12,61,0
"34559",3,6,55,0
"34560",4,14,63,0
"34561",1,10,80,0
"34562",2,14,84,0
"34563",3,3,73,0
"34564",3,8,78,0
"34565",4,2,72,0
"34566",1,10,80,0
"34567",1,10,51,0
"34568",1,10,36,0
"34569",2,3,29,0
"34570",1,10,25,0
"34571",2,7,22,0
"34572",3,6,21,0
"34573",3,11,26,NA
"34574",3,11,26,0
"34575",4,10,25,0
"34576",NA,0,35,0
"34577",1,10,65,0
"34578",1,10,55,0
"34579",2,10,55,0
"34580",3,10,55,0
"34581",1,10,16,0
"34582",2,13,19,0
"34583",3,13,19,0
"34584",1,10,95,0
"34585",NA,0,NA,0
"34586",2,4,89,0
"34587",NA,0,NA,0
"34588",3,5,90,0
"34589",4,5,90,0
"34590",1,10,46,0
"34591",2,10,46,0
"34592",NA,0,NA,NA
"34593",NA,0,35,0
"34594",1,10,68,0
"34595",2,1,59,0
"34596",1,10,55,0
"34597",2,2,47,0
"34598",3,5,50,0
"34599",4,7,52,0
"34600",1,10,93,0
"34601",NA,0,NA,0
"34602",2,9,92,0
"34603",3,9,92,0
"34604",4,4,87,0
"34605",1,10,73,0
"34606",1,10,59,0
"34607",2,10,59,0
"34608",3,9,58,0
"34609",4,17,66,0
"34610",1,10,71,0
"34611",2,4,65,0
"34612",3,4,65,0
"34613",1,10,59,0
"34614",2,3,52,0
"34615",3,1,50,0
"34616",1,10,46,0
"34617",2,1,37,0
"34618",2,6,42,0
"34619",3,6,42,0
"34620",4,6,42,0
"34621",1,10,77,0
"34622",2,13,80,0
"34623",3,8,75,0
"34624",4,8,75,0
"34625",1,10,56,0
"34626",NA,0,NA,NA
"34627",1,10,41,0
"34628",1,10,24,0
"34629",2,12,26,0
"34630",1,10,13,0
"34631",2,4,7,0
"34632",3,4,7,0
"34633",3,9,12,0
"34634",4,9,12,0
"34635",NA,0,35,0
"34636",1,10,67,0
"34637",2,3,60,0
"34638",1,10,51,0
"34639",1,10,40,0
"34640",1,10,29,0
"34641",2,10,29,0
"34642",1,10,18,0
"34643",2,11,19,0
"34644",1,7,7,1
"34645",NA,0,15,0
"34646",NA,0,35,0
"34647",1,10,64,0
"34648",1,20,74,0
"34649",2,2,56,0
"34650",3,2,56,0
"34651",1,10,45,0
"34652",2,10,45,0
"34653",3,10,45,0
"34654",4,10,45,0
"34655",1,10,42,0
"34656",2,11,43,0
"34657",NA,0,NA,0
"34658",1,10,31,0
"34659",NA,0,NA,0
"34660",2,11,32,0
"34661",NA,0,NA,0
"34662",3,8,29,0
"34663",4,14,35,0
"34664",NA,0,35,0
"34665",1,10,60,0
"34666",2,10,60,0
"34667",1,10,36,0
"34668",2,1,27,0
"34669",1,10,24,0
"34670",2,10,24,0
"34671",1,9,9,0
"34672",1,10,80,0
"34673",2,11,81,0
"34674",NA,0,NA,NA
"34675",NA,0,NA,NA
"34676",NA,0,35,0
"34677",1,10,45,0
"34678",2,10,45,0
"34679",1,10,29,0
"34680",2,7,26,0
"34681",1,10,14,0
"34682",1,3,3,1
"34683",NA,0,15,0
"34684",NA,0,35,0
"34685",1,10,67,0
"34686",2,4,61,0
"34687",3,5,62,0
"34688",1,10,57,0
"34689",2,8,55,0
"34690",3,1,48,0
"34691",1,10,45,0
"34692",1,10,24,1
"34693",NA,0,15,0
"34694",NA,0,35,0
"34695",1,10,77,0
"34696",2,17,84,0
"34697",3,11,78,0
"34698",4,11,78,0
"34699",1,10,80,0
"34700",1,15,85,0
"34701",2,9,79,0
"34702",3,5,75,0
"34703",1,10,70,0
"34704",2,5,65,0
"34705",1,10,54,0
"34706",1,15,59,0
"34707",2,6,50,0
"34708",NA,0,NA,0
"34709",3,3,47,0
"34710",4,1,45,0
"34711",1,10,48,0
"34712",2,13,51,0
"34713",NA,0,NA,NA
"34714",1,10,35,0
"34715",2,10,35,0
"34716",3,13,38,0
"34717",4,5,30,0
"34718",1,10,62,0
"34719",2,10,62,0
"34720",1,10,44,0
"34721",2,15,49,0
"34722",3,13,47,0
"34723",4,13,47,0
"34724",1,10,84,0
"34725",1,5,79,0
"34726",1,10,40,0
"34727",1,10,28,0
"34728",2,5,23,0
"34729",3,5,23,0
"34730",4,5,23,0
"34731",NA,0,35,0
"34732",1,10,72,0
"34733",2,8,70,0
"34734",2,13,75,0
"34735",3,7,69,0
"34736",4,20,82,0
"34737",1,10,72,0
"34738",2,10,72,0
"34739",3,8,70,0
"34740",1,10,58,0
"34741",2,7,55,0
"34742",3,1,49,0
"34743",4,1,49,0
"34744",1,10,51,0
"34745",2,6,47,0
"34746",2,11,52,0
"34747",2,16,57,0
"34748",NA,0,NA,0
"34749",3,4,45,0
"34750",4,1,42,0
"34751",1,10,55,0
"34752",2,10,55,0
"34753",3,10,55,0
"34754",NA,0,NA,0
"34755",4,1,46,0
"34756",1,10,42,0
"34757",2,10,42,0
"34758",NA,0,NA,0
"34759",NA,0,NA,0
"34760",3,5,37,0
"34761",NA,0,NA,0
"34762",3,15,47,0
"34763",4,15,47,0
"34764",NA,0,NA,NA
"34765",NA,0,35,0
"34766",1,10,80,0
"34767",2,10,80,0
"34768",1,10,68,0
"34769",2,1,59,0
"34770",1,10,47,0
"34771",2,5,42,0
"34772",1,10,34,1
"34773",NA,0,15,0
"34774",NA,0,35,0
"34775",1,10,65,0
"34776",2,4,59,0
"34777",3,1,56,0
"34778",3,10,65,0
"34779",1,10,37,0
"34780",1,10,26,0
"34781",2,3,19,0
"34782",1,10,14,0
"34783",1,1,1,1
"34784",NA,0,15,0
"34785",NA,0,35,0
"34786",1,10,65,0
"34787",2,6,61,0
"34788",3,5,60,0
"34789",1,10,52,0
"34790",2,6,48,0
"34791",1,10,39,0
"34792",2,9,38,0
"34793",1,10,17,0
"34794",2,8,15,0
"34795",3,2,9,0
"34796",4,1,8,0
"34797",4,5,12,0
"34798",NA,0,35,0
"34799",1,10,72,0
"34800",2,8,70,0
"34801",3,8,70,0
"34802",NA,0,NA,NA
"34803",1,10,54,0
"34804",2,7,51,0
"34805",3,4,48,0
"34806",4,2,46,0
"34807",1,10,53,0
"34808",2,10,53,0
"34809",3,10,53,0
"34810",1,10,41,0
"34811",2,8,39,0
"34812",1,10,29,0
"34813",2,6,25,0
"34814",3,8,27,0
"34815",NA,0,NA,0
"34816",1,10,13,1
"34817",NA,0,15,0
"34818",NA,0,35,0
"34819",1,10,60,0
"34820",1,10,28,0
"34821",2,8,26,0
"34822",3,8,26,0
"34823",4,1,19,0
"34824",1,10,17,0
"34825",1,15,22,0
"34826",2,15,22,0
"34827",3,12,19,0
"34828",4,12,19,0
"34829",NA,0,35,0
"34830",1,10,82,0
"34831",2,6,78,0
"34832",3,6,78,0
"34833",1,10,67,0
"34834",NA,0,NA,0
"34835",2,8,65,0
"34836",3,5,62,0
"34837",1,10,49,0
"34838",NA,0,50,0
"34839",2,11,50,0
"34840",3,11,50,0
"34841",4,11,50,0
"34842",1,10,80,0
"34843",2,10,80,0
"34844",3,10,80,0
"34845",4,4,74,0
"34846",1,10,29,0
"34847",2,12,31,0
"34848",NA,0,NA,NA
"34849",NA,0,NA,NA
"34850",NA,0,35,0
"34851",1,10,67,0
"34852",2,10,67,0
"34853",3,9,66,0
"34854",1,10,57,0
"34855",2,7,54,0
"34856",3,4,51,0
"34857",4,13,60,0
"34858",1,10,80,0
"34859",2,7,77,0
"34860",3,7,77,0
"34861",1,10,17,0
"34862",1,6,6,0
"34863",2,4,4,1
"34864",NA,0,15,0
"34865",NA,0,35,0
"34866",1,10,65,0
"34867",1,10,46,0
"34868",1,10,36,0
"34869",1,20,46,0
"34870",2,20,46,0
"34871",3,12,38,0
"34872",1,10,25,0
"34873",2,11,26,0
"34874",3,9,24,0
"34875",4,8,23,0
"34876",NA,0,35,0
"34877",1,10,66,0
"34878",2,3,59,0
"34879",3,7,63,0
"34880",3,12,68,0
"34881",3,7,63,0
"34882",4,7,63,0
"34883",1,10,90,0
"34884",2,11,91,0
"34885",NA,0,NA,NA
"34886",3,5,85,0
"34887",4,5,85,0
"34888",1,10,78,0
"34889",1,10,63,0
"34890",1,20,73,0
"34891",2,15,68,0
"34892",3,15,68,0
"34893",4,15,68,0
"34894",1,10,74,0
"34895",2,11,75,0
"34896",1,10,70,0
"34897",2,7,67,0
"34898",1,10,51,0
"34899",1,10,29,0
"34900",2,10,29,0
"34901",3,2,21,0
"34902",1,10,57,0
"34903",2,2,49,0
"34904",3,2,49,0
"34905",1,10,31,0
"34906",2,4,25,0
"34907",3,4,25,0
"34908",4,6,27,0
"34909",NA,0,35,0
"34910",1,10,72,0
"34911",2,10,72,0
"34912",1,10,30,0
"34913",1,10,58,0
"34914",2,1,49,0
"34915",1,10,44,0
"34916",1,10,31,0
"34917",2,7,28,0
"34918",1,10,17,0
"34919",2,6,13,0
"34920",NA,0,NA,0
"34921",1,2,2,0
"34922",NA,0,NA,0
"34923",2,2,2,0
"34924",2,12,12,0
"34925",NA,0,NA,0
"34926",3,12,12,0
"34927",4,12,12,0
"34928",NA,0,35,0
"34929",1,10,69,0
"34930",2,10,69,0
"34931",3,4,63,0
"34932",1,10,30,0
"34933",2,10,30,0
"34934",NA,0,NA,NA
"34935",NA,0,35,0
"34936",1,10,67,0
"34937",2,10,67,0
"34938",3,4,61,0
"34939",1,10,56,0
"34940",2,10,56,0
"34941",3,2,48,0
"34942",1,10,45,0
"34943",2,7,42,0
"34944",3,7,42,0
"34945",1,10,27,0
"34946",2,8,25,0
"34947",3,1,18,0
"34948",4,1,18,0
"34949",1,9,9,0
"34950",2,13,13,0
"34951",3,16,16,0
"34952",4,16,16,0
"34953",NA,0,35,0
"34954",1,10,64,0
"34955",1,10,38,0
"34956",2,10,38,0
"34957",3,14,42,0
"34958",4,8,36,0
"34959",NA,0,35,0
"34960",1,10,75,0
"34961",2,5,70,0
"34962",2,13,78,0
"34963",3,22,87,0
"34964",4,18,83,0
"34965",1,10,61,0
"34966",1,5,56,0
"34967",2,5,56,0
"34968",NA,0,NA,NA
"34969",3,1,52,1
"34970",NA,0,15,0
"34971",NA,0,35,0
"34972",1,10,74,0
"34973",2,6,70,0
"34974",1,10,58,0
"34975",2,7,55,0
"34976",3,3,51,0
"34977",4,3,51,0
"34978",1,10,73,0
"34979",1,10,54,0
"34980",1,10,35,0
"34981",2,10,35,0
"34982",3,5,30,0
"34983",1,10,20,0
"34984",2,7,17,0
"34985",3,3,13,0
"34986",4,3,13,0
"34987",NA,0,35,0
"34988",1,10,71,0
"34989",2,8,69,0
"34990",3,6,67,0
"34991",4,6,67,0
"34992",1,10,75,0
"34993",2,11,76,0
"34994",3,7,72,0
"34995",4,14,79,0
"34996",1,10,60,0
"34997",2,10,60,0
"34998",1,10,44,0
"34999",2,10,44,0
"35000",NA,0,NA,0
"35001",1,10,25,0
"35002",NA,0,NA,0
"35003",2,11,26,0
"35004",NA,0,NA,0
"35005",3,11,26,0
"35006",4,11,26,0
"35007",NA,0,35,0
"35008",1,10,72,0
"35009",2,10,72,0
"35010",3,10,72,0
"35011",1,10,63,0
"35012",2,3,56,0
"35013",1,10,48,0
"35014",2,4,42,0
"35015",3,4,42,0
"35016",1,10,38,0
"35017",NA,0,NA,0
"35018",2,1,29,0
"35019",3,1,29,0
"35020",4,1,29,0
"35021",NA,0,35,0
"35022",1,10,72,0
"35023",NA,0,NA,NA
"35024",NA,0,35,0
"35025",1,10,70,0
"35026",1,10,58,0
"35027",1,10,40,0
"35028",2,8,38,0
"35029",3,7,37,0
"35030",4,6,36,0
"35031",NA,0,35,0
"35032",1,10,69,0
"35033",2,6,65,0
"35034",3,6,65,0
"35035",3,16,75,0
"35036",1,10,47,0
"35037",2,10,47,0
"35038",3,4,41,0
"35039",NA,0,NA,0
"35040",4,4,41,0
"35041",1,10,36,0
"35042",2,7,33,0
"35043",1,10,17,0
"35044",NA,0,NA,NA
"35045",NA,0,NA,NA
"35046",NA,0,35,0
"35047",1,10,73,0
"35048",2,3,66,0
"35049",1,10,59,0
"35050",2,4,53,0
"35051",3,6,55,0
"35052",1,10,24,0
"35053",2,10,24,0
"35054",3,4,18,0
"35055",4,4,18,0
"35056",NA,0,35,0
"35057",1,10,65,0
"35058",1,10,13,0
"35059",2,3,6,0
"35060",3,1,4,0
"35061",4,1,4,0
"35062",1,2,2,0
"35063",2,2,2,0
"35064",3,1,1,1
"35065",NA,0,15,0
"35066",NA,0,35,0
"35067",1,10,74,0
"35068",2,6,70,0
"35069",3,5,69,0
"35070",4,13,77,0
"35071",1,10,68,0
"35072",2,6,64,0
"35073",3,1,59,0
"35074",4,1,59,0
"35075",1,10,89,0
"35076",2,7,86,0
"35077",3,4,83,0
"35078",1,10,74,0
"35079",1,10,71,0
"35080",2,10,71,0
"35081",3,4,65,0
"35082",4,4,65,0
"35083",1,10,80,0
"35084",NA,0,NA,NA
"35085",2,5,75,0
"35086",3,5,75,0
"35087",1,10,68,0
"35088",2,10,68,0
"35089",2,15,73,0
"35090",3,3,61,0
"35091",1,10,33,0
"35092",2,10,33,0
"35093",1,10,12,0
"35094",2,10,12,0
"35095",NA,0,NA,0
"35096",3,5,7,0
"35097",4,3,5,0
"35098",NA,0,35,0
"35099",1,10,74,0
"35100",2,11,75,0
"35101",3,4,68,0
"35102",1,10,36,0
"35103",2,9,35,0
"35104",1,10,22,0
"35105",NA,0,NA,0
"35106",2,5,17,0
"35107",3,1,13,0
"35108",4,1,13,0
"35109",1,6,6,1
"35110",NA,0,15,0
"35111",NA,0,35,0
"35112",1,10,60,0
"35113",2,8,58,0
"35114",1,10,49,0
"35115",2,1,40,0
"35116",1,10,38,0
"35117",2,4,32,0
"35118",3,2,30,0
"35119",1,10,25,0
"35120",2,10,25,0
"35121",3,8,23,0
"35122",1,10,18,0
"35123",2,5,13,0
"35124",1,8,8,0
"35125",NA,0,NA,0
"35126",2,6,6,0
"35127",3,6,6,1
"35128",NA,0,15,0
"35129",NA,0,35,0
"35130",1,10,74,0
"35131",NA,0,NA,NA
"35132",NA,0,35,0
"35133",1,10,60,0
"35134",1,10,19,0
"35135",2,7,16,0
"35136",3,1,10,0
"35137",1,8,8,0
"35138",2,10,10,0
"35139",3,10,10,0
"35140",4,10,10,0
"35141",NA,0,35,0
"35142",1,10,71,0
"35143",2,4,65,0
"35144",3,1,62,0
"35145",1,7,7,0
"35146",2,7,7,0
"35147",3,4,4,1
"35148",NA,0,15,0
"35149",NA,0,35,0
"35150",1,10,80,0
"35151",2,7,77,0
"35152",2,17,87,0
"35153",3,5,75,0
"35154",1,10,44,0
"35155",2,11,45,0
"35156",3,4,38,1
"35157",NA,0,15,0
"35158",NA,0,35,0
"35159",1,10,64,0
"35160",2,9,63,0
"35161",3,3,57,0
"35162",1,10,48,0
"35163",1,10,30,0
"35164",2,4,24,0
"35165",NA,0,NA,NA
"35166",1,10,16,0
"35167",2,9,15,0
"35168",3,4,10,0
"35169",4,4,10,0
"35170",NA,0,35,0
"35171",1,10,77,0
"35172",2,7,74,0
"35173",3,6,73,0
"35174",3,11,78,0
"35175",4,5,72,0
"35176",1,10,68,0
"35177",1,10,33,0
"35178",2,5,28,0
"35179",3,2,25,0
"35180",4,1,24,0
"35181",1,10,20,0
"35182",2,8,18,0
"35183",3,8,18,0
"35184",4,8,18,0
"35185",NA,0,35,0
"35186",1,10,59,0
"35187",2,10,59,0
"35188",3,19,68,0
"35189",4,15,64,0
"35190",1,10,78,0
"35191",1,10,59,0
"35192",2,5,54,0
"35193",3,5,54,0
"35194",4,5,54,0
"35195",1,10,48,0
"35196",2,10,48,0
"35197",3,8,46,0
"35198",1,10,13,0
"35199",2,10,13,0
"35200",NA,0,NA,0
"35201",3,2,5,0
"35202",4,5,8,0
"35203",1,10,92,0
"35204",NA,0,NA,0
"35205",2,9,91,0
"35206",NA,0,NA,0
"35207",3,7,89,0
"35208",4,7,89,0
"35209",1,10,74,0
"35210",1,20,84,0
"35211",2,14,78,0
"35212",3,10,74,0
"35213",NA,0,NA,0
"35214",4,2,66,0
"35215",1,10,58,0
"35216",2,10,58,0
"35217",1,10,39,0
"35218",NA,0,NA,0
"35219",2,10,39,0
"35220",3,1,30,0
"35221",NA,0,NA,NA
"35222",NA,0,NA,NA
"35223",NA,0,35,0
"35224",1,10,77,0
"35225",2,5,72,0
"35226",3,2,69,0
"35227",1,10,64,0
"35228",1,10,53,0
"35229",2,7,50,0
"35230",3,7,50,0
"35231",4,7,50,0
"35232",1,10,89,0
"35233",2,11,90,0
"35234",3,12,91,0
"35235",4,20,99,0
"35236",1,10,39,0
"35237",1,10,19,0
"35238",2,9,18,0
"35239",3,3,12,0
"35240",4,3,12,0
"35241",4,8,17,0
"35242",NA,0,35,0
"35243",1,10,74,0
"35244",2,7,71,0
"35245",3,7,71,0
"35246",1,10,63,0
"35247",1,5,58,0
"35248",1,10,31,0
"35249",2,10,31,0
"35250",3,11,32,0
"35251",4,1,22,0
"35252",1,10,16,0
"35253",1,9,9,0
"35254",1,14,14,0
"35255",2,14,14,0
"35256",3,4,4,0
"35257",4,4,4,0
"35258",NA,0,35,0
"35259",1,10,71,0
"35260",NA,0,NA,NA
"35261",2,4,65,0
"35262",NA,0,NA,0
"35263",3,1,62,0
"35264",4,1,62,0
"35265",1,10,57,0
"35266",2,10,57,0
"35267",3,11,58,0
"35268",4,8,55,0
"35269",1,10,90,0
"35270",1,15,95,0
"35271",2,13,93,0
"35272",3,1,81,0
"35273",1,10,30,0
"35274",1,17,37,0
"35275",2,15,35,0
"35276",3,12,32,0
"35277",4,12,32,0
"35278",1,10,66,0
"35279",2,15,71,0
"35280",3,8,64,0
"35281",4,8,64,0
"35282",1,10,88,0
"35283",2,1,79,0
"35284",1,10,73,0
"35285",2,6,69,0
"35286",2,4,67,0
"35287",1,10,58,0
"35288",2,12,60,0
"35289",1,10,30,0
"35290",2,5,25,0
"35291",3,5,25,0
"35292",4,5,25,0
"35293",NA,0,35,0
"35294",1,10,75,0
"35295",2,6,71,0
"35296",3,1,66,0
"35297",NA,0,NA,0
"35298",1,10,63,0
"35299",NA,0,NA,0
"35300",1,10,51,0
"35301",NA,0,NA,0
"35302",1,10,35,0
"35303",2,5,30,0
"35304",NA,0,NA,NA
"35305",NA,0,35,1
"35306",NA,0,15,0
"35307",NA,0,35,0
"35308",1,10,65,0
"35309",1,10,39,0
"35310",2,7,36,0
"35311",1,10,27,0
"35312",2,2,19,0
"35313",3,1,18,0
"35314",1,10,88,0
"35315",2,9,87,0
"35316",3,2,80,0
"35317",1,10,74,0
"35318",2,1,65,0
"35319",1,10,57,0
"35320",1,10,27,0
"35321",2,11,28,1
"35322",NA,0,15,0
"35323",NA,0,35,0
"35324",1,10,65,0
"35325",2,7,62,0
"35326",3,3,58,0
"35327",1,10,47,0
"35328",2,9,46,0
"35329",1,10,22,0
"35330",2,10,22,0
"35331",3,7,19,0
"35332",4,7,19,0
"35333",NA,0,35,0
"35334",1,10,68,0
"35335",2,3,61,0
"35336",1,10,53,0
"35337",1,10,32,0
"35338",1,10,17,0
"35339",2,10,17,0
"35340",3,5,12,0
"35341",NA,0,NA,NA
"35342",4,2,9,0
"35343",NA,0,35,0
"35344",1,10,60,0
"35345",2,10,60,0
"35346",3,6,56,0
"35347",1,10,23,0
"35348",2,2,15,0
"35349",1,10,11,1
"35350",NA,0,15,0
"35351",NA,0,35,0
"35352",1,10,65,0
"35353",2,10,65,0
"35354",3,7,62,0
"35355",1,10,35,0
"35356",2,7,32,0
"35357",NA,0,NA,0
"35358",1,10,17,0
"35359",1,2,2,0
"35360",2,2,2,0
"35361",3,4,4,1
"35362",NA,0,15,0
"35363",NA,0,35,0
"35364",1,10,48,0
"35365",2,4,42,0
"35366",1,10,27,0
"35367",2,10,27,0
"35368",3,18,35,0
"35369",1,10,17,0
"35370",2,10,17,0
"35371",3,8,15,0
"35372",1,5,5,0
"35373",2,4,4,0
"35374",3,3,3,0
"35375",4,3,3,0
"35376",1,10,96,0
"35377",1,10,75,0
"35378",2,5,70,0
"35379",2,15,80,0
"35380",3,14,79,0
"35381",1,10,54,0
"35382",2,8,52,0
"35383",3,8,52,0
"35384",4,4,48,0
"35385",1,10,96,0
"35386",NA,0,NA,NA
"35387",NA,0,NA,NA
"35388",NA,0,35,0
"35389",1,10,53,0
"35390",2,11,54,0
"35391",3,10,53,0
"35392",1,10,29,0
"35393",2,8,27,0
"35394",3,6,25,0
"35395",1,10,16,0
"35396",2,8,14,1
"35397",NA,0,15,0
"35398",NA,0,35,0
"35399",1,10,85,0
"35400",2,14,89,0
"35401",3,11,86,0
"35402",4,13,88,0
"35403",4,18,93,0
"35404",1,10,46,0
"35405",2,2,38,0
"35406",3,2,38,0
"35407",1,10,35,0
"35408",2,3,28,0
"35409",1,10,25,0
"35410",2,9,24,0
"35411",3,9,24,0
"35412",1,10,39,0
"35413",1,10,22,0
"35414",2,10,22,0
"35415",3,8,20,0
"35416",4,8,20,0
"35417",NA,0,35,0
"35418",1,10,65,1
"35419",NA,0,15,0
"35420",NA,0,35,0
"35421",1,10,60,0
"35422",1,2,2,0
"35423",NA,0,NA,NA
"35424",2,3,3,0
"35425",3,1,1,1
"35426",NA,0,15,0
"35427",NA,0,35,0
"35428",1,10,65,0
"35429",2,7,62,0
"35430",3,1,56,0
"35431",1,10,54,0
"35432",2,6,50,0
"35433",3,6,50,0
"35434",4,6,50,0
"35435",1,10,91,0
"35436",1,10,77,0
"35437",2,6,73,0
"35438",3,5,72,0
"35439",1,10,63,0
"35440",2,10,63,0
"35441",3,2,55,0
"35442",1,10,51,0
"35443",2,20,61,0
"35444",3,20,61,0
"35445",4,3,44,0
"35446",4,8,49,0
"35447",1,10,85,0
"35448",2,4,79,0
"35449",1,10,73,0
"35450",2,15,78,0
"35451",3,4,67,0
"35452",4,4,67,0
"35453",1,10,74,0
"35454",1,10,60,0
"35455",2,10,60,1
"35456",NA,0,15,0
"35457",NA,0,35,0
"35458",1,10,65,0
"35459",2,6,61,0
"35460",1,10,53,0
"35461",2,5,48,0
"35462",3,4,47,0
"35463",NA,0,NA,0
"35464",4,13,56,0
"35465",1,10,82,0
"35466",NA,0,NA,NA
"35467",NA,0,35,0
"35468",1,10,78,0
"35469",1,10,64,0
"35470",2,3,57,0
"35471",3,1,55,0
"35472",1,10,52,0
"35473",2,10,52,0
"35474",3,10,52,0
"35475",4,10,52,0
"35476",1,10,75,0
"35477",2,8,73,0
"35478",3,7,72,0
"35479",4,7,72,0
"35480",1,10,72,0
"35481",2,4,66,0
"35482",3,3,65,0
"35483",4,3,65,0
"35484",1,10,76,0
"35485",2,3,69,0
"35486",NA,0,NA,0
"35487",3,3,69,0
"35488",3,8,74,0
"35489",4,8,74,0
"35490",1,10,77,0
"35491",2,4,71,0
"35492",3,6,73,0
"35493",4,6,73,0
"35494",1,10,66,0
"35495",1,15,71,0
"35496",2,4,60,0
"35497",1,10,56,0
"35498",2,10,56,0
"35499",3,7,53,0
"35500",4,7,53,0
"35501",1,10,80,0
"35502",2,10,80,0
"35503",1,10,45,0
"35504",1,20,55,0
"35505",2,20,55,0
"35506",1,10,38,0
"35507",2,4,32,1
"35508",NA,0,15,0
"35509",NA,0,35,0
"35510",1,10,77,0
"35511",NA,0,NA,NA
"35512",2,9,76,0
"35513",2,4,71,0
"35514",3,7,74,0
"35515",4,18,85,0
"35516",1,10,74,0
"35517",2,7,71,0
"35518",3,7,71,0
"35519",1,10,52,0
"35520",2,10,52,0
"35521",2,15,57,0
"35522",3,15,57,0
"35523",3,20,62,0
"35524",4,12,54,0
"35525",1,10,80,0
"35526",1,8,8,0
"35527",2,9,9,0
"35528",3,5,5,1
"35529",NA,0,15,0
"35530",NA,0,35,0
"35531",1,10,74,0
"35532",2,10,74,0
"35533",3,10,74,0
"35534",1,10,51,0
"35535",1,15,56,0
"35536",2,15,56,0
"35537",3,15,56,0
"35538",4,15,56,0
"35539",1,10,29,0
"35540",2,6,25,0
"35541",3,2,21,0
"35542",4,4,23,0
"35543",NA,0,35,0
"35544",1,10,66,0
"35545",2,10,66,0
"35546",2,20,76,0
"35547",3,5,61,0
"35548",1,10,46,0
"35549",1,10,29,0
"35550",1,7,7,1
"35551",NA,0,2,0
"35552",NA,0,35,0
"35553",1,10,65,0
"35554",2,10,65,0
"35555",3,8,63,0
"35556",NA,0,NA,0
"35557",4,10,65,0
"35558",1,10,80,0
"35559",1,10,52,0
"35560",2,3,45,0
"35561",2,8,50,0
"35562",3,4,46,0
"35563",1,10,15,0
"35564",1,7,7,0
"35565",2,7,7,1
"35566",NA,0,2,0
"35567",NA,0,35,0
"35568",1,10,46,0
"35569",NA,0,NA,0
"35570",2,7,43,0
"35571",NA,0,NA,0
"35572",3,10,46,0
"35573",NA,0,NA,NA
"35574",NA,0,NA,NA
"35575",NA,0,35,0
"35576",1,10,61,0
"35577",2,7,58,0
"35578",1,10,49,0
"35579",2,3,42,0
"35580",1,10,32,0
"35581",2,1,23,0
"35582",1,10,18,1
"35583",NA,0,15,0
"35584",NA,0,35,0
"35585",1,10,85,0
"35586",2,6,81,0
"35587",1,10,53,0
"35588",2,8,51,0
"35589",1,10,41,0
"35590",2,10,41,0
"35591",3,2,33,0
"35592",1,10,31,0
"35593",1,20,41,0
"35594",2,18,39,0
"35595",3,13,34,0
"35596",1,10,19,0
"35597",1,4,4,0
"35598",2,2,2,0
"35599",3,2,2,0
"35600",4,2,2,0
"35601",1,10,98,0
"35602",2,6,94,0
"35603",3,6,94,0
"35604",1,10,87,0
"35605",NA,0,NA,NA
"35606",2,8,85,0
"35607",1,10,76,0
"35608",2,10,76,0
"35609",1,10,64,0
"35610",2,6,60,0
"35611",3,9,63,0
"35612",1,10,51,0
"35613",2,8,49,0
"35614",3,8,49,0
"35615",1,10,28,0
"35616",2,12,30,0
"35617",3,12,30,0
"35618",1,10,17,0
"35619",2,5,12,0
"35620",3,1,8,1
"35621",NA,0,15,0
"35622",NA,0,35,0
"35623",1,10,76,0
"35624",2,10,76,0
"35625",3,5,71,0
"35626",4,1,67,0
"35627",1,10,79,0
"35628",2,5,74,0
"35629",3,1,70,0
"35630",1,10,66,0
"35631",2,6,62,0
"35632",2,11,67,0
"35633",3,11,67,0
"35634",NA,0,NA,0
"35635",4,20,76,0
"35636",1,10,67,0
"35637",2,4,61,0
"35638",3,4,61,0
"35639",1,10,54,0
"35640",2,10,54,0
"35641",3,11,55,0
"35642",4,11,55,0
"35643",1,10,86,0
"35644",NA,0,NA,NA
"35645",NA,0,35,0
"35646",1,10,77,0
"35647",2,6,73,0
"35648",3,7,74,0
"35649",1,10,60,0
"35650",2,6,56,0
"35651",3,1,51,0
"35652",1,10,46,0
"35653",2,6,42,0
"35654",3,6,42,0
"35655",4,1,37,0
"35656",1,10,26,0
"35657",2,3,19,0
"35658",3,3,19,0
"35659",4,3,19,0
"35660",1,10,30,NA
"35661",1,10,30,0
"35662",2,7,27,0
"35663",3,7,27,0
"35664",4,7,27,0
"35665",NA,0,35,0
"35666",1,10,80,0
"35667",2,5,75,0
"35668",1,10,64,0
"35669",2,9,63,0
"35670",1,10,37,0
"35671",1,10,17,0
"35672",NA,0,NA,0
"35673",2,4,11,0
"35674",1,6,6,1
"35675",NA,0,15,0
"35676",NA,0,35,0
"35677",1,10,70,0
"35678",2,11,71,0
"35679",3,11,71,0
"35680",4,19,79,0
"35681",1,10,66,0
"35682",1,10,50,0
"35683",NA,0,NA,NA
"35684",2,1,41,0
"35685",1,10,36,0
"35686",2,10,36,0
"35687",1,10,18,0
"35688",1,9,9,0
"35689",2,2,2,0
"35690",3,2,2,0
"35691",NA,0,NA,0
"35692",4,2,2,1
"35693",NA,0,15,0
"35694",NA,0,35,0
"35695",1,10,65,0
"35696",1,10,46,0
"35697",2,2,38,0
"35698",1,10,28,0
"35699",2,9,27,0
"35700",3,6,24,0
"35701",1,10,83,0
"35702",2,8,81,0
"35703",1,10,72,0
"35704",1,10,62,0
"35705",1,10,57,0
"35706",2,9,56,0
"35707",1,10,44,0
"35708",2,10,44,0
"35709",3,6,40,0
"35710",4,1,35,0
"35711",1,10,25,0
"35712",2,11,26,0
"35713",3,12,27,0
"35714",NA,0,NA,NA
"35715",NA,0,NA,NA
"35716",NA,0,35,0
"35717",1,10,59,0
"35718",2,8,57,1
"35719",NA,0,15,0
"35720",NA,0,35,0
"35721",1,10,22,0
"35722",1,10,11,0
"35723",2,12,13,0
"35724",3,12,13,0
"35725",4,11,12,0
"35726",NA,0,35,0
"35727",1,10,78,0
"35728",2,12,80,0
"35729",3,12,80,0
"35730",4,17,85,0
"35731",1,10,49,0
"35732",2,2,41,0
"35733",1,10,37,0
"35734",2,1,28,0
"35735",3,1,28,0
"35736",1,10,25,0
"35737",1,1,1,0
"35738",2,1,1,0
"35739",3,1,1,1
"35740",NA,0,15,0
"35741",NA,0,35,0
"35742",1,10,71,0
"35743",2,2,63,0
"35744",1,10,56,0
"35745",2,9,55,0
"35746",1,10,39,0
"35747",2,2,31,0
"35748",NA,0,NA,0
"35749",3,2,31,0
"35750",1,10,28,0
"35751",2,5,23,0
"35752",1,10,18,0
"35753",NA,0,NA,NA
"35754",1,2,2,0
"35755",2,2,2,0
"35756",3,2,2,1
"35757",NA,0,15,0
"35758",NA,0,35,0
"35759",1,10,65,0
"35760",1,15,70,0
"35761",1,10,54,0
"35762",2,1,45,0
"35763",1,10,39,0
"35764",1,20,49,0
"35765",2,18,47,0
"35766",3,14,43,0
"35767",4,8,37,0
"35768",NA,0,35,0
"35769",1,10,71,0
"35770",2,7,68,0
"35771",3,3,64,0
"35772",4,3,64,0
"35773",1,10,79,0
"35774",2,10,79,0
"35775",3,6,75,0
"35776",1,10,59,0
"35777",2,7,56,0
"35778",1,10,48,0
"35779",2,6,44,0
"35780",1,10,28,0
"35781",1,10,10,0
"35782",2,3,3,0
"35783",3,3,3,0
"35784",4,3,3,0
"35785",NA,0,35,0
"35786",1,10,71,0
"35787",2,9,70,0
"35788",NA,0,NA,0
"35789",3,9,70,0
"35790",1,10,50,0
"35791",2,10,50,0
"35792",3,8,48,0
"35793",NA,0,NA,0
"35794",4,2,42,0
"35795",1,10,52,0
"35796",NA,0,NA,0
"35797",1,10,41,0
"35798",NA,0,NA,0
"35799",2,7,38,0
"35800",3,3,34,0
"35801",4,3,34,0
"35802",NA,0,NA,NA
"35803",NA,0,35,0
"35804",1,10,75,0
"35805",2,3,68,0
"35806",3,1,66,0
"35807",4,1,66,0
"35808",1,10,63,0
"35809",1,10,49,0
"35810",1,10,35,0
"35811",2,10,35,0
"35812",3,4,29,0
"35813",1,10,12,0
"35814",1,20,22,0
"35815",2,20,22,0
"35816",1,10,80,0
"35817",1,10,66,0
"35818",1,10,16,0
"35819",2,3,9,0
"35820",3,1,7,0
"35821",3,6,12,0
"35822",1,4,4,0
"35823",2,4,4,0
"35824",3,4,4,1
"35825",NA,0,15,0
"35826",NA,0,35,0
"35827",1,10,71,0
"35828",2,3,64,0
"35829",1,10,57,0
"35830",1,10,36,0
"35831",2,10,36,0
"35832",3,3,29,0
"35833",1,10,24,0
"35834",2,6,20,1
"35835",NA,0,15,0
"35836",NA,0,35,0
"35837",1,10,26,0
"35838",NA,0,NA,NA
"35839",1,10,13,0
"35840",2,14,17,0
"35841",3,12,15,0
"35842",4,12,15,0
"35843",NA,0,35,0
"35844",1,10,73,0
"35845",2,10,73,0
"35846",3,10,73,0
"35847",4,5,68,0
"35848",1,10,63,0
"35849",2,7,60,0
"35850",1,10,41,0
"35851",1,10,24,0
"35852",1,10,11,1
"35853",NA,0,2,0
"35854",NA,0,35,0
"35855",1,10,65,0
"35856",1,10,53,0
"35857",2,7,50,0
"35858",3,4,47,0
"35859",4,4,47,0
"35860",1,10,96,0
"35861",2,7,93,0
"35862",3,4,90,0
"35863",4,4,90,0
"35864",1,10,55,0
"35865",NA,0,NA,0
"35866",2,8,53,0
"35867",1,10,29,0
"35868",NA,0,NA,0
"35869",2,7,26,0
"35870",1,10,16,0
"35871",NA,0,NA,0
"35872",2,5,11,0
"35873",3,2,8,0
"35874",1,3,3,0
"35875",2,10,10,0
"35876",3,4,4,1
"35877",NA,0,15,0
"35878",NA,0,35,0
"35879",1,10,65,0
"35880",1,10,53,0
"35881",2,1,44,0
"35882",1,10,41,0
"35883",2,10,41,0
"35884",3,18,49,0
"35885",4,18,49,0
"35886",1,10,55,0
"35887",2,10,55,0
"35888",NA,0,NA,NA
"35889",NA,0,NA,NA
"35890",NA,0,35,0
"35891",1,10,66,0
"35892",1,10,55,0
"35893",1,10,44,0
"35894",2,10,44,0
"35895",3,10,44,0
"35896",4,10,44,0
"35897",1,10,94,0
"35898",2,9,93,0
"35899",1,10,83,0
"35900",1,10,70,0
"35901",2,6,66,0
"35902",1,10,57,0
"35903",2,7,54,0
"35904",3,2,49,0
"35905",3,7,54,0
"35906",3,12,59,0
"35907",4,8,55,0
"35908",1,10,83,0
"35909",2,10,83,0
"35910",3,3,76,0
"35911",1,10,71,0
"35912",1,10,51,0
"35913",2,9,50,0
"35914",1,10,38,0
"35915",2,10,38,0
"35916",3,15,43,0
"35917",1,10,20,0
"35918",1,1,1,0
"35919",2,1,1,1
"35920",NA,0,15,0
"35921",NA,0,35,0
"35922",1,10,65,0
"35923",1,10,39,0
"35924",1,20,49,0
"35925",NA,0,NA,NA
"35926",2,12,41,0
"35927",3,5,34,0
"35928",1,10,24,0
"35929",1,15,29,0
"35930",1,10,19,0
"35931",2,10,19,0
"35932",3,4,13,0
"35933",4,4,13,0
"35934",1,8,8,1
"35935",NA,0,15,0
"35936",NA,0,35,0
"35937",1,10,80,0
"35938",2,1,71,0
"35939",1,10,66,0
"35940",2,4,60,0
"35941",3,8,64,0
"35942",4,8,64,0
"35943",1,10,71,0
"35944",1,11,72,0
"35945",1,16,77,0
"35946",2,3,64,0
"35947",1,10,59,0
"35948",2,10,59,0
"35949",3,10,59,0
"35950",3,15,64,0
"35951",4,4,53,0
"35952",1,10,80,0
"35953",2,10,80,0
"35954",3,6,76,0
"35955",1,10,64,0
"35956",1,10,52,0
"35957",1,10,33,0
"35958",2,9,32,0
"35959",NA,0,NA,0
"35960",3,9,32,0
"35961",4,8,31,0
"35962",NA,0,35,0
"35963",1,10,65,0
"35964",2,1,56,0
"35965",1,10,53,0
"35966",1,10,17,1
"35967",NA,0,15,0
"35968",NA,0,35,0
"35969",1,10,74,0
"35970",2,10,74,0
"35971",1,10,59,0
"35972",1,10,26,0
"35973",NA,0,NA,0
"35974",NA,0,NA,0
"35975",2,18,34,0
"35976",3,18,34,0
"35977",NA,0,NA,NA
"35978",NA,0,35,0
"35979",1,10,65,0
"35980",1,10,49,0
"35981",2,6,45,0
"35982",3,9,48,0
"35983",3,14,53,0
"35984",4,8,47,0
"35985",1,10,90,0
"35986",2,10,90,0
"35987",3,2,82,0
"35988",1,10,77,0
"35989",1,10,57,0
"35990",1,10,12,0
"35991",1,6,6,0
"35992",2,13,13,0
"35993",3,13,13,0
"35994",1,8,8,0
"35995",1,4,4,0
"35996",2,6,6,1
"35997",NA,0,15,0
"35998",NA,0,35,0
"35999",1,10,65,0
"36000",2,10,65,0
"36001",1,10,44,0
"36002",2,10,44,0
"36003",1,10,31,0
"36004",2,10,31,0
"36005",3,20,41,0
"36006",4,20,41,0
"36007",1,10,90,0
"36008",1,10,70,0
"36009",2,4,64,0
"36010",1,10,48,0
"36011",2,5,43,0
"36012",3,12,50,0
"36013",4,12,50,0
"36014",1,10,87,0
"36015",2,8,85,0
"36016",1,10,25,0
"36017",NA,0,NA,NA
"36018",1,10,15,0
"36019",2,10,15,0
"36020",1,5,5,0
"36021",2,3,3,1
"36022",NA,0,2,0
"36023",NA,0,35,0
"36024",1,10,65,0
"36025",2,10,65,0
"36026",3,3,58,0
"36027",1,10,52,0
"36028",2,6,48,0
"36029",3,2,44,0
"36030",1,10,26,0
"36031",1,6,6,1
"36032",NA,0,2,0
"36033",NA,0,35,0
"36034",1,10,60,0
"36035",2,4,54,0
"36036",1,10,45,0
"36037",2,10,45,0
"36038",1,10,67,0
"36039",1,10,53,0
"36040",2,7,50,0
"36041",3,7,50,0
"36042",1,10,40,0
"36043",1,10,25,0
"36044",2,10,25,0
"36045",1,10,10,0
"36046",2,10,10,0
"36047",2,15,15,0
"36048",3,7,7,1
"36049",NA,0,2,0
"36050",NA,0,35,0
"36051",1,10,73,0
"36052",2,4,67,0
"36053",NA,0,NA,0
"36054",3,3,66,0
"36055",NA,0,NA,0
"36056",1,10,61,0
"36057",NA,0,NA,0
"36058",2,14,65,0
"36059",NA,0,NA,0
"36060",3,14,65,0
"36061",4,14,65,0
"36062",1,10,70,0
"36063",1,10,53,0
"36064",2,18,61,0
"36065",2,28,71,0
"36066",3,28,71,0
"36067",4,14,57,0
"36068",1,10,36,0
"36069",1,5,31,0
"36070",1,10,25,0
"36071",2,10,25,0
"36072",NA,0,NA,0
"36073",3,10,25,0
"36074",NA,0,NA,NA
"36075",NA,0,NA,NA
"36076",NA,0,35,0
"36077",1,10,66,0
"36078",2,6,62,0
"36079",3,1,57,0
"36080",1,10,54,0
"36081",2,6,50,0
"36082",3,7,51,0
"36083",4,9,53,0
"36084",1,10,80,0
"36085",2,9,79,0
"36086",1,10,68,0
"36087",1,20,78,0
"36088",2,2,60,0
"36089",1,10,52,0
"36090",2,7,49,0
"36091",1,10,44,0
"36092",2,5,39,0
"36093",3,2,36,0
"36094",1,10,31,0
"36095",2,4,25,0
"36096",NA,0,NA,0
"36097",3,4,25,NA
"36098",3,4,25,0
"36099",4,19,40,0
"36100",1,10,85,0
"36101",2,7,82,0
"36102",3,16,91,0
"36103",4,14,89,0
"36104",1,10,57,0
"36105",NA,0,NA,NA
"36106",2,7,54,0
"36107",3,4,51,0
"36108",4,2,49,0
"36109",1,10,44,0
"36110",1,10,34,0
"36111",2,5,29,0
"36112",3,5,29,0
"36113",1,10,65,0
"36114",2,2,57,0
"36115",1,10,42,0
"36116",2,8,40,0
"36117",1,10,73,0
"36118",1,15,78,0
"36119",2,9,72,0
"36120",3,9,72,0
"36121",4,2,65,0
"36122",1,10,79,0
"36123",1,10,65,0
"36124",1,10,33,0
"36125",2,7,30,0
"36126",3,7,30,1
"36127",NA,0,15,0
"36128",NA,0,35,0
"36129",1,10,79,0
"36130",2,4,73,0
"36131",NA,0,NA,0
"36132",1,10,64,0
"36133",2,6,60,0
"36134",1,10,53,0
"36135",2,9,52,0
"36136",2,19,62,0
"36137",3,19,62,0
"36138",4,19,62,0
"36139",1,10,80,0
"36140",NA,0,NA,0
"36141",1,10,54,0
"36142",1,10,42,0
"36143",2,10,42,NA
"36144",2,10,42,0
"36145",NA,0,NA,0
"36146",1,10,28,1
"36147",NA,0,15,0
"36148",NA,0,35,0
"36149",1,10,62,0
"36150",2,10,62,0
"36151",NA,0,NA,0
"36152",1,10,51,0
"36153",2,10,51,0
"36154",NA,0,NA,NA
"36155",NA,0,35,0
"36156",1,10,75,0
"36157",2,7,72,0
"36158",1,10,38,0
"36159",2,8,36,0
"36160",3,4,32,0
"36161",4,4,32,0
"36162",1,10,68,0
"36163",1,10,39,0
"36164",1,10,15,0
"36165",2,6,11,0
"36166",3,3,8,0
"36167",4,3,8,0
"36168",NA,0,35,0
"36169",1,10,74,0
"36170",2,8,72,0
"36171",3,1,65,0
"36172",1,10,63,0
"36173",2,9,62,0
"36174",3,8,61,0
"36175",4,6,59,0
"36176",1,10,92,0
"36177",1,10,70,0
"36178",2,5,65,0
"36179",1,10,51,0
"36180",1,10,40,0
"36181",2,16,46,0
"36182",3,16,46,0
"36183",4,21,51,0
"36184",1,10,87,0
"36185",NA,0,NA,NA
"36186",2,2,79,0
"36187",3,1,78,0
"36188",4,1,78,0
"36189",1,10,76,0
"36190",2,15,81,0
"36191",3,6,72,0
"36192",4,6,72,0
"36193",1,10,45,0
"36194",1,10,29,0
"36195",2,7,26,0
"36196",1,10,18,0
"36197",2,1,9,0
"36198",1,8,8,0
"36199",2,2,2,0
"36200",2,7,7,0
"36201",3,7,7,1
"36202",NA,0,15,0
"36203",NA,0,35,0
"36204",1,10,70,0
"36205",2,3,63,0
"36206",3,1,61,0
"36207",1,10,55,0
"36208",2,7,52,0
"36209",3,7,52,0
"36210",4,3,48,0
"36211",1,10,36,0
"36212",2,8,34,0
"36213",3,6,32,0
"36214",4,1,27,0
"36215",1,10,73,0
"36216",2,6,69,0
"36217",1,10,47,0
"36218",2,11,48,0
"36219",3,12,49,0
"36220",NA,0,NA,NA
"36221",NA,0,NA,NA
"36222",NA,0,35,0
"36223",1,10,73,0
"36224",1,10,58,0
"36225",2,10,58,0
"36226",3,7,55,0
"36227",1,10,25,0
"36228",2,6,21,0
"36229",3,1,16,0
"36230",1,8,8,1
"36231",NA,0,15,0
"36232",NA,0,35,0
"36233",1,10,49,0
"36234",2,10,49,0
"36235",3,5,44,0
"36236",4,5,44,0
"36237",1,10,88,0
"36238",2,6,84,0
"36239",1,10,76,0
"36240",2,3,69,0
"36241",3,1,67,0
"36242",4,1,67,0
"36243",1,10,83,0
"36244",2,8,81,0
"36245",3,4,77,0
"36246",3,9,82,0
"36247",4,15,88,0
"36248",1,10,50,0
"36249",1,10,33,0
"36250",1,10,19,0
"36251",2,2,11,0
"36252",1,6,6,0
"36253",2,7,7,1
"36254",NA,0,15,0
"36255",NA,0,35,0
"36256",1,10,70,0
"36257",NA,0,NA,NA
"36258",2,1,61,0
"36259",1,10,54,0
"36260",2,7,51,0
"36261",3,1,45,0
"36262",1,10,43,0
"36263",2,9,42,0
"36264",3,15,48,0
"36265",4,8,41,0
"36266",1,10,94,0
"36267",2,5,89,0
"36268",3,1,85,0
"36269",1,10,78,0
"36270",2,6,74,0
"36271",1,10,65,0
"36272",2,15,70,0
"36273",1,10,52,1
"36274",NA,0,15,0
"36275",NA,0,35,0
"36276",1,10,42,0
"36277",2,11,43,0
"36278",1,10,31,0
"36279",2,6,27,0
"36280",3,5,26,0
"36281",NA,0,NA,0
"36282",1,7,7,0
"36283",2,5,5,1
"36284",NA,0,15,0
"36285",NA,0,35,0
"36286",1,10,65,0
"36287",2,9,64,0
"36288",3,3,58,0
"36289",NA,0,NA,0
"36290",NA,0,NA,0
"36291",1,10,40,0
"36292",1,10,29,0
"36293",NA,0,NA,0
"36294",2,10,29,0
"36295",NA,0,NA,0
"36296",1,10,18,0
"36297",NA,0,NA,NA
"36298",NA,0,35,0
"36299",1,10,44,0
"36300",1,10,33,0
"36301",2,6,29,0
"36302",3,3,26,0
"36303",1,6,6,0
"36304",2,4,4,1
"36305",NA,0,15,0
"36306",NA,0,35,0
"36307",1,10,74,0
"36308",2,11,75,0
"36309",3,7,71,0
"36310",4,16,80,0
"36311",1,10,70,0
"36312",2,10,70,0
"36313",1,10,54,0
"36314",2,4,48,0
"36315",1,10,39,0
"36316",2,2,31,0
"36317",1,10,18,0
"36318",2,10,18,0
"36319",3,5,13,0
"36320",1,8,8,0
"36321",2,2,2,0
"36322",3,3,3,1
"36323",NA,0,15,0
"36324",NA,0,35,0
"36325",1,10,81,0
"36326",1,10,65,0
"36327",2,4,59,0
"36328",3,4,59,0
"36329",1,10,43,0
"36330",2,10,43,0
"36331",3,10,43,0
"36332",3,15,48,0
"36333",3,25,58,0
"36334",1,10,91,0
"36335",2,7,88,0
"36336",3,7,88,0
"36337",NA,0,NA,NA
"36338",1,10,64,0
"36339",2,2,56,0
"36340",3,1,55,0
"36341",1,10,52,0
"36342",2,10,52,0
"36343",3,2,44,0
"36344",4,3,45,0
"36345",1,8,8,0
"36346",2,4,4,0
"36347",3,4,4,0
"36348",3,14,14,1
"36349",NA,0,15,0
"36350",NA,0,35,0
"36351",1,10,65,1
"36352",NA,0,15,0
"36353",NA,0,35,0
"36354",1,10,65,0
"36355",2,10,65,0
"36356",1,10,53,0
"36357",2,4,47,0
"36358",3,4,47,0
"36359",1,10,32,0
"36360",1,10,20,0
"36361",2,1,11,1
"36362",NA,0,15,0
"36363",NA,0,35,0
"36364",1,10,73,0
"36365",2,5,68,0
"36366",3,12,75,0
"36367",4,12,75,0
"36368",4,17,80,0
"36369",1,10,71,0
"36370",2,5,66,0
"36371",3,4,65,0
"36372",4,4,65,0
"36373",1,10,83,0
"36374",2,5,78,0
"36375",3,5,78,0
"36376",4,5,78,0
"36377",1,10,22,0
"36378",NA,0,NA,0
"36379",2,5,17,0
"36380",NA,0,NA,0
"36381",3,2,14,0
"36382",NA,0,NA,0
"36383",1,10,12,0
"36384",2,11,13,0
"36385",3,12,14,0
"36386",NA,0,NA,NA
"36387",NA,0,NA,NA
"36388",NA,0,35,0
"36389",1,10,72,0
"36390",2,6,68,0
"36391",3,6,68,0
"36392",4,6,68,0
"36393",1,10,74,0
"36394",2,7,71,0
"36395",3,2,66,0
"36396",1,10,62,0
"36397",2,4,56,0
"36398",3,5,57,0
"36399",1,10,42,0
"36400",2,6,38,0
"36401",1,10,23,0
"36402",2,10,23,0
"36403",3,4,17,0
"36404",1,10,12,0
"36405",2,2,4,1
"36406",NA,0,15,0
"36407",NA,0,35,0
"36408",1,10,66,0
"36409",2,10,66,0
"36410",3,6,62,0
"36411",1,10,50,0
"36412",2,6,46,0
"36413",3,4,44,0
"36414",4,4,44,0
"36415",4,9,49,0
"36416",1,10,88,0
"36417",2,5,83,0
"36418",1,10,75,0
"36419",1,10,58,0
"36420",2,23,71,0
"36421",3,23,71,0
"36422",NA,0,NA,NA
"36423",4,13,61,0
"36424",1,10,95,0
"36425",2,3,88,0
"36426",1,10,83,0
"36427",2,8,81,0
"36428",2,13,86,0
"36429",3,13,86,0
"36430",1,10,55,0
"36431",2,14,59,NA
"36432",2,14,59,0
"36433",1,10,54,0
"36434",2,8,52,0
"36435",1,10,42,0
"36436",1,20,52,0
"36437",2,13,45,0
"36438",2,18,50,0
"36439",3,1,33,0
"36440",1,10,30,0
"36441",1,10,15,0
"36442",2,7,12,0
"36443",3,1,6,0
"36444",4,1,6,0
"36445",1,4,4,1
"36446",NA,0,15,0
"36447",NA,0,35,0
"36448",1,10,73,0
"36449",1,10,49,0
"36450",2,7,46,0
"36451",3,5,44,0
"36452",4,3,42,0
"36453",1,10,21,0
"36454",2,10,21,0
"36455",NA,0,NA,0
"36456",3,11,22,0
"36457",4,11,22,0
"36458",NA,0,35,0
"36459",1,10,72,0
"36460",NA,0,NA,NA
"36461",NA,0,35,0
"36462",1,10,70,0
"36463",2,11,71,0
"36464",3,7,67,0
"36465",1,10,33,0
"36466",2,7,30,0
"36467",3,7,30,0
"36468",1,10,21,0
"36469",2,11,22,0
"36470",2,21,32,1
"36471",NA,0,15,0
"36472",NA,0,35,0
"36473",1,10,72,0
"36474",2,4,66,0
"36475",3,13,75,0
"36476",1,10,60,0
"36477",2,6,56,0
"36478",3,1,51,0
"36479",1,10,49,0
"36480",1,10,36,0
"36481",1,10,20,0
"36482",2,23,33,0
"36483",1,10,25,0
"36484",1,10,14,0
"36485",2,8,12,0
"36486",3,14,18,0
"36487",4,20,24,0
"36488",NA,0,35,0
"36489",NA,0,40,0
"36490",1,10,67,0
"36491",2,5,62,0
"36492",2,10,67,0
"36493",NA,0,NA,NA
"36494",3,8,65,0
"36495",4,1,58,0
"36496",1,10,55,0
"36497",2,9,54,0
"36498",3,9,54,0
"36499",1,10,44,0
"36500",2,10,44,0
"36501",3,3,37,0
"36502",4,1,35,0
"36503",1,10,65,0
"36504",1,10,60,0
"36505",2,10,60,0
"36506",1,10,42,0
"36507",1,14,46,0
"36508",2,3,35,0
"36509",1,10,32,0
"36510",2,10,32,0
"36511",3,10,32,0
"36512",4,6,28,0
"36513",4,1,23,0
"36514",1,10,77,0
"36515",2,7,74,0
"36516",3,5,72,0
"36517",4,1,68,0
"36518",1,10,78,0
"36519",1,10,67,0
"36520",1,10,50,0
"36521",1,10,32,0
"36522",1,10,16,0
"36523",1,15,21,0
"36524",2,15,21,0
"36525",3,6,12,1
"36526",NA,0,15,0
"36527",NA,0,35,0
"36528",1,10,71,0
"36529",2,10,71,0
"36530",3,10,71,0
"36531",1,10,60,0
"36532",2,19,69,0
"36533",NA,0,NA,0
"36534",3,14,64,0
"36535",NA,0,NA,0
"36536",4,7,57,0
"36537",1,10,91,0
"36538",2,10,91,0
"36539",1,10,72,0
"36540",NA,0,NA,0
"36541",2,1,63,0
"36542",1,10,48,0
"36543",NA,0,NA,0
"36544",2,10,48,0
"36545",1,10,29,0
"36546",NA,0,NA,0
"36547",2,10,29,0
"36548",NA,0,35,0
"36549",1,10,65,0
"36550",NA,0,NA,NA
"36551",NA,0,NA,NA
"36552",NA,0,35,0
"36553",1,10,47,0
"36554",2,10,47,0
"36555",2,15,52,0
"36556",3,9,46,0
"36557",4,9,46,0
"36558",1,10,99,0
"36559",1,10,99,0
"36560",2,9,98,0
"36561",2,10,99,0
"36562",3,8,97,0
"36563",4,4,93,0
"36564",1,10,42,0
"36565",2,9,41,0
"36566",2,4,36,0
"36567",1,10,32,0
"36568",2,5,27,0
"36569",1,10,17,0
"36570",1,6,6,1
"36571",NA,0,15,0
"36572",NA,0,35,0
"36573",1,10,70,0
"36574",1,15,75,0
"36575",2,15,75,0
"36576",3,10,70,0
"36577",4,1,61,0
"36578",1,10,80,0
"36579",2,8,78,0
"36580",3,2,72,0
"36581",1,10,48,0
"36582",1,8,8,0
"36583",2,3,3,0
"36584",3,3,3,1
"36585",NA,0,15,0
"36586",NA,0,35,0
"36587",1,10,77,0
"36588",2,8,75,0
"36589",NA,0,NA,NA
"36590",3,16,83,0
"36591",4,9,76,0
"36592",1,10,77,0
"36593",2,5,72,0
"36594",2,15,82,0
"36595",3,1,68,0
"36596",1,10,65,0
"36597",2,11,66,0
"36598",3,5,60,0
"36599",1,10,54,0
"36600",2,8,52,0
"36601",1,10,33,0
"36602",1,10,18,0
"36603",1,7,7,0
"36604",2,9,9,0
"36605",3,8,8,0
"36606",4,17,17,0
"36607",1,10,75,0
"36608",2,10,75,0
"36609",3,10,75,0
"36610",1,10,33,0
"36611",2,8,31,0
"36612",3,8,31,0
"36613",4,17,40,0
"36614",1,10,90,0
"36615",2,1,81,0
"36616",3,1,81,0
"36617",4,1,81,0
"36618",1,10,62,0
"36619",1,15,67,0
"36620",2,15,67,0
"36621",3,15,67,0
"36622",4,15,67,0
"36623",1,10,74,0
"36624",NA,0,NA,0
"36625",1,10,49,0
"36626",2,10,49,0
"36627",3,10,49,0
"36628",NA,0,NA,0
"36629",NA,0,NA,0
"36630",4,3,42,0
"36631",NA,0,NA,NA
"36632",NA,0,35,0
"36633",1,10,80,0
"36634",2,10,80,0
"36635",3,10,80,0
"36636",4,10,80,0
"36637",1,10,53,0
"36638",2,7,50,0
"36639",3,3,46,0
"36640",4,3,46,0
"36641",1,10,48,0
"36642",2,7,45,0
"36643",1,10,32,0
"36644",2,10,32,0
"36645",3,10,32,0
"36646",4,10,32,0
"36647",NA,0,35,0
"36648",1,10,61,0
"36649",1,15,66,0
"36650",2,9,60,0
"36651",3,7,58,0
"36652",4,7,58,0
"36653",1,10,83,0
"36654",1,10,22,1
"36655",NA,0,15,0
"36656",NA,0,35,0
"36657",1,10,73,0
"36658",2,9,72,0
"36659",1,10,25,0
"36660",2,7,22,0
"36661",3,9,24,0
"36662",1,10,80,0
"36663",2,12,82,0
"36664",3,2,72,0
"36665",1,10,67,0
"36666",1,10,57,0
"36667",2,5,52,0
"36668",1,10,38,0
"36669",2,6,34,0
"36670",1,10,17,0
"36671",2,10,17,1
"36672",NA,0,15,0
"36673",NA,0,35,0
"36674",1,10,80,0
"36675",2,10,80,0
"36676",3,10,80,0
"36677",NA,0,NA,NA
"36678",4,19,89,0
"36679",1,10,52,0
"36680",2,14,56,0
"36681",3,8,50,0
"36682",1,10,41,0
"36683",2,10,41,0
"36684",2,15,46,0
"36685",3,15,46,0
"36686",4,23,54,0
"36687",1,10,88,0
"36688",2,8,86,0
"36689",3,6,84,0
"36690",1,10,74,0
"36691",2,3,67,0
"36692",1,10,22,0
"36693",2,14,26,0
"36694",3,11,23,0
"36695",4,11,23,0
"36696",NA,0,35,0
"36697",1,10,71,0
"36698",2,7,68,0
"36699",1,10,53,0
"36700",2,14,57,0
"36701",1,10,43,0
"36702",2,10,43,0
"36703",3,2,35,0
"36704",1,10,32,0
"36705",2,1,23,0
"36706",3,3,25,0
"36707",1,10,17,0
"36708",2,4,11,0
"36709",1,4,4,0
"36710",2,4,4,0
"36711",3,4,4,0
"36712",NA,0,NA,0
"36713",4,8,8,0
"36714",1,10,87,0
"36715",NA,0,NA,NA
"36716",NA,0,NA,NA
"36717",NA,0,35,0
"36718",1,10,65,0
"36719",2,6,61,0
"36720",1,10,53,0
"36721",1,10,31,0
"36722",1,14,35,0
"36723",2,12,33,0
"36724",3,12,33,0
"36725",4,4,25,0
"36726",1,10,67,0
"36727",2,4,61,0
"36728",1,10,44,0
"36729",2,4,38,0
"36730",1,10,20,0
"36731",2,10,20,0
"36732",1,10,17,1
"36733",NA,0,15,0
"36734",NA,0,35,0
"36735",1,10,72,0
"36736",2,10,72,0
"36737",1,10,62,0
"36738",2,4,56,0
"36739",1,10,51,0
"36740",2,10,51,0
"36741",3,4,45,0
"36742",NA,0,NA,0
"36743",4,4,45,0
"36744",1,10,39,0
"36745",2,8,37,0
"36746",3,8,37,0
"36747",4,8,37,0
"36748",1,10,27,0
"36749",NA,0,NA,0
"36750",1,4,4,1
"36751",NA,0,15,0
"36752",NA,0,35,0
"36753",1,10,65,0
"36754",2,10,65,0
"36755",3,8,63,0
"36756",1,10,38,0
"36757",2,6,34,0
"36758",NA,0,NA,NA
"36759",3,1,29,0
"36760",1,10,19,0
"36761",2,7,16,0
"36762",1,8,8,0
"36763",2,8,8,0
"36764",3,6,6,0
"36765",4,6,6,0
"36766",NA,0,35,0
"36767",1,10,69,0
"36768",1,10,50,0
"36769",1,10,14,0
"36770",1,3,3,0
"36771",2,3,3,0
"36772",3,1,1,0
"36773",1,1,1,NA
"36774",1,1,1,1
"36775",NA,0,15,0
"36776",NA,0,35,0
"36777",1,10,65,0
"36778",1,10,13,0
"36779",2,7,10,0
"36780",3,5,8,1
"36781",NA,0,15,0
"36782",NA,0,35,0
"36783",1,10,72,0
"36784",2,2,64,0
"36785",1,10,60,0
"36786",2,5,55,0
"36787",3,5,55,0
"36788",4,5,55,0
"36789",1,10,80,0
"36790",2,10,80,0
"36791",3,8,78,0
"36792",4,1,71,0
"36793",1,10,57,0
"36794",2,10,57,0
"36795",3,8,55,0
"36796",1,10,45,0
"36797",NA,0,NA,0
"36798",1,10,31,1
"36799",NA,0,15,0
"36800",NA,0,35,0
"36801",1,10,66,0
"36802",NA,0,NA,0
"36803",1,10,56,0
"36804",1,10,19,0
"36805",2,10,19,0
"36806",3,10,19,0
"36807",NA,0,NA,NA
"36808",NA,0,35,0
"36809",1,10,67,0
"36810",1,10,45,0
"36811",2,6,41,0
"36812",1,10,34,0
"36813",2,4,28,0
"36814",3,3,27,0
"36815",4,1,25,0
"36816",1,10,24,0
"36817",2,4,18,0
"36818",3,12,26,0
"36819",4,12,26,0
"36820",NA,0,35,0
"36821",1,10,65,0
"36822",2,5,60,0
"36823",2,15,70,0
"36824",3,9,64,0
"36825",4,5,60,0
"36826",1,10,88,0
"36827",2,10,88,0
"36828",3,1,79,0
"36829",1,10,75,0
"36830",2,10,75,0
"36831",3,3,68,0
"36832",1,10,53,0
"36833",2,4,47,0
"36834",1,10,26,1
"36835",NA,0,15,0
"36836",NA,0,35,0
"36837",1,10,78,0
"36838",2,10,78,0
"36839",3,22,90,0
"36840",4,22,90,0
"36841",1,10,50,0
"36842",1,10,11,1
"36843",NA,0,15,0
"36844",NA,0,35,0
"36845",1,10,65,0
"36846",NA,0,NA,NA
"36847",2,8,63,0
"36848",NA,0,NA,0
"36849",3,7,62,0
"36850",4,7,62,0
"36851",1,10,80,0
"36852",2,6,76,0
"36853",3,3,73,0
"36854",4,3,73,0
"36855",1,10,66,0
"36856",1,10,46,0
"36857",2,10,46,0
"36858",3,6,42,0
"36859",4,1,37,0
"36860",1,10,26,0
"36861",2,11,27,0
"36862",3,11,27,0
"36863",4,14,30,0
"36864",NA,0,35,0
"36865",1,10,68,0
"36866",2,1,59,0
"36867",1,10,53,0
"36868",1,10,29,0
"36869",2,4,23,0
"36870",1,10,11,1
"36871",NA,0,15,0
"36872",NA,0,35,0
"36873",1,10,65,0
"36874",2,10,65,0
"36875",3,10,65,0
"36876",1,10,50,0
"36877",2,10,50,0
"36878",1,10,33,0
"36879",1,10,17,0
"36880",2,6,13,0
"36881",1,4,4,0
"36882",2,4,4,0
"36883",3,4,4,0
"36884",NA,0,NA,0
"36885",4,4,4,0
"36886",1,1,1,1
"36887",NA,0,15,0
"36888",NA,0,35,0
"36889",1,10,65,0
"36890",NA,0,NA,0
"36891",2,4,59,0
"36892",1,10,53,0
"36893",NA,0,NA,0
"36894",2,8,51,0
"36895",NA,0,NA,0
"36896",3,6,49,0
"36897",4,4,47,0
"36898",4,9,52,0
"36899",1,10,80,0
"36900",NA,0,NA,NA
"36901",NA,0,NA,NA
"36902",NA,0,35,0
"36903",1,10,69,0
"36904",2,8,67,0
"36905",NA,0,NA,0
"36906",3,1,60,0
"36907",1,10,58,0
"36908",2,5,53,0
"36909",3,1,49,0
"36910",1,10,52,0
"36911",2,5,47,0
"36912",3,1,43,0
"36913",4,1,43,0
"36914",1,10,42,0
"36915",1,15,47,0
"36916",2,14,46,0
"36917",3,1,33,0
"36918",4,3,35,0
"36919",NA,0,35,0
"36920",1,10,60,0
"36921",2,8,58,0
"36922",3,5,55,0
"36923",4,4,54,0
"36924",1,10,97,0
"36925",2,8,95,0
"36926",1,10,69,0
"36927",1,10,43,0
"36928",2,3,36,0
"36929",1,10,30,0
"36930",1,10,12,0
"36931",1,15,17,0
"36932",NA,0,NA,NA
"36933",2,11,13,0
"36934",3,6,8,0
"36935",4,6,8,0
"36936",NA,0,35,0
"36937",1,10,70,0
"36938",1,20,80,0
"36939",1,10,56,0
"36940",2,6,52,0
"36941",3,5,51,0
"36942",1,10,45,0
"36943",1,15,50,0
"36944",2,7,42,0
"36945",3,7,42,0
"36946",1,10,27,0
"36947",2,9,26,0
"36948",3,3,20,1
"36949",NA,0,15,0
"36950",NA,0,50,0
"36951",1,10,75,0
"36952",2,3,68,0
"36953",3,3,68,0
"36954",1,10,39,0
"36955",NA,0,NA,0
"36956",2,2,31,0
"36957",1,10,20,0
"36958",1,9,9,0
"36959",1,14,14,0
"36960",NA,0,NA,0
"36961",2,14,14,0
"36962",3,14,14,1
"36963",NA,0,15,0
"36964",NA,0,35,0
"36965",1,10,72,0
"36966",2,2,64,0
"36967",1,10,22,0
"36968",2,5,17,0
"36969",NA,0,NA,0
"36970",1,7,7,0
"36971",2,5,5,1
"36972",NA,0,15,0
"36973",NA,0,35,0
"36974",1,10,86,0
"36975",1,10,67,0
"36976",1,10,36,0
"36977",2,7,33,0
"36978",3,6,32,0
"36979",NA,0,NA,0
"36980",1,10,22,0
"36981",2,4,16,0
"36982",3,4,16,0
"36983",NA,0,35,0
"36984",NA,0,NA,NA
"36985",NA,0,35,0
"36986",1,10,71,0
"36987",2,10,71,0
"36988",3,4,65,0
"36989",1,10,40,1
"36990",NA,0,15,0
"36991",NA,0,35,0
"36992",1,10,71,0
"36993",2,10,71,0
"36994",3,9,70,0
"36995",4,9,70,0
"36996",1,10,81,0
"36997",1,10,71,0
"36998",2,7,68,0
"36999",1,10,46,0
"37000",1,10,28,0
"37001",2,7,25,0
"37002",1,10,16,0
"37003",2,8,14,1
"37004",NA,0,15,0
"37005",NA,0,35,0
"37006",1,10,68,0
"37007",2,13,71,0
"37008",2,18,76,0
"37009",3,13,71,0
"37010",1,10,47,0
"37011",2,10,47,0
"37012",3,10,47,0
"37013",4,20,57,0
"37014",1,10,70,0
"37015",2,13,73,0
"37016",3,13,73,0
"37017",NA,0,NA,0
"37018",4,1,61,0
"37019",1,10,59,0
"37020",2,10,59,0
"37021",1,10,43,0
"37022",2,2,35,0
"37023",1,10,29,0
"37024",1,10,18,0
"37025",1,15,23,0
"37026",2,15,23,1
"37027",NA,0,2,0
"37028",NA,0,NA,NA
"37029",NA,0,35,0
"37030",1,10,65,0
"37031",2,2,57,0
"37032",1,10,51,0
"37033",2,10,51,0
"37034",3,4,45,0
"37035",1,10,18,0
"37036",2,11,19,0
"37037",3,11,19,0
"37038",4,11,19,0
"37039",NA,0,35,0
"37040",1,10,65,0
"37041",2,10,65,0
"37042",1,10,49,0
"37043",2,1,40,0
"37044",3,2,41,0
"37045",NA,0,NA,0
"37046",4,2,41,0
"37047",1,10,15,0
"37048",2,10,15,0
"37049",3,3,8,0
"37050",1,4,4,1
"37051",NA,0,15,0
"37052",NA,0,35,0
"37053",1,10,66,0
"37054",2,8,64,0
"37055",1,10,52,0
"37056",NA,0,NA,0
"37057",2,7,49,0
"37058",3,7,49,0
"37059",NA,0,NA,0
"37060",4,3,45,0
"37061",1,10,55,0
"37062",2,10,55,0
"37063",3,9,54,0
"37064",1,10,44,0
"37065",2,7,41,0
"37066",3,15,49,0
"37067",4,9,43,0
"37068",1,10,46,0
"37069",NA,0,NA,0
"37070",2,8,44,0
"37071",3,4,40,0
"37072",4,1,37,0
"37073",1,10,62,0
"37074",2,10,62,0
"37075",2,15,67,0
"37076",3,15,67,0
"37077",4,15,67,0
"37078",1,10,33,0
"37079",2,11,34,0
"37080",NA,0,NA,NA
"37081",NA,0,NA,NA
"37082",NA,0,35,0
"37083",1,10,72,0
"37084",2,8,70,0
"37085",1,10,59,0
"37086",2,8,57,0
"37087",3,8,57,0
"37088",1,10,45,0
"37089",2,10,45,0
"37090",3,10,45,0
"37091",4,10,45,0
"37092",1,10,90,0
"37093",2,7,87,0
"37094",3,9,89,0
"37095",4,3,83,0
"37096",1,10,65,0
"37097",2,2,57,0
"37098",1,10,54,0
"37099",2,10,54,0
"37100",1,10,40,0
"37101",2,7,37,0
"37102",3,4,34,0
"37103",1,10,29,0
"37104",2,2,21,0
"37105",3,5,24,0
"37106",4,5,24,0
"37107",NA,0,35,0
"37108",1,10,62,0
"37109",1,10,46,0
"37110",1,10,33,0
"37111",2,6,29,0
"37112",3,4,27,0
"37113",4,5,28,0
"37114",NA,0,35,0
"37115",1,10,65,0
"37116",2,7,62,0
"37117",NA,0,NA,NA
"37118",3,5,60,0
"37119",4,5,60,0
"37120",1,10,85,0
"37121",2,10,85,0
"37122",2,15,90,0
"37123",3,8,83,0
"37124",4,15,90,0
"37125",1,10,53,0
"37126",2,1,44,0
"37127",1,10,41,0
"37128",NA,0,NA,0
"37129",2,12,43,0
"37130",3,10,41,0
"37131",3,5,36,0
"37132",3,10,41,0
"37133",4,1,32,0
"37134",4,5,36,0
"37135",NA,0,35,0
"37136",1,10,82,0
"37137",2,13,85,0
"37138",2,18,90,0
"37139",3,18,90,0
"37140",4,20,92,0
"37141",1,10,58,0
"37142",2,7,55,0
"37143",3,3,51,0
"37144",1,10,42,0
"37145",2,11,43,0
"37146",1,10,26,0
"37147",2,5,21,0
"37148",NA,0,NA,0
"37149",1,10,14,0
"37150",NA,0,NA,0
"37151",2,7,11,0
"37152",NA,0,NA,0
"37153",3,4,8,1
"37154",NA,0,15,0
"37155",NA,0,35,0
"37156",1,10,78,0
"37157",2,1,69,0
"37158",1,10,51,0
"37159",2,10,51,0
"37160",3,1,42,0
"37161",NA,0,NA,0
"37162",1,10,40,0
"37163",2,10,40,0
"37164",3,4,34,0
"37165",NA,0,NA,0
"37166",4,4,34,0
"37167",NA,0,NA,NA
"37168",NA,0,35,0
"37169",1,10,71,0
"37170",2,3,64,0
"37171",1,10,59,0
"37172",1,10,44,0
"37173",2,5,39,0
"37174",3,4,38,0
"37175",4,4,38,0
"37176",1,10,31,0
"37177",2,10,31,0
"37178",3,7,28,0
"37179",4,7,28,0
"37180",NA,0,35,0
"37181",1,10,55,0
"37182",2,10,55,0
"37183",3,4,49,0
"37184",4,4,49,0
"37185",4,9,54,0
"37186",1,10,93,0
"37187",2,4,87,0
"37188",1,10,80,0
"37189",2,10,80,0
"37190",3,4,74,0
"37191",4,4,74,0
"37192",1,10,76,0
"37193",2,1,67,0
"37194",1,10,64,0
"37195",2,10,64,0
"37196",3,7,61,0
"37197",4,5,59,0
"37198",1,10,80,0
"37199",1,10,53,0
"37200",2,4,47,0
"37201",3,3,46,0
"37202",NA,0,NA,NA
"37203",1,10,17,0
"37204",2,9,16,0
"37205",3,7,14,0
"37206",4,7,14,0
"37207",NA,0,35,0
"37208",1,10,65,0
"37209",2,9,64,0
"37210",3,8,63,0
"37211",1,10,54,0
"37212",2,5,49,0
"37213",1,10,44,0
"37214",2,15,49,0
"37215",3,5,39,0
"37216",4,8,42,0
"37217",1,10,94,0
"37218",2,3,87,0
"37219",1,10,83,0
"37220",2,1,74,0
"37221",1,10,71,0
"37222",1,10,32,0
"37223",2,1,23,0
"37224",1,10,15,0
"37225",2,7,12,0
"37226",3,7,12,0
"37227",4,7,12,0
"37228",NA,0,35,0
"37229",1,10,68,0
"37230",2,7,65,0
"37231",3,7,65,0
"37232",1,10,49,0
"37233",NA,0,NA,0
"37234",2,10,49,0
"37235",NA,0,NA,0
"37236",3,7,46,0
"37237",NA,0,NA,0
"37238",4,3,42,0
"37239",NA,0,35,0
"37240",1,10,63,0
"37241",1,10,46,0
"37242",2,10,46,0
"37243",3,2,38,0
"37244",4,2,38,0
"37245",NA,0,35,0
"37246",1,10,70,0
"37247",1,10,58,0
"37248",NA,0,NA,NA
"37249",NA,0,NA,NA
"37250",NA,0,35,0
"37251",1,10,68,0
"37252",2,8,66,0
"37253",1,10,49,0
"37254",2,2,41,0
"37255",1,10,37,0
"37256",2,9,36,0
"37257",3,11,38,0
"37258",1,10,21,0
"37259",2,3,14,0
"37260",1,8,8,0
"37261",2,12,12,1
"37262",NA,0,15,0
"37263",NA,0,35,0
"37264",1,10,71,0
"37265",2,2,63,0
"37266",1,10,60,0
"37267",2,7,57,0
"37268",1,10,50,0
"37269",1,5,45,0
"37270",2,5,45,0
"37271",3,1,41,0
"37272",1,10,39,0
"37273",2,10,39,0
"37274",3,2,31,0
"37275",4,1,30,0
"37276",NA,0,35,0
"37277",1,10,68,0
"37278",2,6,64,0
"37279",3,8,66,0
"37280",4,8,66,0
"37281",1,10,91,0
"37282",1,10,79,0
"37283",NA,0,NA,NA
"37284",2,8,77,0
"37285",3,4,73,0
"37286",4,6,75,0
"37287",1,10,64,0
"37288",2,10,64,0
"37289",3,7,61,0
"37290",4,9,63,0
"37291",1,10,79,0
"37292",2,11,80,0
"37293",3,11,80,0
"37294",1,10,19,0
"37295",2,3,12,0
"37296",3,1,10,0
"37297",1,8,8,0
"37298",2,9,9,0
"37299",3,9,9,0
"37300",4,9,9,0
"37301",NA,0,35,0
"37302",1,10,76,0
"37303",2,6,72,0
"37304",1,10,57,0
"37305",2,10,57,0
"37306",3,2,49,0
"37307",NA,0,NA,0
"37308",4,1,48,0
"37309",1,10,43,0
"37310",2,16,49,0
"37311",3,16,49,0
"37312",4,14,47,0
"37313",1,10,94,0
"37314",2,3,87,0
"37315",3,4,88,0
"37316",1,10,77,0
"37317",1,5,72,0
"37318",NA,0,NA,0
"37319",1,10,64,0
"37320",2,7,61,0
"37321",1,10,35,0
"37322",2,10,35,0
"37323",3,4,29,0
"37324",4,4,29,0
"37325",NA,0,35,0
"37326",1,10,60,0
"37327",2,10,60,0
"37328",NA,0,NA,0
"37329",1,10,23,0
"37330",2,10,23,0
"37331",3,3,16,1
"37332",NA,0,NA,0
"37333",NA,0,15,0
"37334",NA,0,35,0
"37335",NA,0,NA,NA
"37336",NA,0,35,0
"37337",1,10,71,0
"37338",1,10,66,0
"37339",2,4,60,0
"37340",1,10,48,0
"37341",1,20,58,0
"37342",2,7,45,0
"37343",3,2,40,0
"37344",1,10,36,0
"37345",2,5,31,0
"37346",1,4,4,0
"37347",2,5,5,0
"37348",3,5,5,0
"37349",4,5,5,0
"37350",NA,0,35,0
"37351",1,10,71,0
"37352",2,10,71,0
"37353",3,10,71,0
"37354",4,21,82,0
"37355",1,10,68,0
"37356",2,7,65,0
"37357",1,10,54,0
"37358",2,9,53,0
"37359",3,11,55,0
"37360",4,11,55,0
"37361",4,16,60,0
"37362",1,10,88,0
"37363",2,5,83,0
"37364",3,3,81,0
"37365",4,3,81,0
"37366",1,10,60,0
"37367",1,10,34,0
"37368",2,5,29,0
"37369",3,6,30,0
"37370",4,7,31,0
"37371",NA,0,35,0
"37372",1,10,66,0
"37373",2,8,64,0
"37374",NA,0,NA,NA
"37375",1,10,56,0
"37376",2,16,62,0
"37377",3,16,62,0
"37378",3,5,51,0
"37379",1,10,15,0
"37380",2,10,15,0
"37381",3,12,17,0
"37382",1,10,99,0
"37383",1,10,85,0
"37384",2,8,83,0
"37385",1,10,75,0
"37386",2,7,72,0
"37387",3,2,67,0
"37388",1,10,58,0
"37389",2,10,58,0
"37390",3,2,50,0
"37391",1,10,47,0
"37392",2,7,44,0
"37393",3,7,44,0
"37394",4,7,44,0
"37395",1,10,92,0
"37396",1,10,81,0
"37397",2,1,72,0
"37398",1,10,68,0
"37399",1,10,57,0
"37400",2,10,57,0
"37401",3,1,48,0
"37402",1,10,46,0
"37403",NA,0,NA,0
"37404",1,20,56,0
"37405",2,9,45,0
"37406",3,6,42,0
"37407",NA,0,NA,0
"37408",1,10,34,0
"37409",2,10,34,0
"37410",2,15,39,0
"37411",1,10,82,0
"37412",NA,0,NA,NA
"37413",NA,0,NA,NA
"37414",NA,0,35,0
"37415",1,10,67,0
"37416",2,9,66,0
"37417",3,3,60,0
"37418",1,10,40,0
"37419",2,4,34,0
"37420",3,4,34,0
"37421",1,10,25,0
"37422",2,7,22,0
"37423",3,1,16,0
"37424",1,10,14,0
"37425",2,4,8,0
"37426",3,6,10,0
"37427",1,4,4,0
"37428",2,4,4,1
"37429",NA,0,15,0
"37430",NA,0,35,0
"37431",1,10,74,0
"37432",2,6,70,0
"37433",3,2,66,0
"37434",1,10,63,0
"37435",2,11,64,0
"37436",3,1,54,0
"37437",1,10,46,0
"37438",2,8,44,0
"37439",3,8,44,0
"37440",1,10,37,0
"37441",2,20,47,0
"37442",3,13,40,0
"37443",4,6,33,0
"37444",1,10,67,0
"37445",1,10,23,0
"37446",NA,0,NA,NA
"37447",2,3,16,0
"37448",3,6,19,0
"37449",1,5,5,0
"37450",2,4,4,0
"37451",3,4,4,0
"37452",4,8,8,0
"37453",NA,0,35,0
"37454",1,10,69,0
"37455",2,7,66,0
"37456",3,7,66,0
"37457",4,7,66,0
"37458",1,10,75,0
"37459",2,2,67,0
"37460",3,6,71,0
"37461",4,6,71,0
"37462",1,10,72,0
"37463",2,9,71,0
"37464",3,5,67,0
"37465",4,12,74,0
"37466",1,10,70,0
"37467",2,6,66,0
"37468",1,10,57,0
"37469",2,3,50,0
"37470",1,10,47,0
"37471",1,10,35,0
"37472",2,6,31,0
"37473",1,10,17,0
"37474",2,6,13,0
"37475",3,3,10,0
"37476",1,2,2,1
"37477",NA,0,15,0
"37478",NA,0,35,0
"37479",1,10,80,0
"37480",1,10,70,0
"37481",2,4,64,0
"37482",3,4,64,0
"37483",1,10,56,0
"37484",2,8,54,0
"37485",3,8,54,0
"37486",4,8,54,0
"37487",1,10,79,0
"37488",NA,0,NA,NA
"37489",NA,0,35,0
"37490",1,10,64,0
"37491",2,10,64,0
"37492",1,10,53,0
"37493",2,7,50,0
"37494",1,10,42,0
"37495",2,6,38,0
"37496",3,3,35,0
"37497",1,10,73,0
"37498",1,10,41,0
"37499",2,12,43,0
"37500",3,8,39,0
"37501",1,10,25,0
"37502",2,4,19,0
"37503",3,2,17,0
"37504",3,12,27,0
"37505",1,10,14,0
"37506",2,2,6,0
"37507",1,4,4,1
"37508",NA,0,15,0
"37509",NA,0,35,0
"37510",1,10,68,0
"37511",2,9,67,0
"37512",3,10,68,0
"37513",4,20,78,0
"37514",1,10,60,0
"37515",1,10,43,0
"37516",1,10,32,0
"37517",2,4,26,0
"37518",NA,0,NA,NA
"37519",3,5,27,1
"37520",NA,0,15,0
"37521",NA,0,35,0
"37522",1,10,68,0
"37523",2,16,74,0
"37524",3,16,74,0
"37525",4,16,74,0
"37526",1,10,81,0
"37527",2,8,79,0
"37528",1,10,63,0
"37529",2,7,60,0
"37530",NA,0,NA,0
"37531",3,4,57,0
"37532",1,10,53,0
"37533",2,6,49,0
"37534",3,8,51,0
"37535",1,10,42,0
"37536",1,10,29,0
"37537",1,10,16,0
"37538",2,4,10,0
"37539",3,3,9,0
"37540",1,5,5,0
"37541",2,2,2,0
"37542",3,2,2,0
"37543",4,1,1,0
"37544",1,10,98,0
"37545",2,5,93,0
"37546",3,4,92,0
"37547",NA,0,NA,NA
"37548",NA,0,NA,NA
"37549",NA,0,35,0
"37550",1,10,73,0
"37551",1,10,53,0
"37552",2,11,54,0
"37553",3,7,50,0
"37554",4,7,50,0
"37555",1,10,80,0
"37556",2,8,78,0
"37557",3,8,78,0
"37558",4,1,71,0
"37559",1,10,71,0
"37560",2,4,65,0
"37561",1,10,50,0
"37562",1,10,40,0
"37563",1,10,81,0
"37564",2,4,75,0
"37565",3,1,72,0
"37566",4,1,72,0
"37567",1,10,70,0
"37568",2,10,70,0
"37569",1,10,48,0
"37570",2,4,42,0
"37571",3,3,41,0
"37572",4,3,41,0
"37573",1,10,32,0
"37574",2,11,33,0
"37575",3,11,33,0
"37576",NA,0,NA,NA
"37577",4,20,42,0
"37578",1,10,80,0
"37579",2,8,78,0
"37580",1,10,70,0
"37581",2,5,65,0
"37582",3,2,62,0
"37583",4,1,61,0
"37584",4,5,65,0
"37585",1,10,71,0
"37586",1,20,81,0
"37587",2,13,74,0
"37588",3,3,64,0
"37589",4,10,71,0
"37590",1,10,69,0
"37591",2,6,65,0
"37592",3,6,65,0
"37593",1,10,41,0
"37594",2,6,37,0
"37595",3,1,32,0
"37596",4,5,36,0
"37597",NA,0,35,0
"37598",1,10,60,0
"37599",1,10,50,0
"37600",2,7,47,0
"37601",1,10,34,0
"37602",NA,0,NA,0
"37603",1,10,24,0
"37604",2,6,20,0
"37605",NA,0,NA,0
"37606",3,1,15,0
"37607",NA,0,NA,0
"37608",4,1,15,0
"37609",NA,0,NA,0
"37610",1,10,14,0
"37611",1,4,4,0
"37612",1,2,2,0
"37613",2,1,1,0
"37614",NA,0,NA,0
"37615",3,1,1,1
"37616",NA,0,15,0
"37617",NA,0,35,0
"37618",1,10,65,0
"37619",NA,0,NA,NA
"37620",NA,0,35,0
"37621",1,10,71,0
"37622",2,4,65,0
"37623",3,1,62,0
"37624",1,10,60,0
"37625",1,10,22,0
"37626",2,7,19,1
"37627",NA,0,15,0
"37628",NA,0,35,0
"37629",1,10,60,0
"37630",2,10,60,0
"37631",3,6,56,0
"37632",4,18,68,0
"37633",1,10,77,0
"37634",2,5,72,0
"37635",3,3,70,0
"37636",1,10,65,0
"37637",2,1,56,0
"37638",1,10,47,0
"37639",2,5,42,0
"37640",NA,0,NA,0
"37641",3,5,42,0
"37642",1,10,26,0
"37643",2,12,28,0
"37644",3,12,28,1
"37645",NA,0,15,0
"37646",NA,0,35,0
"37647",1,10,71,0
"37648",2,11,72,0
"37649",3,11,72,0
"37650",4,22,83,0
"37651",1,10,81,0
"37652",2,10,81,0
"37653",3,8,79,0
"37654",1,10,57,0
"37655",2,1,48,0
"37656",1,10,46,0
"37657",NA,0,NA,NA
"37658",1,15,51,0
"37659",1,10,29,0
"37660",2,5,24,0
"37661",1,10,14,1
"37662",NA,0,15,0
"37663",NA,0,35,0
"37664",1,10,65,0
"37665",1,10,51,0
"37666",2,1,42,0
"37667",1,10,26,0
"37668",1,6,6,0
"37669",2,6,6,1
"37670",NA,0,2,0
"37671",NA,0,35,0
"37672",1,10,64,0
"37673",2,9,63,0
"37674",NA,0,NA,0
"37675",3,6,60,0
"37676",4,1,55,0
"37677",1,10,86,0
"37678",2,1,77,0
"37679",1,10,72,0
"37680",2,17,79,0
"37681",1,10,50,0
"37682",2,6,46,0
"37683",1,10,37,0
"37684",2,4,31,0
"37685",NA,0,NA,0
"37686",1,10,13,1
"37687",NA,0,2,0
"37688",NA,0,35,0
"37689",1,10,50,0
"37690",NA,0,NA,0
"37691",2,6,46,0
"37692",NA,0,NA,0
"37693",3,6,46,0
"37694",NA,0,NA,0
"37695",4,13,53,0
"37696",1,10,97,0
"37697",2,7,94,0
"37698",3,1,88,0
"37699",4,2,89,0
"37700",1,10,83,0
"37701",2,10,83,0
"37702",2,15,88,0
"37703",3,5,78,0
"37704",NA,0,NA,NA
"37705",NA,0,NA,NA
"37706",NA,0,35,0
"37707",1,10,68,0
"37708",2,4,62,0
"37709",1,10,35,0
"37710",2,8,33,0
"37711",3,8,33,0
"37712",4,4,29,0
"37713",1,10,23,0
"37714",2,8,21,0
"37715",1,10,11,0
"37716",2,5,6,0
"37717",3,3,4,0
"37718",4,1,2,0
"37719",1,1,1,1
"37720",NA,0,15,0
"37721",NA,0,35,0
"37722",1,10,86,0
"37723",2,13,89,0
"37724",1,10,76,0
"37725",2,9,75,0
"37726",3,1,67,0
"37727",4,2,68,0
"37728",1,10,97,0
"37729",2,10,97,0
"37730",3,10,97,0
"37731",4,2,89,0
"37732",1,10,53,0
"37733",1,10,20,1
"37734",NA,0,15,0
"37735",NA,0,35,0
"37736",1,10,73,0
"37737",1,10,54,0
"37738",1,10,24,0
"37739",1,10,12,0
"37740",2,5,7,0
"37741",NA,0,NA,NA
"37742",1,1,1,0
"37743",2,1,1,1
"37744",NA,0,15,0
"37745",NA,0,35,0
"37746",1,10,75,0
"37747",2,3,68,0
"37748",3,1,66,0
"37749",1,10,64,0
"37750",2,10,64,0
"37751",3,8,62,0
"37752",NA,0,NA,0
"37753",1,4,4,0
"37754",2,3,3,0
"37755",NA,0,NA,0
"37756",2,8,8,0
"37757",3,8,8,0
"37758",4,1,1,1
"37759",NA,0,15,0
"37760",NA,0,35,0
"37761",1,10,57,0
"37762",2,10,57,0
"37763",3,10,57,0
"37764",4,3,50,0
"37765",1,10,33,0
"37766",2,5,28,0
"37767",NA,0,NA,0
"37768",3,5,28,0
"37769",4,10,33,0
"37770",1,10,59,0
"37771",2,2,51,0
"37772",1,10,38,0
"37773",2,5,33,0
"37774",1,10,21,0
"37775",1,10,11,0
"37776",2,10,11,0
"37777",3,10,11,0
"37778",4,10,11,0
"37779",NA,0,35,0
"37780",1,10,60,0
"37781",2,10,60,0
"37782",3,1,51,0
"37783",NA,0,NA,0
"37784",1,10,46,0
"37785",2,7,43,0
"37786",1,10,32,0
"37787",1,10,22,0
"37788",2,7,19,0
"37789",NA,0,NA,0
"37790",3,7,19,0
"37791",4,7,19,0
"37792",NA,0,35,0
"37793",NA,0,NA,NA
"37794",NA,0,35,0
"37795",1,10,58,0
"37796",1,10,43,0
"37797",2,7,40,0
"37798",1,10,11,0
"37799",2,10,11,0
"37800",3,8,9,0
"37801",4,7,8,0
"37802",NA,0,35,0
"37803",1,10,58,0
"37804",2,9,57,0
"37805",3,9,57,0
"37806",4,9,57,0
"37807",1,10,90,0
"37808",1,10,60,0
"37809",2,7,57,0
"37810",1,10,36,0
"37811",2,1,27,0
"37812",1,10,25,0
"37813",2,10,25,0
"37814",3,8,23,0
"37815",3,13,28,0
"37816",4,3,18,0
"37817",4,8,23,0
"37818",NA,0,35,0
"37819",1,10,73,0
"37820",1,10,44,0
"37821",2,10,44,0
"37822",3,1,35,0
"37823",4,3,37,0
"37824",1,10,14,0
"37825",1,4,4,0
"37826",1,1,1,0
"37827",2,1,1,1
"37828",NA,0,15,0
"37829",NA,0,35,0
"37830",1,10,65,0
"37831",1,10,54,0
"37832",NA,0,NA,NA
"37833",2,2,46,0
"37834",3,1,45,0
"37835",1,10,43,0
"37836",2,10,43,0
"37837",3,4,37,0
"37838",4,8,41,0
"37839",1,10,51,0
"37840",2,7,48,0
"37841",1,10,40,0
"37842",1,10,22,0
"37843",1,4,4,1
"37844",NA,0,15,0
"37845",NA,0,35,0
"37846",1,10,90,0
"37847",1,10,73,0
"37848",1,10,58,0
"37849",2,8,56,0
"37850",1,10,48,0
"37851",1,20,58,0
"37852",2,20,58,0
"37853",3,7,45,0
"37854",4,7,45,0
"37855",1,10,61,0
"37856",2,7,58,0
"37857",3,7,58,0
"37858",NA,0,NA,0
"37859",4,1,52,0
"37860",NA,0,NA,0
"37861",1,10,48,0
"37862",NA,0,NA,0
"37863",2,8,46,0
"37864",1,10,30,0
"37865",2,11,31,0
"37866",3,11,31,0
"37867",NA,0,NA,0
"37868",4,15,35,0
"37869",NA,0,35,0
"37870",1,10,65,0
"37871",2,10,65,0
"37872",NA,0,NA,0
"37873",1,10,40,0
"37874",1,10,23,0
"37875",2,10,23,0
"37876",NA,0,35,0
"37877",1,10,45,0
"37878",NA,0,NA,NA
"37879",NA,0,NA,NA
"37880",NA,0,35,0
"37881",1,10,72,0
"37882",2,3,65,0
"37883",1,10,57,0
"37884",2,10,57,0
"37885",1,10,42,0
"37886",2,5,37,0
"37887",1,10,21,0
"37888",1,10,11,0
"37889",2,3,4,1
"37890",NA,0,15,0
"37891",NA,0,35,0
"37892",1,10,65,0
"37893",2,13,68,0
"37894",3,4,59,0
"37895",4,1,56,0
"37896",1,10,38,0
"37897",2,5,33,0
"37898",1,10,12,0
"37899",2,13,15,0
"37900",3,13,15,1
"37901",NA,0,15,0
"37902",NA,0,35,0
"37903",1,10,65,0
"37904",2,9,64,0
"37905",3,5,60,0
"37906",1,10,35,0
"37907",1,10,22,0
"37908",2,5,17,0
"37909",3,1,13,0
"37910",1,9,9,1
"37911",NA,0,15,0
"37912",NA,0,35,0
"37913",1,10,55,0
"37914",2,6,51,0
"37915",1,10,32,0
"37916",NA,0,NA,NA
"37917",2,3,25,0
"37918",1,10,20,0
"37919",1,10,16,1
"37920",NA,0,15,0
"37921",NA,0,35,0
"37922",1,10,65,0
"37923",1,10,54,0
"37924",2,6,50,0
"37925",3,1,45,0
"37926",1,10,43,0
"37927",2,10,43,0
"37928",3,9,42,0
"37929",4,9,42,NA
"37930",4,9,42,0
"37931",1,10,90,0
"37932",2,12,92,0
"37933",3,12,92,0
"37934",4,18,98,0
"37935",1,10,64,0
"37936",2,6,60,0
"37937",3,6,60,0
"37938",1,10,37,0
"37939",2,6,33,0
"37940",1,10,23,0
"37941",2,14,27,0
"37942",3,10,23,0
"37943",4,10,23,0
"37944",NA,0,35,0
"37945",1,10,60,0
"37946",2,10,60,0
"37947",3,4,54,0
"37948",1,10,48,0
"37949",2,10,48,0
"37950",3,10,48,0
"37951",1,10,15,0
"37952",NA,0,NA,0
"37953",2,2,7,0
"37954",NA,0,NA,0
"37955",3,15,20,0
"37956",NA,0,NA,0
"37957",4,10,15,0
"37958",NA,0,35,0
"37959",1,10,65,0
"37960",2,9,64,0
"37961",1,10,47,0
"37962",1,20,57,0
"37963",1,10,52,0
"37964",NA,0,NA,0
"37965",1,10,32,0
"37966",2,10,32,0
"37967",NA,0,NA,0
"37968",1,10,20,0
"37969",2,10,20,1
"37970",NA,0,15,0
"37971",NA,0,35,0
"37972",1,10,65,0
"37973",NA,0,NA,NA
"37974",NA,0,35,0
"37975",1,10,65,0
"37976",2,6,61,0
"37977",1,10,51,0
"37978",2,9,50,0
"37979",3,4,45,0
"37980",1,10,31,0
"37981",2,8,29,0
"37982",3,8,29,0
"37983",4,12,33,0
"37984",NA,0,35,0
"37985",1,10,72,0
"37986",1,10,59,0
"37987",1,10,20,0
"37988",2,3,13,0
"37989",3,1,11,0
"37990",1,8,8,0
"37991",2,8,8,1
"37992",NA,0,15,0
"37993",NA,0,50,0
"37994",1,10,65,0
"37995",2,17,72,0
"37996",3,15,70,0
"37997",4,3,58,0
"37998",1,10,42,0
"37999",1,10,16,0
"38000",2,4,10,0
"38001",1,4,4,0
"38002",2,4,4,0
"38003",3,4,4,0
"38004",4,4,4,0
"38005",NA,0,35,0
"38006",1,10,65,0
"38007",2,8,63,0
"38008",2,13,68,0
"38009",1,10,47,0
"38010",NA,0,NA,NA
"38011",1,10,29,0
"38012",2,5,24,1
"38013",NA,0,15,0
"38014",NA,0,35,0
"38015",1,10,45,0
"38016",2,10,45,1
"38017",NA,0,15,0
"38018",NA,0,35,0
"38019",1,10,65,0
"38020",2,9,64,0
"38021",1,10,55,0
"38022",2,4,49,0
"38023",3,15,60,0
"38024",4,9,54,0
"38025",1,10,71,0
"38026",2,8,69,0
"38027",1,10,16,0
"38028",2,4,10,0
"38029",3,2,8,0
"38030",1,3,3,0
"38031",1,10,80,0
"38032",2,10,80,0
"38033",3,7,77,0
"38034",4,1,71,0
"38035",1,10,77,0
"38036",2,5,72,0
"38037",3,9,76,0
"38038",1,10,65,0
"38039",2,3,58,0
"38040",3,3,58,0
"38041",1,10,55,0
"38042",2,10,55,0
"38043",3,7,52,0
"38044",4,7,52,0
"38045",1,10,42,0
"38046",2,4,36,0
"38047",1,10,76,0
"38048",2,11,77,0
"38049",3,12,78,0
"38050",NA,0,NA,NA
"38051",NA,0,NA,NA
"38052",NA,0,35,0
"38053",1,10,70,0
"38054",2,10,70,0
"38055",3,6,66,0
"38056",4,6,66,0
"38057",1,10,70,0
"38058",2,2,62,0
"38059",1,10,53,0
"38060",1,10,30,0
"38061",2,6,26,0
"38062",3,1,21,0
"38063",1,10,18,0
"38064",2,8,16,0
"38065",3,5,13,0
"38066",1,7,7,NA
"38067",1,7,7,0
"38068",2,4,4,0
"38069",3,4,4,1
"38070",NA,0,15,0
"38071",NA,0,35,0
"38072",1,10,70,0
"38073",2,2,62,0
"38074",1,10,55,0
"38075",1,10,38,0
"38076",1,10,16,0
"38077",2,6,12,0
"38078",1,5,5,0
"38079",2,12,12,0
"38080",3,7,7,0
"38081",4,7,7,0
"38082",NA,0,35,0
"38083",1,10,70,0
"38084",2,3,63,0
"38085",3,3,63,0
"38086",NA,0,NA,NA
"38087",1,10,33,0
"38088",1,15,38,0
"38089",2,9,32,0
"38090",1,8,8,0
"38091",1,1,1,0
"38092",2,1,1,1
"38093",NA,0,15,0
"38094",NA,0,35,0
"38095",1,10,68,0
"38096",2,8,66,0
"38097",1,10,58,0
"38098",2,5,53,0
"38099",3,1,49,0
"38100",1,10,46,0
"38101",1,15,51,0
"38102",1,10,34,0
"38103",1,10,24,0
"38104",1,20,34,1
"38105",NA,0,15,0
"38106",NA,0,35,0
"38107",1,10,65,0
"38108",2,10,65,0
"38109",3,13,68,0
"38110",1,10,54,0
"38111",2,7,51,0
"38112",1,10,42,0
"38113",2,4,36,0
"38114",3,3,35,0
"38115",1,10,30,0
"38116",2,3,23,0
"38117",3,4,24,0
"38118",1,10,14,0
"38119",NA,0,NA,0
"38120",2,11,15,0
"38121",3,11,15,0
"38122",4,11,15,0
"38123",NA,0,35,0
"38124",1,10,60,0
"38125",2,8,58,0
"38126",3,8,58,0
"38127",1,10,53,0
"38128",2,4,47,0
"38129",3,4,47,0
"38130",NA,0,NA,0
"38131",1,10,40,0
"38132",2,10,40,0
"38133",NA,0,NA,0
"38134",NA,0,NA,0
"38135",3,2,32,0
"38136",NA,0,NA,NA
"38137",NA,0,35,0
"38138",1,10,67,0
"38139",1,10,53,0
"38140",1,10,15,0
"38141",2,8,13,1
"38142",NA,0,15,0
"38143",NA,0,35,0
"38144",1,10,65,0
"38145",2,8,63,0
"38146",3,8,63,0
"38147",4,6,61,0
"38148",1,10,95,0
"38149",2,9,94,0
"38150",1,10,80,0
"38151",1,10,54,0
"38152",2,2,46,0
"38153",1,10,42,0
"38154",NA,0,NA,0
"38155",2,5,37,0
"38156",3,5,37,0
"38157",4,1,33,0
"38158",1,10,31,0
"38159",1,10,18,0
"38160",2,6,14,0
"38161",1,7,7,0
"38162",2,3,3,0
"38163",3,1,1,1
"38164",NA,0,15,0
"38165",NA,0,35,0
"38166",1,10,65,0
"38167",2,4,59,0
"38168",2,15,70,0
"38169",3,15,70,0
"38170",4,15,70,0
"38171",1,10,56,0
"38172",NA,0,NA,NA
"38173",2,10,56,0
"38174",3,10,56,0
"38175",1,10,44,0
"38176",1,1,1,1
"38177",NA,0,15,0
"38178",NA,0,35,0
"38179",1,10,60,0
"38180",1,10,40,0
"38181",2,9,39,0
"38182",2,14,44,0
"38183",3,10,40,0
"38184",3,15,45,0
"38185",4,3,33,0
"38186",1,10,18,0
"38187",2,10,18,0
"38188",2,20,28,0
"38189",3,20,28,0
"38190",4,11,19,0
"38191",NA,0,35,0
"38192",1,10,64,0
"38193",1,10,44,0
"38194",2,3,37,0
"38195",3,3,37,0
"38196",1,10,17,0
"38197",2,10,17,0
"38198",3,3,10,0
"38199",4,1,8,0
"38200",1,6,6,0
"38201",2,6,6,1
"38202",NA,0,15,0
"38203",NA,0,35,0
"38204",1,10,65,0
"38205",2,10,65,0
"38206",NA,0,NA,0
"38207",3,11,66,0
"38208",NA,0,NA,0
"38209",1,10,54,0
"38210",NA,0,NA,0
"38211",1,10,43,0
"38212",2,4,37,0
"38213",1,10,31,0
"38214",2,6,27,0
"38215",3,7,28,0
"38216",NA,0,NA,0
"38217",4,1,22,0
"38218",NA,0,35,0
"38219",1,10,65,0
"38220",2,4,59,0
"38221",3,4,59,0
"38222",4,4,59,0
"38223",NA,0,NA,NA
"38224",NA,0,NA,NA
"38225",NA,0,35,0
"38226",1,10,67,0
"38227",2,11,68,0
"38228",3,3,60,0
"38229",1,10,57,0
"38230",2,8,55,0
"38231",3,5,52,0
"38232",3,10,57,0
"38233",1,10,29,0
"38234",1,20,39,0
"38235",2,20,39,0
"38236",3,20,39,0
"38237",4,9,28,0
"38238",NA,0,35,0
"38239",1,10,67,0
"38240",1,10,48,0
"38241",1,5,43,0
"38242",1,10,37,0
"38243",2,10,37,0
"38244",3,6,33,0
"38245",4,6,33,0
"38246",1,10,58,0
"38247",2,4,52,0
"38248",1,10,46,0
"38249",2,9,45,0
"38250",3,4,40,0
"38251",1,10,35,0
"38252",2,6,31,0
"38253",3,6,31,0
"38254",4,13,38,0
"38255",1,10,91,0
"38256",2,10,91,0
"38257",3,7,88,0
"38258",4,1,82,0
"38259",1,10,47,0
"38260",NA,0,NA,NA
"38261",1,10,33,0
"38262",1,10,22,0
"38263",2,4,16,1
"38264",NA,0,15,0
"38265",NA,0,35,0
"38266",1,10,81,0
"38267",1,10,64,0
"38268",2,10,64,0
"38269",3,7,61,0
"38270",4,7,61,0
"38271",1,10,77,0
"38272",1,10,58,0
"38273",2,3,51,0
"38274",1,10,41,0
"38275",2,10,41,0
"38276",NA,0,NA,0
"38277",1,10,25,0
"38278",2,6,21,0
"38279",3,6,21,0
"38280",4,6,21,0
"38281",NA,0,35,0
"38282",1,10,65,0
"38283",2,5,60,0
"38284",3,1,56,0
"38285",1,10,54,0
"38286",2,8,52,0
"38287",1,10,42,0
"38288",2,9,41,0
"38289",1,10,12,0
"38290",2,10,12,0
"38291",3,10,12,1
"38292",NA,0,15,0
"38293",NA,0,35,0
"38294",1,10,77,0
"38295",1,20,87,0
"38296",2,18,85,0
"38297",3,22,89,0
"38298",NA,0,NA,0
"38299",4,16,83,0
"38300",1,10,75,0
"38301",2,10,75,0
"38302",NA,0,NA,0
"38303",3,18,83,0
"38304",3,23,88,0
"38305",NA,0,NA,0
"38306",4,20,85,1
"38307",NA,0,15,0
"38308",NA,0,35,0
"38309",1,10,60,0
"38310",2,10,60,0
"38311",1,10,41,0
"38312",NA,0,NA,0
"38313",2,4,35,0
"38314",1,10,24,0
"38315",2,10,24,0
"38316",NA,0,NA,NA
"38317",NA,0,35,0
"38318",1,10,82,0
"38319",2,5,77,0
"38320",1,10,66,0
"38321",1,10,54,0
"38322",1,10,30,0
"38323",2,10,30,0
"38324",1,10,18,1
"38325",NA,0,15,0
"38326",NA,0,35,0
"38327",1,10,90,0
"38328",2,6,86,0
"38329",1,10,71,0
"38330",2,10,71,0
"38331",3,3,64,0
"38332",4,3,64,0
"38333",1,10,81,0
"38334",2,5,76,0
"38335",2,10,81,0
"38336",3,4,75,0
"38337",4,4,75,0
"38338",1,10,64,0
"38339",2,5,59,0
"38340",3,3,57,0
"38341",4,3,57,0
"38342",1,10,87,0
"38343",2,2,79,0
"38344",1,10,69,0
"38345",2,5,64,0
"38346",3,3,62,0
"38347",4,1,60,0
"38348",1,10,48,0
"38349",1,10,35,0
"38350",1,10,25,0
"38351",2,20,35,0
"38352",NA,0,NA,0
"38353",3,20,35,0
"38354",NA,0,NA,NA
"38355",4,18,33,0
"38356",1,10,59,0
"38357",1,10,41,0
"38358",1,15,46,0
"38359",1,20,51,1
"38360",NA,0,15,0
"38361",NA,0,35,0
"38362",1,10,67,0
"38363",2,3,60,0
"38364",1,10,51,0
"38365",1,9,9,0
"38366",1,1,1,0
"38367",2,2,2,0
"38368",3,4,4,0
"38369",NA,0,NA,0
"38370",4,4,4,0
"38371",1,10,96,0
"38372",1,10,79,0
"38373",2,6,75,0
"38374",1,10,67,0
"38375",1,10,56,0
"38376",2,3,49,0
"38377",1,10,45,0
"38378",NA,0,NA,0
"38379",2,12,47,0
"38380",3,12,47,0
"38381",1,10,21,0
"38382",2,6,17,0
"38383",3,2,13,0
"38384",4,5,16,1
"38385",NA,0,15,0
"38386",NA,0,35,0
"38387",1,10,86,0
"38388",NA,0,NA,0
"38389",1,10,75,0
"38390",2,10,75,0
"38391",NA,0,NA,0
"38392",1,10,39,0
"38393",1,10,51,0
"38394",2,7,48,0
"38395",1,10,40,0
"38396",2,10,40,0
"38397",3,8,38,0
"38398",4,8,38,0
"38399",1,10,62,0
"38400",2,11,63,0
"38401",3,12,64,0
"38402",NA,0,NA,NA
"38403",NA,0,NA,NA
"38404",NA,0,35,0
"38405",1,10,60,0
"38406",2,10,60,0
"38407",3,6,56,0
"38408",1,10,39,0
"38409",2,10,39,0
"38410",3,2,31,0
"38411",4,2,31,0
"38412",NA,0,35,0
"38413",1,10,65,0
"38414",2,1,56,0
"38415",1,10,53,0
"38416",2,10,53,0
"38417",3,10,53,0
"38418",1,10,43,0
"38419",2,10,43,0
"38420",3,6,39,0
"38421",4,6,39,0
"38422",1,10,55,0
"38423",2,13,58,0
"38424",1,10,36,0
"38425",2,10,36,0
"38426",3,6,32,1
"38427",NA,0,15,0
"38428",NA,0,35,0
"38429",1,10,65,0
"38430",2,7,62,0
"38431",3,4,59,0
"38432",1,10,50,0
"38433",2,8,48,0
"38434",3,8,48,0
"38435",1,10,36,0
"38436",1,10,26,0
"38437",2,8,24,0
"38438",3,8,24,0
"38439",4,15,31,0
"38440",NA,0,35,0
"38441",1,10,75,0
"38442",2,5,70,0
"38443",1,10,49,0
"38444",2,7,46,0
"38445",3,7,46,0
"38446",NA,0,NA,NA
"38447",1,10,41,0
"38448",2,11,42,0
"38449",3,11,42,0
"38450",4,2,33,0
"38451",NA,0,35,0
"38452",1,10,65,0
"38453",1,10,24,0
"38454",1,10,13,1
"38455",NA,0,15,0
"38456",NA,0,35,0
"38457",1,10,65,0
"38458",2,15,70,0
"38459",3,6,61,0
"38460",1,10,48,0
"38461",2,6,44,0
"38462",1,10,37,0
"38463",2,4,31,0
"38464",1,10,21,0
"38465",2,1,12,0
"38466",1,9,9,0
"38467",2,6,6,0
"38468",3,6,6,0
"38469",4,6,6,0
"38470",NA,0,35,0
"38471",1,10,60,0
"38472",2,10,60,0
"38473",1,10,48,0
"38474",2,10,48,0
"38475",1,10,37,0
"38476",2,3,30,0
"38477",3,3,30,0
"38478",4,1,28,0
"38479",NA,0,NA,0
"38480",1,10,26,0
"38481",2,10,26,0
"38482",3,7,23,0
"38483",1,10,11,0
"38484",2,10,11,0
"38485",NA,0,NA,0
"38486",3,4,5,1
"38487",NA,0,15,0
"38488",NA,0,35,0
"38489",1,10,70,0
"38490",NA,0,50,0
"38491",1,10,50,0
"38492",NA,0,NA,0
"38493",2,4,44,0
"38494",NA,0,NA,0
"38495",1,10,32,0
"38496",NA,0,NA,NA
"38497",NA,0,35,0
"38498",1,10,65,0
"38499",2,12,67,0
"38500",3,8,63,0
"38501",1,10,54,0
"38502",1,20,64,0
"38503",2,11,55,0
"38504",3,5,49,0
"38505",1,10,44,0
"38506",2,16,50,0
"38507",3,1,35,0
"38508",4,2,36,0
"38509",1,10,26,0
"38510",2,8,24,0
"38511",3,5,21,0
"38512",4,5,21,0
"38513",NA,0,35,0
"38514",1,10,73,0
"38515",1,10,52,0
"38516",2,13,55,0
"38517",3,8,50,0
"38518",1,10,25,0
"38519",2,11,26,0
"38520",3,11,26,0
"38521",4,11,26,0
"38522",1,10,66,0
"38523",2,1,57,0
"38524",1,10,28,0
"38525",2,4,22,0
"38526",3,1,19,0
"38527",1,10,18,0
"38528",NA,0,NA,NA
"38529",2,2,10,0
"38530",1,5,5,0
"38531",2,8,8,0
"38532",1,4,4,0
"38533",2,3,3,0
"38534",1,1,1,0
"38535",2,1,1,1
"38536",NA,0,15,0
"38537",NA,0,35,0
"38538",1,10,71,0
"38539",2,10,71,0
"38540",3,5,66,0
"38541",4,15,76,0
"38542",1,10,67,0
"38543",1,10,55,0
"38544",1,15,60,0
"38545",2,13,58,0
"38546",3,6,51,0
"38547",NA,0,NA,0
"38548",4,1,46,0
"38549",1,10,53,0
"38550",2,7,50,0
"38551",3,1,44,0
"38552",1,10,39,0
"38553",2,10,39,0
"38554",3,3,32,0
"38555",1,10,18,0
"38556",2,8,16,0
"38557",3,8,16,0
"38558",4,8,16,0
"38559",NA,0,35,0
"38560",1,10,65,0
"38561",2,10,65,0
"38562",1,10,48,0
"38563",NA,0,NA,0
"38564",2,8,46,0
"38565",3,2,40,0
"38566",NA,0,NA,0
"38567",4,1,39,0
"38568",1,10,60,0
"38569",2,5,55,0
"38570",3,6,56,0
"38571",3,11,61,0
"38572",1,10,42,0
"38573",1,10,63,0
"38574",2,14,67,0
"38575",NA,0,NA,NA
"38576",NA,0,NA,NA
"38577",NA,0,35,0
"38578",1,10,69,0
"38579",2,4,63,0
"38580",3,1,60,0
"38581",1,10,55,0
"38582",1,10,44,0
"38583",1,10,23,0
"38584",2,3,16,0
"38585",1,10,13,1
"38586",NA,0,15,0
"38587",NA,0,35,0
"38588",1,10,80,0
"38589",2,3,73,0
"38590",1,10,65,0
"38591",1,10,50,0
"38592",2,4,44,1
"38593",NA,0,15,0
"38594",NA,0,35,0
"38595",1,10,63,0
"38596",2,6,59,0
"38597",2,16,69,0
"38598",3,12,65,0
"38599",1,10,47,0
"38600",1,10,33,0
"38601",1,10,28,0
"38602",2,8,26,0
"38603",2,13,31,0
"38604",1,10,61,0
"38605",2,9,60,0
"38606",1,10,46,0
"38607",1,10,28,0
"38608",NA,0,NA,NA
"38609",2,5,23,0
"38610",3,2,20,0
"38611",1,10,16,0
"38612",2,1,7,0
"38613",1,2,2,1
"38614",NA,0,15,0
"38615",NA,0,35,0
"38616",1,10,71,0
"38617",2,7,68,0
"38618",3,7,68,0
"38619",NA,0,NA,0
"38620",1,10,55,0
"38621",2,8,53,0
"38622",1,10,44,0
"38623",2,4,38,0
"38624",3,2,36,0
"38625",1,10,20,0
"38626",1,4,4,0
"38627",2,4,4,0
"38628",3,4,4,0
"38629",4,6,6,0
"38630",NA,0,35,0
"38631",1,10,68,0
"38632",2,10,68,0
"38633",1,10,50,0
"38634",1,10,37,0
"38635",2,5,32,0
"38636",1,10,11,0
"38637",2,2,3,1
"38638",NA,0,15,0
"38639",NA,0,35,0
"38640",1,10,60,0
"38641",2,6,56,0
"38642",NA,0,NA,0
"38643",3,12,62,0
"38644",4,12,62,0
"38645",1,10,86,0
"38646",2,1,77,0
"38647",NA,0,NA,0
"38648",3,23,99,0
"38649",3,23,99,0
"38650",NA,0,NA,0
"38651",4,22,98,0
"38652",1,10,30,0
"38653",NA,0,NA,0
"38654",2,10,30,0
"38655",NA,0,NA,NA
"38656",NA,0,35,0
"38657",1,10,70,0
"38658",2,6,66,0
"38659",3,4,64,0
"38660",4,2,62,0
"38661",1,10,80,0
"38662",2,4,74,0
"38663",3,1,71,0
"38664",1,10,68,0
"38665",1,10,25,0
"38666",2,8,23,0
"38667",3,8,23,0
"38668",4,8,23,0
"38669",NA,0,35,0
"38670",1,10,67,0
"38671",2,6,63,0
"38672",3,1,58,0
"38673",1,10,49,0
"38674",1,10,37,0
"38675",2,7,34,0
"38676",2,17,44,0
"38677",3,16,43,0
"38678",1,10,24,0
"38679",1,15,29,0
"38680",2,15,29,0
"38681",3,1,15,0
"38682",1,10,12,0
"38683",2,2,4,0
"38684",1,1,1,0
"38685",2,1,1,1
"38686",NA,0,15,0
"38687",NA,0,35,0
"38688",1,10,69,0
"38689",1,10,52,0
"38690",2,5,47,0
"38691",NA,0,NA,NA
"38692",1,10,39,0
"38693",2,8,37,0
"38694",3,4,33,0
"38695",4,4,33,0
"38696",1,10,66,0
"38697",1,10,40,0
"38698",2,6,36,0
"38699",3,4,34,0
"38700",1,10,23,0
"38701",2,7,20,0
"38702",3,3,16,0
"38703",4,10,23,0
"38704",NA,0,35,0
"38705",1,10,65,0
"38706",2,9,64,0
"38707",3,9,64,0
"38708",4,22,77,0
"38709",1,10,64,0
"38710",2,11,65,0
"38711",3,10,64,0
"38712",4,2,56,0
"38713",1,10,30,0
"38714",1,10,20,0
"38715",2,9,19,0
"38716",NA,0,NA,0
"38717",3,6,16,0
"38718",4,1,11,0
"38719",1,10,88,0
"38720",1,10,77,0
"38721",2,18,85,0
"38722",3,32,99,0
"38723",4,32,99,0
"38724",1,10,49,0
"38725",NA,0,NA,0
"38726",2,9,48,0
"38727",NA,0,NA,0
"38728",3,1,40,0
"38729",1,10,38,0
"38730",2,11,39,0
"38731",NA,0,NA,NA
"38732",NA,0,NA,NA
"38733",NA,0,35,0
"38734",1,10,75,0
"38735",2,8,73,0
"38736",3,8,73,0
"38737",1,10,65,0
"38738",2,6,61,0
"38739",3,6,61,0
"38740",4,13,68,0
"38741",1,10,86,0
"38742",2,6,82,0
"38743",3,6,82,0
"38744",1,10,60,0
"38745",2,6,56,0
"38746",3,2,52,0
"38747",4,3,53,0
"38748",1,10,91,0
"38749",1,10,56,0
"38750",2,2,48,0
"38751",1,10,45,0
"38752",1,10,34,0
"38753",2,7,31,0
"38754",1,9,9,1
"38755",NA,0,15,0
"38756",NA,0,35,0
"38757",1,10,65,0
"38758",1,10,49,0
"38759",2,9,48,1
"38760",NA,0,15,0
"38761",NA,0,35,0
"38762",1,10,65,0
"38763",2,11,66,0
"38764",3,8,63,0
"38765",4,2,57,0
"38766",NA,0,NA,NA
"38767",4,7,62,0
"38768",1,10,88,0
"38769",2,6,84,0
"38770",3,6,84,0
"38771",1,10,77,0
"38772",1,10,66,0
"38773",2,9,65,0
"38774",3,6,62,0
"38775",4,6,62,0
"38776",1,10,80,0
"38777",1,15,85,0
"38778",2,10,80,0
"38779",3,1,71,0
"38780",1,10,50,0
"38781",2,3,43,0
"38782",1,10,35,0
"38783",2,10,35,0
"38784",1,10,24,0
"38785",2,9,23,0
"38786",NA,0,NA,0
"38787",3,13,27,0
"38788",4,13,27,0
"38789",NA,0,35,0
"38790",1,10,68,0
"38791",2,9,67,0
"38792",1,10,56,0
"38793",2,7,53,0
"38794",1,10,34,0
"38795",1,10,13,0
"38796",2,6,9,1
"38797",NA,0,15,0
"38798",NA,0,35,0
"38799",1,10,56,0
"38800",2,3,49,0
"38801",NA,0,NA,0
"38802",1,10,38,0
"38803",2,10,38,0
"38804",3,10,38,0
"38805",1,10,11,0
"38806",1,4,4,1
"38807",NA,0,15,0
"38808",NA,0,35,0
"38809",1,10,60,0
"38810",2,5,55,0
"38811",NA,0,NA,0
"38812",3,1,51,0
"38813",NA,0,NA,0
"38814",4,5,55,0
"38815",1,10,96,0
"38816",NA,0,NA,NA
"38817",NA,0,35,0
"38818",1,10,70,0
"38819",2,5,65,0
"38820",3,4,64,0
"38821",3,14,74,0
"38822",1,10,34,0
"38823",2,6,30,0
"38824",3,1,25,0
"38825",4,1,25,0
"38826",1,10,24,0
"38827",1,9,9,1
"38828",NA,0,15,0
"38829",NA,0,35,0
"38830",1,10,69,0
"38831",2,10,69,0
"38832",3,10,69,0
"38833",1,10,35,0
"38834",1,10,12,1
"38835",NA,0,15,0
"38836",NA,0,35,0
"38837",1,10,75,0
"38838",2,9,74,0
"38839",1,10,56,0
"38840",2,8,54,0
"38841",3,8,54,0
"38842",4,1,47,0
"38843",1,10,53,0
"38844",2,6,49,0
"38845",3,5,48,0
"38846",1,10,12,0
"38847",2,3,5,0
"38848",3,3,5,1
"38849",NA,0,15,0
"38850",NA,0,35,0
"38851",1,10,74,0
"38852",1,10,52,0
"38853",2,4,46,0
"38854",1,10,34,0
"38855",2,3,27,0
"38856",NA,0,NA,NA
"38857",1,10,21,0
"38858",2,9,20,0
"38859",3,6,17,1
"38860",NA,0,15,0
"38861",NA,0,35,0
"38862",1,10,69,0
"38863",2,11,70,0
"38864",3,5,64,0
"38865",3,10,69,0
"38866",4,5,64,0
"38867",1,10,54,0
"38868",2,10,54,0
"38869",3,8,52,0
"38870",4,4,48,0
"38871",1,10,97,0
"38872",2,10,97,0
"38873",1,10,68,0
"38874",2,8,66,0
"38875",1,10,57,0
"38876",1,10,39,0
"38877",2,7,36,0
"38878",1,10,13,0
"38879",1,3,3,1
"38880",NA,0,15,0
"38881",NA,0,35,0
"38882",1,10,69,0
"38883",2,7,66,0
"38884",3,5,64,0
"38885",4,4,63,0
"38886",1,10,96,0
"38887",2,10,96,0
"38888",1,10,82,0
"38889",1,10,64,0
"38890",2,10,64,0
"38891",3,10,64,0
"38892",4,1,55,0
"38893",NA,0,NA,NA
"38894",NA,0,NA,NA
"38895",NA,0,35,0
"38896",1,10,53,0
"38897",2,8,51,0
"38898",3,1,44,0
"38899",1,10,29,0
"38900",2,9,28,0
"38901",3,9,28,0
"38902",1,10,16,0
"38903",2,9,15,0
"38904",3,7,13,0
"38905",NA,0,NA,0
"38906",4,1,7,0
"38907",1,10,92,0
"38908",2,3,85,0
"38909",1,10,76,0
"38910",1,10,61,0
"38911",2,1,52,0
"38912",1,10,25,0
"38913",1,10,13,0
"38914",2,4,7,0
"38915",3,4,7,0
"38916",4,1,4,0
"38917",1,10,78,0
"38918",2,10,78,0
"38919",3,6,74,0
"38920",1,10,67,0
"38921",1,10,54,0
"38922",2,6,50,0
"38923",1,10,43,0
"38924",2,10,43,0
"38925",NA,0,NA,NA
"38926",1,10,23,0
"38927",2,2,15,0
"38928",1,9,9,0
"38929",2,5,5,0
"38930",3,8,8,0
"38931",4,8,8,0
"38932",NA,0,35,0
"38933",1,10,63,0
"38934",2,4,57,0
"38935",3,1,54,0
"38936",1,10,47,0
"38937",1,10,42,0
"38938",2,10,42,0
"38939",3,8,40,0
"38940",3,13,45,0
"38941",4,13,45,0
"38942",1,10,95,0
"38943",2,5,90,0
"38944",1,10,83,0
"38945",1,10,68,0
"38946",2,6,64,0
"38947",3,1,59,0
"38948",NA,0,NA,0
"38949",4,1,59,0
"38950",1,10,46,0
"38951",2,3,39,0
"38952",1,10,33,0
"38953",2,6,29,0
"38954",1,10,23,0
"38955",NA,0,NA,0
"38956",2,6,19,0
"38957",1,5,5,0
"38958",2,5,5,0
"38959",NA,0,NA,0
"38960",3,4,4,0
"38961",4,4,4,0
"38962",NA,0,35,0
"38963",1,10,65,0
"38964",1,10,51,0
"38965",2,10,51,0
"38966",3,4,45,0
"38967",4,4,45,0
"38968",4,9,50,0
"38969",1,10,92,0
"38970",2,11,93,0
"38971",NA,0,NA,NA
"38972",NA,0,35,0
"38973",1,10,66,0
"38974",2,8,64,0
"38975",1,10,30,0
"38976",2,12,32,0
"38977",3,12,32,0
"38978",4,8,28,0
"38979",NA,0,35,0
"38980",1,10,65,0
"38981",1,10,39,0
"38982",2,7,36,0
"38983",3,1,30,0
"38984",1,10,25,0
"38985",1,10,14,0
"38986",2,5,9,0
"38987",3,1,5,0
"38988",1,4,4,0
"38989",1,10,98,0
"38990",1,10,85,0
"38991",2,7,82,0
"38992",3,8,83,0
"38993",4,4,79,0
"38994",1,10,64,0
"38995",1,10,52,0
"38996",2,4,46,0
"38997",2,9,51,0
"38998",1,10,41,0
"38999",2,5,36,0
"39000",3,2,33,1
"39001",NA,0,30,0
"39002",NA,0,35,0
"39003",1,10,80,0
"39004",NA,0,NA,NA
"39005",2,6,76,0
"39006",1,10,54,0
"39007",2,1,45,0
"39008",1,10,38,0
"39009",2,4,32,0
"39010",1,10,24,0
"39011",2,10,24,0
"39012",3,9,23,0
"39013",4,19,33,0
"39014",NA,0,35,0
"39015",1,10,63,0
"39016",1,10,44,0
"39017",2,7,41,0
"39018",3,1,35,0
"39019",1,10,32,0
"39020",2,6,28,0
"39021",1,10,16,0
"39022",NA,0,NA,0
"39023",2,8,14,0
"39024",3,6,12,0
"39025",4,4,10,0
"39026",NA,0,35,0
"39027",1,10,68,0
"39028",1,10,57,0
"39029",2,10,57,0
"39030",3,10,57,0
"39031",4,1,48,0
"39032",1,10,36,0
"39033",2,10,36,0
"39034",3,10,36,0
"39035",3,20,46,0
"39036",1,10,31,0
"39037",2,10,31,0
"39038",3,4,25,0
"39039",3,9,30,0
"39040",4,4,25,0
"39041",NA,0,35,0
"39042",1,10,53,0
"39043",2,7,50,0
"39044",1,10,40,0
"39045",NA,0,NA,0
"39046",2,2,32,0
"39047",1,10,12,0
"39048",2,4,6,0
"39049",3,4,6,0
"39050",4,4,6,1
"39051",NA,0,15,0
"39052",NA,0,35,0
"39053",1,10,73,0
"39054",NA,0,NA,NA
"39055",NA,0,35,0
"39056",1,10,79,0
"39057",2,7,76,0
"39058",1,10,45,0
"39059",2,7,42,0
"39060",NA,0,NA,0
"39061",3,1,36,0
"39062",4,1,36,0
"39063",1,10,64,0
"39064",2,10,64,0
"39065",3,3,57,0
"39066",1,10,46,1
"39067",NA,0,NA,NA
"39068",NA,0,NA,NA
"39069",NA,0,35,0
"39070",1,10,71,0
"39071",2,10,71,0
"39072",3,4,65,0
"39073",4,5,66,0
"39074",1,10,92,0
"39075",2,6,88,0
"39076",3,6,88,0
"39077",3,11,93,0
"39078",4,3,85,0
"39079",1,10,59,0
"39080",2,10,59,0
"39081",3,8,57,0
"39082",4,10,59,0
"39083",1,10,87,0
"39084",1,10,71,0
"39085",2,10,71,0
"39086",3,1,62,0
"39087",4,1,62,0
"39088",1,10,61,0
"39089",1,10,44,0
"39090",1,10,30,0
"39091",2,9,29,0
"39092",3,9,29,0
"39093",4,6,26,0
"39094",1,10,66,0
"39095",2,9,65,0
"39096",3,9,65,0
"39097",1,10,44,0
"39098",2,10,44,0
"39099",3,10,44,0
"39100",1,10,29,0
"39101",2,6,25,0
"39102",1,10,18,0
"39103",2,10,18,0
"39104",3,4,12,1
"39105",NA,0,15,0
"39106",NA,0,35,0
"39107",1,10,65,0
"39108",NA,0,NA,NA
"39109",1,10,32,0
"39110",1,10,20,0
"39111",1,15,25,0
"39112",NA,0,NA,0
"39113",2,12,22,0
"39114",3,5,15,1
"39115",NA,0,15,0
"39116",NA,0,35,0
"39117",1,10,72,0
"39118",2,15,77,0
"39119",3,15,77,0
"39120",4,26,88,0
"39121",1,10,68,0
"39122",1,10,42,0
"39123",2,10,42,0
"39124",3,2,34,0
"39125",4,4,36,0
"39126",NA,0,35,0
"39127",1,10,59,0
"39128",2,10,59,0
"39129",3,1,50,0
"39130",1,10,49,0
"39131",1,10,26,0
"39132",2,11,27,0
"39133",1,3,3,0
"39134",2,3,3,1
"39135",NA,0,15,0
"39136",NA,0,35,0
"39137",1,10,76,0
"39138",2,3,69,0
"39139",3,2,68,0
"39140",1,10,52,0
"39141",2,10,52,0
"39142",3,4,46,0
"39143",4,4,46,0
"39144",1,10,87,0
"39145",NA,0,NA,0
"39146",2,6,83,0
"39147",1,10,58,0
"39148",2,10,58,0
"39149",1,10,48,0
"39150",2,5,43,0
"39151",1,10,34,0
"39152",2,5,29,0
"39153",3,5,29,0
"39154",NA,0,NA,NA
"39155",NA,0,35,0
"39156",1,10,73,0
"39157",2,9,72,0
"39158",1,10,67,0
"39159",2,5,62,0
"39160",1,10,38,1
"39161",NA,0,15,0
"39162",NA,0,35,0
"39163",1,10,75,0
"39164",2,8,73,0
"39165",3,1,66,0
"39166",1,10,60,0
"39167",1,10,45,0
"39168",2,9,44,0
"39169",3,9,44,0
"39170",1,10,24,0
"39171",1,10,13,0
"39172",2,9,12,0
"39173",1,1,1,1
"39174",NA,0,15,0
"39175",NA,0,35,0
"39176",1,10,65,0
"39177",1,10,50,0
"39178",2,10,50,0
"39179",3,13,53,0
"39180",4,13,53,0
"39181",1,10,80,0
"39182",2,8,78,0
"39183",3,3,73,0
"39184",1,10,10,1
"39185",NA,0,15,0
"39186",NA,0,35,0
"39187",1,10,84,0
"39188",2,6,80,0
"39189",3,6,80,0
"39190",1,10,67,0
"39191",2,4,61,0
"39192",1,10,34,0
"39193",2,5,29,0
"39194",3,5,29,0
"39195",NA,0,NA,NA
"39196",1,5,5,0
"39197",2,10,10,0
"39198",NA,0,NA,0
"39199",3,7,7,0
"39200",4,7,7,0
"39201",NA,0,35,0
"39202",1,10,68,0
"39203",2,6,64,0
"39204",1,10,57,0
"39205",1,9,9,0
"39206",2,3,3,0
"39207",3,3,3,0
"39208",4,3,3,0
"39209",NA,0,35,0
"39210",1,10,67,0
"39211",2,10,67,0
"39212",3,10,67,0
"39213",4,10,67,0
"39214",1,10,81,0
"39215",1,10,49,0
"39216",2,2,41,0
"39217",3,2,41,0
"39218",4,2,41,0
"39219",1,10,70,0
"39220",2,9,69,0
"39221",3,8,68,0
"39222",1,10,58,0
"39223",2,6,54,0
"39224",NA,0,NA,0
"39225",3,6,54,0
"39226",4,6,54,0
"39227",1,10,80,0
"39228",2,10,80,0
"39229",3,7,77,0
"39230",1,10,65,0
"39231",1,10,44,0
"39232",2,3,37,0
"39233",3,3,37,0
"39234",4,11,45,0
"39235",1,10,55,0
"39236",2,9,54,0
"39237",1,10,43,0
"39238",NA,0,NA,0
"39239",2,8,41,0
"39240",NA,0,NA,0
"39241",3,5,38,0
"39242",NA,0,NA,0
"39243",4,5,38,0
"39244",1,10,98,0
"39245",2,10,98,0
"39246",3,6,94,0
"39247",1,10,83,0
"39248",NA,0,NA,0
"39249",2,10,83,0
"39250",NA,0,NA,NA
"39251",NA,0,NA,NA
"39252",NA,0,35,0
"39253",1,10,72,0
"39254",2,10,72,0
"39255",2,15,77,0
"39256",2,20,82,0
"39257",3,20,82,0
"39258",4,12,74,0
"39259",1,10,68,0
"39260",1,10,53,0
"39261",2,7,50,0
"39262",3,1,44,0
"39263",4,1,44,0
"39264",1,10,55,0
"39265",2,13,58,0
"39266",3,7,52,0
"39267",4,7,52,0
"39268",1,10,95,0
"39269",1,10,85,0
"39270",1,15,90,0
"39271",2,6,81,0
"39272",3,2,77,0
"39273",1,10,68,0
"39274",2,4,62,0
"39275",3,3,61,0
"39276",NA,0,NA,0
"39277",1,10,46,0
"39278",2,9,45,0
"39279",3,17,53,0
"39280",4,17,53,0
"39281",1,10,94,0
"39282",1,10,82,0
"39283",1,5,77,0
"39284",2,2,74,0
"39285",1,10,71,0
"39286",NA,0,NA,NA
"39287",2,10,71,0
"39288",3,10,71,0
"39289",4,10,71,0
"39290",1,10,58,0
"39291",2,10,58,0
"39292",3,3,51,0
"39293",4,11,59,0
"39294",1,10,97,0
"39295",1,11,98,0
"39296",NA,0,20,0
"39297",1,10,48,0
"39298",2,8,46,0
"39299",3,5,43,0
"39300",4,5,43,0
"39301",4,10,48,0
"39302",1,10,64,0
"39303",2,4,58,0
"39304",1,10,53,0
"39305",2,5,48,0
"39306",3,1,44,0
"39307",1,10,42,0
"39308",2,10,42,0
"39309",NA,0,NA,0
"39310",3,4,36,0
"39311",4,4,36,0
"39312",NA,0,35,0
"39313",1,10,89,0
"39314",2,8,87,0
"39315",1,10,53,0
"39316",2,2,45,0
"39317",3,2,45,0
"39318",1,10,34,0
"39319",2,1,25,0
"39320",3,1,25,0
"39321",1,10,24,0
"39322",NA,0,NA,0
"39323",1,9,9,0
"39324",NA,0,NA,0
"39325",2,7,7,1
"39326",NA,0,15,0
"39327",NA,0,35,0
"39328",1,10,68,0
"39329",2,5,63,0
"39330",1,10,50,0
"39331",2,4,44,0
"39332",1,10,26,0
"39333",2,11,27,0
"39334",3,7,23,0
"39335",NA,0,35,0
"39336",NA,0,NA,NA
"39337",NA,0,35,0
"39338",1,10,75,0
"39339",2,8,73,0
"39340",3,4,69,0
"39341",1,10,44,0
"39342",2,8,42,0
"39343",1,10,12,0
"39344",2,10,12,0
"39345",3,6,8,0
"39346",1,1,1,1
"39347",NA,0,15,0
"39348",NA,0,35,0
"39349",1,10,75,0
"39350",2,5,70,0
"39351",1,10,39,0
"39352",2,6,35,0
"39353",3,4,33,0
"39354",4,4,33,0
"39355",1,10,59,0
"39356",2,8,57,0
"39357",3,8,57,0
"39358",4,1,50,0
"39359",1,10,50,0
"39360",1,10,33,0
"39361",2,12,35,0
"39362",1,7,7,0
"39363",2,4,4,0
"39364",3,4,4,0
"39365",4,14,14,0
"39366",4,9,9,0
"39367",NA,0,35,0
"39368",1,10,64,0
"39369",2,8,62,0
"39370",3,4,58,0
"39371",1,10,53,0
"39372",1,10,42,0
"39373",NA,0,NA,NA
"39374",2,10,42,0
"39375",3,1,33,0
"39376",4,1,33,0
"39377",1,10,28,0
"39378",2,8,26,0
"39379",3,10,28,0
"39380",1,4,4,1
"39381",NA,0,15,0
"39382",NA,0,35,0
"39383",1,10,84,0
"39384",2,10,84,0
"39385",2,5,79,0
"39386",2,10,84,0
"39387",3,8,82,0
"39388",3,13,87,0
"39389",4,24,98,0
"39390",1,10,66,0
"39391",1,10,51,0
"39392",2,10,51,0
"39393",3,6,47,0
"39394",1,10,32,0
"39395",2,5,27,0
"39396",3,2,24,0
"39397",1,10,21,0
"39398",NA,0,NA,0
"39399",2,8,19,0
"39400",NA,0,NA,0
"39401",1,8,8,0
"39402",2,1,1,0
"39403",2,6,6,0
"39404",2,16,16,0
"39405",NA,0,NA,0
"39406",3,13,13,0
"39407",NA,0,NA,0
"39408",4,9,9,0
"39409",NA,0,35,0
"39410",1,10,65,0
"39411",2,6,61,0
"39412",3,20,75,0
"39413",4,29,84,0
"39414",1,10,45,0
"39415",2,6,41,0
"39416",3,7,42,0
"39417",NA,0,NA,NA
"39418",NA,0,NA,NA
"39419",NA,0,35,0
"39420",1,10,79,0
"39421",1,10,65,0
"39422",2,5,60,0
"39423",1,10,47,0
"39424",2,7,44,0
"39425",3,2,39,0
"39426",4,2,39,0
"39427",1,10,11,0
"39428",2,8,9,0
"39429",3,4,5,1
"39430",NA,0,15,0
"39431",NA,0,35,0
"39432",1,10,65,0
"39433",2,9,64,0
"39434",3,4,59,0
"39435",1,10,36,0
"39436",1,10,25,0
"39437",2,8,23,1
"39438",NA,0,15,0
"39439",NA,0,35,0
"39440",1,10,71,0
"39441",2,4,65,0
"39442",1,10,57,0
"39443",2,3,50,0
"39444",3,2,49,0
"39445",1,10,46,0
"39446",2,4,40,0
"39447",1,10,32,0
"39448",2,1,23,0
"39449",1,10,21,0
"39450",2,10,21,0
"39451",3,3,14,0
"39452",NA,0,NA,NA
"39453",1,10,11,0
"39454",2,10,11,0
"39455",3,4,5,0
"39456",3,14,15,0
"39457",4,14,15,0
"39458",NA,0,35,0
"39459",1,10,87,0
"39460",1,10,73,0
"39461",1,10,55,0
"39462",2,5,50,0
"39463",1,10,40,0
"39464",1,10,25,NA
"39465",1,10,25,0
"39466",2,10,25,1
"39467",NA,0,15,0
"39468",NA,0,35,0
"39469",1,10,80,0
"39470",2,4,74,0
"39471",1,10,46,0
"39472",2,2,38,1
"39473",NA,0,15,0
"39474",NA,0,35,0
"39475",1,10,81,0
"39476",2,4,75,0
"39477",1,10,69,0
"39478",2,9,68,0
"39479",3,9,68,0
"39480",1,10,58,0
"39481",2,7,55,0
"39482",1,10,48,0
"39483",2,4,42,0
"39484",1,10,30,0
"39485",2,11,31,0
"39486",3,7,27,0
"39487",1,10,18,0
"39488",2,2,10,0
"39489",NA,0,NA,0
"39490",3,5,13,0
"39491",NA,0,NA,0
"39492",1,1,1,1
"39493",NA,0,15,0
"39494",NA,0,35,0
"39495",1,10,75,0
"39496",NA,0,NA,0
"39497",2,3,68,0
"39498",NA,0,NA,NA
"39499",NA,0,35,0
"39500",1,10,76,0
"39501",2,8,74,0
"39502",1,10,24,0
"39503",2,10,24,0
"39504",3,6,20,0
"39505",4,5,19,0
"39506",NA,0,35,0
"39507",1,10,80,0
"39508",2,13,83,0
"39509",3,9,79,0
"39510",1,10,65,0
"39511",2,10,65,0
"39512",3,10,65,0
"39513",4,4,59,0
"39514",1,10,83,0
"39515",2,7,80,0
"39516",3,1,74,0
"39517",4,1,74,0
"39518",1,10,81,0
"39519",2,6,77,0
"39520",1,10,69,0
"39521",1,10,47,0
"39522",2,6,43,0
"39523",1,10,25,0
"39524",2,6,21,0
"39525",3,5,20,0
"39526",3,10,25,0
"39527",4,1,16,0
"39528",1,10,84,0
"39529",2,4,78,0
"39530",1,10,71,0
"39531",1,20,81,0
"39532",NA,0,NA,NA
"39533",2,14,75,0
"39534",3,7,68,0
"39535",1,10,34,0
"39536",2,6,30,0
"39537",2,11,35,0
"39538",3,1,25,0
"39539",1,10,23,0
"39540",2,10,23,0
"39541",1,10,13,0
"39542",2,7,10,0
"39543",3,1,4,0
"39544",3,5,8,0
"39545",4,5,8,0
"39546",NA,0,35,0
"39547",1,10,67,0
"39548",2,10,67,0
"39549",1,10,54,0
"39550",2,7,51,0
"39551",3,5,49,0
"39552",3,10,54,0
"39553",NA,0,NA,0
"39554",4,10,54,0
"39555",1,10,46,0
"39556",2,9,45,0
"39557",3,9,45,0
"39558",1,10,20,0
"39559",1,10,10,0
"39560",NA,0,NA,0
"39561",2,5,5,1
"39562",NA,0,15,0
"39563",NA,0,35,0
"39564",1,10,65,0
"39565",2,3,58,0
"39566",1,10,54,NA
"39567",1,10,54,0
"39568",1,10,42,0
"39569",2,6,38,0
"39570",1,10,31,0
"39571",2,8,29,0
"39572",3,6,27,0
"39573",NA,0,NA,0
"39574",4,7,28,0
"39575",1,10,70,0
"39576",NA,0,NA,NA
"39577",NA,0,NA,NA
"39578",NA,0,35,0
"39579",1,10,71,0
"39580",2,2,63,0
"39581",3,1,62,0
"39582",4,1,62,0
"39583",1,10,59,0
"39584",2,3,52,0
"39585",1,10,48,0
"39586",2,6,44,0
"39587",3,4,42,0
"39588",4,1,39,0
"39589",1,10,61,0
"39590",2,2,53,0
"39591",1,10,51,0
"39592",1,5,5,0
"39593",2,4,4,1
"39594",NA,0,15,0
"39595",NA,0,35,0
"39596",1,10,76,0
"39597",2,1,67,0
"39598",1,10,62,0
"39599",1,10,35,0
"39600",2,5,30,0
"39601",3,5,30,0
"39602",4,5,30,0
"39603",1,10,24,0
"39604",1,5,5,0
"39605",2,5,5,0
"39606",3,6,6,0
"39607",4,1,1,0
"39608",4,5,5,0
"39609",NA,0,35,0
"39610",1,10,65,0
"39611",2,1,56,0
"39612",3,1,56,0
"39613",4,1,56,0
"39614",1,10,88,0
"39615",1,10,34,0
"39616",NA,0,NA,NA
"39617",2,8,32,0
"39618",3,8,32,0
"39619",1,10,13,0
"39620",2,5,8,0
"39621",3,2,5,0
"39622",4,2,5,0
"39623",4,7,10,0
"39624",NA,0,35,0
"39625",1,10,65,0
"39626",1,15,70,0
"39627",2,14,69,0
"39628",3,15,70,0
"39629",4,8,63,0
"39630",1,10,62,0
"39631",2,1,53,0
"39632",1,10,49,0
"39633",2,7,46,0
"39634",3,2,41,0
"39635",1,10,37,0
"39636",2,1,28,0
"39637",1,10,25,0
"39638",2,4,19,0
"39639",1,8,8,0
"39640",2,3,3,1
"39641",NA,0,15,0
"39642",NA,0,35,0
"39643",1,10,65,0
"39644",2,8,63,0
"39645",3,16,71,0
"39646",1,10,54,0
"39647",2,5,49,0
"39648",3,1,45,0
"39649",NA,0,NA,0
"39650",1,10,43,0
"39651",NA,0,NA,0
"39652",2,10,43,0
"39653",1,10,34,0
"39654",NA,0,NA,0
"39655",1,10,80,0
"39656",2,10,80,0
"39657",NA,0,NA,0
"39658",3,5,75,0
"39659",NA,0,NA,NA
"39660",NA,0,35,0
"39661",1,10,65,0
"39662",2,8,63,0
"39663",3,1,56,0
"39664",1,10,55,1
"39665",NA,0,15,0
"39666",NA,0,35,0
"39667",1,10,73,0
"39668",2,9,72,0
"39669",3,9,72,0
"39670",NA,0,NA,0
"39671",1,10,24,0
"39672",1,20,34,0
"39673",2,4,18,0
"39674",3,2,16,0
"39675",4,3,17,0
"39676",4,8,22,0
"39677",NA,0,35,0
"39678",1,10,65,0
"39679",2,10,65,0
"39680",2,15,70,0
"39681",1,10,50,0
"39682",2,10,50,0
"39683",3,8,48,0
"39684",1,1,1,1
"39685",NA,0,15,0
"39686",NA,0,35,0
"39687",1,10,65,0
"39688",1,10,55,0
"39689",2,10,55,0
"39690",1,10,43,0
"39691",1,20,53,0
"39692",2,19,52,0
"39693",3,14,47,0
"39694",4,14,47,0
"39695",1,10,85,0
"39696",2,4,79,0
"39697",3,3,78,0
"39698",1,10,69,0
"39699",2,6,65,0
"39700",3,3,62,0
"39701",NA,0,NA,NA
"39702",1,4,4,0
"39703",2,4,4,0
"39704",3,1,1,1
"39705",NA,0,15,0
"39706",NA,0,35,0
"39707",1,10,65,0
"39708",1,10,38,0
"39709",2,1,29,0
"39710",1,10,23,0
"39711",2,10,23,0
"39712",1,10,10,0
"39713",2,6,6,0
"39714",3,6,6,0
"39715",1,10,89,0
"39716",2,6,85,0
"39717",3,6,85,0
"39718",4,6,85,1
"39719",NA,0,2,0
"39720",NA,0,35,0
"39721",1,10,78,0
"39722",2,7,75,0
"39723",3,7,75,0
"39724",4,7,75,0
"39725",1,10,57,0
"39726",1,10,26,1
"39727",NA,0,2,0
"39728",NA,0,35,0
"39729",1,10,74,0
"39730",2,8,72,0
"39731",3,8,72,0
"39732",4,3,67,0
"39733",1,10,77,0
"39734",2,10,77,0
"39735",3,7,74,0
"39736",4,4,71,0
"39737",1,10,80,0
"39738",2,3,73,0
"39739",3,3,73,0
"39740",1,10,31,0
"39741",1,20,41,0
"39742",NA,0,NA,0
"39743",2,15,36,0
"39744",NA,0,NA,0
"39745",3,8,29,0
"39746",4,8,29,0
"39747",1,10,62,0
"39748",2,8,60,0
"39749",NA,0,NA,0
"39750",3,17,69,0
"39751",4,17,69,0
"39752",1,10,88,0
"39753",2,10,88,0
"39754",1,10,61,0
"39755",2,10,61,0
"39756",NA,0,NA,0
"39757",1,10,51,0
"39758",2,10,51,0
"39759",3,10,51,0
"39760",4,10,51,0
"39761",1,10,85,0
"39762",1,10,72,0
"39763",2,10,72,0
"39764",NA,0,NA,NA
"39765",NA,0,35,0
"39766",1,10,80,0
"39767",2,1,71,0
"39768",1,10,58,0
"39769",2,10,58,0
"39770",1,10,53,0
"39771",2,6,49,0
"39772",3,6,49,0
"39773",1,10,42,0
"39774",2,9,41,1
"39775",NA,0,15,0
"39776",NA,0,35,0
"39777",1,10,65,0
"39778",2,6,61,0
"39779",1,10,44,0
"39780",2,10,44,0
"39781",1,10,39,0
"39782",2,8,37,0
"39783",1,10,16,0
"39784",2,8,14,0
"39785",3,3,9,0
"39786",NA,0,NA,0
"39787",1,4,4,1
"39788",NA,0,NA,0
"39789",NA,0,NA,0
"39790",NA,0,2,0
"39791",NA,0,NA,NA
"39792",NA,0,NA,NA
"39793",NA,0,35,0
"39794",1,10,71,0
"39795",2,10,71,0
"39796",3,10,71,0
"39797",4,10,71,0
"39798",1,10,76,0
"39799",2,10,76,0
"39800",3,8,74,0
"39801",1,10,64,0
"39802",2,10,64,0
"39803",3,8,62,0
"39804",4,8,62,0
"39805",1,10,79,0
"39806",2,2,71,0
"39807",3,1,70,1
"39808",NA,0,15,0
"39809",NA,0,35,0
"39810",1,10,75,0
"39811",2,6,71,0
"39812",2,13,78,0
"39813",3,7,72,0
"39814",4,1,66,0
"39815",1,10,82,0
"39816",2,10,82,0
"39817",3,4,76,0
"39818",4,4,76,0
"39819",1,10,80,0
"39820",1,10,70,0
"39821",2,9,69,0
"39822",NA,0,NA,0
"39823",1,10,65,0
"39824",2,7,62,0
"39825",3,1,56,0
"39826",4,1,56,0
"39827",4,6,61,0
"39828",1,10,84,0
"39829",2,9,83,0
"39830",3,13,87,0
"39831",4,11,85,0
"39832",1,10,61,0
"39833",2,8,59,0
"39834",NA,0,NA,NA
"39835",1,10,22,0
"39836",2,2,14,0
"39837",1,10,11,0
"39838",2,9,10,0
"39839",3,6,7,1
"39840",NA,0,15,0
"39841",NA,0,35,0
"39842",1,10,72,0
"39843",2,5,67,0
"39844",3,3,65,0
"39845",1,10,44,0
"39846",2,5,39,0
"39847",3,3,37,0
"39848",4,3,37,0
"39849",NA,0,35,0
"39850",1,10,75,0
"39851",2,10,75,0
"39852",3,2,67,0
"39853",1,10,64,0
"39854",2,5,59,0
"39855",3,1,55,0
"39856",4,4,58,0
"39857",1,10,89,0
"39858",2,7,86,0
"39859",2,12,91,0
"39860",3,2,81,0
"39861",1,10,65,0
"39862",2,10,65,0
"39863",3,3,58,0
"39864",1,10,49,0
"39865",1,10,37,0
"39866",2,5,32,0
"39867",3,5,32,0
"39868",4,5,32,0
"39869",NA,0,35,0
"39870",1,10,69,0
"39871",NA,0,NA,0
"39872",2,19,78,0
"39873",NA,0,NA,0
"39874",3,10,69,0
"39875",NA,0,NA,0
"39876",4,3,62,0
"39877",1,10,70,0
"39878",2,10,70,0
"39879",NA,0,NA,NA
"39880",NA,0,35,0
"39881",1,10,70,0
"39882",2,7,67,0
"39883",2,17,77,0
"39884",3,8,68,0
"39885",4,8,68,0
"39886",1,10,85,0
"39887",2,9,84,0
"39888",3,2,77,0
"39889",1,10,64,0
"39890",2,7,61,0
"39891",3,6,60,1
"39892",NA,0,15,0
"39893",NA,0,20,0
"39894",NA,0,35,0
"39895",1,10,70,0
"39896",2,13,73,0
"39897",3,15,75,0
"39898",4,18,78,0
"39899",1,10,71,0
"39900",2,23,84,0
"39901",3,17,78,0
"39902",4,17,78,0
"39903",1,10,53,0
"39904",1,10,40,0
"39905",2,9,39,0
"39906",3,1,31,0
"39907",4,1,31,0
"39908",NA,0,35,0
"39909",1,10,80,0
"39910",2,7,77,0
"39911",1,10,64,0
"39912",2,9,63,0
"39913",3,1,55,0
"39914",NA,0,NA,NA
"39915",1,10,53,0
"39916",1,15,58,0
"39917",2,9,52,0
"39918",3,9,52,0
"39919",4,3,46,0
"39920",1,10,88,0
"39921",1,5,83,0
"39922",2,4,82,0
"39923",3,4,82,0
"39924",1,10,77,0
"39925",2,1,68,0
"39926",1,10,38,0
"39927",2,8,36,0
"39928",1,10,27,0
"39929",2,14,31,0
"39930",3,8,25,0
"39931",1,2,2,0
"39932",1,1,1,1
"39933",NA,0,15,0
"39934",NA,0,35,0
"39935",1,10,65,0
"39936",2,4,59,0
"39937",3,13,68,0
"39938",1,10,54,0
"39939",2,7,51,1
"39940",NA,0,15,0
"39941",NA,0,35,0
"39942",1,10,83,0
"39943",2,21,94,0
"39944",3,20,93,0
"39945",1,10,72,0
"39946",2,9,71,0
"39947",3,5,67,0
"39948",NA,0,50,0
"39949",1,10,50,0
"39950",NA,0,NA,0
"39951",1,10,39,0
"39952",NA,0,NA,0
"39953",2,7,36,0
"39954",3,8,37,0
"39955",1,10,13,0
"39956",2,11,14,0
"39957",NA,0,NA,NA
"39958",NA,0,NA,NA
"39959",NA,0,35,0
"39960",1,10,60,0
"39961",2,10,60,0
"39962",3,11,61,0
"39963",1,10,48,0
"39964",2,5,43,0
"39965",1,10,31,0
"39966",2,10,31,0
"39967",3,4,25,0
"39968",4,4,25,0
"39969",NA,0,35,0
"39970",1,10,65,0
"39971",1,10,47,0
"39972",1,10,34,0
"39973",2,8,32,0
"39974",3,6,30,NA
"39975",3,6,30,0
"39976",1,10,15,0
"39977",2,12,17,0
"39978",3,8,13,0
"39979",4,5,10,0
"39980",1,10,85,0
"39981",2,2,77,0
"39982",1,10,73,0
"39983",2,10,73,0
"39984",3,12,75,0
"39985",1,10,61,0
"39986",2,10,61,0
"39987",1,10,44,0
"39988",2,6,40,0
"39989",3,1,35,0
"39990",NA,0,NA,NA
"39991",1,10,33,0
"39992",2,7,30,0
"39993",3,2,25,0
"39994",1,10,22,0
"39995",2,3,15,0
"39996",1,10,11,0
"39997",2,10,11,0
"39998",3,7,8,0
"39999",4,8,9,0
"40000",NA,0,35,0
"40001",1,10,77,0
"40002",2,5,72,0
"40003",1,10,56,0
"40004",2,4,50,0
"40005",2,9,55,0
"40006",3,10,56,0
"40007",3,15,61,0
"40008",4,1,47,0
"40009",1,10,29,0
"40010",1,9,9,0
"40011",2,8,8,0
"40012",3,8,8,0
"40013",3,4,4,0
"40014",4,13,13,0
"40015",NA,0,35,0
"40016",1,10,71,0
"40017",2,10,71,0
"40018",3,10,71,0
"40019",3,15,76,0
"40020",1,10,16,0
"40021",2,3,9,0
"40022",2,13,19,0
"40023",NA,0,NA,0
"40024",3,6,12,1
"40025",NA,0,15,0
"40026",NA,0,35,0
"40027",1,10,70,0
"40028",1,20,80,0
"40029",2,18,78,0
"40030",3,18,78,0
"40031",NA,0,NA,0
"40032",4,14,74,0
"40033",1,10,65,0
"40034",2,4,59,1
"40035",NA,0,15,0
"40036",NA,0,35,0
"40037",1,10,65,0
"40038",NA,0,NA,NA
"40039",NA,0,35,0
"40040",1,10,69,0
"40041",2,9,68,0
"40042",2,4,63,0
"40043",2,14,73,0
"40044",1,10,68,0
"40045",2,7,65,0
"40046",3,4,62,0
"40047",3,9,67,0
"40048",4,5,63,0
"40049",1,10,87,0
"40050",1,10,72,0
"40051",2,4,66,0
"40052",1,10,61,0
"40053",2,8,59,0
"40054",3,3,54,0
"40055",1,10,48,0
"40056",1,20,58,0
"40057",2,13,51,0
"40058",3,6,44,0
"40059",4,6,44,0
"40060",1,10,75,0
"40061",2,2,67,0
"40062",1,10,62,0
"40063",2,10,62,0
"40064",3,11,63,0
"40065",3,16,68,0
"40066",4,2,54,0
"40067",1,10,46,0
"40068",2,6,42,0
"40069",NA,0,NA,NA
"40070",3,12,48,0
"40071",1,10,33,0
"40072",2,6,29,0
"40073",1,10,21,0
"40074",2,6,17,0
"40075",2,16,27,0
"40076",3,13,24,0
"40077",4,10,21,0
"40078",NA,0,35,0
"40079",1,10,69,0
"40080",2,8,67,0
"40081",3,17,76,0
"40082",1,10,55,0
"40083",2,7,52,0
"40084",1,10,45,0
"40085",2,10,45,0
"40086",2,5,40,0
"40087",3,1,36,0
"40088",1,10,30,0
"40089",2,7,27,0
"40090",NA,0,NA,0
"40091",1,10,19,0
"40092",2,8,17,0
"40093",3,4,13,0
"40094",4,3,12,0
"40095",NA,0,35,0
"40096",1,10,66,0
"40097",2,9,65,0
"40098",3,9,65,0
"40099",1,10,60,0
"40100",2,5,55,0
"40101",3,3,53,0
"40102",4,3,53,0
"40103",1,10,39,0
"40104",NA,0,NA,0
"40105",2,11,40,0
"40106",NA,0,NA,0
"40107",3,8,37,0
"40108",1,10,28,0
"40109",2,11,29,0
"40110",NA,0,NA,NA
"40111",NA,0,NA,NA
"40112",NA,0,35,0
"40113",1,10,65,0
"40114",1,10,46,0
"40115",2,7,43,0
"40116",3,3,39,0
"40117",1,10,21,1
"40118",NA,0,15,0
"40119",NA,0,35,0
"40120",1,10,64,0
"40121",2,3,57,0
"40122",1,10,51,0
"40123",1,10,26,0
"40124",2,3,19,0
"40125",NA,0,NA,0
"40126",3,1,17,0
"40127",4,1,17,0
"40128",1,10,15,0
"40129",2,13,18,0
"40130",3,14,19,0
"40131",1,10,96,0
"40132",2,5,91,0
"40133",1,10,85,0
"40134",2,5,80,0
"40135",3,2,77,0
"40136",1,10,75,0
"40137",1,10,61,0
"40138",1,10,43,0
"40139",2,4,37,0
"40140",1,10,68,0
"40141",2,6,64,0
"40142",3,4,62,0
"40143",1,10,57,0
"40144",NA,0,NA,NA
"40145",2,4,51,0
"40146",2,9,56,0
"40147",3,2,49,0
"40148",1,10,44,0
"40149",2,13,47,0
"40150",3,13,47,0
"40151",1,10,27,0
"40152",1,1,1,1
"40153",NA,0,15,0
"40154",NA,0,35,0
"40155",1,10,65,0
"40156",2,10,65,0
"40157",3,9,64,0
"40158",4,9,64,0
"40159",1,10,75,0
"40160",2,4,69,0
"40161",3,3,68,0
"40162",1,10,35,0
"40163",2,1,26,0
"40164",1,10,25,0
"40165",2,9,24,0
"40166",NA,0,NA,0
"40167",3,12,27,0
"40168",4,12,27,0
"40169",NA,0,35,0
"40170",1,10,65,0
"40171",2,4,59,0
"40172",3,4,59,0
"40173",1,10,53,0
"40174",2,10,53,0
"40175",3,6,49,0
"40176",1,10,41,0
"40177",1,10,23,0
"40178",2,7,20,0
"40179",NA,0,NA,0
"40180",3,12,25,0
"40181",NA,0,NA,0
"40182",4,5,18,0
"40183",NA,0,35,0
"40184",1,10,65,0
"40185",2,10,65,0
"40186",1,10,49,0
"40187",1,10,38,0
"40188",2,7,35,0
"40189",3,2,30,0
"40190",1,10,68,NA
"40191",1,10,68,0
"40192",NA,0,NA,NA
"40193",NA,0,35,0
"40194",1,10,70,0
"40195",2,6,66,0
"40196",3,6,66,0
"40197",4,6,66,0
"40198",4,11,71,0
"40199",1,10,67,0
"40200",2,5,62,0
"40201",1,10,39,0
"40202",2,11,40,0
"40203",3,18,47,0
"40204",4,9,38,0
"40205",1,10,54,0
"40206",2,9,53,0
"40207",1,10,30,0
"40208",2,2,22,0
"40209",3,2,22,0
"40210",4,2,22,0
"40211",NA,0,35,0
"40212",1,10,65,0
"40213",2,5,60,0
"40214",3,1,56,0
"40215",3,5,60,0
"40216",1,10,44,0
"40217",1,10,21,0
"40218",2,7,18,1
"40219",NA,0,15,0
"40220",NA,0,50,0
"40221",1,10,75,0
"40222",2,17,82,0
"40223",3,4,69,0
"40224",3,14,79,0
"40225",1,10,56,0
"40226",2,10,56,0
"40227",3,10,56,0
"40228",4,10,56,0
"40229",1,10,44,0
"40230",1,15,49,0
"40231",2,1,35,0
"40232",2,5,39,0
"40233",3,1,35,0
"40234",NA,0,NA,NA
"40235",1,10,32,0
"40236",2,6,28,0
"40237",1,6,6,0
"40238",2,2,2,1
"40239",NA,0,15,0
"40240",NA,0,35,0
"40241",1,10,73,0
"40242",2,4,67,0
"40243",1,10,62,0
"40244",2,1,53,0
"40245",1,10,48,0
"40246",2,8,46,0
"40247",1,10,37,1
"40248",NA,0,2,0
"40249",NA,0,40,0
"40250",1,10,69,0
"40251",2,10,69,0
"40252",3,6,65,0
"40253",1,10,57,0
"40254",2,10,57,0
"40255",3,7,54,0
"40256",4,4,51,0
"40257",4,9,56,0
"40258",1,10,89,0
"40259",1,10,69,0
"40260",2,6,65,0
"40261",1,10,56,0
"40262",2,10,56,0
"40263",3,2,48,0
"40264",4,2,48,0
"40265",1,10,27,0
"40266",2,4,21,1
"40267",NA,0,15,0
"40268",NA,0,35,0
"40269",1,10,68,0
"40270",2,15,73,0
"40271",1,10,36,0
"40272",NA,0,NA,0
"40273",2,6,32,0
"40274",NA,0,NA,0
"40275",1,10,21,0
"40276",NA,0,NA,0
"40277",NA,0,NA,0
"40278",2,14,25,0
"40279",1,9,9,0
"40280",2,10,10,0
"40281",NA,0,NA,NA
"40282",NA,0,NA,NA
"40283",NA,0,35,0
"40284",1,10,72,0
"40285",2,10,72,0
"40286",1,10,37,0
"40287",2,6,33,0
"40288",1,10,26,0
"40289",2,9,25,0
"40290",1,10,13,0
"40291",2,12,15,0
"40292",3,12,15,0
"40293",4,8,11,0
"40294",NA,0,35,0
"40295",1,10,60,0
"40296",2,5,55,0
"40297",3,1,51,0
"40298",1,10,50,0
"40299",2,4,44,0
"40300",1,10,38,0
"40301",2,10,38,0
"40302",3,5,33,0
"40303",1,10,23,0
"40304",2,10,23,0
"40305",3,10,23,0
"40306",4,4,17,0
"40307",NA,0,35,0
"40308",1,10,80,0
"40309",1,10,70,0
"40310",2,3,63,0
"40311",3,1,61,0
"40312",3,15,75,0
"40313",4,5,65,0
"40314",1,10,66,0
"40315",2,9,65,0
"40316",1,10,45,0
"40317",2,7,42,0
"40318",1,10,25,0
"40319",2,6,21,0
"40320",NA,0,NA,NA
"40321",3,6,21,0
"40322",4,16,31,0
"40323",NA,0,35,0
"40324",1,10,65,0
"40325",1,10,45,0
"40326",1,10,20,0
"40327",2,8,18,0
"40328",3,8,18,0
"40329",4,8,18,0
"40330",NA,0,35,0
"40331",1,10,79,0
"40332",2,9,78,0
"40333",1,10,64,0
"40334",2,6,60,0
"40335",3,2,56,0
"40336",4,1,55,0
"40337",1,10,45,0
"40338",2,7,42,0
"40339",2,12,47,0
"40340",3,14,49,0
"40341",4,12,47,0
"40342",1,10,91,0
"40343",1,10,76,0
"40344",2,10,76,0
"40345",3,10,76,0
"40346",4,1,67,0
"40347",1,10,65,0
"40348",2,3,58,0
"40349",1,10,54,0
"40350",2,4,48,0
"40351",1,10,33,0
"40352",2,12,35,0
"40353",1,10,23,0
"40354",NA,0,NA,0
"40355",2,5,18,0
"40356",3,5,18,0
"40357",4,5,18,0
"40358",NA,0,35,0
"40359",1,10,65,0
"40360",2,10,65,0
"40361",3,2,57,0
"40362",1,10,54,0
"40363",NA,0,NA,0
"40364",2,9,53,0
"40365",NA,0,NA,0
"40366",3,14,58,0
"40367",NA,0,NA,0
"40368",4,19,63,0
"40369",1,10,91,0
"40370",2,4,85,0
"40371",3,4,85,0
"40372",1,10,54,0
"40373",1,10,43,0
"40374",2,10,43,0
"40375",3,10,43,0
"40376",4,10,43,0
"40377",NA,0,NA,NA
"40378",NA,0,35,0
"40379",1,10,65,0
"40380",2,4,59,0
"40381",1,10,54,0
"40382",1,15,59,0
"40383",2,11,55,0
"40384",3,6,50,0
"40385",4,16,60,0
"40386",1,10,73,0
"40387",2,10,73,0
"40388",3,5,68,0
"40389",4,13,76,0
"40390",1,10,70,0
"40391",2,10,70,0
"40392",3,1,61,0
"40393",1,10,60,0
"40394",1,19,69,0
"40395",2,12,62,0
"40396",3,20,70,0
"40397",4,12,62,0
"40398",1,10,93,0
"40399",2,7,90,0
"40400",1,10,82,0
"40401",2,6,78,0
"40402",1,10,69,0
"40403",1,10,57,0
"40404",1,10,39,0
"40405",2,6,35,0
"40406",3,3,32,0
"40407",1,10,28,0
"40408",2,10,28,0
"40409",3,5,23,1
"40410",NA,0,15,0
"40411",NA,0,35,0
"40412",1,10,65,0
"40413",2,4,59,0
"40414",NA,0,NA,NA
"40415",2,14,69,0
"40416",1,10,52,0
"40417",2,8,50,0
"40418",3,5,47,0
"40419",1,10,46,0
"40420",1,10,34,0
"40421",2,8,32,0
"40422",3,8,32,0
"40423",4,8,32,0
"40424",NA,0,35,0
"40425",1,10,56,0
"40426",2,2,48,0
"40427",1,10,43,0
"40428",2,10,43,0
"40429",3,6,39,0
"40430",4,6,39,0
"40431",1,10,44,0
"40432",2,10,44,0
"40433",3,3,37,0
"40434",1,10,32,0
"40435",2,9,31,0
"40436",3,9,31,0
"40437",1,10,20,0
"40438",NA,0,NA,0
"40439",2,8,18,0
"40440",2,18,28,0
"40441",3,18,28,0
"40442",4,11,21,0
"40443",NA,0,35,0
"40444",1,10,65,0
"40445",2,11,66,0
"40446",3,6,61,0
"40447",4,13,68,0
"40448",1,10,42,0
"40449",2,10,42,0
"40450",3,10,42,0
"40451",4,10,42,0
"40452",1,10,44,0
"40453",NA,0,NA,0
"40454",2,8,42,0
"40455",3,4,38,1
"40456",NA,0,15,0
"40457",NA,0,35,0
"40458",1,10,68,0
"40459",2,10,68,0
"40460",3,6,64,0
"40461",4,7,65,0
"40462",1,10,48,0
"40463",2,6,44,0
"40464",3,2,40,0
"40465",NA,0,NA,NA
"40466",NA,0,NA,NA
"40467",NA,0,35,0
"40468",1,10,26,0
"40469",2,7,23,0
"40470",1,10,16,0
"40471",2,5,11,0
"40472",1,5,5,0
"40473",2,2,2,0
"40474",3,2,2,0
"40475",4,2,2,0
"40476",NA,0,35,0
"40477",1,10,68,0
"40478",2,10,68,0
"40479",3,7,65,0
"40480",NA,0,NA,0
"40481",4,1,59,0
"40482",4,6,64,0
"40483",1,10,85,0
"40484",2,10,85,0
"40485",3,3,78,0
"40486",1,10,72,0
"40487",2,7,69,0
"40488",3,4,66,0
"40489",3,14,76,0
"40490",4,14,76,0
"40491",1,10,63,0
"40492",1,10,47,0
"40493",1,10,33,0
"40494",1,10,18,0
"40495",NA,0,NA,0
"40496",2,10,18,0
"40497",1,2,2,0
"40498",2,1,1,0
"40499",2,5,5,1
"40500",NA,0,15,0
"40501",NA,0,35,0
"40502",1,10,69,0
"40503",1,10,56,0
"40504",2,10,56,0
"40505",3,9,55,0
"40506",NA,0,NA,NA
"40507",4,11,57,0
"40508",1,10,90,0
"40509",2,10,90,0
"40510",1,10,74,0
"40511",2,2,66,0
"40512",1,10,60,0
"40513",2,8,58,0
"40514",1,10,34,0
"40515",2,10,34,0
"40516",1,10,24,0
"40517",2,11,25,0
"40518",3,11,25,0
"40519",4,11,25,0
"40520",1,10,67,0
"40521",1,10,27,0
"40522",2,8,25,0
"40523",1,10,11,0
"40524",2,3,4,0
"40525",3,4,5,0
"40526",4,1,2,0
"40527",1,1,1,0
"40528",2,1,1,1
"40529",NA,0,15,0
"40530",NA,0,35,0
"40531",1,10,81,0
"40532",2,5,76,0
"40533",1,10,69,0
"40534",2,2,61,0
"40535",1,10,56,0
"40536",2,7,53,0
"40537",1,10,45,0
"40538",2,3,38,0
"40539",NA,0,NA,0
"40540",3,8,43,0
"40541",NA,0,NA,0
"40542",NA,0,NA,0
"40543",4,4,39,0
"40544",1,10,34,0
"40545",2,10,34,0
"40546",1,10,58,0
"40547",NA,0,NA,NA
"40548",NA,0,35,0
"40549",1,10,68,0
"40550",1,10,44,0
"40551",2,10,44,0
"40552",3,10,44,0
"40553",4,10,44,0
"40554",1,10,83,0
"40555",2,5,78,0
"40556",1,10,71,0
"40557",2,2,63,0
"40558",1,10,57,0
"40559",2,1,48,0
"40560",1,10,41,0
"40561",2,10,41,0
"40562",3,10,41,0
"40563",4,7,38,0
"40564",1,10,33,0
"40565",2,10,33,0
"40566",3,1,24,0
"40567",1,10,22,0
"40568",2,9,21,0
"40569",3,8,20,0
"40570",1,1,1,0
"40571",2,1,1,0
"40572",2,6,6,0
"40573",3,5,5,0
"40574",3,15,15,1
"40575",NA,0,15,0
"40576",NA,0,35,0
"40577",1,10,74,0
"40578",2,9,73,0
"40579",3,9,73,0
"40580",1,10,53,0
"40581",1,15,58,0
"40582",2,15,58,0
"40583",3,13,56,0
"40584",1,10,37,0
"40585",NA,0,NA,NA
"40586",2,12,39,0
"40587",3,3,30,0
"40588",1,10,26,0
"40589",2,10,26,0
"40590",3,4,20,0
"40591",1,10,12,1
"40592",NA,0,15,0
"40593",NA,0,35,0
"40594",1,10,66,0
"40595",2,7,63,0
"40596",3,1,57,0
"40597",4,4,60,0
"40598",1,10,80,0
"40599",2,8,78,0
"40600",3,8,78,0
"40601",4,8,78,0
"40602",1,10,60,0
"40603",2,11,61,0
"40604",3,6,56,0
"40605",4,6,56,0
"40606",1,10,80,0
"40607",2,4,74,0
"40608",1,10,26,0
"40609",2,6,22,1
"40610",NA,0,2,0
"40611",NA,0,35,0
"40612",1,10,75,0
"40613",2,4,69,0
"40614",1,10,63,0
"40615",2,2,55,0
"40616",1,10,50,0
"40617",NA,0,NA,0
"40618",1,10,30,0
"40619",2,16,36,0
"40620",3,20,40,0
"40621",1,3,3,1
"40622",NA,0,2,0
"40623",NA,0,35,0
"40624",1,10,48,0
"40625",NA,0,NA,0
"40626",2,11,49,0
"40627",NA,0,NA,0
"40628",1,10,37,0
"40629",2,11,38,0
"40630",NA,0,NA,NA
"40631",NA,0,NA,NA
"40632",NA,0,35,0
"40633",1,10,72,0
"40634",2,3,65,0
"40635",3,11,73,0
"40636",4,11,73,0
"40637",1,10,71,0
"40638",2,10,71,0
"40639",1,10,60,0
"40640",2,10,60,0
"40641",3,5,55,0
"40642",1,10,37,0
"40643",2,5,32,0
"40644",NA,0,NA,0
"40645",3,14,41,0
"40646",4,14,41,0
"40647",NA,0,35,0
"40648",1,10,66,0
"40649",2,14,70,0
"40650",3,12,68,0
"40651",1,10,55,0
"40652",2,8,53,0
"40653",1,10,35,0
"40654",2,10,35,0
"40655",1,10,18,0
"40656",2,10,18,0
"40657",1,4,4,0
"40658",2,3,3,0
"40659",3,6,6,0
"40660",4,3,3,0
"40661",1,10,97,0
"40662",2,12,99,0
"40663",3,5,92,0
"40664",NA,0,NA,NA
"40665",1,10,84,0
"40666",1,10,66,0
"40667",2,10,66,0
"40668",3,10,66,0
"40669",4,10,66,0
"40670",1,10,62,0
"40671",1,10,41,0
"40672",2,12,43,0
"40673",3,6,37,0
"40674",1,10,17,0
"40675",2,11,18,0
"40676",3,11,18,0
"40677",4,11,18,0
"40678",NA,0,35,0
"40679",1,10,72,0
"40680",2,10,72,0
"40681",3,6,68,0
"40682",4,3,65,0
"40683",1,10,85,0
"40684",2,15,90,0
"40685",3,15,90,0
"40686",4,10,85,0
"40687",1,10,79,0
"40688",2,10,79,0
"40689",3,4,73,0
"40690",4,10,79,0
"40691",1,10,62,0
"40692",1,10,48,0
"40693",1,10,35,0
"40694",2,4,29,0
"40695",3,1,26,0
"40696",1,10,20,1
"40697",NA,0,15,0
"40698",NA,0,35,0
"40699",1,10,80,0
"40700",2,10,80,0
"40701",3,10,80,0
"40702",1,10,69,0
"40703",2,4,63,0
"40704",2,14,73,0
"40705",NA,0,NA,0
"40706",3,11,70,0
"40707",NA,0,NA,0
"40708",1,10,58,0
"40709",2,10,58,0
"40710",3,10,58,0
"40711",1,10,45,0
"40712",2,10,45,1
"40713",NA,0,15,0
"40714",NA,0,35,0
"40715",1,10,65,0
"40716",NA,0,NA,NA
"40717",NA,0,35,0
"40718",1,10,69,0
"40719",2,5,64,0
"40720",3,2,61,0
"40721",1,10,49,0
"40722",2,10,49,0
"40723",3,10,49,0
"40724",1,10,32,0
"40725",1,10,11,0
"40726",2,8,9,0
"40727",1,10,97,0
"40728",2,10,97,0
"40729",3,8,95,0
"40730",NA,0,20,0
"40731",1,10,69,0
"40732",2,10,69,0
"40733",1,10,50,0
"40734",2,10,50,0
"40735",3,9,49,0
"40736",NA,0,NA,0
"40737",4,2,42,0
"40738",1,10,35,0
"40739",2,6,31,0
"40740",3,4,29,0
"40741",1,10,20,0
"40742",2,7,17,0
"40743",3,2,12,0
"40744",4,1,11,0
"40745",1,2,2,0
"40746",1,7,7,0
"40747",2,4,4,0
"40748",2,14,14,0
"40749",NA,0,NA,0
"40750",3,7,7,0
"40751",NA,0,NA,NA
"40752",4,5,5,0
"40753",NA,0,35,0
"40754",1,10,86,0
"40755",2,10,86,0
"40756",2,15,91,0
"40757",3,15,91,0
"40758",4,15,91,0
"40759",1,10,61,0
"40760",2,5,56,0
"40761",1,10,50,0
"40762",2,5,45,1
"40763",NA,0,15,0
"40764",NA,0,35,0
"40765",1,10,74,0
"40766",2,10,74,0
"40767",3,4,68,0
"40768",1,10,60,0
"40769",2,3,53,0
"40770",1,10,49,0
"40771",1,10,35,0
"40772",2,10,35,0
"40773",3,2,27,0
"40774",NA,0,NA,0
"40775",4,2,27,1
"40776",NA,0,15,0
"40777",NA,0,35,0
"40778",1,10,65,0
"40779",1,10,55,0
"40780",1,20,65,0
"40781",1,10,45,1
"40782",NA,0,15,0
"40783",NA,0,35,0
"40784",1,10,68,0
"40785",1,15,73,0
"40786",2,10,68,0
"40787",3,10,68,0
"40788",1,10,47,0
"40789",1,10,31,0
"40790",2,5,26,0
"40791",1,10,20,0
"40792",1,4,4,0
"40793",2,4,4,0
"40794",3,4,4,1
"40795",NA,0,15,0
"40796",NA,0,35,0
"40797",1,10,66,0
"40798",1,10,46,0
"40799",NA,0,NA,0
"40800",1,10,33,0
"40801",1,10,20,0
"40802",2,11,21,0
"40803",NA,0,NA,0
"40804",3,8,18,0
"40805",4,8,18,0
"40806",1,10,73,0
"40807",2,13,76,0
"40808",3,13,76,0
"40809",4,2,65,0
"40810",1,10,51,0
"40811",1,10,36,0
"40812",2,10,36,0
"40813",1,10,12,0
"40814",2,10,12,0
"40815",1,1,1,0
"40816",1,11,11,0
"40817",1,16,16,0
"40818",NA,0,NA,0
"40819",2,9,9,0
"40820",3,9,9,0
"40821",4,9,9,0
"40822",NA,0,NA,NA
"40823",NA,0,NA,NA
"40824",NA,0,35,0
"40825",1,10,72,0
"40826",2,10,72,0
"40827",2,15,77,0
"40828",3,8,70,0
"40829",1,10,51,0
"40830",1,10,33,0
"40831",2,8,31,0
"40832",3,8,31,0
"40833",3,13,36,0
"40834",1,10,23,0
"40835",2,7,20,1
"40836",NA,0,15,0
"40837",NA,0,35,0
"40838",1,10,69,0
"40839",2,6,65,0
"40840",1,10,39,0
"40841",2,4,33,0
"40842",1,10,24,0
"40843",2,8,22,1
"40844",NA,0,15,0
"40845",NA,0,35,0
"40846",1,10,26,0
"40847",1,10,14,0
"40848",2,5,9,0
"40849",1,3,3,0
"40850",NA,0,NA,0
"40851",2,2,2,1
"40852",NA,0,15,0
"40853",NA,0,35,0
"40854",1,10,66,0
"40855",2,2,58,0
"40856",1,10,53,0
"40857",2,10,53,0
"40858",1,10,42,0
"40859",2,10,42,0
"40860",1,10,25,0
"40861",2,7,22,0
"40862",1,10,10,0
"40863",NA,0,NA,NA
"40864",1,18,18,0
"40865",2,18,18,0
"40866",3,16,16,1
"40867",NA,0,15,0
"40868",NA,0,35,0
"40869",1,10,69,0
"40870",1,10,57,0
"40871",2,10,57,0
"40872",3,10,57,0
"40873",4,1,48,0
"40874",1,10,46,0
"40875",1,10,28,0
"40876",2,9,27,0
"40877",1,10,17,0
"40878",2,4,11,1
"40879",NA,0,15,0
"40880",NA,0,35,0
"40881",1,10,80,0
"40882",2,4,74,0
"40883",3,12,82,0
"40884",4,2,72,0
"40885",1,10,82,0
"40886",2,7,79,0
"40887",3,7,79,0
"40888",1,10,67,0
"40889",2,7,64,0
"40890",1,10,41,0
"40891",2,8,39,0
"40892",1,10,22,0
"40893",1,10,11,0
"40894",2,5,6,0
"40895",3,6,7,0
"40896",4,6,7,0
"40897",NA,0,35,0
"40898",1,10,65,0
"40899",2,10,65,0
"40900",3,7,62,0
"40901",1,10,41,0
"40902",1,10,27,0
"40903",2,7,24,0
"40904",NA,0,NA,0
"40905",2,12,29,0
"40906",NA,0,NA,0
"40907",3,4,21,0
"40908",4,4,21,0
"40909",NA,0,35,0
"40910",1,10,60,0
"40911",1,10,46,0
"40912",NA,0,NA,NA
"40913",NA,0,35,0
"40914",1,10,64,0
"40915",1,10,49,0
"40916",2,9,48,0
"40917",3,8,47,0
"40918",1,10,26,0
"40919",1,4,4,0
"40920",2,3,3,0
"40921",3,3,3,1
"40922",NA,0,15,0
"40923",NA,0,35,0
"40924",1,10,65,0
"40925",1,10,50,0
"40926",2,9,49,0
"40927",1,10,35,0
"40928",2,8,33,0
"40929",3,8,33,0
"40930",4,8,33,0
"40931",NA,0,35,0
"40932",1,10,68,0
"40933",2,3,61,0
"40934",1,10,52,0
"40935",1,10,33,0
"40936",1,10,22,0
"40937",2,9,21,0
"40938",3,9,21,0
"40939",4,7,19,0
"40940",NA,0,35,0
"40941",1,10,65,0
"40942",2,7,62,0
"40943",3,2,57,0
"40944",1,10,53,0
"40945",2,2,45,0
"40946",3,3,46,0
"40947",1,10,43,0
"40948",NA,0,NA,NA
"40949",2,9,42,0
"40950",1,10,23,0
"40951",2,2,15,0
"40952",1,9,9,0
"40953",2,1,1,1
"40954",NA,0,15,0
"40955",NA,0,35,0
"40956",1,10,70,0
"40957",1,10,53,0
"40958",2,5,48,0
"40959",3,1,44,0
"40960",1,10,20,0
"40961",NA,0,NA,0
"40962",2,9,19,0
"40963",3,9,19,0
"40964",1,8,8,0
"40965",2,9,9,0
"40966",3,9,9,1
"40967",NA,0,15,0
"40968",NA,0,35,0
"40969",1,10,80,0
"40970",2,25,95,0
"40971",3,25,95,0
"40972",4,25,95,0
"40973",1,10,44,0
"40974",2,9,43,0
"40975",3,6,40,0
"40976",1,10,33,0
"40977",NA,0,NA,0
"40978",2,11,34,0
"40979",1,10,71,0
"40980",2,1,62,0
"40981",1,10,29,1
"40982",NA,0,15,0
"40983",NA,0,35,0
"40984",1,10,65,0
"40985",2,4,59,0
"40986",3,1,56,0
"40987",4,1,56,0
"40988",1,10,43,0
"40989",2,11,44,0
"40990",3,12,45,0
"40991",NA,0,NA,NA
"40992",NA,0,NA,NA
"40993",NA,0,35,0
"40994",1,10,65,0
"40995",2,10,65,0
"40996",3,6,61,0
"40997",1,10,51,0
"40998",1,10,26,0
"40999",1,10,13,0
"41000",2,10,13,0
"41001",3,3,6,0
"41002",4,6,9,0
"41003",NA,0,35,0
"41004",1,10,53,0
"41005",2,4,47,0
"41006",1,10,41,0
"41007",2,9,40,0
"41008",1,10,28,0
"41009",2,9,27,0
"41010",3,8,26,0
"41011",1,10,16,0
"41012",2,7,13,0
"41013",1,1,1,1
"41014",NA,0,15,0
"41015",NA,0,35,0
"41016",1,10,65,0
"41017",2,9,64,0
"41018",3,4,59,0
"41019",1,10,49,0
"41020",2,18,57,0
"41021",3,18,57,0
"41022",4,15,54,0
"41023",4,20,59,0
"41024",1,10,90,0
"41025",NA,0,NA,NA
"41026",2,7,87,0
"41027",3,1,81,0
"41028",1,10,80,0
"41029",1,10,36,0
"41030",2,10,36,0
"41031",3,4,30,0
"41032",4,4,30,0
"41033",1,10,15,0
"41034",2,7,12,0
"41035",3,4,9,0
"41036",1,4,4,0
"41037",2,4,4,0
"41038",3,2,2,0
"41039",4,5,5,0
"41040",NA,0,35,0
"41041",1,10,65,0
"41042",2,2,57,0
"41043",3,2,57,0
"41044",4,2,57,0
"41045",1,10,79,0
"41046",2,9,78,0
"41047",2,19,88,0
"41048",3,13,82,0
"41049",4,22,91,0
"41050",1,10,39,0
"41051",2,11,40,0
"41052",1,10,23,0
"41053",2,10,23,0
"41054",3,10,23,0
"41055",4,10,23,0
"41056",NA,0,35,0
"41057",1,10,67,0
"41058",2,7,64,0
"41059",3,7,64,0
"41060",3,12,69,0
"41061",4,12,69,0
"41062",1,10,63,0
"41063",2,2,55,0
"41064",NA,0,NA,0
"41065",1,10,52,0
"41066",2,10,52,0
"41067",1,10,40,0
"41068",NA,0,NA,0
"41069",2,8,38,0
"41070",NA,0,NA,0
"41071",1,10,30,0
"41072",2,2,22,1
"41073",NA,0,15,0
"41074",NA,0,35,0
"41075",1,10,84,0
"41076",NA,0,NA,NA
"41077",NA,0,35,0
"41078",1,10,66,0
"41079",2,11,67,0
"41080",3,7,63,0
"41081",1,10,40,0
"41082",2,4,34,0
"41083",3,1,31,0
"41084",1,10,29,0
"41085",2,8,27,0
"41086",3,4,23,0
"41087",1,10,18,0
"41088",2,9,17,0
"41089",3,6,14,0
"41090",1,1,1,0
"41091",2,1,1,0
"41092",1,1,1,1
"41093",NA,0,15,0
"41094",NA,0,35,0
"41095",1,10,65,0
"41096",1,15,70,0
"41097",2,7,62,0
"41098",1,10,52,0
"41099",1,10,42,0
"41100",2,6,38,0
"41101",3,1,33,0
"41102",1,10,22,0
"41103",2,1,13,0
"41104",1,10,11,0
"41105",2,10,11,0
"41106",3,5,6,1
"41107",NA,0,15,0
"41108",NA,0,35,0
"41109",NA,0,NA,NA
"41110",1,10,43,0
"41111",1,15,48,0
"41112",2,9,42,0
"41113",1,10,29,0
"41114",2,5,24,0
"41115",3,4,23,0
"41116",4,13,32,0
"41117",NA,0,35,0
"41118",1,10,65,0
"41119",2,5,60,0
"41120",3,2,57,0
"41121",1,10,54,0
"41122",2,19,63,0
"41123",3,19,63,0
"41124",4,12,56,0
"41125",1,10,88,0
"41126",1,16,94,0
"41127",2,11,89,0
"41128",1,10,49,0
"41129",2,12,51,0
"41130",3,12,51,0
"41131",3,17,56,0
"41132",4,17,56,0
"41133",1,10,73,0
"41134",2,4,67,0
"41135",3,4,67,0
"41136",1,10,33,0
"41137",2,10,33,0
"41138",NA,0,NA,0
"41139",3,7,30,0
"41140",4,7,30,0
"41141",NA,0,35,0
"41142",1,10,90,0
"41143",2,4,84,0
"41144",1,10,58,0
"41145",2,10,58,0
"41146",3,4,52,0
"41147",1,10,43,0
"41148",NA,0,NA,0
"41149",2,4,37,0
"41150",2,9,42,0
"41151",1,10,65,0
"41152",NA,0,NA,NA
"41153",NA,0,NA,NA
"41154",NA,0,35,0
"41155",1,10,72,0
"41156",2,10,72,0
"41157",3,8,70,0
"41158",1,10,57,0
"41159",2,2,49,0
"41160",1,10,46,0
"41161",2,10,46,0
"41162",3,10,46,0
"41163",1,10,24,0
"41164",2,6,20,0
"41165",3,2,16,0
"41166",1,10,13,1
"41167",NA,0,15,0
"41168",NA,0,35,0
"41169",1,10,65,0
"41170",2,6,61,0
"41171",3,4,59,0
"41172",4,4,59,0
"41173",1,10,79,0
"41174",2,8,77,0
"41175",1,10,69,0
"41176",1,20,79,0
"41177",1,15,74,0
"41178",2,5,64,0
"41179",1,10,51,0
"41180",1,10,35,0
"41181",2,10,35,0
"41182",1,10,23,0
"41183",1,10,11,0
"41184",2,6,7,0
"41185",3,2,3,0
"41186",4,1,2,0
"41187",NA,0,NA,NA
"41188",1,1,1,1
"41189",NA,0,15,0
"41190",NA,0,35,0
"41191",1,10,70,0
"41192",1,10,55,0
"41193",2,2,47,0
"41194",1,10,45,0
"41195",2,8,43,0
"41196",2,3,38,1
"41197",NA,0,15,0
"41198",NA,0,35,0
"41199",1,10,65,0
"41200",2,7,62,0
"41201",3,7,62,0
"41202",4,15,70,0
"41203",1,10,67,0
"41204",2,10,67,0
"41205",3,8,65,0
"41206",4,8,65,0
"41207",1,10,98,0
"41208",1,10,83,0
"41209",2,2,75,0
"41210",1,10,57,0
"41211",2,3,50,0
"41212",3,1,48,0
"41213",1,10,41,0
"41214",2,18,49,0
"41215",3,22,53,0
"41216",4,7,38,0
"41217",NA,0,35,0
"41218",1,10,73,0
"41219",2,8,71,0
"41220",3,8,71,0
"41221",4,8,71,0
"41222",1,10,36,0
"41223",1,10,11,0
"41224",2,7,8,1
"41225",NA,0,15,0
"41226",NA,0,35,0
"41227",1,10,71,0
"41228",2,8,69,0
"41229",NA,0,NA,0
"41230",1,10,60,0
"41231",1,20,70,0
"41232",1,25,75,0
"41233",NA,0,NA,0
"41234",2,22,72,0
"41235",3,22,72,0
"41236",NA,0,NA,0
"41237",4,20,70,0
"41238",1,10,91,0
"41239",NA,0,NA,NA
"41240",NA,0,35,0
"41241",1,10,68,0
"41242",2,10,68,0
"41243",3,10,68,0
"41244",4,13,71,0
"41245",1,10,84,0
"41246",2,6,80,0
"41247",3,7,81,0
"41248",1,10,42,0
"41249",2,4,36,0
"41250",3,2,34,0
"41251",1,10,28,0
"41252",2,10,28,0
"41253",1,10,16,0
"41254",2,6,12,0
"41255",3,5,11,0
"41256",1,6,6,1
"41257",NA,0,15,0
"41258",NA,0,35,0
"41259",1,10,83,0
"41260",2,10,83,0
"41261",3,9,82,0
"41262",4,9,82,0
"41263",1,10,82,0
"41264",2,7,79,0
"41265",3,5,77,0
"41266",1,10,59,0
"41267",2,6,55,0
"41268",3,6,55,0
"41269",1,10,23,0
"41270",1,2,2,0
"41271",2,1,1,0
"41272",3,1,1,1
"41273",NA,0,15,0
"41274",NA,0,35,0
"41275",1,10,71,0
"41276",2,9,70,0
"41277",3,15,76,0
"41278",3,10,71,0
"41279",1,10,59,0
"41280",NA,0,NA,NA
"41281",2,20,69,0
"41282",3,6,55,0
"41283",4,6,55,0
"41284",1,10,32,0
"41285",2,1,23,0
"41286",1,10,21,0
"41287",2,10,21,0
"41288",3,8,19,0
"41289",4,7,18,0
"41290",1,10,86,0
"41291",2,7,83,0
"41292",3,4,80,0
"41293",1,10,75,0
"41294",2,1,66,0
"41295",1,10,61,0
"41296",2,10,61,0
"41297",1,10,51,0
"41298",2,9,50,0
"41299",3,4,45,0
"41300",4,4,45,0
"41301",1,10,92,0
"41302",2,10,92,0
"41303",3,4,86,0
"41304",1,10,73,0
"41305",2,4,67,0
"41306",1,10,63,0
"41307",2,10,63,0
"41308",3,5,58,0
"41309",1,10,47,0
"41310",2,10,47,0
"41311",3,10,47,0
"41312",NA,0,NA,0
"41313",4,3,40,0
"41314",1,10,25,0
"41315",2,5,20,0
"41316",3,7,22,0
"41317",4,3,18,1
"41318",NA,0,15,0
"41319",NA,0,35,0
"41320",1,10,65,0
"41321",2,11,66,0
"41322",3,12,67,0
"41323",NA,0,NA,NA
"41324",NA,0,NA,NA
"41325",NA,0,35,0
"41326",1,10,75,0
"41327",2,1,66,0
"41328",1,10,54,0
"41329",2,6,50,0
"41330",1,10,43,0
"41331",2,1,34,0
"41332",1,10,29,0
"41333",2,10,29,0
"41334",3,1,20,0
"41335",3,6,25,0
"41336",1,10,19,0
"41337",2,5,14,0
"41338",3,2,11,0
"41339",1,3,3,1
"41340",NA,0,15,0
"41341",NA,0,35,0
"41342",1,10,69,0
"41343",1,10,29,0
"41344",1,15,34,0
"41345",1,20,39,1
"41346",NA,0,15,0
"41347",NA,0,35,0
"41348",1,10,74,0
"41349",2,3,67,0
"41350",1,10,58,0
"41351",2,6,54,0
"41352",1,10,41,0
"41353",2,3,34,0
"41354",1,10,29,0
"41355",2,3,22,0
"41356",2,8,27,0
"41357",1,10,18,0
"41358",NA,0,NA,NA
"41359",2,7,15,0
"41360",1,6,6,0
"41361",2,1,1,0
"41362",3,1,1,1
"41363",NA,0,15,0
"41364",NA,0,35,0
"41365",1,10,75,0
"41366",2,2,67,0
"41367",3,1,66,0
"41368",4,1,66,0
"41369",1,10,34,0
"41370",1,10,20,0
"41371",2,9,19,0
"41372",3,2,12,0
"41373",1,6,6,0
"41374",2,4,4,0
"41375",3,4,4,0
"41376",4,4,4,0
"41377",NA,0,35,0
"41378",1,10,73,0
"41379",2,3,66,0
"41380",1,10,30,0
"41381",2,1,21,0
"41382",1,10,17,0
"41383",2,10,17,0
"41384",3,9,16,0
"41385",4,9,16,0
"41386",NA,0,35,0
"41387",1,10,76,0
"41388",1,10,63,0
"41389",2,8,61,0
"41390",1,10,33,0
"41391",1,10,22,1
"41392",NA,0,15,0
"41393",NA,0,35,0
"41394",1,10,65,0
"41395",2,10,65,0
"41396",1,10,40,0
"41397",2,5,35,0
"41398",2,10,40,0
"41399",1,10,14,0
"41400",NA,0,NA,0
"41401",2,2,6,0
"41402",NA,0,NA,0
"41403",1,3,3,1
"41404",NA,0,15,0
"41405",NA,0,35,0
"41406",1,10,75,0
"41407",NA,0,NA,NA
"41408",NA,0,35,0
"41409",1,10,74,0
"41410",2,9,73,0
"41411",3,18,82,0
"41412",1,10,52,0
"41413",1,10,21,0
"41414",2,9,20,0
"41415",3,9,20,0
"41416",1,8,8,0
"41417",2,7,7,0
"41418",3,7,7,0
"41419",4,6,6,0
"41420",NA,0,35,0
"41421",1,10,66,0
"41422",2,9,65,0
"41423",3,5,61,0
"41424",1,10,55,0
"41425",2,9,54,0
"41426",3,14,59,0
"41427",4,11,56,0
"41428",1,10,86,0
"41429",1,17,93,0
"41430",2,17,93,0
"41431",3,5,81,0
"41432",1,10,76,0
"41433",1,10,53,0
"41434",2,10,53,0
"41435",3,2,45,0
"41436",1,10,11,1
"41437",NA,0,15,0
"41438",NA,0,35,0
"41439",1,10,85,0
"41440",2,10,85,0
"41441",3,5,80,0
"41442",1,10,71,0
"41443",NA,0,NA,NA
"41444",1,10,41,0
"41445",2,6,37,0
"41446",3,4,35,0
"41447",1,10,26,0
"41448",2,3,19,0
"41449",1,10,12,0
"41450",2,8,10,0
"41451",3,8,10,1
"41452",NA,0,15,0
"41453",NA,0,35,0
"41454",1,10,72,0
"41455",2,5,67,0
"41456",1,10,58,0
"41457",1,10,48,0
"41458",2,4,42,0
"41459",1,10,35,0
"41460",2,10,35,0
"41461",1,10,68,0
"41462",2,7,65,0
"41463",3,5,63,0
"41464",1,10,51,0
"41465",NA,0,NA,0
"41466",2,8,49,0
"41467",NA,0,NA,0
"41468",3,4,45,0
"41469",NA,0,NA,0
"41470",4,1,42,0
"41471",1,10,36,0
"41472",2,3,29,0
"41473",3,5,31,0
"41474",1,10,25,1
"41475",NA,0,15,0
"41476",NA,0,35,0
"41477",1,10,65,0
"41478",2,5,60,0
"41479",1,10,52,0
"41480",2,13,55,0
"41481",3,13,55,0
"41482",4,8,50,0
"41483",1,10,50,0
"41484",NA,0,NA,NA
"41485",NA,0,NA,NA
"41486",NA,0,35,0
"41487",1,10,76,1
"41488",NA,0,15,0
"41489",NA,0,35,0
"41490",1,10,65,0
"41491",2,10,65,0
"41492",3,7,62,0
"41493",1,10,44,0
"41494",2,1,35,0
"41495",1,10,34,0
"41496",2,10,34,0
"41497",3,2,26,0
"41498",1,1,1,1
"41499",NA,0,15,0
"41500",NA,0,35,0
"41501",1,10,71,0
"41502",2,3,64,0
"41503",3,3,64,0
"41504",4,3,64,0
"41505",1,10,80,0
"41506",1,10,69,0
"41507",2,10,69,0
"41508",3,6,65,0
"41509",4,6,65,0
"41510",1,10,84,0
"41511",2,8,82,0
"41512",3,4,78,0
"41513",4,4,78,0
"41514",1,10,66,0
"41515",1,10,25,0
"41516",1,10,10,1
"41517",NA,0,15,0
"41518",NA,0,35,0
"41519",1,10,77,0
"41520",2,10,77,0
"41521",1,10,67,0
"41522",2,2,59,0
"41523",1,10,35,1
"41524",NA,0,15,0
"41525",NA,0,50,0
"41526",1,10,75,0
"41527",2,10,75,0
"41528",1,10,45,0
"41529",2,3,38,0
"41530",3,2,37,0
"41531",1,10,33,0
"41532",NA,0,NA,NA
"41533",2,11,34,0
"41534",1,10,21,0
"41535",1,5,5,1
"41536",NA,0,15,0
"41537",NA,0,35,0
"41538",1,10,65,0
"41539",1,10,47,0
"41540",1,10,36,1
"41541",NA,0,15,0
"41542",NA,0,35,0
"41543",1,10,72,0
"41544",2,6,68,0
"41545",1,10,58,0
"41546",2,7,55,0
"41547",1,10,45,0
"41548",2,17,52,0
"41549",NA,0,NA,0
"41550",3,3,38,0
"41551",4,3,38,0
"41552",1,10,24,0
"41553",2,6,20,0
"41554",3,2,16,0
"41555",1,9,9,0
"41556",2,11,11,0
"41557",3,7,7,0
"41558",1,3,3,0
"41559",NA,0,NA,0
"41560",2,3,3,1
"41561",NA,0,15,0
"41562",NA,0,35,0
"41563",1,10,80,0
"41564",2,8,78,0
"41565",1,10,69,0
"41566",2,7,66,0
"41567",3,7,66,0
"41568",4,7,66,0
"41569",1,10,91,0
"41570",NA,0,NA,0
"41571",2,8,89,0
"41572",NA,0,NA,0
"41573",3,2,83,0
"41574",1,10,78,0
"41575",2,5,73,0
"41576",NA,0,NA,0
"41577",1,10,67,0
"41578",NA,0,NA,NA
"41579",NA,0,35,0
"41580",1,10,65,0
"41581",1,10,54,0
"41582",2,3,47,0
"41583",1,10,42,0
"41584",2,12,44,0
"41585",3,14,46,0
"41586",1,10,27,0
"41587",1,3,3,0
"41588",2,2,2,0
"41589",3,2,2,1
"41590",NA,0,15,0
"41591",NA,0,35,0
"41592",1,10,65,0
"41593",1,10,40,0
"41594",2,6,36,0
"41595",1,10,30,0
"41596",2,2,22,0
"41597",1,10,17,0
"41598",1,5,12,0
"41599",2,5,12,0
"41600",1,6,6,1
"41601",NA,0,15,0
"41602",NA,0,35,0
"41603",1,10,80,0
"41604",2,5,75,0
"41605",1,10,65,0
"41606",2,8,63,0
"41607",3,8,63,0
"41608",1,10,36,0
"41609",2,12,38,0
"41610",3,1,27,0
"41611",3,11,37,0
"41612",4,5,31,0
"41613",NA,0,NA,NA
"41614",1,10,22,1
"41615",NA,0,15,0
"41616",NA,0,35,0
"41617",1,10,69,0
"41618",2,2,61,0
"41619",2,12,71,0
"41620",3,7,66,0
"41621",1,10,46,0
"41622",2,10,46,0
"41623",3,7,43,0
"41624",4,7,43,0
"41625",1,10,89,0
"41626",1,10,64,0
"41627",2,7,61,0
"41628",3,1,55,0
"41629",1,10,52,0
"41630",1,10,20,0
"41631",1,15,25,0
"41632",2,11,21,0
"41633",1,10,10,0
"41634",2,8,8,0
"41635",3,11,11,0
"41636",4,11,11,0
"41637",NA,0,35,0
"41638",1,10,75,0
"41639",2,6,71,0
"41640",3,6,71,0
"41641",1,10,64,0
"41642",2,7,61,0
"41643",1,10,56,0
"41644",1,10,38,0
"41645",2,10,38,1
"41646",NA,0,15,0
"41647",NA,0,35,0
"41648",1,10,65,0
"41649",2,5,60,0
"41650",1,10,55,0
"41651",2,10,55,0
"41652",NA,0,NA,0
"41653",3,4,49,0
"41654",1,10,45,0
"41655",2,10,45,0
"41656",3,10,45,0
"41657",1,10,31,0
"41658",NA,0,NA,0
"41659",2,5,26,0
"41660",3,5,26,0
"41661",NA,0,NA,0
"41662",4,5,26,0
"41663",NA,0,NA,0
"41664",1,10,13,0
"41665",2,10,13,0
"41666",1,2,2,0
"41667",2,2,2,0
"41668",NA,0,NA,NA
"41669",NA,0,NA,NA
"41670",NA,0,35,0
"41671",1,10,78,0
"41672",2,6,74,0
"41673",3,6,74,0
"41674",1,10,65,0
"41675",2,1,56,0
"41676",3,1,56,0
"41677",4,1,56,0
"41678",1,10,52,0
"41679",2,10,52,0
"41680",1,10,31,0
"41681",2,10,31,0
"41682",3,5,26,0
"41683",1,7,7,0
"41684",2,6,6,1
"41685",NA,0,15,0
"41686",NA,0,35,0
"41687",1,10,76,0
"41688",2,8,74,0
"41689",1,10,63,0
"41690",1,10,47,0
"41691",1,6,6,0
"41692",2,4,4,0
"41693",3,3,3,0
"41694",4,11,11,0
"41695",NA,0,35,0
"41696",1,10,65,0
"41697",2,5,60,0
"41698",1,10,69,0
"41699",2,7,66,0
"41700",1,10,59,0
"41701",2,18,67,0
"41702",3,2,51,0
"41703",4,1,50,0
"41704",1,10,31,0
"41705",2,4,25,0
"41706",NA,0,NA,NA
"41707",3,2,23,0
"41708",NA,0,NA,0
"41709",4,2,23,0
"41710",1,10,19,0
"41711",2,10,19,0
"41712",3,1,10,0
"41713",4,1,10,0
"41714",1,9,9,0
"41715",2,9,9,0
"41716",1,4,4,1
"41717",NA,0,15,0
"41718",NA,0,35,0
"41719",1,10,71,0
"41720",2,12,73,0
"41721",1,10,46,0
"41722",1,15,51,0
"41723",2,15,51,0
"41724",3,7,43,0
"41725",4,7,43,0
"41726",1,10,97,0
"41727",2,9,96,0
"41728",1,10,85,0
"41729",2,10,85,0
"41730",3,11,86,1
"41731",NA,0,15,0
"41732",NA,0,35,0
"41733",1,10,60,0
"41734",1,10,31,0
"41735",NA,0,NA,0
"41736",2,10,31,0
"41737",1,10,16,0
"41738",2,14,20,0
"41739",3,8,14,0
"41740",1,10,10,1
"41741",NA,0,15,0
"41742",NA,0,35,0
"41743",1,10,74,0
"41744",2,5,69,0
"41745",3,4,68,0
"41746",1,10,56,0
"41747",1,15,61,0
"41748",2,10,56,0
"41749",3,4,50,0
"41750",1,10,36,0
"41751",NA,0,NA,0
"41752",2,5,31,0
"41753",1,10,26,0
"41754",2,10,26,0
"41755",NA,0,NA,0
"41756",3,4,20,0
"41757",NA,0,NA,0
"41758",4,7,23,0
"41759",NA,0,35,0
"41760",1,10,65,0
"41761",2,3,58,0
"41762",NA,0,NA,NA
"41763",NA,0,35,0
"41764",1,10,74,0
"41765",1,10,62,0
"41766",2,13,65,0
"41767",3,8,60,0
"41768",4,8,60,0
"41769",1,10,93,0
"41770",2,2,85,0
"41771",3,8,91,0
"41772",1,10,83,0
"41773",2,3,76,0
"41774",3,3,76,0
"41775",3,13,86,0
"41776",4,13,86,0
"41777",4,18,91,0
"41778",1,10,72,1
"41779",NA,0,15,0
"41780",NA,0,35,0
"41781",1,10,87,0
"41782",1,10,68,0
"41783",2,15,73,0
"41784",3,8,66,0
"41785",1,10,42,0
"41786",1,15,47,0
"41787",2,9,41,0
"41788",3,9,41,0
"41789",1,10,36,0
"41790",2,8,34,0
"41791",3,8,34,0
"41792",4,8,34,0
"41793",NA,0,35,0
"41794",1,10,65,0
"41795",1,15,70,0
"41796",2,10,65,0
"41797",3,10,65,0
"41798",1,10,49,0
"41799",2,10,49,0
"41800",1,10,19,0
"41801",1,6,6,0
"41802",2,5,5,0
"41803",3,5,5,0
"41804",4,5,5,0
"41805",NA,0,35,0
"41806",1,10,76,0
"41807",NA,0,NA,NA
"41808",2,8,74,0
"41809",1,10,43,0
"41810",2,7,40,0
"41811",NA,0,NA,0
"41812",3,7,40,0
"41813",4,7,40,0
"41814",1,10,52,0
"41815",2,1,43,0
"41816",3,1,43,0
"41817",4,3,45,0
"41818",4,8,50,0
"41819",1,10,85,0
"41820",1,15,90,0
"41821",2,5,80,0
"41822",1,10,75,0
"41823",2,3,68,0
"41824",3,1,66,0
"41825",1,10,63,0
"41826",2,16,69,0
"41827",3,16,69,0
"41828",4,2,55,0
"41829",1,10,48,0
"41830",1,10,39,0
"41831",2,7,36,0
"41832",NA,0,NA,0
"41833",3,7,36,0
"41834",4,4,33,0
"41835",NA,0,35,0
"41836",1,10,72,0
"41837",1,10,60,0
"41838",1,10,48,0
"41839",2,3,41,0
"41840",1,10,32,0
"41841",2,11,33,0
"41842",3,11,33,0
"41843",NA,0,35,0
"41844",1,10,73,0
"41845",2,4,67,0
"41846",NA,0,NA,0
"41847",3,1,64,0
"41848",NA,0,NA,0
"41849",1,10,43,0
"41850",NA,0,NA,0
"41851",2,6,39,0
"41852",NA,0,NA,0
"41853",3,2,35,0
"41854",4,1,34,0
"41855",NA,0,NA,NA
"41856",NA,0,NA,NA
"41857",NA,0,35,0
"41858",1,10,65,0
"41859",2,1,56,0
"41860",1,10,50,0
"41861",2,2,42,0
"41862",3,2,42,0
"41863",1,10,36,0
"41864",2,4,30,0
"41865",1,10,24,0
"41866",2,7,21,0
"41867",3,1,15,0
"41868",1,10,13,0
"41869",2,10,13,0
"41870",3,6,9,0
"41871",4,6,9,0
"41872",NA,0,35,0
"41873",1,10,74,0
"41874",2,9,73,0
"41875",3,1,65,0
"41876",1,10,60,0
"41877",2,9,59,0
"41878",3,9,59,0
"41879",4,9,59,0
"41880",1,10,81,0
"41881",2,10,81,0
"41882",3,12,83,0
"41883",1,10,35,0
"41884",2,8,33,0
"41885",3,6,31,0
"41886",1,10,20,0
"41887",2,6,16,0
"41888",NA,0,NA,NA
"41889",3,3,13,0
"41890",4,1,11,0
"41891",1,6,6,0
"41892",2,6,6,0
"41893",3,5,5,1
"41894",NA,0,15,0
"41895",NA,0,35,0
"41896",1,10,65,0
"41897",2,2,57,0
"41898",1,10,54,0
"41899",2,10,54,0
"41900",3,8,52,0
"41901",4,8,52,0
"41902",1,10,82,0
"41903",1,10,69,0
"41904",2,10,69,0
"41905",3,10,69,0
"41906",4,3,62,0
"41907",1,10,90,0
"41908",2,6,86,0
"41909",3,3,83,0
"41910",1,10,76,0
"41911",2,10,76,0
"41912",3,6,72,0
"41913",1,10,58,0
"41914",2,6,54,0
"41915",1,10,47,0
"41916",1,15,52,0
"41917",2,6,43,0
"41918",3,2,39,0
"41919",1,10,24,0
"41920",1,10,11,0
"41921",2,10,11,0
"41922",3,10,11,0
"41923",4,10,11,0
"41924",NA,0,35,0
"41925",1,10,76,0
"41926",NA,0,NA,NA
"41927",NA,0,35,0
"41928",1,10,63,0
"41929",2,7,60,0
"41930",1,10,48,0
"41931",1,10,21,0
"41932",2,19,30,0
"41933",3,19,30,0
"41934",4,24,35,0
"41935",NA,0,35,0
"41936",1,10,72,0
"41937",2,5,67,0
"41938",1,10,61,0
"41939",2,4,55,0
"41940",3,3,54,0
"41941",1,10,43,0
"41942",1,20,53,0
"41943",1,10,30,0
"41944",2,15,35,0
"41945",3,2,22,0
"41946",1,10,19,0
"41947",2,7,16,0
"41948",3,5,14,0
"41949",NA,0,NA,0
"41950",4,1,10,0
"41951",1,9,9,1
"41952",NA,0,15,0
"41953",NA,0,35,0
"41954",1,10,65,0
"41955",2,9,64,0
"41956",2,4,59,0
"41957",3,4,59,0
"41958",NA,0,NA,NA
"41959",4,6,61,0
"41960",1,10,80,0
"41961",2,4,74,0
"41962",3,4,74,0
"41963",1,10,68,0
"41964",2,7,65,0
"41965",3,4,62,0
"41966",4,11,69,0
"41967",1,10,45,0
"41968",2,1,36,0
"41969",1,10,32,0
"41970",2,9,31,0
"41971",3,9,31,0
"41972",4,7,29,0
"41973",NA,0,35,0
"41974",1,10,65,0
"41975",2,4,59,0
"41976",3,1,56,0
"41977",1,10,45,0
"41978",2,10,45,0
"41979",3,10,45,0
"41980",1,10,28,0
"41981",2,4,22,0
"41982",NA,0,NA,0
"41983",1,10,17,0
"41984",2,13,20,0
"41985",3,5,12,0
"41986",4,2,9,0
"41987",1,4,4,0
"41988",NA,0,NA,0
"41989",2,1,1,0
"41990",NA,0,NA,0
"41991",3,1,1,1
"41992",NA,0,15,0
"41993",NA,0,35,0
"41994",1,10,65,0
"41995",2,6,61,0
"41996",NA,0,NA,0
"41997",3,1,56,0
"41998",NA,0,NA,0
"41999",1,10,42,0
"42000",1,10,28,0
"42001",2,3,21,0
"42002",3,3,21,0
"42003",3,8,26,0
"42004",4,8,26,0
"42005",1,10,74,0
"42006",NA,0,NA,NA
"42007",NA,0,NA,NA
"42008",NA,0,35,0
"42009",1,10,75,0
"42010",2,10,75,0
"42011",3,9,74,0
"42012",4,16,81,0
"42013",1,10,63,0
"42014",1,10,52,0
"42015",2,6,48,0
"42016",3,13,55,0
"42017",4,3,45,0
"42018",4,8,50,0
"42019",1,10,80,0
"42020",2,7,77,0
"42021",1,10,72,0
"42022",2,5,67,0
"42023",1,10,57,0
"42024",NA,0,NA,0
"42025",2,1,48,0
"42026",3,1,48,0
"42027",1,10,37,0
"42028",2,5,32,0
"42029",3,9,36,0
"42030",4,24,51,0
"42031",1,10,91,0
"42032",2,6,87,0
"42033",3,1,82,0
"42034",1,10,16,0
"42035",2,1,7,0
"42036",1,5,5,0
"42037",2,5,5,0
"42038",3,1,1,1
"42039",NA,0,15,0
"42040",NA,0,35,0
"42041",1,10,70,0
"42042",2,8,68,0
"42043",NA,0,NA,NA
"42044",1,10,53,0
"42045",2,6,49,0
"42046",1,10,47,0
"42047",2,8,45,0
"42048",3,5,42,0
"42049",3,10,47,0
"42050",3,15,52,0
"42051",4,22,59,0
"42052",1,10,80,0
"42053",2,16,86,0
"42054",3,16,86,0
"42055",1,10,58,0
"42056",2,9,57,0
"42057",3,9,57,0
"42058",1,10,44,0
"42059",2,2,36,0
"42060",1,10,30,0
"42061",2,10,30,0
"42062",3,15,35,0
"42063",1,10,12,0
"42064",2,7,9,0
"42065",3,5,7,0
"42066",4,1,3,0
"42067",1,2,2,0
"42068",2,3,3,0
"42069",3,3,3,0
"42070",NA,0,NA,0
"42071",4,4,4,1
"42072",NA,0,15,0
"42073",NA,0,35,0
"42074",1,10,65,0
"42075",1,10,60,0
"42076",2,6,56,0
"42077",NA,0,NA,0
"42078",3,16,66,0
"42079",NA,0,NA,0
"42080",4,6,56,0
"42081",1,10,80,0
"42082",NA,0,NA,NA
"42083",NA,0,35,0
"42084",1,10,67,0
"42085",2,10,67,0
"42086",1,10,57,0
"42087",2,8,55,0
"42088",3,3,50,0
"42089",4,1,48,0
"42090",4,6,53,0
"42091",1,10,86,0
"42092",2,9,85,0
"42093",3,9,85,0
"42094",4,3,79,0
"42095",1,10,64,0
"42096",2,9,63,0
"42097",3,18,72,0
"42098",1,10,62,0
"42099",1,10,52,0
"42100",2,7,49,0
"42101",1,10,41,0
"42102",2,5,36,0
"42103",1,10,31,0
"42104",2,8,29,0
"42105",3,8,29,0
"42106",4,13,34,0
"42107",NA,0,35,0
"42108",1,10,70,0
"42109",1,10,42,0
"42110",2,10,42,0
"42111",3,6,38,0
"42112",4,6,38,0
"42113",NA,0,35,0
"42114",1,10,66,0
"42115",2,6,62,0
"42116",3,4,60,0
"42117",NA,0,NA,NA
"42118",1,10,53,0
"42119",1,10,40,0
"42120",1,20,50,0
"42121",2,24,54,0
"42122",3,24,54,0
"42123",4,20,50,0
"42124",1,10,84,0
"42125",2,6,80,0
"42126",3,1,75,0
"42127",1,10,73,0
"42128",2,10,73,0
"42129",3,13,76,0
"42130",4,8,71,0
"42131",1,10,99,0
"42132",2,7,96,0
"42133",3,5,94,0
"42134",4,5,94,0
"42135",1,10,55,0
"42136",1,10,42,0
"42137",2,8,40,0
"42138",1,10,32,0
"42139",2,8,30,0
"42140",3,8,30,0
"42141",4,8,30,0
"42142",NA,0,35,0
"42143",1,10,65,0
"42144",NA,0,NA,0
"42145",2,10,65,1
"42146",NA,0,15,0
"42147",NA,0,35,0
"42148",1,10,65,0
"42149",1,10,43,0
"42150",2,10,43,0
"42151",3,10,43,0
"42152",1,10,45,0
"42153",NA,0,NA,0
"42154",2,7,42,0
"42155",NA,0,NA,0
"42156",3,5,40,0
"42157",1,10,30,0
"42158",2,10,30,0
"42159",NA,0,NA,0
"42160",3,9,29,0
"42161",NA,0,NA,0
"42162",4,4,24,0
"42163",NA,0,35,0
"42164",1,10,65,0
"42165",1,10,48,0
"42166",NA,0,NA,0
"42167",2,10,48,0
"42168",1,10,35,0
"42169",NA,0,NA,NA
"42170",NA,0,NA,NA
"42171",NA,0,35,0
"42172",1,10,84,0
"42173",2,5,79,0
"42174",3,1,75,1
"42175",NA,0,15,0
"42176",NA,0,35,0
"42177",1,10,65,0
"42178",2,8,63,0
"42179",3,5,60,0
"42180",4,14,69,0
"42181",1,10,72,0
"42182",1,10,59,0
"42183",2,5,54,0
"42184",1,10,43,1
"42185",NA,0,15,0
"42186",NA,0,35,0
"42187",1,10,74,0
"42188",2,6,70,0
"42189",3,3,67,0
"42190",1,10,59,0
"42191",2,5,54,0
"42192",3,5,54,0
"42193",4,12,61,0
"42194",1,10,79,0
"42195",2,6,75,0
"42196",3,4,73,0
"42197",1,10,68,0
"42198",2,9,67,0
"42199",3,9,67,0
"42200",4,9,67,0
"42201",1,10,82,0
"42202",2,4,76,0
"42203",3,4,76,0
"42204",4,4,76,0
"42205",1,10,83,0
"42206",NA,0,NA,NA
"42207",2,7,80,0
"42208",3,7,80,0
"42209",1,10,65,0
"42210",2,2,57,0
"42211",1,10,49,0
"42212",2,10,49,0
"42213",3,17,56,0
"42214",4,13,52,0
"42215",1,10,92,0
"42216",2,9,91,0
"42217",3,9,91,0
"42218",4,3,85,0
"42219",1,10,64,0
"42220",2,5,59,0
"42221",3,5,59,0
"42222",1,10,37,0
"42223",2,5,32,0
"42224",1,10,15,0
"42225",2,3,8,0
"42226",3,4,9,0
"42227",4,4,9,0
"42228",NA,0,35,0
"42229",1,10,77,0
"42230",2,6,73,0
"42231",1,10,63,0
"42232",2,12,65,0
"42233",3,5,58,0
"42234",4,5,58,0
"42235",1,10,87,0
"42236",1,10,71,0
"42237",2,15,76,0
"42238",3,13,74,0
"42239",1,10,14,0
"42240",1,10,99,0
"42241",NA,0,NA,0
"42242",2,8,97,0
"42243",NA,0,NA,0
"42244",1,10,78,0
"42245",2,10,78,0
"42246",1,10,32,0
"42247",1,10,21,0
"42248",1,10,11,0
"42249",NA,0,NA,0
"42250",2,17,18,0
"42251",NA,0,NA,0
"42252",3,14,15,0
"42253",4,13,14,0
"42254",1,10,78,0
"42255",NA,0,NA,NA
"42256",NA,0,35,0
"42257",1,10,65,0
"42258",2,3,58,0
"42259",3,4,59,0
"42260",4,4,59,0
"42261",1,10,85,0
"42262",2,10,85,0
"42263",3,4,79,0
"42264",4,4,79,0
"42265",1,10,70,0
"42266",2,15,75,0
"42267",3,22,82,0
"42268",4,15,75,0
"42269",1,10,47,0
"42270",2,6,43,0
"42271",1,10,20,0
"42272",1,18,28,0
"42273",2,19,29,0
"42274",3,23,33,0
"42275",4,13,23,0
"42276",NA,0,35,0
"42277",1,10,64,0
"42278",2,8,62,0
"42279",2,3,57,0
"42280",3,3,57,0
"42281",1,10,40,0
"42282",2,10,40,0
"42283",3,14,44,0
"42284",1,10,16,0
"42285",2,6,12,0
"42286",3,6,12,0
"42287",1,4,4,0
"42288",2,1,1,1
"42289",NA,0,15,0
"42290",NA,0,35,0
"42291",1,10,75,0
"42292",NA,0,NA,NA
"42293",2,7,72,0
"42294",3,7,72,0
"42295",1,10,57,0
"42296",2,7,54,0
"42297",3,7,54,0
"42298",4,7,54,0
"42299",1,10,98,0
"42300",2,11,99,0
"42301",3,11,99,0
"42302",1,10,81,0
"42303",2,9,80,0
"42304",3,9,80,0
"42305",4,8,79,0
"42306",1,10,55,0
"42307",2,1,46,0
"42308",1,10,43,0
"42309",2,3,36,0
"42310",1,10,31,0
"42311",2,14,35,0
"42312",NA,0,NA,0
"42313",3,5,26,0
"42314",4,5,26,0
"42315",NA,0,35,0
"42316",1,10,75,0
"42317",1,10,44,0
"42318",2,8,42,0
"42319",3,6,40,0
"42320",1,10,35,0
"42321",1,10,10,0
"42322",2,10,10,0
"42323",1,5,5,0
"42324",2,5,5,1
"42325",NA,0,15,0
"42326",NA,0,35,0
"42327",1,10,74,0
"42328",NA,0,NA,0
"42329",2,10,74,0
"42330",1,10,55,0
"42331",NA,0,NA,0
"42332",2,12,57,0
"42333",NA,0,NA,0
"42334",3,9,54,0
"42335",1,10,49,0
"42336",2,2,41,0
"42337",1,10,39,0
"42338",2,10,39,0
"42339",NA,0,NA,NA
"42340",NA,0,NA,NA
"42341",NA,0,35,0
"42342",1,10,44,0
"42343",2,6,40,0
"42344",1,10,30,0
"42345",2,6,26,0
"42346",1,10,19,0
"42347",2,6,15,0
"42348",3,6,15,0
"42349",4,6,15,0
"42350",NA,0,35,0
"42351",1,10,82,0
"42352",2,9,81,0
"42353",1,10,66,0
"42354",2,7,63,0
"42355",3,6,62,0
"42356",1,10,42,0
"42357",2,6,38,0
"42358",1,10,17,0
"42359",1,10,83,0
"42360",2,6,79,0
"42361",1,10,67,0
"42362",2,10,67,0
"42363",1,10,51,0
"42364",1,10,46,0
"42365",2,10,46,0
"42366",3,3,39,0
"42367",1,10,34,0
"42368",2,9,33,0
"42369",3,1,25,0
"42370",1,10,19,0
"42371",NA,0,NA,NA
"42372",2,4,13,0
"42373",1,7,7,0
"42374",2,2,2,0
"42375",3,3,3,1
"42376",NA,0,15,0
"42377",NA,0,35,0
"42378",1,10,69,0
"42379",2,5,64,0
"42380",3,3,62,0
"42381",1,10,54,0
"42382",2,2,46,0
"42383",1,10,41,0
"42384",2,10,41,0
"42385",3,5,36,0
"42386",1,10,21,0
"42387",NA,0,NA,0
"42388",1,10,11,0
"42389",2,5,6,0
"42390",3,3,4,1
"42391",NA,0,15,0
"42392",NA,0,35,0
"42393",1,10,76,0
"42394",1,10,60,0
"42395",2,10,60,0
"42396",NA,0,NA,0
"42397",3,5,55,0
"42398",4,5,55,0
"42399",4,10,60,0
"42400",1,10,68,0
"42401",1,10,57,0
"42402",2,10,57,0
"42403",3,12,59,0
"42404",4,24,71,0
"42405",1,10,90,0
"42406",2,7,87,0
"42407",3,7,87,0
"42408",4,7,87,0
"42409",1,10,60,0
"42410",1,10,49,0
"42411",2,4,43,0
"42412",NA,0,NA,0
"42413",1,10,23,0
"42414",2,3,16,0
"42415",1,10,80,0
"42416",NA,0,NA,NA
"42417",NA,0,35,0
"42418",1,10,64,0
"42419",2,7,61,0
"42420",3,12,66,0
"42421",4,12,66,0
"42422",1,10,80,0
"42423",2,6,76,0
"42424",1,10,69,0
"42425",2,8,67,0
"42426",3,4,63,0
"42427",4,14,73,0
"42428",1,10,81,0
"42429",2,6,77,0
"42430",1,10,60,0
"42431",2,10,60,0
"42432",1,10,43,0
"42433",2,10,43,0
"42434",3,10,43,0
"42435",1,6,6,1
"42436",NA,0,15,0
"42437",NA,0,35,0
"42438",1,10,39,0
"42439",2,10,39,0
"42440",3,10,39,0
"42441",1,10,21,0
"42442",1,20,31,0
"42443",1,5,5,0
"42444",2,5,5,1
"42445",NA,0,15,0
"42446",NA,0,35,0
"42447",1,10,67,0
"42448",2,10,67,0
"42449",1,10,48,0
"42450",1,10,36,0
"42451",2,6,32,0
"42452",3,6,32,0
"42453",1,10,23,0
"42454",2,1,14,0
"42455",3,3,16,0
"42456",4,3,16,0
"42457",NA,0,35,0
"42458",1,10,65,0
"42459",2,9,64,0
"42460",NA,0,NA,NA
"42461",3,15,70,0
"42462",3,20,75,0
"42463",4,13,68,0
"42464",1,10,70,0
"42465",2,5,65,0
"42466",3,2,62,0
"42467",1,10,49,0
"42468",2,10,49,0
"42469",1,10,33,0
"42470",2,10,33,0
"42471",NA,0,NA,0
"42472",3,4,27,0
"42473",4,1,24,0
"42474",1,10,76,0
"42475",2,4,70,0
"42476",3,4,70,0
"42477",1,10,21,0
"42478",2,13,24,0
"42479",3,13,24,0
"42480",4,13,24,0
"42481",NA,0,35,0
"42482",1,10,65,0
"42483",2,9,64,0
"42484",1,10,50,0
"42485",2,12,52,0
"42486",3,5,45,0
"42487",4,11,51,0
"42488",1,10,48,0
"42489",2,1,39,NA
"42490",2,1,39,0
"42491",NA,0,NA,0
"42492",3,1,39,0
"42493",3,5,43,0
"42494",3,10,48,0
"42495",NA,0,NA,0
"42496",4,1,39,0
"42497",NA,0,NA,0
"42498",1,10,36,0
"42499",NA,0,NA,0
"42500",2,5,31,0
"42501",3,4,30,0
"42502",4,9,35,0
"42503",NA,0,35,0
"42504",1,10,65,0
"42505",2,10,65,0
"42506",1,10,48,0
"42507",NA,0,NA,NA
"42508",NA,0,NA,NA
"42509",NA,0,35,0
"42510",1,10,73,0
"42511",2,9,72,0
"42512",3,7,70,0
"42513",4,7,70,0
"42514",1,10,94,0
"42515",2,7,91,0
"42516",3,7,91,0
"42517",4,1,85,0
"42518",1,10,65,0
"42519",2,5,60,0
"42520",2,10,65,0
"42521",1,10,52,0
"42522",2,10,52,0
"42523",3,8,50,0
"42524",1,10,37,0
"42525",2,10,37,0
"42526",3,2,29,0
"42527",1,9,9,0
"42528",2,2,2,0
"42529",3,4,4,1
"42530",NA,0,15,0
"42531",NA,0,35,0
"42532",1,10,65,0
"42533",2,10,65,0
"42534",3,10,65,0
"42535",1,10,47,0
"42536",2,5,42,0
"42537",3,1,38,0
"42538",1,10,28,0
"42539",2,7,25,0
"42540",1,10,20,0
"42541",2,5,15,0
"42542",3,5,15,0
"42543",4,1,11,0
"42544",1,10,87,0
"42545",2,7,84,0
"42546",NA,0,NA,NA
"42547",1,10,75,0
"42548",2,6,71,0
"42549",1,10,65,0
"42550",2,7,62,0
"42551",3,2,57,0
"42552",NA,0,NA,0
"42553",1,10,53,0
"42554",2,7,50,0
"42555",3,4,47,0
"42556",3,9,52,0
"42557",4,9,52,0
"42558",1,10,88,0
"42559",2,6,84,0
"42560",3,3,81,1
"42561",NA,0,15,0
"42562",NA,0,35,0
"42563",1,10,75,0
"42564",2,4,69,0
"42565",3,2,67,0
"42566",1,10,40,0
"42567",2,8,38,0
"42568",2,13,43,0
"42569",3,11,41,0
"42570",4,11,41,0
"42571",1,10,99,0
"42572",2,9,98,0
"42573",3,7,96,0
"42574",3,9,98,0
"42575",4,7,96,0
"42576",1,10,53,0
"42577",1,10,93,1
"42578",NA,0,15,0
"42579",NA,0,35,0
"42580",1,10,74,0
"42581",2,2,66,0
"42582",1,10,54,0
"42583",NA,0,NA,0
"42584",2,10,54,0
"42585",NA,0,NA,NA
"42586",NA,0,35,0
"42587",1,10,55,0
"42588",2,17,62,0
"42589",3,6,51,0
"42590",4,6,51,0
"42591",1,10,15,0
"42592",2,8,13,0
"42593",3,7,12,0
"42594",4,12,17,0
"42595",NA,0,35,0
"42596",1,10,68,0
"42597",1,10,37,0
"42598",2,8,35,0
"42599",3,9,36,0
"42600",3,14,41,0
"42601",4,10,37,0
"42602",NA,0,35,0
"42603",1,10,65,0
"42604",2,6,61,0
"42605",1,10,51,0
"42606",2,10,51,0
"42607",3,1,42,0
"42608",1,10,27,1
"42609",NA,0,15,0
"42610",NA,0,35,0
"42611",1,10,74,0
"42612",1,10,37,0
"42613",2,2,29,0
"42614",1,10,25,0
"42615",2,8,23,0
"42616",3,2,17,0
"42617",4,4,19,1
"42618",NA,0,15,0
"42619",NA,0,35,0
"42620",1,10,74,0
"42621",NA,0,NA,NA
"42622",1,10,63,0
"42623",2,7,60,0
"42624",3,4,57,0
"42625",4,4,57,0
"42626",1,10,80,0
"42627",2,3,73,0
"42628",1,10,52,0
"42629",2,1,43,0
"42630",1,10,35,0
"42631",2,8,33,0
"42632",3,8,33,0
"42633",3,3,28,0
"42634",4,2,27,0
"42635",1,10,58,0
"42636",2,4,52,0
"42637",3,1,49,0
"42638",4,1,49,0
"42639",1,10,89,0
"42640",1,10,74,0
"42641",1,10,53,0
"42642",2,3,46,0
"42643",1,10,41,0
"42644",1,20,51,0
"42645",2,18,49,0
"42646",3,2,33,0
"42647",1,10,11,1
"42648",NA,0,15,0
"42649",NA,0,35,0
"42650",1,10,65,0
"42651",2,10,65,0
"42652",1,10,54,0
"42653",2,5,49,0
"42654",3,1,45,0
"42655",1,10,35,0
"42656",NA,0,NA,0
"42657",2,9,34,0
"42658",NA,0,NA,0
"42659",3,9,34,0
"42660",NA,0,NA,0
"42661",4,8,33,0
"42662",NA,0,35,0
"42663",1,10,65,0
"42664",NA,0,NA,0
"42665",2,10,65,0
"42666",NA,0,NA,0
"42667",3,10,65,0
"42668",NA,0,NA,0
"42669",4,10,65,0
"42670",NA,0,NA,NA
"42671",NA,0,NA,NA
"42672",NA,0,35,0
"42673",1,10,61,0
"42674",2,5,56,0
"42675",1,10,44,0
"42676",2,6,40,0
"42677",1,10,16,0
"42678",2,9,15,0
"42679",1,2,2,1
"42680",NA,0,15,0
"42681",NA,0,35,0
"42682",1,10,71,0
"42683",2,8,69,0
"42684",3,8,69,0
"42685",4,2,63,0
"42686",1,10,85,0
"42687",2,10,85,0
"42688",1,10,74,0
"42689",2,8,72,0
"42690",1,10,42,0
"42691",1,10,30,0
"42692",1,10,19,0
"42693",1,1,1,1
"42694",NA,0,15,0
"42695",NA,0,35,0
"42696",1,10,64,0
"42697",2,5,59,0
"42698",3,6,60,0
"42699",1,10,66,0
"42700",1,10,35,0
"42701",2,4,29,0
"42702",3,4,29,0
"42703",1,10,25,0
"42704",1,15,30,0
"42705",2,5,20,0
"42706",NA,0,NA,NA
"42707",3,7,22,1
"42708",NA,0,15,0
"42709",NA,0,35,0
"42710",1,10,70,0
"42711",1,10,51,0
"42712",2,5,46,0
"42713",3,1,42,0
"42714",1,10,41,0
"42715",1,10,20,0
"42716",2,10,20,0
"42717",3,8,18,0
"42718",4,11,21,0
"42719",NA,0,35,0
"42720",1,10,74,0
"42721",1,10,53,0
"42722",1,10,36,0
"42723",2,6,32,0
"42724",1,10,27,0
"42725",2,11,28,0
"42726",3,2,19,0
"42727",4,3,20,0
"42728",1,9,9,0
"42729",2,4,4,0
"42730",3,1,1,0
"42731",4,3,3,1
"42732",NA,0,15,0
"42733",NA,0,35,0
"42734",1,10,65,0
"42735",2,10,65,0
"42736",3,10,65,0
"42737",4,4,59,0
"42738",1,10,91,0
"42739",NA,0,NA,0
"42740",2,6,87,0
"42741",3,6,87,0
"42742",1,10,72,0
"42743",NA,0,NA,0
"42744",2,3,65,0
"42745",1,10,58,0
"42746",1,10,32,0
"42747",2,10,32,0
"42748",NA,0,NA,0
"42749",3,1,23,0
"42750",NA,0,NA,0
"42751",1,10,21,0
"42752",2,2,13,1
"42753",NA,0,15,0
"42754",NA,0,35,0
"42755",1,10,65,0
"42756",NA,0,NA,0
"42757",2,1,56,0
"42758",NA,0,NA,0
"42759",3,13,68,0
"42760",NA,0,NA,NA
"42761",NA,0,35,0
"42762",1,10,65,0
"42763",2,10,65,0
"42764",3,10,65,0
"42765",4,2,57,0
"42766",1,10,54,0
"42767",2,2,46,0
"42768",3,6,50,0
"42769",4,6,50,0
"42770",1,10,47,0
"42771",2,8,45,0
"42772",1,10,29,0
"42773",2,7,26,0
"42774",3,8,27,0
"42775",1,10,10,1
"42776",NA,0,15,0
"42777",NA,0,35,0
"42778",1,10,72,0
"42779",1,10,57,0
"42780",2,5,52,0
"42781",1,10,43,0
"42782",2,20,53,0
"42783",3,20,53,0
"42784",4,11,44,0
"42785",1,10,66,0
"42786",1,10,43,0
"42787",2,4,37,0
"42788",1,10,31,0
"42789",2,8,29,0
"42790",3,7,28,0
"42791",4,2,23,0
"42792",NA,0,NA,0
"42793",1,10,69,0
"42794",2,4,63,0
"42795",3,2,61,0
"42796",NA,0,NA,NA
"42797",1,10,59,1
"42798",NA,0,15,0
"42799",NA,0,35,0
"42800",1,10,73,0
"42801",2,9,72,0
"42802",3,9,72,0
"42803",4,7,70,0
"42804",1,10,78,0
"42805",2,11,79,0
"42806",3,3,71,0
"42807",1,10,65,0
"42808",2,5,60,0
"42809",3,1,56,0
"42810",1,10,50,0
"42811",2,6,46,0
"42812",1,10,29,0
"42813",2,9,28,0
"42814",3,5,24,0
"42815",1,8,8,0
"42816",2,5,5,0
"42817",3,3,3,0
"42818",4,3,3,0
"42819",4,8,8,0
"42820",1,10,91,0
"42821",2,7,88,0
"42822",3,6,87,0
"42823",4,6,87,0
"42824",1,10,58,0
"42825",2,4,52,0
"42826",3,4,52,0
"42827",4,4,52,0
"42828",1,10,40,0
"42829",2,10,40,0
"42830",1,10,22,0
"42831",2,8,20,0
"42832",3,8,20,0
"42833",4,8,20,0
"42834",1,10,83,0
"42835",2,10,83,0
"42836",NA,0,NA,NA
"42837",NA,0,NA,NA
"42838",NA,0,35,0
"42839",1,10,65,0
"42840",2,2,57,0
"42841",1,10,54,0
"42842",2,7,51,0
"42843",3,5,49,0
"42844",4,5,49,0
"42845",1,10,80,0
"42846",2,9,79,0
"42847",3,5,75,0
"42848",4,12,82,0
"42849",1,10,35,0
"42850",2,10,35,0
"42851",3,7,32,0
"42852",4,7,32,0
"42853",NA,0,35,0
"42854",1,10,65,0
"42855",1,10,29,0
"42856",2,8,27,0
"42857",3,6,25,0
"42858",4,6,25,0
"42859",1,10,67,0
"42860",2,7,64,0
"42861",3,2,59,0
"42862",1,10,21,0
"42863",2,9,20,0
"42864",3,9,20,0
"42865",4,9,20,0
"42866",NA,0,35,0
"42867",1,10,80,0
"42868",2,7,77,0
"42869",3,8,78,0
"42870",4,4,74,0
"42871",1,10,64,0
"42872",2,2,56,0
"42873",3,1,55,0
"42874",NA,0,NA,NA
"42875",1,10,51,0
"42876",2,5,46,0
"42877",3,6,47,0
"42878",4,2,43,1
"42879",NA,0,15,0
"42880",NA,0,35,0
"42881",1,10,82,0
"42882",2,10,82,0
"42883",3,3,75,0
"42884",1,10,71,0
"42885",2,7,68,0
"42886",3,3,64,0
"42887",1,10,60,0
"42888",2,8,58,0
"42889",1,10,42,0
"42890",2,4,36,0
"42891",3,1,33,0
"42892",NA,0,NA,0
"42893",4,1,33,0
"42894",4,6,38,0
"42895",NA,0,35,0
"42896",1,10,76,0
"42897",2,7,73,0
"42898",1,10,46,0
"42899",1,20,56,1
"42900",NA,0,15,0
"42901",NA,0,35,0
"42902",1,10,80,0
"42903",2,6,76,0
"42904",1,10,65,0
"42905",2,5,60,0
"42906",3,2,57,0
"42907",1,10,53,0
"42908",2,10,53,0
"42909",2,15,58,0
"42910",NA,0,NA,0
"42911",3,14,57,0
"42912",1,7,7,0
"42913",2,7,7,1
"42914",NA,0,15,0
"42915",NA,0,35,0
"42916",1,10,80,0
"42917",NA,0,NA,NA
"42918",NA,0,35,0
"42919",1,10,74,0
"42920",2,4,68,0
"42921",3,4,68,0
"42922",1,10,61,0
"42923",2,1,52,0
"42924",1,10,50,0
"42925",1,10,20,0
"42926",2,10,20,0
"42927",3,9,19,1
"42928",NA,0,15,0
"42929",NA,0,35,0
"42930",1,10,65,0
"42931",1,10,40,0
"42932",1,6,6,0
"42933",2,7,7,0
"42934",3,7,7,0
"42935",4,10,10,0
"42936",NA,0,35,0
"42937",1,10,66,0
"42938",2,4,60,0
"42939",1,10,53,0
"42940",2,1,44,0
"42941",2,10,53,0
"42942",2,15,58,0
"42943",1,10,40,0
"42944",2,7,37,0
"42945",3,3,33,0
"42946",4,9,39,0
"42947",NA,0,35,0
"42948",1,10,65,0
"42949",2,5,60,0
"42950",1,10,51,0
"42951",2,10,51,0
"42952",NA,0,50,NA
"42953",3,9,50,0
"42954",1,10,38,0
"42955",2,10,38,0
"42956",3,3,31,0
"42957",3,12,40,0
"42958",4,12,40,0
"42959",NA,0,35,0
"42960",1,10,73,0
"42961",2,6,69,0
"42962",2,11,74,0
"42963",1,10,35,0
"42964",1,10,80,0
"42965",2,8,78,0
"42966",1,10,68,0
"42967",2,6,64,0
"42968",3,6,64,0
"42969",4,6,64,0
"42970",1,10,80,0
"42971",1,10,68,0
"42972",1,8,8,0
"42973",2,10,10,1
"42974",NA,0,15,0
"42975",NA,0,35,0
"42976",1,10,65,0
"42977",2,9,64,0
"42978",3,9,64,0
"42979",4,17,72,0
"42980",1,10,64,0
"42981",2,1,55,0
"42982",3,1,55,0
"42983",NA,0,NA,0
"42984",1,10,32,1
"42985",NA,0,15,0
"42986",NA,0,35,0
"42987",1,10,65,0
"42988",2,5,60,0
"42989",1,10,50,0
"42990",2,1,41,0
"42991",1,10,37,0
"42992",2,10,37,0
"42993",3,10,37,0
"42994",4,10,37,0
"42995",1,10,62,0
"42996",2,10,62,0
"42997",NA,0,NA,0
"42998",3,13,65,0
"42999",4,13,65,0
"43000",1,10,69,0
"43001",2,10,69,0
"43002",NA,0,NA,0
"43003",3,2,61,0
"43004",1,10,56,0
"43005",2,10,56,0
"43006",3,10,56,0
"43007",4,11,57,0
"43008",NA,0,NA,0
"43009",1,10,43,0
"43010",2,10,43,0
"43011",NA,0,NA,NA
"43012",NA,0,NA,NA
"43013",NA,0,35,0
"43014",1,10,78,0
"43015",2,6,74,0
"43016",1,10,64,0
"43017",2,6,60,0
"43018",3,3,57,0
"43019",3,8,62,0
"43020",1,10,45,0
"43021",2,24,59,0
"43022",3,24,59,0
"43023",3,29,64,0
"43024",4,24,59,0
"43025",1,10,84,0
"43026",2,12,86,0
"43027",3,12,86,0
"43028",4,1,75,0
"43029",1,10,73,0
"43030",2,10,73,0
"43031",3,5,68,0
"43032",4,5,68,0
"43033",1,10,76,0
"43034",1,10,60,0
"43035",2,8,58,0
"43036",3,3,53,0
"43037",4,1,51,0
"43038",1,10,45,0
"43039",2,10,45,0
"43040",3,6,41,0
"43041",1,10,15,0
"43042",2,7,12,0
"43043",1,10,44,0
"43044",2,6,40,0
"43045",1,10,34,0
"43046",2,6,30,0
"43047",1,1,1,1
"43048",NA,0,15,0
"43049",NA,0,NA,NA
"43050",NA,0,35,0
"43051",1,10,59,0
"43052",2,10,59,0
"43053",2,5,54,0
"43054",3,5,54,0
"43055",1,10,43,0
"43056",2,6,39,0
"43057",1,10,26,0
"43058",2,11,27,0
"43059",3,6,22,0
"43060",4,8,24,0
"43061",NA,0,35,0
"43062",1,10,65,0
"43063",2,4,59,0
"43064",3,1,56,0
"43065",1,10,49,0
"43066",2,2,41,0
"43067",1,10,39,0
"43068",1,10,18,0
"43069",2,4,12,1
"43070",NA,0,15,0
"43071",NA,0,35,0
"43072",1,10,65,0
"43073",2,20,75,0
"43074",3,13,68,0
"43075",3,23,78,0
"43076",4,14,69,0
"43077",1,10,85,0
"43078",2,5,80,0
"43079",1,10,71,0
"43080",1,10,35,0
"43081",2,7,32,0
"43082",NA,0,NA,0
"43083",3,5,30,0
"43084",4,1,26,0
"43085",1,10,20,0
"43086",2,10,20,0
"43087",NA,0,NA,0
"43088",1,9,9,0
"43089",2,9,9,0
"43090",3,9,9,0
"43091",NA,0,NA,0
"43092",4,14,14,0
"43093",NA,0,NA,NA
"43094",NA,0,35,0
"43095",1,10,76,0
"43096",1,10,63,0
"43097",1,15,68,0
"43098",2,13,66,0
"43099",3,13,66,0
"43100",3,8,61,0
"43101",4,21,74,0
"43102",1,10,77,0
"43103",1,10,62,0
"43104",2,10,62,0
"43105",3,1,53,0
"43106",1,10,43,0
"43107",1,10,20,0
"43108",2,15,25,0
"43109",1,8,8,0
"43110",2,6,6,0
"43111",3,5,5,0
"43112",4,5,5,0
"43113",NA,0,35,0
"43114",1,10,65,0
"43115",2,3,58,0
"43116",1,10,44,0
"43117",2,6,40,0
"43118",3,5,39,0
"43119",4,6,40,0
"43120",1,10,21,0
"43121",2,10,21,0
"43122",3,11,22,0
"43123",4,2,13,0
"43124",1,6,6,0
"43125",1,3,3,0
"43126",2,5,5,0
"43127",3,4,4,0
"43128",4,4,4,1
"43129",NA,0,15,0
"43130",NA,0,35,1
"43131",NA,0,30,0
"43132",NA,0,35,0
"43133",1,10,65,0
"43134",NA,0,NA,NA
"43135",1,10,55,0
"43136",2,19,64,0
"43137",3,13,58,0
"43138",1,10,45,0
"43139",2,6,41,0
"43140",3,6,41,0
"43141",1,10,75,0
"43142",2,3,68,0
"43143",3,2,67,0
"43144",1,10,48,0
"43145",2,6,44,0
"43146",3,2,40,0
"43147",1,10,36,0
"43148",2,9,35,0
"43149",3,9,35,0
"43150",1,10,23,0
"43151",2,9,22,0
"43152",1,10,11,0
"43153",2,7,8,0
"43154",3,8,9,NA
"43155",3,8,9,0
"43156",4,1,2,1
"43157",NA,0,15,0
"43158",NA,0,35,0
"43159",1,10,65,0
"43160",1,10,41,0
"43161",2,11,42,0
"43162",3,6,37,0
"43163",4,6,37,0
"43164",4,16,47,0
"43165",1,10,64,0
"43166",2,11,65,0
"43167",3,11,65,0
"43168",NA,0,NA,NA
"43169",NA,0,NA,NA
"43170",NA,0,35,0
"43171",1,10,72,0
"43172",2,10,72,0
"43173",3,10,72,0
"43174",4,2,64,0
"43175",1,10,90,0
"43176",2,7,87,0
"43177",1,10,72,0
"43178",1,10,62,0
"43179",2,7,59,0
"43180",3,5,57,0
"43181",1,10,52,0
"43182",2,7,49,0
"43183",3,7,49,0
"43184",4,17,59,0
"43185",1,10,87,0
"43186",2,6,83,0
"43187",1,10,76,0
"43188",2,8,74,0
"43189",3,8,74,0
"43190",4,4,70,0
"43191",1,10,74,0
"43192",2,16,80,0
"43193",1,10,30,0
"43194",2,3,23,0
"43195",1,10,45,0
"43196",2,6,41,0
"43197",1,10,14,0
"43198",2,7,11,0
"43199",3,1,5,0
"43200",1,2,2,0
"43201",2,1,1,1
"43202",NA,0,15,0
"43203",NA,0,35,0
"43204",1,10,80,0
"43205",NA,0,NA,NA
"43206",2,8,78,0
"43207",3,3,73,0
"43208",1,10,56,0
"43209",2,4,50,0
"43210",2,12,58,0
"43211",1,10,46,0
"43212",2,8,44,0
"43213",3,8,44,0
"43214",4,8,44,0
"43215",1,10,77,0
"43216",2,4,71,0
"43217",NA,0,NA,0
"43218",3,4,71,0
"43219",1,10,60,0
"43220",2,12,62,0
"43221",3,10,60,0
"43222",1,10,41,0
"43223",2,12,43,0
"43224",3,12,43,0
"43225",1,10,34,0
"43226",2,9,33,0
"43227",3,9,33,0
"43228",4,5,29,0
"43229",NA,0,35,0
"43230",1,10,68,0
"43231",2,9,67,0
"43232",3,18,76,0
"43233",4,12,70,0
"43234",1,10,71,0
"43235",2,1,62,0
"43236",1,10,46,0
"43237",2,6,42,0
"43238",1,10,34,0
"43239",2,5,29,0
"43240",1,10,15,0
"43241",NA,0,NA,0
"43242",NA,0,NA,0
"43243",2,8,13,0
"43244",3,8,13,0
"43245",NA,0,NA,0
"43246",4,5,10,0
"43247",NA,0,35,0
"43248",1,10,75,0
"43249",NA,0,NA,NA
"43250",NA,0,35,0
"43251",1,10,80,0
"43252",2,3,73,0
"43253",3,1,71,0
"43254",NA,0,NA,0
"43255",4,1,71,0
"43256",1,10,78,0
"43257",2,5,73,0
"43258",1,10,63,0
"43259",2,10,63,0
"43260",3,12,65,0
"43261",4,12,65,0
"43262",1,10,80,0
"43263",1,10,70,0
"43264",1,10,58,0
"43265",2,8,56,0
"43266",3,8,56,0
"43267",1,10,47,0
"43268",2,18,55,0
"43269",3,15,52,0
"43270",4,15,52,0
"43271",1,10,84,0
"43272",2,10,84,0
"43273",3,10,84,0
"43274",4,10,84,0
"43275",1,10,68,0
"43276",2,10,68,0
"43277",3,10,68,0
"43278",1,10,42,0
"43279",2,7,39,0
"43280",1,7,7,0
"43281",2,7,7,0
"43282",3,2,2,0
"43283",4,3,3,0
"43284",1,10,99,0
"43285",2,8,97,0
"43286",3,6,95,0
"43287",4,8,97,0
"43288",1,10,41,0
"43289",NA,0,NA,NA
"43290",2,8,39,0
"43291",1,10,29,0
"43292",2,8,27,0
"43293",3,8,27,0
"43294",4,27,46,0
"43295",1,10,80,0
"43296",2,7,77,0
"43297",3,6,76,0
"43298",4,6,76,0
"43299",1,10,54,0
"43300",2,1,45,0
"43301",1,10,41,0
"43302",2,8,39,0
"43303",3,1,32,0
"43304",1,10,29,0
"43305",2,6,25,0
"43306",3,5,24,0
"43307",1,10,11,0
"43308",2,2,3,0
"43309",3,1,2,1
"43310",NA,0,15,0
"43311",NA,0,35,0
"43312",1,10,70,0
"43313",2,13,73,0
"43314",3,12,72,0
"43315",4,12,72,0
"43316",1,10,83,0
"43317",2,4,77,0
"43318",3,4,77,0
"43319",1,10,71,0
"43320",2,10,71,0
"43321",3,9,70,0
"43322",NA,0,NA,0
"43323",4,10,71,0
"43324",1,10,46,0
"43325",2,10,46,0
"43326",1,10,10,0
"43327",2,9,9,0
"43328",NA,0,NA,0
"43329",3,3,3,0
"43330",NA,0,NA,0
"43331",4,1,1,1
"43332",NA,0,NA,0
"43333",NA,0,2,0
"43334",NA,0,35,0
"43335",1,10,48,0
"43336",NA,0,NA,NA
"43337",NA,0,NA,NA
"43338",NA,0,35,0
"43339",1,10,73,0
"43340",2,4,67,0
"43341",1,10,48,0
"43342",2,10,48,0
"43343",3,7,45,0
"43344",1,10,35,0
"43345",2,9,34,0
"43346",3,9,34,0
"43347",4,7,32,0
"43348",NA,0,35,0
"43349",1,10,74,0
"43350",2,4,68,0
"43351",3,3,67,0
"43352",4,2,66,0
"43353",1,10,86,0
"43354",1,10,44,0
"43355",2,4,38,0
"43356",3,5,39,0
"43357",1,10,30,0
"43358",2,8,28,1
"43359",NA,0,15,0
"43360",NA,0,35,0
"43361",1,10,80,0
"43362",2,6,76,0
"43363",3,6,76,0
"43364",3,16,86,0
"43365",1,10,60,0
"43366",2,5,55,0
"43367",3,1,51,0
"43368",NA,0,NA,0
"43369",1,10,22,0
"43370",2,7,19,0
"43371",NA,0,NA,NA
"43372",3,13,25,0
"43373",4,13,25,0
"43374",NA,0,35,0
"43375",1,10,65,0
"43376",1,10,52,0
"43377",2,10,52,0
"43378",1,10,37,0
"43379",2,11,38,0
"43380",3,12,39,0
"43381",3,17,44,0
"43382",4,6,33,0
"43383",1,10,66,0
"43384",1,10,51,0
"43385",2,6,47,0
"43386",3,6,47,0
"43387",4,6,47,0
"43388",1,10,84,0
"43389",2,7,81,0
"43390",3,4,78,0
"43391",1,10,62,0
"43392",2,6,58,0
"43393",1,10,46,0
"43394",1,10,31,0
"43395",2,13,34,0
"43396",3,7,28,0
"43397",NA,0,NA,0
"43398",4,1,22,0
"43399",1,10,78,0
"43400",2,10,78,0
"43401",NA,0,NA,0
"43402",3,6,74,0
"43403",4,2,70,0
"43404",1,10,78,0
"43405",2,8,76,0
"43406",3,1,69,0
"43407",1,10,61,0
"43408",1,10,51,0
"43409",2,10,51,0
"43410",1,10,28,0
"43411",2,10,28,0
"43412",2,15,33,0
"43413",3,4,22,0
"43414",NA,0,NA,0
"43415",4,4,22,0
"43416",NA,0,NA,NA
"43417",NA,0,35,0
"43418",1,10,75,0
"43419",2,3,68,0
"43420",1,10,61,0
"43421",2,13,64,0
"43422",3,6,57,0
"43423",4,6,57,0
"43424",1,10,86,0
"43425",2,5,81,0
"43426",2,14,90,0
"43427",1,10,75,0
"43428",2,9,74,0
"43429",3,6,71,0
"43430",1,10,65,0
"43431",2,9,64,0
"43432",2,14,69,0
"43433",3,15,70,0
"43434",4,13,68,0
"43435",1,10,78,0
"43436",2,7,75,0
"43437",1,10,68,0
"43438",2,7,65,0
"43439",1,10,57,0
"43440",2,8,55,0
"43441",3,5,52,0
"43442",1,10,44,0
"43443",2,6,40,0
"43444",NA,0,NA,NA
"43445",1,10,27,0
"43446",2,10,27,0
"43447",3,14,31,0
"43448",4,19,36,0
"43449",1,10,56,0
"43450",1,15,61,0
"43451",2,5,51,0
"43452",1,10,66,0
"43453",1,10,51,0
"43454",2,8,49,0
"43455",3,1,42,0
"43456",3,5,46,0
"43457",4,5,46,0
"43458",1,10,88,0
"43459",1,15,93,0
"43460",2,9,87,0
"43461",3,9,87,0
"43462",4,4,82,0
"43463",1,10,57,0
"43464",2,3,50,0
"43465",3,4,51,0
"43466",4,6,53,0
"43467",1,10,90,0
"43468",2,7,87,0
"43469",3,1,81,0
"43470",4,1,81,0
"43471",1,10,80,0
"43472",2,10,80,0
"43473",3,10,80,0
"43474",4,10,80,0
"43475",NA,0,NA,0
"43476",1,10,20,0
"43477",NA,0,NA,0
"43478",2,5,15,0
"43479",NA,0,NA,0
"43480",3,6,16,0
"43481",NA,0,NA,0
"43482",4,5,15,0
"43483",NA,0,35,0
"43484",1,10,65,0
"43485",1,10,50,0
"43486",2,10,50,0
"43487",1,10,21,0
"43488",1,10,10,0
"43489",2,7,7,0
"43490",3,7,7,0
"43491",4,7,7,0
"43492",1,10,93,0
"43493",NA,0,NA,NA
"43494",NA,0,NA,NA
"43495",NA,0,35,0
"43496",1,10,65,0
"43497",1,10,54,0
"43498",2,12,56,0
"43499",3,12,56,0
"43500",4,9,53,0
"43501",1,10,82,0
"43502",2,10,82,0
"43503",3,10,82,0
"43504",1,10,69,0
"43505",2,9,68,0
"43506",3,30,89,0
"43507",4,14,73,0
"43508",1,10,80,0
"43509",2,6,76,0
"43510",3,5,75,0
"43511",4,5,75,0
"43512",1,10,70,0
"43513",2,5,65,0
"43514",3,15,75,0
"43515",1,10,50,0
"43516",2,8,48,0
"43517",3,1,41,0
"43518",1,10,36,0
"43519",2,10,36,0
"43520",3,12,38,0
"43521",4,4,30,0
"43522",NA,0,35,0
"43523",1,10,65,0
"43524",2,13,68,0
"43525",3,9,64,0
"43526",4,9,64,0
"43527",1,10,84,0
"43528",1,10,73,0
"43529",2,2,65,0
"43530",NA,0,NA,NA
"43531",1,10,61,0
"43532",2,7,58,0
"43533",3,7,58,0
"43534",4,7,58,0
"43535",1,10,77,0
"43536",2,10,77,0
"43537",1,10,68,0
"43538",2,7,65,0
"43539",1,10,57,0
"43540",2,5,52,0
"43541",3,2,49,0
"43542",4,1,48,0
"43543",NA,0,NA,0
"43544",1,10,47,0
"43545",2,4,41,0
"43546",3,2,39,0
"43547",4,4,41,0
"43548",1,10,59,0
"43549",2,7,56,0
"43550",3,5,54,0
"43551",1,10,26,0
"43552",2,1,17,0
"43553",3,1,17,0
"43554",4,1,17,0
"43555",NA,0,35,0
"43556",1,10,70,0
"43557",1,10,60,0
"43558",2,6,56,0
"43559",3,2,52,0
"43560",1,10,48,0
"43561",NA,0,NA,0
"43562",2,10,48,0
"43563",3,7,45,0
"43564",4,1,39,0
"43565",1,10,61,0
"43566",NA,0,NA,0
"43567",NA,0,50,0
"43568",1,10,50,0
"43569",2,10,50,0
"43570",NA,0,NA,NA
"43571",NA,0,35,0
"43572",1,10,60,0
"43573",2,9,59,0
"43574",1,10,49,0
"43575",2,8,47,0
"43576",1,10,18,0
"43577",2,10,18,0
"43578",1,10,80,0
"43579",1,10,21,0
"43580",2,16,27,0
"43581",3,9,20,0
"43582",1,4,4,0
"43583",2,2,2,0
"43584",3,2,2,1
"43585",NA,0,15,0
"43586",NA,0,35,0
"43587",1,10,66,0
"43588",2,4,60,0
"43589",3,4,60,0
"43590",1,10,29,0
"43591",2,7,26,0
"43592",3,2,21,0
"43593",1,10,17,1
"43594",NA,0,15,0
"43595",NA,0,35,0
"43596",1,10,69,0
"43597",2,5,64,0
"43598",3,1,60,0
"43599",NA,0,NA,0
"43600",4,1,60,0
"43601",1,10,52,0
"43602",2,9,51,0
"43603",3,7,49,0
"43604",1,10,41,0
"43605",2,1,32,0
"43606",1,10,28,0
"43607",NA,0,NA,NA
"43608",2,2,20,0
"43609",1,10,17,0
"43610",2,3,10,1
"43611",NA,0,15,0
"43612",NA,0,35,0
"43613",1,10,67,0
"43614",2,10,67,0
"43615",3,4,61,0
"43616",1,10,55,0
"43617",2,9,54,0
"43618",3,16,61,0
"43619",3,21,66,0
"43620",1,10,46,0
"43621",2,6,42,0
"43622",3,4,40,0
"43623",1,10,30,0
"43624",1,10,12,0
"43625",2,8,10,0
"43626",3,8,10,0
"43627",4,5,7,0
"43628",4,10,12,0
"43629",NA,0,35,0
"43630",1,10,73,0
"43631",2,3,66,0
"43632",3,6,69,0
"43633",4,17,80,0
"43634",1,10,25,0
"43635",NA,0,NA,0
"43636",2,6,21,0
"43637",NA,0,NA,0
"43638",1,6,6,0
"43639",NA,0,NA,0
"43640",2,2,2,0
"43641",3,1,1,1
"43642",NA,0,15,0
"43643",NA,0,35,0
"43644",NA,0,NA,0
"43645",1,10,87,0
"43646",2,7,84,0
"43647",3,8,85,0
"43648",4,9,86,0
"43649",1,10,13,0
"43650",NA,0,NA,NA
"43651",NA,0,NA,NA
"43652",NA,0,35,0
"43653",1,10,65,0
"43654",2,6,61,0
"43655",2,16,71,0
"43656",3,16,71,0
"43657",4,16,71,0
"43658",1,10,68,0
"43659",2,2,60,0
"43660",1,10,53,0
"43661",2,10,53,0
"43662",3,2,45,0
"43663",4,1,44,0
"43664",1,10,42,0
"43665",2,5,37,0
"43666",3,7,39,0
"43667",1,10,21,0
"43668",2,13,24,0
"43669",1,10,11,0
"43670",2,4,5,0
"43671",3,4,5,1
"43672",NA,0,15,0
"43673",NA,0,35,0
"43674",1,10,65,0
"43675",2,3,58,0
"43676",3,3,58,0
"43677",3,8,63,1
"43678",NA,0,15,0
"43679",NA,0,35,0
"43680",1,10,83,0
"43681",2,6,79,0
"43682",3,6,79,0
"43683",1,10,63,0
"43684",1,10,58,0
"43685",2,7,55,0
"43686",NA,0,NA,NA
"43687",3,1,49,0
"43688",4,1,49,0
"43689",4,6,54,0
"43690",1,10,87,0
"43691",2,3,80,0
"43692",1,10,69,0
"43693",2,1,60,0
"43694",1,10,37,0
"43695",2,10,37,0
"43696",1,5,5,0
"43697",2,11,11,0
"43698",3,4,4,0
"43699",4,11,11,0
"43700",NA,0,35,0
"43701",1,10,72,0
"43702",2,8,70,0
"43703",1,10,61,0
"43704",2,11,62,0
"43705",1,10,76,0
"43706",2,6,72,0
"43707",1,10,57,0
"43708",1,10,44,0
"43709",2,3,37,0
"43710",1,10,30,0
"43711",1,10,10,0
"43712",2,10,10,0
"43713",2,20,20,0
"43714",NA,0,NA,0
"43715",3,11,11,1
"43716",NA,0,15,0
"43717",NA,0,35,0
"43718",1,10,70,0
"43719",1,20,80,0
"43720",2,14,74,0
"43721",1,10,41,0
"43722",2,10,41,0
"43723",2,13,44,0
"43724",NA,0,NA,0
"43725",3,13,44,0
"43726",4,6,37,0
"43727",1,10,55,0
"43728",2,10,55,0
"43729",NA,0,NA,0
"43730",NA,0,NA,0
"43731",3,15,60,0
"43732",NA,0,NA,NA
"43733",NA,0,35,0
"43734",1,10,65,0
"43735",2,3,58,0
"43736",3,3,58,0
"43737",4,3,58,0
"43738",1,10,69,0
"43739",1,15,74,0
"43740",2,15,74,0
"43741",3,24,83,0
"43742",4,22,81,0
"43743",1,10,65,0
"43744",2,4,59,0
"43745",3,1,56,0
"43746",1,10,54,0
"43747",2,3,47,0
"43748",1,10,30,0
"43749",2,10,30,0
"43750",3,10,30,0
"43751",1,10,19,0
"43752",1,7,7,0
"43753",2,9,9,0
"43754",3,8,8,0
"43755",4,15,15,0
"43756",NA,0,35,0
"43757",1,10,45,0
"43758",2,15,50,0
"43759",1,10,32,0
"43760",2,3,25,0
"43761",1,10,20,0
"43762",2,10,20,0
"43763",2,15,25,0
"43764",NA,0,NA,NA
"43765",3,7,17,0
"43766",4,3,13,0
"43767",NA,0,35,0
"43768",1,10,65,0
"43769",1,20,75,0
"43770",2,14,69,0
"43771",3,7,62,0
"43772",4,7,62,0
"43773",1,10,96,0
"43774",1,12,98,0
"43775",2,12,98,0
"43776",3,12,98,0
"43777",1,10,82,0
"43778",2,9,81,0
"43779",3,9,81,0
"43780",4,1,73,0
"43781",1,10,78,0
"43782",2,3,71,0
"43783",3,3,71,0
"43784",1,10,43,0
"43785",1,10,32,0
"43786",1,10,74,0
"43787",2,11,75,0
"43788",3,11,75,0
"43789",4,11,75,0
"43790",1,10,68,0
"43791",1,10,58,0
"43792",2,3,51,0
"43793",3,3,51,0
"43794",4,1,49,0
"43795",1,10,38,0
"43796",2,3,31,0
"43797",1,10,59,0
"43798",2,4,53,0
"43799",NA,0,NA,0
"43800",NA,0,NA,0
"43801",3,3,52,0
"43802",NA,0,NA,0
"43803",1,10,45,0
"43804",NA,0,NA,0
"43805",2,7,42,0
"43806",3,5,40,0
"43807",4,4,39,0
"43808",1,10,91,0
"43809",1,10,32,0
"43810",1,10,19,0
"43811",1,4,4,1
"43812",NA,0,15,0
"43813",NA,0,35,0
"43814",1,10,47,0
"43815",2,11,48,0
"43816",NA,0,NA,NA
"43817",NA,0,NA,NA
"43818",NA,0,35,0
"43819",1,10,77,0
"43820",2,3,70,0
"43821",2,8,75,0
"43822",3,7,74,0
"43823",1,10,23,0
"43824",2,6,19,0
"43825",3,2,15,0
"43826",4,3,16,0
"43827",NA,0,35,0
"43828",1,10,83,0
"43829",2,6,79,0
"43830",3,6,79,0
"43831",1,10,72,0
"43832",1,10,61,0
"43833",2,8,59,0
"43834",NA,0,NA,0
"43835",1,10,39,0
"43836",2,6,35,0
"43837",3,3,32,0
"43838",1,10,19,0
"43839",1,20,29,0
"43840",2,13,22,0
"43841",3,18,27,0
"43842",4,18,27,0
"43843",NA,0,35,0
"43844",1,10,72,0
"43845",2,7,69,0
"43846",3,2,64,0
"43847",1,10,58,0
"43848",1,15,63,0
"43849",2,15,63,NA
"43850",2,15,63,0
"43851",NA,0,NA,NA
"43852",1,10,47,0
"43853",1,10,31,0
"43854",2,7,28,0
"43855",3,2,23,0
"43856",1,10,20,0
"43857",2,8,18,0
"43858",3,8,18,0
"43859",3,13,23,0
"43860",4,13,23,0
"43861",NA,0,35,0
"43862",1,10,65,0
"43863",2,6,61,0
"43864",1,10,32,0
"43865",2,16,38,0
"43866",3,16,38,0
"43867",4,16,38,0
"43868",NA,0,35,0
"43869",1,10,74,0
"43870",2,9,73,0
"43871",3,1,65,0
"43872",1,10,61,0
"43873",2,1,52,0
"43874",3,1,52,0
"43875",1,10,48,0
"43876",2,10,48,0
"43877",1,10,33,0
"43878",2,10,33,0
"43879",3,5,28,0
"43880",1,10,20,0
"43881",2,6,16,0
"43882",NA,0,NA,0
"43883",3,6,16,0
"43884",1,6,6,0
"43885",2,6,6,0
"43886",3,1,1,0
"43887",NA,0,NA,0
"43888",4,2,2,1
"43889",NA,0,15,0
"43890",NA,0,35,0
"43891",1,10,82,0
"43892",1,10,71,0
"43893",1,10,69,0
"43894",1,5,64,0
"43895",1,10,42,0
"43896",NA,0,NA,0
"43897",2,17,49,0
"43898",NA,0,NA,0
"43899",1,10,30,0
"43900",2,2,22,0
"43901",3,2,22,0
"43902",4,2,22,0
"43903",NA,0,NA,NA
"43904",NA,0,35,0
"43905",1,10,67,0
"43906",2,11,68,0
"43907",2,16,73,0
"43908",3,16,73,0
"43909",4,16,73,0
"43910",1,10,73,0
"43911",1,20,83,0
"43912",2,17,80,0
"43913",3,26,89,0
"43914",4,8,71,0
"43915",1,10,43,1
"43916",NA,0,15,0
"43917",NA,0,35,0
"43918",1,10,68,0
"43919",2,10,68,0
"43920",3,10,68,0
"43921",4,10,68,0
"43922",1,10,76,0
"43923",1,10,65,0
"43924",2,10,65,0
"43925",3,1,56,0
"43926",1,10,55,0
"43927",1,5,50,0
"43928",1,10,40,0
"43929",2,5,35,0
"43930",1,10,27,0
"43931",2,10,27,0
"43932",1,7,7,1
"43933",NA,0,15,0
"43934",NA,0,35,0
"43935",1,10,70,0
"43936",2,1,61,0
"43937",1,10,53,0
"43938",1,10,43,0
"43939",2,9,42,0
"43940",1,10,21,1
"43941",NA,0,15,0
"43942",NA,0,35,0
"43943",1,10,80,0
"43944",1,20,90,0
"43945",NA,0,NA,NA
"43946",2,16,86,0
"43947",3,13,83,0
"43948",4,16,86,0
"43949",1,10,66,0
"43950",2,6,62,0
"43951",3,1,57,0
"43952",1,10,44,0
"43953",1,10,22,0
"43954",2,10,22,1
"43955",NA,0,15,0
"43956",NA,0,35,0
"43957",1,10,65,0
"43958",1,15,70,0
"43959",2,18,73,0
"43960",3,18,73,0
"43961",4,12,67,0
"43962",1,10,81,0
"43963",2,8,79,0
"43964",3,1,72,0
"43965",1,10,70,0
"43966",1,10,49,0
"43967",NA,0,NA,0
"43968",2,6,45,0
"43969",1,10,34,0
"43970",2,10,34,0
"43971",NA,0,NA,0
"43972",3,1,25,0
"43973",1,10,22,0
"43974",1,5,5,0
"43975",NA,0,NA,0
"43976",2,1,1,1
"43977",NA,0,15,0
"43978",NA,0,35,0
"43979",1,10,65,0
"43980",1,10,50,0
"43981",2,3,43,0
"43982",1,10,32,0
"43983",2,2,24,0
"43984",3,2,24,0
"43985",1,10,18,0
"43986",2,6,14,0
"43987",3,3,11,0
"43988",4,3,11,0
"43989",1,10,82,0
"43990",2,11,83,0
"43991",3,12,84,0
"43992",NA,0,NA,NA
"43993",NA,0,NA,NA
"43994",NA,0,35,0
"43995",1,10,85,0
"43996",1,10,59,0
"43997",2,7,56,0
"43998",3,1,50,0
"43999",1,10,45,0
"44000",2,9,44,0
"44001",3,3,38,0
"44002",4,3,38,1
"44003",NA,0,15,0
"44004",NA,0,35,0
"44005",1,10,63,0
"44006",1,10,46,0
"44007",2,11,47,0
"44008",3,11,47,0
"44009",4,11,47,0
"44010",1,10,86,0
"44011",2,9,85,0
"44012",3,1,77,0
"44013",1,10,74,0
"44014",2,10,74,0
"44015",1,10,59,0
"44016",2,7,56,0
"44017",3,6,55,0
"44018",4,19,68,0
"44019",1,10,75,0
"44020",2,8,73,0
"44021",3,6,71,0
"44022",1,10,64,0
"44023",2,4,58,0
"44024",3,3,57,0
"44025",4,1,55,0
"44026",1,10,45,0
"44027",2,6,41,0
"44028",1,10,27,0
"44029",NA,0,NA,NA
"44030",2,7,24,0
"44031",3,5,22,0
"44032",4,5,22,0
"44033",NA,0,35,0
"44034",1,10,75,0
"44035",2,8,73,0
"44036",3,7,72,0
"44037",1,10,60,0
"44038",1,10,43,0
"44039",2,10,43,0
"44040",3,6,39,0
"44041",4,6,39,0
"44042",NA,0,35,0
"44043",1,10,65,0
"44044",1,20,75,0
"44045",2,17,72,0
"44046",3,20,75,0
"44047",4,14,69,0
"44048",1,10,83,0
"44049",2,10,83,0
"44050",3,10,83,0
"44051",4,10,83,0
"44052",4,15,88,0
"44053",1,10,65,0
"44054",1,10,44,0
"44055",2,9,43,0
"44056",3,9,43,0
"44057",3,17,51,0
"44058",4,8,42,0
"44059",1,10,91,0
"44060",1,10,76,0
"44061",2,9,75,0
"44062",3,9,75,0
"44063",1,10,55,0
"44064",2,3,48,0
"44065",NA,0,NA,0
"44066",1,10,37,0
"44067",1,10,24,0
"44068",2,10,24,0
"44069",NA,0,NA,0
"44070",3,2,16,0
"44071",NA,0,NA,0
"44072",1,9,9,0
"44073",2,9,9,0
"44074",3,9,9,0
"44075",1,1,1,0
"44076",NA,0,NA,NA
"44077",NA,0,35,0
"44078",1,10,67,0
"44079",2,1,58,0
"44080",1,10,55,0
"44081",2,10,55,0
"44082",3,10,55,0
"44083",1,10,41,0
"44084",2,8,39,0
"44085",1,10,11,0
"44086",2,7,8,0
"44087",3,1,2,0
"44088",4,1,2,0
"44089",1,1,1,1
"44090",NA,0,15,0
"44091",NA,0,35,0
"44092",1,10,66,0
"44093",2,10,66,0
"44094",3,10,66,0
"44095",1,10,26,0
"44096",2,1,17,0
"44097",1,10,15,0
"44098",2,3,8,0
"44099",NA,0,NA,0
"44100",3,2,7,0
"44101",4,2,7,0
"44102",NA,0,35,0
"44103",1,10,77,0
"44104",2,7,74,0
"44105",1,10,66,0
"44106",2,11,67,0
"44107",2,16,72,0
"44108",3,16,72,0
"44109",4,8,64,0
"44110",1,10,88,0
"44111",2,4,82,0
"44112",NA,0,NA,NA
"44113",1,10,76,0
"44114",2,5,71,0
"44115",2,15,81,0
"44116",3,8,74,0
"44117",1,10,61,0
"44118",2,10,61,0
"44119",3,7,58,0
"44120",4,11,62,0
"44121",1,10,71,0
"44122",1,10,56,0
"44123",2,8,54,0
"44124",3,4,50,1
"44125",NA,0,15,0
"44126",NA,0,35,0
"44127",1,10,60,0
"44128",2,3,53,0
"44129",1,10,38,0
"44130",2,6,34,0
"44131",3,3,31,0
"44132",3,8,36,0
"44133",NA,0,NA,0
"44134",1,5,5,0
"44135",2,4,4,0
"44136",NA,0,NA,0
"44137",3,2,2,1
"44138",NA,0,15,0
"44139",NA,0,35,0
"44140",1,10,73,0
"44141",2,9,72,0
"44142",3,1,64,1
"44143",NA,0,15,0
"44144",NA,0,35,0
"44145",1,10,65,0
"44146",1,10,49,0
"44147",2,2,41,0
"44148",1,10,26,0
"44149",2,10,26,0
"44150",3,10,26,1
"44151",NA,0,15,0
"44152",NA,0,35,0
"44153",1,10,53,0
"44154",2,2,45,0
"44155",2,7,50,0
"44156",3,7,50,0
"44157",NA,0,50,0
"44158",4,7,50,0
"44159",NA,0,NA,0
"44160",1,10,24,0
"44161",NA,0,NA,0
"44162",2,12,26,0
"44163",NA,0,NA,NA
"44164",NA,0,NA,NA
"44165",NA,0,35,0
"44166",1,10,74,0
"44167",2,1,65,0
"44168",1,10,62,0
"44169",1,10,49,0
"44170",2,4,43,0
"44171",3,2,41,0
"44172",1,10,37,0
"44173",2,1,28,0
"44174",1,10,18,1
"44175",NA,0,15,0
"44176",NA,0,35,0
"44177",1,10,65,0
"44178",1,10,50,0
"44179",2,12,52,0
"44180",3,10,50,0
"44181",4,10,50,0
"44182",1,10,80,0
"44183",2,8,78,0
"44184",3,4,74,0
"44185",1,10,53,0
"44186",2,9,52,0
"44187",1,10,39,0
"44188",2,5,34,0
"44189",1,10,13,0
"44190",2,10,13,0
"44191",3,8,11,0
"44192",4,8,11,0
"44193",NA,0,35,0
"44194",1,10,65,0
"44195",1,10,45,0
"44196",1,15,50,0
"44197",2,10,45,0
"44198",NA,0,NA,NA
"44199",3,8,43,0
"44200",4,8,43,0
"44201",4,13,48,0
"44202",1,10,94,0
"44203",2,7,91,0
"44204",3,7,91,0
"44205",1,10,80,0
"44206",2,7,77,0
"44207",3,7,77,0
"44208",1,10,19,0
"44209",1,8,8,0
"44210",2,8,8,1
"44211",NA,0,15,0
"44212",NA,0,35,0
"44213",1,10,85,0
"44214",2,14,89,0
"44215",3,10,85,0
"44216",1,10,74,0
"44217",2,10,74,0
"44218",3,3,67,0
"44219",1,10,56,0
"44220",2,14,60,0
"44221",3,15,61,0
"44222",4,10,56,0
"44223",1,10,84,0
"44224",2,8,82,0
"44225",1,10,68,0
"44226",1,10,53,0
"44227",2,6,49,0
"44228",3,6,49,0
"44229",1,10,58,0
"44230",2,3,51,0
"44231",3,5,53,0
"44232",NA,0,NA,0
"44233",1,10,31,0
"44234",NA,0,NA,0
"44235",2,4,25,0
"44236",NA,0,NA,0
"44237",1,10,20,0
"44238",NA,0,NA,0
"44239",2,8,18,0
"44240",NA,0,35,0
"44241",1,10,65,0
"44242",NA,0,NA,NA
"44243",NA,0,35,0
"44244",1,10,65,0
"44245",2,6,61,0
"44246",3,2,57,0
"44247",4,1,56,0
"44248",1,10,53,0
"44249",2,10,53,0
"44250",1,10,34,0
"44251",2,17,41,0
"44252",3,17,41,0
"44253",4,12,36,0
"44254",1,10,56,0
"44255",2,6,52,0
"44256",3,10,56,0
"44257",4,2,48,0
"44258",4,7,53,0
"44259",1,10,93,0
"44260",2,11,94,0
"44261",1,10,89,0
"44262",1,10,76,0
"44263",2,5,71,0
"44264",3,2,68,0
"44265",3,12,78,0
"44266",4,12,78,0
"44267",1,10,69,0
"44268",2,2,61,0
"44269",1,10,58,0
"44270",2,4,52,0
"44271",3,1,49,0
"44272",1,10,48,0
"44273",1,10,35,0
"44274",2,11,36,0
"44275",NA,0,NA,NA
"44276",3,8,33,0
"44277",4,5,30,0
"44278",NA,0,35,0
"44279",1,10,65,0
"44280",2,7,62,0
"44281",1,10,37,0
"44282",2,5,32,0
"44283",3,5,32,0
"44284",1,10,20,0
"44285",1,10,71,0
"44286",2,6,67,0
"44287",1,10,50,0
"44288",2,7,47,0
"44289",1,10,39,0
"44290",2,8,37,0
"44291",1,10,25,0
"44292",1,15,30,0
"44293",2,8,23,0
"44294",3,5,20,0
"44295",4,5,20,0
"44296",1,10,72,0
"44297",2,5,67,0
"44298",1,10,50,0
"44299",2,15,55,0
"44300",3,15,55,0
"44301",4,8,48,0
"44302",1,8,8,0
"44303",2,8,8,1
"44304",NA,0,15,0
"44305",NA,0,35,0
"44306",1,10,71,0
"44307",NA,0,NA,0
"44308",2,7,68,0
"44309",NA,0,NA,0
"44310",3,4,65,0
"44311",1,10,45,0
"44312",NA,0,NA,0
"44313",2,8,43,0
"44314",NA,0,NA,0
"44315",3,6,41,0
"44316",4,4,39,0
"44317",NA,0,NA,0
"44318",4,9,44,0
"44319",1,10,97,0
"44320",1,10,79,0
"44321",2,10,79,0
"44322",NA,0,NA,NA
"44323",NA,0,NA,NA
"44324",NA,0,35,0
"44325",1,10,66,0
"44326",2,7,63,0
"44327",3,1,57,0
"44328",3,6,62,0
"44329",4,5,61,0
"44330",1,10,95,0
"44331",2,7,92,0
"44332",3,4,89,0
"44333",1,10,70,0
"44334",2,10,70,0
"44335",1,10,29,0
"44336",1,15,34,0
"44337",2,13,32,0
"44338",2,8,27,0
"44339",1,6,6,0
"44340",2,4,4,1
"44341",NA,0,15,0
"44342",NA,0,35,0
"44343",1,10,76,0
"44344",2,10,76,0
"44345",3,6,72,0
"44346",4,6,72,0
"44347",1,10,70,0
"44348",1,10,57,0
"44349",2,2,49,0
"44350",1,10,43,0
"44351",1,10,32,0
"44352",2,9,31,0
"44353",1,10,21,0
"44354",2,1,12,0
"44355",1,7,7,1
"44356",NA,0,30,0
"44357",NA,0,35,0
"44358",1,10,70,0
"44359",2,10,70,0
"44360",NA,0,NA,NA
"44361",NA,0,NA,0
"44362",3,2,62,0
"44363",1,10,59,1
"44364",NA,0,30,0
"44365",NA,0,35,0
"44366",1,10,72,0
"44367",2,7,69,0
"44368",3,2,64,0
"44369",1,10,54,0
"44370",2,2,46,0
"44371",3,1,45,0
"44372",4,1,45,0
"44373",4,6,50,0
"44374",1,10,88,0
"44375",1,10,66,0
"44376",2,21,77,0
"44377",3,31,87,0
"44378",4,18,74,0
"44379",1,10,78,0
"44380",2,10,78,0
"44381",2,15,83,0
"44382",3,8,76,0
"44383",4,8,76,0
"44384",1,10,70,0
"44385",2,10,70,0
"44386",3,10,70,0
"44387",4,4,64,0
"44388",1,10,79,0
"44389",1,10,60,0
"44390",1,10,39,0
"44391",2,6,35,0
"44392",3,1,30,0
"44393",1,10,28,0
"44394",2,2,20,0
"44395",NA,0,NA,0
"44396",1,10,13,0
"44397",2,10,13,1
"44398",NA,0,15,0
"44399",NA,0,35,0
"44400",1,10,70,0
"44401",2,10,70,0
"44402",3,10,70,0
"44403",NA,0,NA,NA
"44404",NA,0,35,0
"44405",1,10,65,0
"44406",2,4,59,0
"44407",3,1,56,0
"44408",4,1,56,0
"44409",1,10,51,0
"44410",1,10,37,0
"44411",2,10,37,0
"44412",3,6,33,0
"44413",1,10,10,0
"44414",2,9,9,0
"44415",3,4,4,0
"44416",3,9,9,0
"44417",4,9,9,0
"44418",NA,0,35,0
"44419",1,10,70,0
"44420",2,6,66,0
"44421",1,10,56,0
"44422",1,15,61,0
"44423",2,9,55,0
"44424",3,1,47,0
"44425",4,1,47,0
"44426",1,10,44,0
"44427",2,8,42,0
"44428",3,17,51,0
"44429",4,10,44,0
"44430",1,10,91,0
"44431",2,4,85,0
"44432",1,10,80,0
"44433",NA,0,NA,NA
"44434",1,10,69,0
"44435",2,1,60,0
"44436",1,10,58,0
"44437",2,10,58,0
"44438",3,2,50,0
"44439",1,10,46,0
"44440",2,6,42,0
"44441",3,5,41,0
"44442",4,5,41,0
"44443",1,10,91,0
"44444",2,8,89,0
"44445",1,10,80,0
"44446",2,4,74,0
"44447",1,10,67,0
"44448",2,2,59,0
"44449",1,10,56,0
"44450",2,2,48,0
"44451",3,2,48,0
"44452",1,10,45,0
"44453",2,15,50,0
"44454",3,15,50,0
"44455",4,15,50,0
"44456",1,10,91,0
"44457",2,7,88,0
"44458",NA,0,NA,0
"44459",3,14,95,0
"44460",NA,0,NA,0
"44461",4,1,82,0
"44462",1,10,61,0
"44463",2,2,53,0
"44464",3,2,53,0
"44465",1,10,42,0
"44466",2,10,42,0
"44467",1,10,25,0
"44468",NA,0,NA,0
"44469",1,4,4,1
"44470",NA,0,2,0
"44471",NA,0,35,0
"44472",1,10,71,0
"44473",2,10,71,0
"44474",3,10,71,0
"44475",1,10,58,0
"44476",2,10,58,0
"44477",3,1,49,0
"44478",NA,0,NA,0
"44479",1,10,38,0
"44480",NA,0,NA,0
"44481",2,8,36,0
"44482",3,8,36,0
"44483",NA,0,NA,0
"44484",4,3,31,0
"44485",NA,0,NA,NA
"44486",NA,0,NA,NA
"44487",NA,0,35,0
"44488",1,10,60,0
"44489",2,7,57,0
"44490",3,2,52,0
"44491",1,10,48,0
"44492",2,10,48,0
"44493",3,11,49,0
"44494",4,11,49,0
"44495",1,10,99,0
"44496",2,1,90,0
"44497",1,10,81,0
"44498",2,3,74,0
"44499",1,10,70,0
"44500",1,10,28,0
"44501",2,10,28,0
"44502",3,8,26,0
"44503",4,8,26,0
"44504",NA,0,35,0
"44505",1,10,65,0
"44506",2,6,61,0
"44507",1,10,54,0
"44508",1,10,42,0
"44509",1,10,31,0
"44510",1,4,4,0
"44511",2,4,4,0
"44512",3,4,4,0
"44513",4,4,4,0
"44514",NA,0,35,0
"44515",1,10,61,0
"44516",2,6,57,0
"44517",1,10,51,0
"44518",1,10,23,0
"44519",1,10,10,0
"44520",2,12,12,0
"44521",3,12,12,0
"44522",4,17,17,0
"44523",NA,0,35,0
"44524",1,10,11,0
"44525",2,13,14,1
"44526",NA,0,15,0
"44527",NA,0,35,0
"44528",1,10,65,0
"44529",NA,0,NA,NA
"44530",2,11,66,0
"44531",3,11,66,0
"44532",1,10,49,0
"44533",1,10,37,0
"44534",2,7,34,0
"44535",1,10,25,0
"44536",1,10,11,0
"44537",2,2,3,0
"44538",3,5,6,0
"44539",4,3,4,0
"44540",NA,0,35,0
"44541",1,10,68,0
"44542",2,9,67,0
"44543",1,10,56,0
"44544",2,3,49,0
"44545",3,2,48,0
"44546",1,10,45,0
"44547",2,10,45,0
"44548",1,10,34,0
"44549",1,10,11,0
"44550",2,9,10,0
"44551",3,6,7,0
"44552",NA,0,NA,0
"44553",4,2,3,0
"44554",1,10,96,0
"44555",1,5,91,0
"44556",1,10,78,0
"44557",2,6,74,0
"44558",3,6,74,0
"44559",1,10,63,0
"44560",1,25,78,0
"44561",NA,0,NA,0
"44562",2,21,74,0
"44563",1,10,54,0
"44564",2,2,46,0
"44565",1,10,23,0
"44566",2,9,22,0
"44567",2,14,27,0
"44568",3,16,29,1
"44569",NA,0,15,0
"44570",NA,0,35,0
"44571",1,10,81,0
"44572",NA,0,NA,NA
"44573",NA,0,35,0
"44574",1,10,88,0
"44575",2,13,91,0
"44576",3,16,94,0
"44577",4,4,82,0
"44578",1,10,62,0
"44579",1,10,42,0
"44580",1,10,27,0
"44581",1,15,32,0
"44582",1,10,17,0
"44583",2,6,13,0
"44584",3,6,13,1
"44585",NA,0,1,0
"44586",NA,0,35,0
"44587",1,10,79,0
"44588",2,10,79,0
"44589",3,5,74,0
"44590",1,10,41,0
"44591",2,13,44,0
"44592",3,13,44,0
"44593",4,8,39,0
"44594",1,10,53,0
"44595",2,1,44,0
"44596",1,10,35,0
"44597",2,10,35,0
"44598",1,10,69,0
"44599",2,2,61,0
"44600",1,10,56,0
"44601",2,7,53,0
"44602",3,6,52,0
"44603",4,1,47,0
"44604",1,10,24,0
"44605",1,10,14,0
"44606",2,13,17,0
"44607",1,4,4,0
"44608",NA,0,NA,NA
"44609",2,1,1,1
"44610",NA,0,15,0
"44611",NA,0,35,0
"44612",1,10,73,0
"44613",2,4,67,0
"44614",3,4,67,0
"44615",3,9,72,0
"44616",3,19,82,0
"44617",1,10,49,0
"44618",2,9,48,0
"44619",3,3,42,0
"44620",1,10,36,0
"44621",2,8,34,0
"44622",1,10,14,0
"44623",2,10,14,0
"44624",3,10,14,0
"44625",4,8,12,0
"44626",NA,0,35,0
"44627",1,10,73,0
"44628",1,10,33,0
"44629",1,10,21,0
"44630",2,14,25,0
"44631",3,6,17,0
"44632",3,1,12,0
"44633",1,6,6,0
"44634",2,6,6,1
"44635",NA,0,15,0
"44636",NA,0,35,0
"44637",1,10,74,0
"44638",2,10,74,0
"44639",1,10,60,0
"44640",2,10,60,0
"44641",3,10,60,0
"44642",4,10,60,0
"44643",1,10,79,0
"44644",2,6,75,0
"44645",3,5,74,0
"44646",1,10,68,0
"44647",1,20,78,0
"44648",2,26,84,0
"44649",3,21,79,0
"44650",NA,0,NA,0
"44651",4,16,74,0
"44652",1,10,62,0
"44653",NA,0,NA,NA
"44654",NA,0,NA,NA
"44655",NA,0,35,0
"44656",1,10,71,0
"44657",2,6,67,0
"44658",3,3,64,0
"44659",1,10,61,0
"44660",1,10,43,0
"44661",1,10,31,0
"44662",2,1,22,0
"44663",1,10,21,0
"44664",2,1,12,0
"44665",NA,0,NA,0
"44666",3,5,16,0
"44667",4,5,16,0
"44668",NA,0,35,0
"44669",1,10,74,0
"44670",2,2,66,0
"44671",3,1,65,0
"44672",1,10,58,0
"44673",2,7,55,0
"44674",1,10,45,0
"44675",2,8,43,0
"44676",3,9,44,0
"44677",4,9,44,0
"44678",1,10,78,0
"44679",2,2,70,0
"44680",1,10,66,0
"44681",2,15,71,0
"44682",3,9,65,0
"44683",1,10,52,0
"44684",2,10,52,0
"44685",NA,0,NA,NA
"44686",1,10,40,0
"44687",2,10,40,0
"44688",1,10,27,0
"44689",1,20,37,0
"44690",2,13,30,0
"44691",3,7,24,0
"44692",1,10,12,0
"44693",2,10,12,0
"44694",3,10,12,0
"44695",4,10,12,0
"44696",NA,0,35,0
"44697",1,10,69,0
"44698",2,10,69,0
"44699",3,3,62,0
"44700",4,10,69,0
"44701",1,10,76,0
"44702",2,4,70,0
"44703",3,1,67,0
"44704",4,1,67,0
"44705",1,10,62,0
"44706",1,10,51,0
"44707",2,4,45,0
"44708",3,4,45,0
"44709",1,10,15,0
"44710",2,10,15,1
"44711",NA,0,15,0
"44712",NA,0,35,0
"44713",1,10,69,0
"44714",1,10,58,0
"44715",2,6,54,0
"44716",3,4,52,0
"44717",4,1,49,0
"44718",1,10,38,0
"44719",2,13,41,0
"44720",3,13,41,0
"44721",4,2,30,0
"44722",1,10,70,0
"44723",1,10,58,0
"44724",NA,0,NA,0
"44725",2,4,52,0
"44726",NA,0,NA,0
"44727",1,10,35,0
"44728",2,10,35,0
"44729",3,10,35,0
"44730",NA,0,NA,NA
"44731",NA,0,35,0
"44732",1,10,72,0
"44733",2,9,71,0
"44734",3,4,66,0
"44735",4,4,66,0
"44736",1,10,80,0
"44737",1,10,66,0
"44738",2,7,63,0
"44739",3,4,60,0
"44740",3,9,65,0
"44741",4,19,75,0
"44742",1,10,69,0
"44743",2,5,64,0
"44744",1,10,54,0
"44745",2,4,48,0
"44746",3,4,48,0
"44747",4,4,48,0
"44748",1,10,43,0
"44749",1,15,48,0
"44750",2,4,37,0
"44751",1,10,80,0
"44752",2,1,71,0
"44753",1,10,47,0
"44754",1,10,34,0
"44755",2,1,25,0
"44756",1,10,20,0
"44757",2,1,11,0
"44758",NA,0,NA,0
"44759",1,9,9,0
"44760",2,9,9,0
"44761",3,6,6,0
"44762",4,6,6,0
"44763",NA,0,35,0
"44764",1,10,65,0
"44765",2,10,65,0
"44766",3,4,59,0
"44767",1,10,49,0
"44768",2,7,46,0
"44769",NA,0,NA,NA
"44770",1,10,33,0
"44771",1,5,28,0
"44772",2,2,25,1
"44773",NA,0,2,0
"44774",NA,0,35,0
"44775",1,10,69,0
"44776",1,10,50,0
"44777",2,1,41,0
"44778",3,1,41,0
"44779",4,6,46,0
"44780",1,10,88,0
"44781",2,9,87,0
"44782",1,10,78,0
"44783",2,10,78,0
"44784",3,10,78,0
"44785",1,10,59,0
"44786",1,10,47,0
"44787",2,2,39,0
"44788",1,10,12,0
"44789",2,9,11,0
"44790",3,2,4,0
"44791",1,1,1,1
"44792",NA,0,2,0
"44793",NA,0,35,0
"44794",1,10,80,0
"44795",2,10,80,0
"44796",3,7,77,0
"44797",1,10,54,0
"44798",2,6,50,0
"44799",3,1,45,0
"44800",1,10,39,0
"44801",2,1,30,0
"44802",1,10,25,0
"44803",2,10,25,0
"44804",3,20,35,0
"44805",1,10,74,0
"44806",2,10,74,0
"44807",3,20,84,0
"44808",4,5,69,0
"44809",1,10,63,0
"44810",2,1,54,0
"44811",NA,0,NA,0
"44812",1,10,52,0
"44813",NA,0,NA,0
"44814",1,10,26,0
"44815",NA,0,NA,0
"44816",2,8,24,0
"44817",NA,0,NA,0
"44818",3,8,24,0
"44819",NA,0,NA,NA
"44820",NA,0,NA,NA
"44821",NA,0,35,0
"44822",1,10,71,0
"44823",1,10,58,0
"44824",1,10,40,0
"44825",2,9,39,0
"44826",1,10,29,0
"44827",2,19,38,0
"44828",3,17,36,0
"44829",4,6,25,0
"44830",NA,0,35,0
"44831",1,10,65,0
"44832",2,9,64,0
"44833",3,9,64,0
"44834",4,9,64,0
"44835",1,10,98,0
"44836",1,10,87,0
"44837",2,9,86,0
"44838",3,1,78,0
"44839",4,1,78,0
"44840",1,10,70,0
"44841",1,10,60,0
"44842",2,7,57,0
"44843",3,5,55,0
"44844",4,18,68,0
"44845",1,10,80,0
"44846",2,9,79,0
"44847",1,10,67,0
"44848",1,5,62,0
"44849",2,5,62,0
"44850",3,1,58,0
"44851",4,2,59,0
"44852",1,10,90,0
"44853",1,10,85,0
"44854",NA,0,NA,NA
"44855",2,12,87,0
"44856",3,10,85,0
"44857",4,3,78,0
"44858",1,10,78,0
"44859",2,10,78,0
"44860",3,6,74,0
"44861",4,6,74,0
"44862",1,10,70,0
"44863",2,10,70,0
"44864",3,6,66,0
"44865",1,10,59,0
"44866",2,5,54,0
"44867",3,3,52,0
"44868",4,4,53,0
"44869",1,10,91,0
"44870",2,6,87,0
"44871",1,10,65,0
"44872",2,9,64,0
"44873",1,10,47,0
"44874",1,10,30,0
"44875",2,7,27,0
"44876",3,7,27,0
"44877",4,1,21,0
"44878",1,10,20,0
"44879",1,7,7,0
"44880",2,7,7,0
"44881",3,7,7,0
"44882",4,7,7,0
"44883",NA,0,35,0
"44884",1,10,78,0
"44885",2,28,96,0
"44886",3,24,92,0
"44887",4,24,92,0
"44888",1,10,59,0
"44889",2,7,56,0
"44890",1,10,49,0
"44891",2,8,47,0
"44892",3,8,47,0
"44893",NA,0,NA,0
"44894",1,10,21,0
"44895",2,10,21,0
"44896",1,3,3,0
"44897",NA,0,NA,0
"44898",2,1,1,1
"44899",NA,0,15,0
"44900",NA,0,35,0
"44901",1,10,80,0
"44902",NA,0,NA,NA
"44903",NA,0,35,0
"44904",1,10,70,0
"44905",2,8,68,0
"44906",1,10,59,0
"44907",2,2,51,0
"44908",1,10,39,0
"44909",2,5,34,0
"44910",3,8,37,0
"44911",4,15,44,0
"44912",1,10,86,0
"44913",2,2,78,0
"44914",1,10,75,0
"44915",2,1,66,0
"44916",3,2,67,0
"44917",4,2,67,0
"44918",1,10,88,0
"44919",1,15,93,0
"44920",1,10,77,0
"44921",2,3,70,0
"44922",1,10,61,0
"44923",2,5,56,0
"44924",1,10,50,0
"44925",2,9,49,0
"44926",3,9,49,0
"44927",4,20,60,0
"44928",1,10,92,0
"44929",2,8,90,0
"44930",1,10,81,0
"44931",NA,0,NA,NA
"44932",2,4,75,0
"44933",1,10,59,0
"44934",2,5,54,0
"44935",1,10,22,0
"44936",2,7,19,0
"44937",2,2,14,0
"44938",3,1,13,0
"44939",NA,0,NA,0
"44940",1,5,5,0
"44941",1,10,75,0
"44942",2,20,85,0
"44943",3,20,85,0
"44944",4,16,81,0
"44945",1,10,82,0
"44946",1,10,63,0
"44947",1,10,39,0
"44948",2,5,34,0
"44949",1,10,28,0
"44950",2,10,28,0
"44951",1,10,17,0
"44952",2,10,17,0
"44953",3,10,17,0
"44954",4,12,19,0
"44955",NA,0,35,0
"44956",1,10,61,0
"44957",NA,0,NA,0
"44958",2,6,57,0
"44959",1,10,49,0
"44960",1,10,37,0
"44961",2,5,32,0
"44962",3,1,28,0
"44963",1,10,23,0
"44964",2,6,19,0
"44965",3,1,14,0
"44966",1,10,11,0
"44967",NA,0,NA,0
"44968",2,8,9,0
"44969",3,8,9,0
"44970",NA,0,NA,0
"44971",4,4,5,0
"44972",NA,0,NA,NA
"44973",NA,0,NA,NA
"44974",NA,0,35,0
"44975",1,10,70,0
"44976",1,10,53,0
"44977",2,10,53,0
"44978",3,10,53,0
"44979",1,10,21,0
"44980",2,12,23,0
"44981",3,24,35,0
"44982",4,22,33,0
"44983",NA,0,35,0
"44984",1,10,69,0
"44985",2,10,69,0
"44986",3,7,66,1
"44987",NA,0,15,0
"44988",NA,0,35,0
"44989",1,10,61,0
"44990",1,10,52,0
"44991",2,6,48,0
"44992",1,10,36,0
"44993",2,8,34,0
"44994",2,13,39,0
"44995",3,16,42,0
"44996",4,4,30,0
"44997",NA,0,35,0
"44998",1,10,76,0
"44999",2,9,75,0
"45000",3,10,76,0
"45001",4,5,71,0
"45002",1,10,55,0
"45003",1,5,50,0
"45004",2,5,50,0
"45005",3,5,50,0
"45006",1,10,39,0
"45007",2,8,37,0
"45008",3,8,37,0
"45009",4,3,32,0
"45010",NA,0,35,0
"45011",1,10,82,0
"45012",NA,0,NA,NA
"45013",2,1,73,0
"45014",1,10,71,0
"45015",1,10,66,0
"45016",1,10,33,0
"45017",2,4,27,0
"45018",3,1,24,0
"45019",1,10,22,0
"45020",1,5,17,0
"45021",1,14,26,0
"45022",2,14,26,0
"45023",3,5,17,0
"45024",1,10,11,1
"45025",NA,0,15,0
"45026",NA,0,35,0
"45027",1,10,71,0
"45028",2,15,76,0
"45029",1,2,2,1
"45030",NA,0,15,0
"45031",NA,0,35,0
"45032",1,10,65,0
"45033",2,8,63,0
"45034",3,7,62,0
"45035",4,7,62,0
"45036",1,10,64,0
"45037",2,10,64,0
"45038",1,10,52,0
"45039",2,7,49,0
"45040",1,10,41,0
"45041",2,10,41,0
"45042",3,10,41,0
"45043",4,10,41,0
"45044",1,10,92,0
"45045",2,3,85,0
"45046",1,10,81,0
"45047",1,10,51,0
"45048",1,10,21,0
"45049",2,10,21,0
"45050",NA,0,NA,0
"45051",1,5,5,0
"45052",NA,0,NA,0
"45053",2,8,8,0
"45054",3,8,8,1
"45055",NA,0,15,0
"45056",NA,0,35,0
"45057",1,10,70,0
"45058",2,13,73,0
"45059",1,10,52,0
"45060",1,10,30,0
"45061",NA,0,NA,0
"45062",2,7,27,0
"45063",3,1,21,0
"45064",1,10,17,0
"45065",2,10,17,0
"45066",3,10,17,0
"45067",4,4,11,0
"45068",NA,0,NA,NA
"45069",NA,0,35,0
"45070",1,10,65,0
"45071",2,10,65,0
"45072",1,10,54,0
"45073",1,1,1,1
"45074",NA,0,15,0
"45075",NA,0,35,0
"45076",1,10,55,0
"45077",2,7,52,0
"45078",3,7,52,0
"45079",4,7,52,0
"45080",1,10,78,0
"45081",2,10,78,0
"45082",3,10,78,0
"45083",4,4,72,0
"45084",1,10,71,0
"45085",1,10,59,0
"45086",1,10,39,0
"45087",2,2,31,0
"45088",1,10,27,0
"45089",2,7,24,0
"45090",3,7,24,0
"45091",4,7,24,0
"45092",NA,0,35,0
"45093",1,10,65,0
"45094",2,7,62,0
"45095",3,7,62,0
"45096",1,10,39,0
"45097",2,7,36,0
"45098",3,7,36,0
"45099",1,10,21,0
"45100",2,9,20,0
"45101",3,4,15,0
"45102",1,6,6,0
"45103",2,6,6,0
"45104",3,6,6,0
"45105",4,21,21,0
"45106",NA,0,35,0
"45107",1,10,69,0
"45108",2,2,61,0
"45109",1,10,56,0
"45110",2,10,56,0
"45111",NA,0,NA,NA
"45112",3,7,53,0
"45113",4,7,53,0
"45114",1,10,92,0
"45115",2,1,83,0
"45116",1,10,80,0
"45117",2,10,80,0
"45118",3,6,76,0
"45119",1,10,33,0
"45120",2,8,31,0
"45121",3,8,31,0
"45122",4,2,25,0
"45123",NA,0,35,0
"45124",1,10,65,0
"45125",2,9,64,0
"45126",2,4,59,0
"45127",3,3,58,0
"45128",1,10,50,0
"45129",2,12,52,0
"45130",3,3,43,0
"45131",1,10,34,0
"45132",2,5,29,0
"45133",1,10,23,0
"45134",2,4,17,0
"45135",1,10,12,0
"45136",2,9,11,0
"45137",3,6,8,0
"45138",4,2,4,0
"45139",NA,0,35,0
"45140",1,10,65,0
"45141",2,3,58,0
"45142",NA,0,NA,0
"45143",1,10,41,0
"45144",NA,0,NA,0
"45145",1,10,28,0
"45146",2,8,26,0
"45147",3,7,25,0
"45148",NA,0,NA,0
"45149",4,7,25,0
"45150",NA,0,35,0
"45151",NA,0,NA,0
"45152",1,10,75,1
"45153",NA,0,NA,NA
"45154",NA,0,NA,NA
"45155",NA,0,35,0
"45156",1,10,65,0
"45157",2,6,61,0
"45158",3,4,59,0
"45159",4,14,69,0
"45160",1,10,58,0
"45161",2,8,56,0
"45162",1,10,46,0
"45163",2,10,46,0
"45164",3,6,42,0
"45165",3,11,47,0
"45166",4,11,47,0
"45167",1,10,96,0
"45168",2,9,95,0
"45169",3,6,92,0
"45170",4,12,98,0
"45171",1,10,54,0
"45172",2,10,54,0
"45173",3,3,47,0
"45174",1,10,38,0
"45175",1,10,24,0
"45176",2,8,22,0
"45177",3,8,22,0
"45178",4,4,18,0
"45179",NA,0,35,0
"45180",1,10,68,0
"45181",2,10,68,0
"45182",3,4,62,0
"45183",1,10,53,0
"45184",2,18,61,0
"45185",3,18,61,0
"45186",4,13,56,0
"45187",1,10,90,0
"45188",2,6,86,0
"45189",3,4,84,0
"45190",1,10,79,0
"45191",NA,0,NA,NA
"45192",2,8,77,0
"45193",2,13,82,0
"45194",3,11,80,0
"45195",4,5,74,0
"45196",1,10,73,0
"45197",2,10,73,0
"45198",3,4,67,0
"45199",4,4,67,0
"45200",1,10,36,0
"45201",2,7,33,0
"45202",1,10,44,0
"45203",1,10,32,0
"45204",2,6,28,0
"45205",3,1,23,0
"45206",1,10,20,0
"45207",2,10,20,0
"45208",3,7,17,0
"45209",4,4,14,0
"45210",NA,0,35,0
"45211",1,10,65,0
"45212",2,10,65,0
"45213",3,10,65,0
"45214",4,6,61,0
"45215",1,10,88,0
"45216",2,9,87,0
"45217",1,10,82,0
"45218",1,10,68,0
"45219",2,10,68,0
"45220",3,3,61,0
"45221",4,3,61,0
"45222",1,10,91,0
"45223",2,2,83,0
"45224",3,1,82,0
"45225",1,10,18,0
"45226",1,10,13,0
"45227",2,3,6,0
"45228",3,1,4,0
"45229",NA,0,NA,0
"45230",4,2,5,0
"45231",NA,0,35,0
"45232",1,10,65,0
"45233",1,20,75,0
"45234",NA,0,NA,0
"45235",2,7,62,0
"45236",NA,0,NA,0
"45237",3,10,65,0
"45238",1,10,54,0
"45239",2,4,48,0
"45240",NA,0,NA,0
"45241",3,15,59,0
"45242",NA,0,NA,NA
"45243",NA,0,35,0
"45244",1,10,59,0
"45245",1,10,36,0
"45246",1,15,41,0
"45247",2,11,37,0
"45248",3,8,34,0
"45249",4,1,27,0
"45250",1,10,72,0
"45251",1,10,62,0
"45252",2,10,62,0
"45253",3,5,57,0
"45254",4,1,53,0
"45255",1,10,50,0
"45256",2,5,45,0
"45257",1,10,35,0
"45258",1,10,22,0
"45259",2,8,20,0
"45260",3,8,20,0
"45261",4,10,22,0
"45262",NA,0,35,0
"45263",1,10,66,0
"45264",2,7,63,0
"45265",3,9,65,0
"45266",1,10,54,0
"45267",2,7,51,0
"45268",2,12,56,0
"45269",3,10,54,0
"45270",NA,0,NA,NA
"45271",1,10,38,0
"45272",2,7,35,0
"45273",NA,0,NA,0
"45274",3,7,35,0
"45275",4,9,37,0
"45276",NA,0,35,0
"45277",1,10,80,0
"45278",2,10,80,0
"45279",3,10,80,0
"45280",4,10,80,0
"45281",1,10,79,0
"45282",2,11,80,0
"45283",3,11,80,0
"45284",4,11,80,0
"45285",1,10,73,0
"45286",2,10,73,0
"45287",3,8,71,0
"45288",4,8,71,0
"45289",1,10,87,0
"45290",2,4,81,0
"45291",1,10,70,0
"45292",2,4,64,0
"45293",1,10,59,0
"45294",2,5,54,0
"45295",3,5,54,0
"45296",4,5,54,0
"45297",1,10,94,0
"45298",2,9,93,0
"45299",3,6,90,0
"45300",NA,0,20,0
"45301",1,10,21,0
"45302",2,10,21,0
"45303",3,13,24,0
"45304",3,18,29,0
"45305",4,18,29,0
"45306",NA,0,35,0
"45307",1,10,74,0
"45308",NA,0,NA,0
"45309",2,10,74,0
"45310",3,10,74,0
"45311",4,15,79,0
"45312",1,10,74,0
"45313",1,10,23,0
"45314",NA,0,NA,0
"45315",2,6,19,0
"45316",NA,0,NA,0
"45317",3,3,16,0
"45318",NA,0,NA,0
"45319",4,10,23,0
"45320",NA,0,35,0
"45321",1,10,68,0
"45322",1,10,47,0
"45323",2,10,47,0
"45324",NA,0,NA,0
"45325",3,5,42,0
"45326",4,5,42,0
"45327",NA,0,35,0
"45328",1,10,65,0
"45329",2,10,65,0
"45330",NA,0,NA,NA
"45331",NA,0,NA,NA
"45332",NA,0,35,0
"45333",1,10,72,0
"45334",2,10,72,0
"45335",NA,0,NA,0
"45336",3,4,66,0
"45337",4,4,66,0
"45338",1,10,87,0
"45339",2,4,81,0
"45340",3,3,80,0
"45341",1,10,74,0
"45342",2,6,70,0
"45343",3,6,70,0
"45344",1,10,61,0
"45345",1,10,39,0
"45346",2,3,32,0
"45347",1,10,27,0
"45348",1,10,16,0
"45349",1,6,6,0
"45350",2,5,5,0
"45351",3,3,3,0
"45352",4,6,6,0
"45353",NA,0,35,0
"45354",1,10,65,0
"45355",2,8,63,0
"45356",3,5,60,1
"45357",NA,0,15,0
"45358",NA,0,35,0
"45359",1,10,70,0
"45360",1,10,58,0
"45361",2,10,58,0
"45362",3,10,58,0
"45363",4,10,58,0
"45364",1,10,80,0
"45365",2,8,78,0
"45366",3,5,75,0
"45367",4,5,75,0
"45368",1,10,79,0
"45369",2,10,79,0
"45370",NA,0,NA,NA
"45371",3,1,70,0
"45372",4,1,70,0
"45373",1,10,84,0
"45374",2,9,83,0
"45375",3,13,87,0
"45376",1,10,71,0
"45377",2,15,76,0
"45378",3,15,76,0
"45379",4,8,69,0
"45380",1,10,73,0
"45381",2,6,69,0
"45382",3,6,69,0
"45383",1,10,52,0
"45384",2,22,64,0
"45385",3,15,57,0
"45386",4,12,54,0
"45387",1,10,86,0
"45388",2,7,83,0
"45389",3,4,80,0
"45390",1,10,69,0
"45391",1,15,74,0
"45392",2,15,74,0
"45393",3,15,74,0
"45394",4,14,73,0
"45395",1,10,63,0
"45396",1,10,52,0
"45397",2,8,50,0
"45398",NA,0,NA,0
"45399",3,6,48,0
"45400",4,1,43,0
"45401",1,10,40,0
"45402",1,15,45,0
"45403",2,9,39,0
"45404",NA,0,NA,0
"45405",3,3,33,0
"45406",1,10,25,0
"45407",2,10,25,0
"45408",3,10,25,0
"45409",3,15,30,0
"45410",NA,0,NA,0
"45411",1,10,12,0
"45412",NA,0,35,0
"45413",1,10,65,0
"45414",NA,0,NA,NA
"45415",NA,0,35,0
"45416",1,10,65,0
"45417",2,10,65,0
"45418",3,4,59,0
"45419",4,4,59,0
"45420",1,10,88,0
"45421",2,8,86,0
"45422",3,8,86,0
"45423",4,8,86,0
"45424",1,10,60,0
"45425",2,3,53,0
"45426",1,10,45,0
"45427",1,8,8,0
"45428",2,8,8,0
"45429",3,8,8,0
"45430",4,8,8,0
"45431",NA,0,35,0
"45432",1,10,69,0
"45433",2,7,66,0
"45434",3,5,64,0
"45435",1,10,59,0
"45436",2,6,55,0
"45437",3,8,57,0
"45438",4,16,65,0
"45439",1,10,55,0
"45440",2,17,62,0
"45441",3,8,53,0
"45442",4,3,48,0
"45443",1,10,80,0
"45444",2,3,73,0
"45445",3,1,71,0
"45446",1,10,69,0
"45447",2,10,69,0
"45448",3,8,67,0
"45449",4,8,67,0
"45450",1,10,81,0
"45451",NA,0,NA,NA
"45452",2,8,79,0
"45453",3,1,72,0
"45454",4,2,73,0
"45455",1,10,76,0
"45456",1,10,20,0
"45457",2,10,20,0
"45458",NA,0,NA,0
"45459",3,11,21,0
"45460",4,12,22,0
"45461",NA,0,35,0
"45462",1,10,65,0
"45463",1,15,70,0
"45464",2,15,70,0
"45465",3,7,62,0
"45466",3,12,67,0
"45467",1,10,45,0
"45468",2,18,53,0
"45469",3,17,52,0
"45470",4,7,42,0
"45471",1,10,56,0
"45472",1,10,39,0
"45473",2,6,35,0
"45474",3,6,35,0
"45475",1,10,23,0
"45476",2,9,22,0
"45477",1,10,11,0
"45478",NA,0,NA,0
"45479",2,4,5,0
"45480",NA,0,NA,0
"45481",3,8,9,0
"45482",NA,0,NA,0
"45483",4,3,4,0
"45484",NA,0,35,0
"45485",NA,0,NA,0
"45486",1,10,65,0
"45487",2,10,65,0
"45488",3,10,65,0
"45489",4,4,59,0
"45490",1,10,44,0
"45491",2,4,38,0
"45492",3,4,38,0
"45493",1,10,34,0
"45494",2,10,34,0
"45495",3,10,34,0
"45496",4,10,34,0
"45497",1,10,22,0
"45498",1,6,6,0
"45499",2,6,6,0
"45500",2,11,11,0
"45501",3,11,11,0
"45502",NA,0,NA,0
"45503",4,11,11,0
"45504",1,10,89,0
"45505",NA,0,NA,NA
"45506",NA,0,NA,NA
"45507",NA,0,35,0
"45508",1,10,70,0
"45509",2,1,61,0
"45510",1,5,5,1
"45511",NA,0,15,0
"45512",NA,0,35,0
"45513",1,10,65,0
"45514",2,1,56,0
"45515",1,10,52,0
"45516",2,10,52,0
"45517",3,6,48,0
"45518",1,10,28,0
"45519",2,8,26,0
"45520",3,1,19,0
"45521",1,10,17,0
"45522",2,2,9,0
"45523",3,8,15,0
"45524",4,1,8,0
"45525",1,10,92,0
"45526",2,3,85,0
"45527",1,10,74,0
"45528",2,5,69,0
"45529",3,6,70,0
"45530",1,10,63,0
"45531",1,10,28,0
"45532",1,7,7,0
"45533",2,2,2,1
"45534",NA,0,15,0
"45535",NA,0,35,0
"45536",1,10,65,0
"45537",1,10,46,0
"45538",NA,0,NA,NA
"45539",2,4,40,0
"45540",1,10,26,0
"45541",2,2,18,0
"45542",1,10,12,0
"45543",2,3,5,0
"45544",3,1,3,0
"45545",1,1,1,0
"45546",2,2,2,1
"45547",NA,0,15,0
"45548",NA,0,35,0
"45549",1,10,65,0
"45550",2,10,65,0
"45551",3,10,65,0
"45552",4,10,65,0
"45553",1,10,89,0
"45554",2,4,83,0
"45555",3,1,80,0
"45556",4,2,81,0
"45557",1,10,69,0
"45558",2,8,67,0
"45559",3,2,61,0
"45560",3,7,66,0
"45561",NA,0,NA,0
"45562",4,1,60,0
"45563",1,10,39,0
"45564",1,20,49,0
"45565",1,10,37,0
"45566",2,3,30,0
"45567",1,10,24,0
"45568",NA,0,NA,0
"45569",2,3,17,0
"45570",2,13,27,0
"45571",2,8,22,0
"45572",NA,0,NA,0
"45573",3,5,19,0
"45574",3,15,29,0
"45575",NA,0,NA,0
"45576",4,6,20,0
"45577",1,10,40,0
"45578",2,10,40,0
"45579",NA,0,NA,0
"45580",3,17,47,0
"45581",NA,0,NA,0
"45582",4,4,34,0
"45583",NA,0,35,0
"45584",1,10,68,0
"45585",1,10,55,0
"45586",1,10,41,0
"45587",2,10,41,0
"45588",NA,0,NA,NA
"45589",NA,0,35,0
"45590",1,10,65,0
"45591",1,10,38,0
"45592",1,15,43,0
"45593",2,22,50,0
"45594",3,17,45,0
"45595",1,10,25,0
"45596",2,1,16,0
"45597",1,10,13,0
"45598",1,10,80,0
"45599",1,10,51,0
"45600",2,7,48,0
"45601",3,1,42,0
"45602",1,10,22,0
"45603",2,4,16,0
"45604",3,3,15,1
"45605",NA,0,15,0
"45606",NA,0,35,0
"45607",1,10,70,0
"45608",2,9,69,0
"45609",3,6,66,0
"45610",1,10,58,0
"45611",2,10,58,0
"45612",3,10,58,0
"45613",4,16,64,0
"45614",1,10,63,0
"45615",1,10,47,0
"45616",2,4,41,0
"45617",1,10,35,1
"45618",NA,0,15,0
"45619",NA,0,35,0
"45620",1,10,74,0
"45621",2,10,74,0
"45622",3,8,72,0
"45623",4,11,75,0
"45624",1,10,51,0
"45625",NA,0,NA,NA
"45626",1,10,17,0
"45627",2,5,12,0
"45628",3,3,10,0
"45629",1,2,2,1
"45630",NA,0,15,0
"45631",NA,0,35,0
"45632",1,10,65,0
"45633",2,9,64,0
"45634",3,18,73,0
"45635",4,19,74,0
"45636",1,10,68,0
"45637",2,7,65,0
"45638",3,7,65,0
"45639",4,7,65,0
"45640",1,10,95,0
"45641",1,10,79,0
"45642",2,10,79,0
"45643",3,7,76,0
"45644",4,11,80,0
"45645",1,10,69,0
"45646",2,8,67,0
"45647",3,3,62,0
"45648",4,1,60,0
"45649",1,10,83,0
"45650",2,9,82,0
"45651",3,9,82,0
"45652",4,9,82,0
"45653",1,10,64,0
"45654",2,8,62,0
"45655",3,5,59,0
"45656",1,10,44,0
"45657",2,9,43,0
"45658",3,9,43,0
"45659",1,10,23,0
"45660",2,11,24,0
"45661",NA,0,NA,NA
"45662",NA,0,NA,NA
"45663",NA,0,35,0
"45664",1,10,75,0
"45665",2,7,72,0
"45666",3,3,68,0
"45667",4,12,77,0
"45668",1,10,81,0
"45669",1,10,39,0
"45670",2,13,42,0
"45671",3,15,44,0
"45672",4,3,32,0
"45673",1,10,23,0
"45674",2,7,20,0
"45675",3,1,14,0
"45676",1,10,12,0
"45677",1,10,86,0
"45678",2,11,87,0
"45679",3,8,84,0
"45680",4,1,77,0
"45681",1,10,73,0
"45682",2,10,73,0
"45683",1,10,68,0
"45684",2,9,67,0
"45685",3,5,63,0
"45686",4,5,63,0
"45687",1,10,89,0
"45688",2,8,87,0
"45689",3,8,87,0
"45690",4,8,87,0
"45691",1,5,5,0
"45692",NA,0,NA,0
"45693",1,15,15,0
"45694",2,15,15,1
"45695",NA,0,15,0
"45696",NA,0,35,0
"45697",1,10,74,0
"45698",2,2,66,0
"45699",3,2,66,0
"45700",1,10,38,0
"45701",2,11,39,0
"45702",NA,0,NA,NA
"45703",3,18,46,0
"45704",3,23,51,0
"45705",4,10,38,0
"45706",1,10,53,0
"45707",2,13,56,0
"45708",3,5,48,0
"45709",1,10,37,0
"45710",1,10,25,0
"45711",2,7,22,0
"45712",3,7,22,0
"45713",4,7,22,0
"45714",NA,0,35,0
"45715",1,10,65,0
"45716",1,15,70,0
"45717",2,12,67,0
"45718",2,17,72,0
"45719",3,6,61,0
"45720",1,10,42,0
"45721",2,10,42,0
"45722",1,10,20,0
"45723",2,2,12,0
"45724",3,6,16,0
"45725",3,16,26,0
"45726",1,4,4,0
"45727",2,1,1,0
"45728",3,1,1,1
"45729",NA,0,15,0
"45730",NA,0,35,0
"45731",1,10,68,0
"45732",2,17,75,0
"45733",3,17,75,0
"45734",4,6,64,0
"45735",1,10,80,0
"45736",2,7,77,0
"45737",3,4,74,0
"45738",1,10,67,0
"45739",2,10,67,0
"45740",3,6,63,0
"45741",4,6,63,0
"45742",1,10,82,0
"45743",2,5,77,0
"45744",NA,0,NA,0
"45745",1,10,70,0
"45746",NA,0,NA,0
"45747",2,8,68,0
"45748",1,10,53,0
"45749",2,10,53,0
"45750",2,15,58,0
"45751",3,15,58,0
"45752",NA,0,NA,NA
"45753",NA,0,35,0
"45754",1,10,60,0
"45755",2,9,59,0
"45756",3,1,51,0
"45757",1,10,49,0
"45758",2,7,46,0
"45759",3,13,52,0
"45760",4,23,62,0
"45761",1,10,74,0
"45762",2,7,71,0
"45763",1,10,34,0
"45764",2,9,33,0
"45765",3,9,33,0
"45766",4,9,33,0
"45767",NA,0,35,0
"45768",1,10,67,0
"45769",2,7,64,0
"45770",1,10,49,0
"45771",2,10,49,0
"45772",3,10,49,0
"45773",4,4,43,0
"45774",1,10,29,0
"45775",2,8,27,0
"45776",3,4,23,0
"45777",4,3,22,0
"45778",1,9,9,0
"45779",2,9,9,0
"45780",3,1,1,0
"45781",4,1,1,0
"45782",4,11,11,0
"45783",NA,0,35,0
"45784",1,10,64,0
"45785",2,7,61,0
"45786",1,10,53,0
"45787",1,10,38,0
"45788",NA,0,NA,NA
"45789",2,14,42,0
"45790",3,10,38,0
"45791",1,10,28,0
"45792",2,5,23,0
"45793",3,6,24,0
"45794",1,10,18,0
"45795",2,10,18,0
"45796",3,11,19,0
"45797",4,11,19,0
"45798",NA,0,35,0
"45799",1,10,75,0
"45800",2,10,75,0
"45801",3,5,70,0
"45802",4,5,70,0
"45803",1,10,76,0
"45804",2,6,72,0
"45805",1,10,59,0
"45806",2,18,67,0
"45807",3,23,72,0
"45808",4,23,72,0
"45809",1,10,75,0
"45810",2,5,70,0
"45811",1,10,61,0
"45812",2,1,52,0
"45813",1,10,23,0
"45814",2,7,20,0
"45815",3,7,20,0
"45816",1,10,27,0
"45817",NA,0,NA,0
"45818",2,6,23,0
"45819",NA,0,NA,0
"45820",3,4,21,0
"45821",NA,0,NA,0
"45822",4,3,20,0
"45823",NA,0,35,0
"45824",1,10,65,0
"45825",2,10,65,0
"45826",3,6,61,0
"45827",4,1,56,0
"45828",1,10,54,0
"45829",1,10,28,0
"45830",1,10,16,1
"45831",NA,0,15,0
"45832",NA,0,35,0
"45833",1,10,43,0
"45834",2,11,44,0
"45835",NA,0,NA,NA
"45836",NA,0,NA,NA
"45837",NA,0,35,0
"45838",1,10,80,0
"45839",1,10,70,0
"45840",2,5,65,0
"45841",1,10,58,0
"45842",2,6,54,0
"45843",3,2,50,0
"45844",1,10,47,0
"45845",1,10,30,0
"45846",2,1,21,0
"45847",3,1,21,0
"45848",1,10,17,1
"45849",NA,0,15,0
"45850",NA,0,35,0
"45851",1,10,65,0
"45852",2,5,60,0
"45853",3,5,60,0
"45854",3,10,65,0
"45855",4,10,65,0
"45856",1,10,68,0
"45857",1,10,42,0
"45858",2,7,39,0
"45859",3,7,39,0
"45860",4,1,33,0
"45861",1,10,67,0
"45862",2,11,68,0
"45863",3,6,63,0
"45864",4,6,63,0
"45865",1,10,84,0
"45866",2,5,79,0
"45867",1,10,58,0
"45868",1,10,40,0
"45869",2,4,34,0
"45870",NA,0,NA,NA
"45871",3,4,34,0
"45872",4,4,34,0
"45873",1,10,27,0
"45874",2,10,27,0
"45875",2,20,37,0
"45876",3,20,37,0
"45877",1,10,11,0
"45878",2,6,7,0
"45879",3,5,6,1
"45880",NA,0,15,0
"45881",NA,0,35,0
"45882",1,10,69,0
"45883",2,8,67,0
"45884",3,3,62,0
"45885",1,10,58,0
"45886",2,5,53,0
"45887",3,2,50,0
"45888",4,1,49,0
"45889",1,10,51,0
"45890",1,10,33,0
"45891",1,10,11,0
"45892",2,7,8,0
"45893",3,1,2,1
"45894",NA,0,15,0
"45895",NA,0,35,0
"45896",1,10,75,0
"45897",2,8,73,0
"45898",3,8,73,0
"45899",4,1,66,0
"45900",1,10,64,0
"45901",2,10,64,0
"45902",3,6,60,0
"45903",1,10,49,0
"45904",2,10,49,0
"45905",3,6,45,0
"45906",1,10,37,0
"45907",2,17,44,0
"45908",NA,0,NA,0
"45909",3,14,41,0
"45910",4,14,41,0
"45911",1,10,98,0
"45912",NA,0,NA,0
"45913",2,7,95,0
"45914",NA,0,NA,NA
"45915",NA,0,35,0
"45916",1,10,70,0
"45917",2,6,66,0
"45918",3,5,65,0
"45919",4,1,61,0
"45920",1,10,54,0
"45921",1,10,40,0
"45922",2,1,31,0
"45923",1,10,26,0
"45924",2,6,22,0
"45925",3,6,22,0
"45926",1,10,13,0
"45927",NA,0,NA,0
"45928",1,1,1,0
"45929",2,2,2,0
"45930",3,2,2,0
"45931",4,2,2,1
"45932",NA,0,2,0
"45933",NA,0,35,0
"45934",1,10,64,0
"45935",1,15,69,0
"45936",2,15,69,0
"45937",3,15,69,0
"45938",4,19,73,0
"45939",1,10,68,0
"45940",1,10,31,0
"45941",1,10,21,0
"45942",2,3,14,0
"45943",1,10,10,0
"45944",2,4,4,0
"45945",3,2,2,0
"45946",4,1,1,0
"45947",1,10,97,0
"45948",2,11,98,0
"45949",3,5,92,0
"45950",4,1,88,0
"45951",4,6,93,0
"45952",NA,0,NA,NA
"45953",1,10,55,0
"45954",1,10,32,0
"45955",1,10,18,0
"45956",2,4,12,0
"45957",1,6,6,1
"45958",NA,0,2,0
"45959",NA,0,35,0
"45960",1,10,48,0
"45961",2,10,48,0
"45962",3,11,49,0
"45963",1,10,36,0
"45964",2,10,36,0
"45965",3,3,29,0
"45966",1,10,19,0
"45967",2,5,14,0
"45968",1,9,9,0
"45969",1,2,2,1
"45970",NA,0,2,0
"45971",NA,0,35,0
"45972",1,10,77,0
"45973",2,4,71,0
"45974",1,10,59,0
"45975",2,10,59,0
"45976",3,4,53,0
"45977",1,10,39,0
"45978",2,10,39,0
"45979",3,3,32,0
"45980",4,1,30,0
"45981",1,10,28,0
"45982",2,11,29,0
"45983",3,12,30,0
"45984",NA,0,NA,NA
"45985",NA,0,NA,NA
"45986",NA,0,35,0
"45987",1,10,70,0
"45988",2,8,68,0
"45989",1,10,59,0
"45990",1,10,39,0
"45991",2,4,33,0
"45992",3,4,33,0
"45993",1,10,24,0
"45994",2,2,16,0
"45995",1,10,10,0
"45996",1,1,1,0
"45997",2,12,12,0
"45998",NA,0,NA,0
"45999",3,8,8,0
"46000",4,4,4,0
"46001",1,10,95,0
"46002",2,8,93,0
"46003",3,3,88,0
"46004",4,3,88,0
"46005",1,10,35,0
"46006",2,7,32,0
"46007",3,2,27,1
"46008",NA,0,15,0
"46009",NA,0,35,0
"46010",1,10,65,0
"46011",2,8,63,0
"46012",3,9,64,0
"46013",4,2,57,0
"46014",1,10,82,0
"46015",1,10,62,0
"46016",2,9,61,0
"46017",1,10,49,0
"46018",2,10,49,0
"46019",NA,0,NA,NA
"46020",2,15,54,0
"46021",1,10,37,0
"46022",1,10,26,0
"46023",2,10,26,0
"46024",3,14,30,0
"46025",4,13,29,0
"46026",1,10,63,0
"46027",2,4,57,0
"46028",1,10,48,0
"46029",2,11,49,0
"46030",3,11,49,0
"46031",NA,0,NA,0
"46032",4,1,39,0
"46033",1,10,60,0
"46034",1,10,42,0
"46035",2,8,40,0
"46036",3,4,36,0
"46037",1,10,31,0
"46038",2,4,25,0
"46039",2,11,32,0
"46040",3,6,27,0
"46041",4,6,27,0
"46042",NA,0,35,0
"46043",1,10,60,0
"46044",2,16,66,0
"46045",3,11,61,0
"46046",1,10,48,0
"46047",2,4,42,0
"46048",1,10,37,0
"46049",2,7,34,0
"46050",3,3,30,0
"46051",NA,0,NA,0
"46052",4,3,30,0
"46053",NA,0,35,0
"46054",1,10,65,0
"46055",2,16,71,0
"46056",NA,0,NA,NA
"46057",NA,0,35,0
"46058",1,10,88,0
"46059",2,5,83,0
"46060",3,4,82,0
"46061",1,10,69,0
"46062",2,3,62,0
"46063",1,10,58,0
"46064",2,7,55,0
"46065",3,13,61,0
"46066",4,13,61,0
"46067",1,10,63,0
"46068",2,8,61,0
"46069",1,10,48,0
"46070",2,2,40,0
"46071",3,2,40,0
"46072",4,7,45,0
"46073",1,10,91,0
"46074",2,7,88,0
"46075",3,2,83,0
"46076",4,1,82,0
"46077",1,10,68,0
"46078",2,17,75,0
"46079",3,17,75,0
"46080",1,10,56,0
"46081",1,10,37,0
"46082",1,10,25,0
"46083",2,10,25,0
"46084",3,9,24,0
"46085",1,10,17,0
"46086",2,12,19,0
"46087",NA,0,NA,NA
"46088",3,7,14,0
"46089",4,6,13,0
"46090",NA,0,35,0
"46091",1,10,70,0
"46092",1,10,50,0
"46093",1,10,39,0
"46094",2,6,35,0
"46095",1,10,25,0
"46096",1,9,9,0
"46097",2,6,6,0
"46098",1,10,97,0
"46099",2,9,96,0
"46100",1,10,83,0
"46101",2,8,81,0
"46102",3,2,75,0
"46103",1,10,70,0
"46104",1,10,59,0
"46105",1,10,48,0
"46106",2,4,42,0
"46107",1,10,36,0
"46108",2,10,36,0
"46109",NA,0,NA,0
"46110",3,10,36,0
"46111",NA,0,NA,0
"46112",1,10,12,0
"46113",NA,0,NA,0
"46114",2,7,9,0
"46115",3,4,6,0
"46116",4,1,3,0
"46117",4,6,8,0
"46118",1,10,80,0
"46119",2,10,80,0
"46120",3,6,76,0
"46121",4,6,76,0
"46122",1,10,24,0
"46123",2,11,25,0
"46124",3,11,25,0
"46125",NA,0,NA,NA
"46126",NA,0,NA,NA
"46127",NA,0,35,0
"46128",1,10,69,0
"46129",2,18,77,0
"46130",2,28,87,0
"46131",3,28,87,0
"46132",4,28,87,0
"46133",1,10,58,0
"46134",2,9,57,0
"46135",3,5,53,0
"46136",3,10,58,0
"46137",1,10,19,0
"46138",1,7,7,1
"46139",NA,0,15,0
"46140",NA,0,35,0
"46141",1,10,67,0
"46142",2,8,65,0
"46143",1,10,43,0
"46144",2,6,39,0
"46145",1,10,33,0
"46146",2,10,33,0
"46147",3,5,28,0
"46148",1,10,23,1
"46149",NA,0,15,0
"46150",NA,0,35,0
"46151",1,10,76,0
"46152",2,8,74,0
"46153",1,10,65,0
"46154",2,10,65,0
"46155",3,6,61,0
"46156",4,6,61,0
"46157",1,10,80,0
"46158",2,4,74,0
"46159",3,4,74,0
"46160",4,12,82,0
"46161",1,10,69,0
"46162",2,7,66,0
"46163",3,4,63,0
"46164",NA,0,NA,NA
"46165",4,4,63,0
"46166",1,10,82,0
"46167",1,10,71,0
"46168",2,6,67,0
"46169",1,10,56,0
"46170",1,10,39,0
"46171",1,7,7,1
"46172",NA,0,15,0
"46173",NA,0,35,0
"46174",1,10,65,0
"46175",2,4,59,0
"46176",3,3,58,0
"46177",NA,0,NA,0
"46178",1,10,37,0
"46179",1,20,47,0
"46180",2,20,47,0
"46181",3,18,45,1
"46182",NA,0,15,0
"46183",NA,0,35,0
"46184",1,10,65,0
"46185",2,10,65,0
"46186",3,8,63,0
"46187",4,8,63,0
"46188",1,10,86,0
"46189",2,12,88,0
"46190",1,10,59,0
"46191",2,1,50,0
"46192",1,10,38,0
"46193",2,2,30,0
"46194",1,10,14,0
"46195",2,6,10,0
"46196",3,1,5,1
"46197",NA,0,15,0
"46198",NA,0,35,0
"46199",1,10,65,0
"46200",2,1,56,0
"46201",1,10,53,0
"46202",2,10,53,0
"46203",3,9,52,0
"46204",NA,0,NA,0
"46205",4,8,51,0
"46206",NA,0,NA,0
"46207",1,10,49,0
"46208",NA,0,NA,NA
"46209",NA,0,35,0
"46210",1,10,65,0
"46211",2,11,66,0
"46212",3,11,66,0
"46213",4,17,72,0
"46214",1,10,79,0
"46215",1,10,69,0
"46216",2,6,65,0
"46217",3,6,65,0
"46218",1,10,55,0
"46219",2,10,55,0
"46220",1,10,41,0
"46221",2,12,43,0
"46222",3,12,43,0
"46223",3,17,48,0
"46224",4,17,48,0
"46225",1,10,85,0
"46226",2,7,82,0
"46227",3,6,81,0
"46228",4,1,76,0
"46229",1,10,75,0
"46230",2,5,70,0
"46231",2,10,75,0
"46232",1,10,64,0
"46233",2,9,63,0
"46234",1,10,54,0
"46235",2,7,51,0
"46236",1,10,38,0
"46237",2,7,35,0
"46238",3,6,34,0
"46239",4,6,34,0
"46240",NA,0,35,0
"46241",1,10,65,0
"46242",2,9,64,0
"46243",NA,0,NA,NA
"46244",3,4,59,0
"46245",1,10,55,0
"46246",2,4,49,0
"46247",3,4,49,0
"46248",4,4,49,0
"46249",1,10,51,0
"46250",2,10,51,0
"46251",1,10,28,0
"46252",2,8,26,0
"46253",3,7,25,0
"46254",1,10,17,0
"46255",2,6,13,0
"46256",3,4,11,0
"46257",1,3,3,0
"46258",2,5,5,1
"46259",NA,0,15,0
"46260",NA,0,35,0
"46261",1,10,65,0
"46262",2,4,59,0
"46263",3,1,56,0
"46264",1,10,53,0
"46265",1,10,43,0
"46266",2,7,40,0
"46267",3,1,34,0
"46268",3,2,35,0
"46269",4,3,36,0
"46270",1,10,26,0
"46271",2,11,27,0
"46272",3,11,27,0
"46273",4,18,34,0
"46274",1,10,58,0
"46275",2,10,58,0
"46276",3,11,59,0
"46277",NA,0,NA,NA
"46278",NA,0,NA,NA
"46279",NA,0,35,0
"46280",1,10,68,0
"46281",1,10,51,0
"46282",1,15,56,0
"46283",2,22,63,0
"46284",3,9,50,0
"46285",4,9,50,0
"46286",1,10,85,0
"46287",1,10,69,0
"46288",2,8,67,0
"46289",3,5,64,0
"46290",1,10,58,0
"46291",2,8,56,0
"46292",1,10,51,0
"46293",2,10,51,0
"46294",3,7,48,0
"46295",4,3,44,0
"46296",1,10,39,0
"46297",2,9,38,0
"46298",1,10,25,0
"46299",2,9,24,0
"46300",1,10,11,0
"46301",2,4,5,0
"46302",NA,0,NA,0
"46303",3,5,6,0
"46304",4,5,6,0
"46305",1,10,80,0
"46306",2,8,78,0
"46307",1,10,69,0
"46308",2,2,61,0
"46309",3,1,60,0
"46310",NA,0,NA,NA
"46311",1,10,33,0
"46312",1,10,18,0
"46313",2,7,15,0
"46314",3,7,15,1
"46315",NA,0,15,0
"46316",NA,0,35,0
"46317",1,10,65,0
"46318",2,9,64,0
"46319",3,7,62,0
"46320",1,10,37,0
"46321",1,10,25,0
"46322",2,9,24,0
"46323",3,9,24,0
"46324",1,1,1,0
"46325",2,1,1,1
"46326",NA,0,15,0
"46327",NA,0,35,0
"46328",1,10,65,0
"46329",2,9,64,0
"46330",1,10,54,0
"46331",2,6,50,0
"46332",2,1,45,0
"46333",1,10,14,0
"46334",2,5,9,0
"46335",3,2,6,0
"46336",NA,0,NA,0
"46337",4,2,6,0
"46338",NA,0,NA,0
"46339",1,10,94,0
"46340",2,8,92,0
"46341",3,2,86,0
"46342",1,10,79,0
"46343",2,7,76,0
"46344",1,10,22,0
"46345",1,10,20,0
"46346",2,10,20,0
"46347",3,10,20,0
"46348",1,10,71,0
"46349",2,2,63,0
"46350",NA,0,NA,0
"46351",1,10,49,0
"46352",1,10,38,0
"46353",2,10,38,0
"46354",NA,0,NA,NA
"46355",NA,0,35,0
"46356",1,10,74,0
"46357",2,10,74,0
"46358",3,8,72,0
"46359",4,8,72,0
"46360",1,10,91,0
"46361",2,10,91,0
"46362",1,10,80,0
"46363",2,1,71,0
"46364",3,1,71,0
"46365",4,1,71,0
"46366",4,6,76,0
"46367",1,10,67,0
"46368",1,15,72,0
"46369",2,6,63,0
"46370",NA,0,NA,0
"46371",1,10,58,0
"46372",1,10,28,0
"46373",2,8,26,0
"46374",3,8,26,0
"46375",1,10,18,0
"46376",2,3,11,0
"46377",1,6,6,0
"46378",2,3,3,0
"46379",NA,0,NA,0
"46380",3,2,2,1
"46381",NA,0,15,0
"46382",NA,0,35,0
"46383",1,10,65,0
"46384",2,7,62,0
"46385",3,7,62,0
"46386",4,7,62,0
"46387",1,10,73,0
"46388",2,4,67,0
"46389",3,3,66,0
"46390",1,10,60,0
"46391",1,10,48,0
"46392",1,10,36,0
"46393",1,10,23,0
"46394",2,10,23,NA
"46395",2,10,23,0
"46396",3,8,21,0
"46397",4,8,21,0
"46398",NA,0,35,0
"46399",1,10,65,0
"46400",NA,0,NA,NA
"46401",1,10,54,0
"46402",2,2,46,0
"46403",1,10,43,0
"46404",2,1,34,0
"46405",1,10,30,0
"46406",1,1,1,0
"46407",2,1,1,0
"46408",2,5,5,0
"46409",1,1,1,0
"46410",NA,0,NA,0
"46411",2,3,3,0
"46412",3,2,2,1
"46413",NA,0,15,0
"46414",NA,0,35,0
"46415",1,10,65,0
"46416",2,4,59,0
"46417",3,4,59,0
"46418",4,4,59,0
"46419",1,10,77,0
"46420",1,10,45,0
"46421",1,10,34,0
"46422",2,8,32,0
"46423",1,10,14,0
"46424",2,9,13,0
"46425",3,7,11,0
"46426",1,4,4,0
"46427",2,1,1,0
"46428",2,6,6,0
"46429",3,1,1,1
"46430",NA,0,15,0
"46431",NA,0,35,0
"46432",1,10,65,0
"46433",1,10,53,0
"46434",2,11,54,0
"46435",3,11,54,0
"46436",1,10,38,0
"46437",2,10,38,0
"46438",3,3,31,0
"46439",4,3,31,0
"46440",1,10,69,0
"46441",NA,0,NA,0
"46442",2,4,63,0
"46443",NA,0,NA,0
"46444",3,3,62,0
"46445",NA,0,NA,0
"46446",4,2,61,0
"46447",1,10,72,0
"46448",2,10,72,0
"46449",3,10,72,0
"46450",4,17,79,0
"46451",1,10,21,0
"46452",NA,0,NA,NA
"46453",NA,0,NA,NA
"46454",NA,0,35,0
"46455",1,10,66,0
"46456",2,13,69,0
"46457",3,8,64,0
"46458",4,8,64,0
"46459",1,10,94,0
"46460",2,7,91,0
"46461",3,7,91,0
"46462",1,10,77,0
"46463",1,20,87,0
"46464",2,8,75,0
"46465",1,10,65,0
"46466",1,15,70,0
"46467",2,7,62,0
"46468",3,7,62,0
"46469",4,7,62,0
"46470",1,10,80,0
"46471",2,7,77,0
"46472",2,12,82,0
"46473",3,2,72,0
"46474",1,10,60,0
"46475",2,10,60,0
"46476",1,10,33,0
"46477",2,7,30,0
"46478",3,6,29,0
"46479",4,4,27,0
"46480",4,9,32,0
"46481",NA,0,35,0
"46482",1,10,65,0
"46483",2,1,56,0
"46484",1,10,50,0
"46485",1,10,30,0
"46486",1,10,16,0
"46487",NA,0,NA,NA
"46488",1,3,3,0
"46489",2,3,3,1
"46490",NA,0,15,0
"46491",NA,0,35,0
"46492",1,10,36,0
"46493",2,3,29,0
"46494",1,10,17,0
"46495",2,10,17,0
"46496",3,12,19,0
"46497",NA,0,NA,0
"46498",4,2,9,0
"46499",1,10,92,0
"46500",2,6,88,0
"46501",1,10,73,0
"46502",2,4,67,0
"46503",1,10,56,0
"46504",1,10,44,0
"46505",NA,0,NA,0
"46506",2,10,44,0
"46507",1,8,8,0
"46508",2,2,2,0
"46509",3,2,2,1
"46510",NA,0,15,0
"46511",NA,0,35,0
"46512",1,10,74,0
"46513",2,6,70,0
"46514",NA,0,NA,0
"46515",3,6,70,0
"46516",4,6,70,0
"46517",1,10,72,0
"46518",2,10,72,0
"46519",3,1,63,0
"46520",1,10,62,0
"46521",2,4,56,0
"46522",1,10,51,0
"46523",2,8,49,0
"46524",3,8,49,0
"46525",NA,0,NA,0
"46526",4,4,45,0
"46527",4,9,50,0
"46528",1,10,97,0
"46529",1,10,79,0
"46530",1,15,84,0
"46531",2,6,75,0
"46532",1,10,41,0
"46533",1,5,36,0
"46534",NA,0,NA,NA
"46535",NA,0,35,0
"46536",1,10,74,0
"46537",2,8,72,0
"46538",3,8,72,0
"46539",1,10,63,0
"46540",1,10,45,0
"46541",2,6,41,0
"46542",3,5,40,0
"46543",1,10,35,0
"46544",2,8,33,0
"46545",3,5,30,0
"46546",3,9,34,0
"46547",4,4,29,0
"46548",NA,0,35,0
"46549",1,10,65,0
"46550",1,10,52,0
"46551",1,10,26,0
"46552",2,10,26,0
"46553",3,9,25,0
"46554",4,9,25,0
"46555",NA,0,35,0
"46556",1,10,69,0
"46557",2,8,67,0
"46558",3,20,79,0
"46559",4,20,79,0
"46560",1,10,62,0
"46561",2,5,57,0
"46562",3,4,56,0
"46563",1,10,38,0
"46564",2,7,35,0
"46565",3,2,30,0
"46566",1,10,16,0
"46567",NA,0,NA,NA
"46568",2,6,12,0
"46569",3,1,7,0
"46570",1,5,5,0
"46571",2,6,6,1
"46572",NA,0,15,0
"46573",NA,0,35,0
"46574",1,10,65,0
"46575",2,4,59,0
"46576",3,4,59,0
"46577",1,10,52,0
"46578",1,10,28,0
"46579",2,10,28,0
"46580",3,6,24,0
"46581",4,1,19,0
"46582",1,10,15,1
"46583",NA,0,15,0
"46584",NA,0,35,0
"46585",1,10,77,0
"46586",2,10,77,0
"46587",1,10,63,0
"46588",2,8,61,0
"46589",3,8,61,0
"46590",1,10,56,0
"46591",2,10,56,0
"46592",1,10,25,0
"46593",2,5,20,0
"46594",3,1,16,0
"46595",1,10,14,1
"46596",NA,0,15,0
"46597",NA,0,35,0
"46598",1,10,66,0
"46599",2,2,58,0
"46600",3,1,57,0
"46601",1,10,56,0
"46602",1,10,20,0
"46603",2,8,18,0
"46604",NA,0,NA,0
"46605",3,4,14,0
"46606",NA,0,NA,0
"46607",4,1,11,0
"46608",NA,0,NA,0
"46609",1,1,1,1
"46610",NA,0,15,0
"46611",NA,0,35,0
"46612",1,10,77,0
"46613",1,10,35,0
"46614",2,11,36,0
"46615",NA,0,NA,NA
"46616",NA,0,NA,NA
"46617",NA,0,35,0
"46618",1,10,68,0
"46619",2,9,67,0
"46620",3,3,61,0
"46621",1,10,56,0
"46622",2,10,56,0
"46623",3,8,54,0
"46624",1,10,42,0
"46625",2,2,34,0
"46626",3,1,33,0
"46627",1,10,24,0
"46628",2,14,28,0
"46629",3,12,26,0
"46630",1,10,14,0
"46631",2,10,14,0
"46632",3,5,9,0
"46633",4,5,9,0
"46634",NA,0,35,0
"46635",1,10,85,0
"46636",1,10,71,0
"46637",2,10,71,0
"46638",3,1,62,0
"46639",1,10,29,0
"46640",2,1,20,0
"46641",1,10,15,0
"46642",2,5,10,0
"46643",3,2,7,1
"46644",NA,0,15,0
"46645",NA,0,35,0
"46646",1,10,70,0
"46647",2,6,66,0
"46648",3,5,65,0
"46649",NA,0,NA,NA
"46650",4,2,62,0
"46651",1,10,44,0
"46652",2,7,41,0
"46653",3,7,41,0
"46654",4,6,40,0
"46655",1,10,87,0
"46656",2,3,80,0
"46657",1,10,67,0
"46658",2,10,67,0
"46659",1,10,31,0
"46660",2,7,28,0
"46661",NA,0,NA,0
"46662",3,8,29,0
"46663",1,10,19,0
"46664",2,9,18,0
"46665",3,9,18,1
"46666",NA,0,15,0
"46667",NA,0,35,0
"46668",1,10,73,0
"46669",2,8,71,0
"46670",3,5,68,0
"46671",4,5,68,0
"46672",1,10,32,0
"46673",2,3,25,0
"46674",3,1,23,0
"46675",4,1,23,0
"46676",1,1,1,0
"46677",2,1,1,0
"46678",NA,0,NA,0
"46679",3,1,1,0
"46680",4,1,1,1
"46681",NA,0,15,0
"46682",NA,0,35,0
"46683",1,10,65,0
"46684",1,10,43,0
"46685",2,10,43,0
"46686",3,10,43,0
"46687",NA,0,NA,0
"46688",4,4,37,0
"46689",1,10,63,0
"46690",1,10,47,0
"46691",2,10,47,0
"46692",1,10,36,0
"46693",2,10,36,0
"46694",NA,0,NA,0
"46695",3,10,36,0
"46696",NA,0,NA,NA
"46697",NA,0,35,0
"46698",1,10,80,0
"46699",2,10,80,0
"46700",3,12,82,0
"46701",4,12,82,0
"46702",1,10,63,0
"46703",2,7,60,0
"46704",3,7,60,0
"46705",1,10,31,0
"46706",1,10,12,0
"46707",2,9,11,0
"46708",3,14,16,0
"46709",4,14,16,0
"46710",NA,0,35,0
"46711",1,10,63,0
"46712",2,9,62,0
"46713",3,2,55,0
"46714",4,2,55,0
"46715",1,10,82,0
"46716",1,10,57,0
"46717",2,8,55,0
"46718",3,1,48,0
"46719",1,10,30,0
"46720",1,10,15,0
"46721",2,9,14,0
"46722",3,4,9,0
"46723",4,1,6,0
"46724",1,10,91,0
"46725",2,4,85,0
"46726",1,10,79,0
"46727",2,10,79,0
"46728",3,20,89,0
"46729",4,9,78,0
"46730",1,10,35,0
"46731",2,4,29,0
"46732",NA,0,NA,NA
"46733",3,4,29,0
"46734",1,10,24,0
"46735",2,10,24,0
"46736",3,10,24,0
"46737",4,19,33,0
"46738",NA,0,35,0
"46739",1,10,60,0
"46740",2,10,60,0
"46741",3,10,60,0
"46742",4,20,70,0
"46743",1,10,66,0
"46744",1,10,55,0
"46745",1,10,33,0
"46746",2,10,33,0
"46747",1,10,12,0
"46748",2,10,12,0
"46749",3,4,6,1
"46750",NA,0,15,0
"46751",NA,0,35,0
"46752",1,10,54,0
"46753",1,20,64,0
"46754",2,11,55,0
"46755",1,10,33,0
"46756",2,9,32,0
"46757",3,9,32,0
"46758",1,10,23,1
"46759",NA,0,15,0
"46760",NA,0,35,0
"46761",1,10,76,0
"46762",1,10,59,0
"46763",2,3,52,0
"46764",3,3,52,0
"46765",4,3,52,0
"46766",4,8,57,0
"46767",1,10,30,0
"46768",2,10,30,0
"46769",3,10,30,0
"46770",1,8,8,0
"46771",2,8,8,1
"46772",NA,0,2,0
"46773",NA,0,35,0
"46774",1,10,69,0
"46775",2,8,67,0
"46776",1,10,33,0
"46777",NA,0,NA,0
"46778",2,10,33,0
"46779",1,10,21,0
"46780",NA,0,NA,0
"46781",2,10,21,0
"46782",NA,0,NA,0
"46783",3,10,21,0
"46784",3,15,26,0
"46785",4,15,26,0
"46786",1,10,66,0
"46787",2,10,66,0
"46788",NA,0,NA,0
"46789",1,10,54,0
"46790",2,4,48,0
"46791",3,4,48,0
"46792",1,10,25,1
"46793",NA,0,15,0
"46794",NA,0,35,0
"46795",1,10,72,0
"46796",2,7,69,0
"46797",3,7,69,0
"46798",4,7,69,0
"46799",1,10,56,0
"46800",2,3,49,0
"46801",3,3,49,0
"46802",NA,0,NA,0
"46803",1,10,43,0
"46804",NA,0,NA,0
"46805",1,10,23,0
"46806",2,10,23,0
"46807",2,15,28,0
"46808",3,15,28,0
"46809",NA,0,NA,NA
"46810",NA,0,NA,NA
"46811",NA,0,35,0
"46812",1,10,80,0
"46813",1,10,70,0
"46814",1,10,53,0
"46815",2,9,52,0
"46816",3,7,50,0
"46817",4,7,50,0
"46818",1,10,90,0
"46819",2,5,85,0
"46820",3,5,85,0
"46821",1,10,49,0
"46822",2,8,47,0
"46823",NA,0,NA,0
"46824",3,6,45,0
"46825",3,11,50,0
"46826",4,11,50,0
"46827",1,10,72,0
"46828",1,10,47,0
"46829",1,10,33,0
"46830",2,4,27,0
"46831",1,10,21,0
"46832",2,10,21,0
"46833",3,10,21,0
"46834",4,3,14,0
"46835",NA,0,35,0
"46836",1,10,74,0
"46837",2,6,70,0
"46838",3,1,65,0
"46839",1,10,63,0
"46840",2,7,60,0
"46841",3,3,56,0
"46842",1,10,40,0
"46843",1,10,56,0
"46844",2,10,56,0
"46845",3,10,56,0
"46846",4,5,51,0
"46847",1,10,92,0
"46848",NA,0,NA,NA
"46849",2,2,84,0
"46850",3,2,84,0
"46851",1,10,80,0
"46852",2,10,80,0
"46853",1,10,67,0
"46854",2,4,61,0
"46855",3,3,60,0
"46856",1,10,54,0
"46857",2,1,45,0
"46858",1,10,39,0
"46859",2,4,33,0
"46860",1,10,13,0
"46861",2,3,6,1
"46862",NA,0,15,0
"46863",NA,0,35,0
"46864",1,10,62,0
"46865",2,10,62,0
"46866",3,21,73,0
"46867",4,10,62,0
"46868",1,10,81,0
"46869",2,6,77,0
"46870",1,10,21,0
"46871",2,12,23,0
"46872",3,14,25,0
"46873",4,2,13,0
"46874",1,9,9,0
"46875",2,8,8,0
"46876",3,8,8,0
"46877",4,17,17,0
"46878",NA,0,35,0
"46879",1,10,80,0
"46880",2,6,76,0
"46881",NA,0,NA,0
"46882",3,1,71,0
"46883",1,10,67,0
"46884",NA,0,NA,0
"46885",2,5,62,0
"46886",NA,0,NA,0
"46887",3,5,62,0
"46888",NA,0,NA,0
"46889",1,10,55,0
"46890",2,10,55,0
"46891",3,10,55,0
"46892",4,6,51,0
"46893",NA,0,NA,NA
"46894",NA,0,35,0
"46895",1,10,75,0
"46896",1,10,59,0
"46897",1,10,45,0
"46898",1,10,31,0
"46899",2,1,22,0
"46900",1,10,20,0
"46901",2,6,16,0
"46902",3,4,14,0
"46903",1,10,96,0
"46904",2,3,89,0
"46905",1,10,86,0
"46906",1,15,91,0
"46907",2,15,91,0
"46908",3,9,85,0
"46909",1,10,71,0
"46910",2,12,73,0
"46911",3,12,73,0
"46912",4,12,73,0
"46913",1,10,70,0
"46914",2,5,65,0
"46915",2,10,70,0
"46916",3,10,70,0
"46917",4,10,70,0
"46918",1,10,76,0
"46919",1,10,55,0
"46920",2,11,56,0
"46921",3,11,56,0
"46922",4,25,70,0
"46923",1,10,77,0
"46924",2,10,77,0
"46925",3,15,82,0
"46926",NA,0,NA,NA
"46927",1,10,36,0
"46928",1,20,46,0
"46929",2,13,39,0
"46930",3,6,32,0
"46931",4,6,32,0
"46932",NA,0,35,0
"46933",1,10,69,0
"46934",1,10,55,0
"46935",2,10,55,0
"46936",3,12,57,1
"46937",NA,0,15,0
"46938",NA,0,35,0
"46939",1,10,67,0
"46940",2,10,67,0
"46941",3,6,63,0
"46942",1,10,45,0
"46943",2,13,48,0
"46944",3,13,48,0
"46945",4,13,48,0
"46946",1,10,87,0
"46947",2,8,85,0
"46948",1,10,76,0
"46949",2,8,74,0
"46950",3,4,70,0
"46951",1,10,37,0
"46952",2,8,35,0
"46953",3,3,30,0
"46954",1,10,21,0
"46955",2,11,22,0
"46956",1,8,8,0
"46957",1,13,13,1
"46958",NA,0,15,0
"46959",NA,0,35,0
"46960",1,10,71,0
"46961",2,10,71,0
"46962",3,10,71,0
"46963",4,5,66,1
"46964",NA,0,15,0
"46965",NA,0,NA,0
"46966",NA,0,20,0
"46967",NA,0,35,0
"46968",1,10,65,0
"46969",2,10,65,0
"46970",3,4,59,0
"46971",4,2,57,0
"46972",1,10,55,0
"46973",1,10,43,0
"46974",NA,0,NA,NA
"46975",NA,0,NA,NA
"46976",NA,0,35,0
"46977",1,10,69,0
"46978",2,4,63,0
"46979",1,10,56,0
"46980",2,6,52,0
"46981",3,6,52,0
"46982",4,9,55,0
"46983",1,10,80,0
"46984",1,10,66,0
"46985",2,1,57,0
"46986",1,10,55,0
"46987",1,15,60,0
"46988",2,12,57,0
"46989",3,12,57,0
"46990",4,2,47,0
"46991",4,7,52,0
"46992",1,10,92,0
"46993",2,11,93,0
"46994",1,10,10,0
"46995",2,6,6,0
"46996",3,3,3,0
"46997",4,2,2,0
"46998",1,10,98,0
"46999",1,10,50,0
"47000",2,5,45,0
"47001",3,1,41,0
"47002",1,10,36,0
"47003",2,4,30,0
"47004",3,4,30,0
"47005",4,4,30,0
"47006",1,10,23,0
"47007",2,18,31,0
"47008",NA,0,NA,NA
"47009",1,10,11,0
"47010",2,8,9,0
"47011",3,4,5,0
"47012",4,4,5,0
"47013",NA,0,35,0
"47014",1,10,72,0
"47015",2,11,73,0
"47016",1,10,53,0
"47017",2,8,51,0
"47018",1,10,43,0
"47019",1,10,33,0
"47020",2,3,26,0
"47021",1,10,11,0
"47022",2,7,8,0
"47023",3,2,3,0
"47024",4,2,3,0
"47025",NA,0,35,0
"47026",1,10,73,0
"47027",2,1,64,0
"47028",1,10,61,0
"47029",2,7,58,0
"47030",1,10,49,0
"47031",2,10,49,0
"47032",3,6,45,0
"47033",4,6,45,0
"47034",1,10,92,0
"47035",2,10,92,0
"47036",1,10,82,0
"47037",2,1,73,0
"47038",3,1,73,0
"47039",1,10,72,0
"47040",2,3,65,0
"47041",NA,0,NA,0
"47042",3,11,73,0
"47043",NA,0,NA,0
"47044",4,15,77,0
"47045",1,10,54,0
"47046",2,10,54,0
"47047",NA,0,NA,0
"47048",1,10,17,0
"47049",2,10,17,0
"47050",NA,0,NA,0
"47051",3,10,17,0
"47052",NA,0,35,0
"47053",NA,0,NA,NA
"47054",NA,0,35,0
"47055",1,10,68,0
"47056",2,7,65,0
"47057",3,7,65,0
"47058",4,7,65,0
"47059",1,10,81,0
"47060",1,10,71,0
"47061",2,10,71,0
"47062",1,10,54,0
"47063",2,6,50,0
"47064",3,6,50,0
"47065",1,10,33,0
"47066",2,10,33,0
"47067",3,1,24,0
"47068",1,10,18,0
"47069",2,10,18,0
"47070",1,10,77,0
"47071",2,10,77,0
"47072",1,10,55,0
"47073",2,9,54,0
"47074",3,4,49,0
"47075",4,4,49,0
"47076",1,10,85,0
"47077",2,18,93,0
"47078",3,13,88,0
"47079",1,10,69,0
"47080",1,10,27,0
"47081",2,4,21,0
"47082",3,4,21,0
"47083",4,4,21,0
"47084",NA,0,35,0
"47085",1,10,81,0
"47086",1,10,68,0
"47087",2,7,65,0
"47088",NA,0,NA,NA
"47089",1,10,57,0
"47090",2,7,54,0
"47091",3,7,54,0
"47092",4,7,54,0
"47093",1,10,80,0
"47094",2,7,77,0
"47095",1,10,69,0
"47096",2,6,65,0
"47097",1,10,49,0
"47098",NA,0,NA,0
"47099",2,2,41,0
"47100",1,10,28,1
"47101",NA,0,15,0
"47102",NA,0,35,0
"47103",1,10,64,0
"47104",1,15,69,0
"47105",1,10,53,0
"47106",1,10,42,0
"47107",2,10,42,0
"47108",1,10,45,0
"47109",2,4,39,0
"47110",3,6,41,0
"47111",4,15,50,0
"47112",1,10,88,0
"47113",1,15,93,0
"47114",2,4,82,0
"47115",1,10,76,0
"47116",2,1,67,0
"47117",3,1,67,0
"47118",NA,0,NA,0
"47119",4,9,75,0
"47120",1,10,65,0
"47121",2,2,57,0
"47122",1,10,47,0
"47123",2,4,41,0
"47124",1,10,35,0
"47125",2,10,35,0
"47126",3,9,34,0
"47127",NA,0,NA,0
"47128",4,9,34,0
"47129",1,10,57,0
"47130",NA,0,NA,0
"47131",2,9,56,0
"47132",NA,0,NA,0
"47133",1,10,41,0
"47134",2,11,42,0
"47135",3,12,43,0
"47136",NA,0,NA,NA
"47137",NA,0,NA,NA
"47138",NA,0,35,0
"47139",1,10,64,0
"47140",2,9,63,0
"47141",3,9,63,0
"47142",4,1,55,0
"47143",1,10,45,0
"47144",1,10,29,0
"47145",2,5,24,0
"47146",1,10,14,1
"47147",NA,0,15,0
"47148",NA,0,35,0
"47149",1,10,80,0
"47150",2,3,73,0
"47151",1,10,68,0
"47152",2,4,62,0
"47153",3,9,67,0
"47154",4,9,67,0
"47155",1,10,93,0
"47156",2,6,89,0
"47157",1,10,77,0
"47158",2,4,71,0
"47159",3,1,68,0
"47160",4,2,69,0
"47161",1,10,81,0
"47162",2,19,90,0
"47163",3,8,79,0
"47164",1,10,68,0
"47165",2,10,68,0
"47166",3,6,64,0
"47167",1,10,57,0
"47168",1,10,44,0
"47169",1,10,48,0
"47170",2,2,40,0
"47171",NA,0,NA,NA
"47172",1,10,25,0
"47173",2,4,19,0
"47174",3,2,17,0
"47175",1,10,10,0
"47176",2,5,5,1
"47177",NA,0,15,0
"47178",NA,0,35,0
"47179",1,10,65,0
"47180",2,7,62,0
"47181",1,10,47,0
"47182",1,10,33,0
"47183",1,10,11,0
"47184",2,2,3,0
"47185",3,2,3,0
"47186",1,1,1,1
"47187",NA,0,15,0
"47188",NA,0,35,0
"47189",1,10,65,0
"47190",2,5,60,0
"47191",2,10,65,0
"47192",2,15,70,0
"47193",1,10,34,0
"47194",NA,0,NA,0
"47195",2,8,32,0
"47196",3,4,28,0
"47197",4,4,28,0
"47198",NA,0,35,0
"47199",1,10,76,0
"47200",2,2,68,0
"47201",3,2,68,0
"47202",4,2,68,0
"47203",1,10,88,0
"47204",2,6,84,0
"47205",NA,0,NA,0
"47206",3,6,84,0
"47207",4,6,84,0
"47208",1,10,41,0
"47209",2,3,34,0
"47210",1,10,26,0
"47211",1,20,36,0
"47212",NA,0,NA,0
"47213",2,13,29,0
"47214",NA,0,NA,0
"47215",3,12,28,0
"47216",NA,0,NA,0
"47217",4,3,19,0
"47218",1,10,81,0
"47219",2,10,81,0
"47220",1,10,53,0
"47221",1,10,16,0
"47222",2,10,16,0
"47223",3,10,16,1
"47224",NA,0,15,0
"47225",NA,0,35,0
"47226",1,10,60,0
"47227",NA,0,NA,0
"47228",1,10,46,0
"47229",2,10,46,0
"47230",3,10,46,0
"47231",4,10,46,0
"47232",1,10,83,0
"47233",NA,0,NA,NA
"47234",NA,0,35,0
"47235",1,10,65,0
"47236",2,10,65,0
"47237",3,10,65,0
"47238",4,10,65,0
"47239",1,10,87,0
"47240",2,1,78,0
"47241",1,10,72,0
"47242",2,10,72,0
"47243",3,10,72,0
"47244",1,10,56,0
"47245",2,5,51,0
"47246",3,5,51,0
"47247",1,10,46,0
"47248",2,6,42,0
"47249",1,10,35,0
"47250",2,8,33,0
"47251",3,7,32,0
"47252",4,3,28,0
"47253",NA,0,35,0
"47254",1,10,70,0
"47255",2,7,67,0
"47256",3,7,67,0
"47257",1,10,48,0
"47258",2,10,48,0
"47259",3,5,43,0
"47260",1,10,28,0
"47261",2,6,24,0
"47262",3,6,24,0
"47263",4,6,24,0
"47264",NA,0,35,0
"47265",1,10,54,0
"47266",2,4,48,0
"47267",3,4,48,0
"47268",4,4,48,0
"47269",1,10,52,0
"47270",2,4,46,0
"47271",3,13,55,0
"47272",1,10,62,0
"47273",2,9,61,0
"47274",NA,0,NA,NA
"47275",1,9,9,0
"47276",1,3,3,1
"47277",NA,0,15,0
"47278",NA,0,35,0
"47279",1,10,67,0
"47280",2,5,62,0
"47281",1,10,39,0
"47282",2,8,37,0
"47283",3,1,30,0
"47284",4,1,30,0
"47285",1,10,28,0
"47286",2,4,22,0
"47287",3,1,19,0
"47288",1,10,17,0
"47289",2,6,13,1
"47290",NA,0,15,0
"47291",NA,0,35,0
"47292",1,10,65,0
"47293",1,15,70,0
"47294",2,11,66,0
"47295",3,13,68,0
"47296",4,13,68,0
"47297",1,10,81,0
"47298",2,6,77,0
"47299",1,10,61,0
"47300",1,20,71,0
"47301",2,20,71,0
"47302",3,16,67,0
"47303",4,7,58,0
"47304",1,10,30,0
"47305",1,10,14,0
"47306",2,3,7,0
"47307",3,3,7,1
"47308",NA,0,15,0
"47309",NA,0,35,0
"47310",1,10,71,0
"47311",2,3,64,0
"47312",1,10,54,0
"47313",2,4,48,0
"47314",1,10,30,0
"47315",2,10,30,0
"47316",1,10,19,1
"47317",NA,0,15,0
"47318",NA,0,35,0
"47319",1,10,72,0
"47320",2,10,72,0
"47321",3,10,72,0
"47322",NA,0,NA,0
"47323",4,10,72,0
"47324",1,10,28,0
"47325",NA,0,NA,NA
"47326",NA,0,NA,NA
"47327",NA,0,35,0
"47328",1,10,76,0
"47329",2,11,77,0
"47330",1,10,16,0
"47331",2,10,16,0
"47332",1,5,5,0
"47333",2,2,2,1
"47334",NA,0,15,0
"47335",NA,0,35,0
"47336",1,10,63,0
"47337",2,8,61,0
"47338",1,10,32,0
"47339",2,5,27,0
"47340",1,10,17,0
"47341",2,6,13,0
"47342",3,3,10,0
"47343",1,7,7,0
"47344",2,4,4,0
"47345",3,1,1,1
"47346",NA,0,15,0
"47347",NA,0,35,0
"47348",1,10,74,0
"47349",2,6,70,0
"47350",3,6,70,0
"47351",4,3,67,0
"47352",1,10,68,0
"47353",2,9,67,0
"47354",3,7,65,0
"47355",1,10,56,0
"47356",2,2,48,0
"47357",3,2,48,0
"47358",4,2,48,0
"47359",1,10,52,0
"47360",2,9,51,0
"47361",3,9,51,0
"47362",4,7,49,0
"47363",1,10,94,0
"47364",NA,0,NA,NA
"47365",2,3,87,0
"47366",1,10,80,0
"47367",2,1,71,0
"47368",1,10,66,0
"47369",2,10,66,0
"47370",3,9,65,0
"47371",3,14,70,0
"47372",4,1,57,0
"47373",NA,0,NA,0
"47374",1,10,54,0
"47375",2,6,50,0
"47376",1,10,30,0
"47377",2,6,26,0
"47378",1,10,17,0
"47379",2,3,10,0
"47380",3,5,12,0
"47381",4,2,9,1
"47382",NA,0,15,0
"47383",NA,0,35,0
"47384",1,10,77,0
"47385",2,4,71,0
"47386",1,10,26,0
"47387",2,4,20,0
"47388",3,1,17,0
"47389",NA,0,NA,0
"47390",4,2,18,0
"47391",NA,0,35,0
"47392",1,10,65,0
"47393",2,4,59,0
"47394",3,4,59,0
"47395",3,9,64,0
"47396",4,9,64,0
"47397",1,10,77,0
"47398",2,6,73,0
"47399",NA,0,NA,0
"47400",3,11,78,0
"47401",1,10,63,0
"47402",NA,0,NA,0
"47403",2,10,63,0
"47404",3,10,63,0
"47405",1,10,49,0
"47406",2,5,44,0
"47407",NA,0,NA,0
"47408",3,5,44,0
"47409",NA,0,NA,NA
"47410",NA,0,35,0
"47411",1,10,70,0
"47412",2,2,62,0
"47413",3,3,63,0
"47414",4,3,63,0
"47415",1,10,95,0
"47416",2,4,89,0
"47417",1,10,81,0
"47418",NA,0,NA,0
"47419",2,10,81,0
"47420",1,10,67,0
"47421",2,10,67,0
"47422",3,1,58,0
"47423",1,10,54,0
"47424",1,10,52,0
"47425",2,10,52,0
"47426",2,18,60,0
"47427",3,19,61,0
"47428",4,14,56,0
"47429",1,10,80,0
"47430",2,9,79,0
"47431",3,9,79,0
"47432",4,9,79,0
"47433",1,10,46,0
"47434",2,12,48,0
"47435",3,1,37,0
"47436",1,10,35,0
"47437",2,11,36,0
"47438",3,3,28,0
"47439",1,10,24,0
"47440",2,10,24,0
"47441",3,13,27,0
"47442",4,9,23,0
"47443",NA,0,35,0
"47444",1,10,67,0
"47445",1,10,40,0
"47446",2,4,34,0
"47447",3,1,31,0
"47448",NA,0,NA,NA
"47449",1,10,29,1
"47450",NA,0,7,0
"47451",NA,0,35,0
"47452",1,10,65,0
"47453",1,20,75,0
"47454",2,20,75,0
"47455",3,13,68,0
"47456",4,13,68,0
"47457",1,10,69,0
"47458",1,10,58,0
"47459",2,8,56,0
"47460",1,10,62,0
"47461",2,2,54,0
"47462",1,10,36,0
"47463",2,1,27,0
"47464",1,10,21,0
"47465",2,10,21,0
"47466",3,10,21,0
"47467",4,4,15,0
"47468",NA,0,35,0
"47469",1,10,66,0
"47470",2,5,61,0
"47471",1,10,56,0
"47472",1,10,40,0
"47473",2,10,40,0
"47474",1,10,29,0
"47475",2,6,25,0
"47476",1,10,20,0
"47477",1,10,10,0
"47478",2,4,4,0
"47479",3,4,4,1
"47480",NA,0,15,0
"47481",NA,0,35,0
"47482",1,10,65,0
"47483",2,7,62,0
"47484",3,5,60,0
"47485",4,5,60,0
"47486",1,10,45,0
"47487",1,10,35,0
"47488",1,10,20,0
"47489",2,11,21,0
"47490",3,11,21,0
"47491",NA,0,NA,0
"47492",4,11,21,0
"47493",1,10,79,0
"47494",NA,0,NA,0
"47495",2,11,80,0
"47496",NA,0,NA,0
"47497",3,12,81,0
"47498",NA,0,NA,NA
"47499",NA,0,NA,NA
"47500",NA,0,35,0
"47501",1,10,74,0
"47502",1,10,62,0
"47503",2,4,56,0
"47504",1,10,41,0
"47505",2,5,36,0
"47506",3,1,32,0
"47507",1,10,27,0
"47508",2,4,21,0
"47509",3,1,18,0
"47510",4,1,18,0
"47511",1,10,14,0
"47512",1,5,9,0
"47513",2,6,10,0
"47514",3,6,10,0
"47515",4,6,10,0
"47516",NA,0,35,0
"47517",1,10,67,0
"47518",NA,0,NA,0
"47519",1,10,43,0
"47520",1,10,33,0
"47521",1,10,22,0
"47522",2,6,18,0
"47523",3,1,13,0
"47524",NA,0,NA,0
"47525",1,10,11,0
"47526",2,9,10,0
"47527",3,6,7,0
"47528",4,1,2,0
"47529",1,1,1,0
"47530",2,4,4,1
"47531",NA,0,15,0
"47532",NA,0,35,0
"47533",1,10,80,0
"47534",NA,0,NA,NA
"47535",2,10,80,0
"47536",3,10,80,0
"47537",4,10,80,0
"47538",1,10,63,0
"47539",2,5,58,0
"47540",1,10,32,0
"47541",1,10,69,0
"47542",1,10,56,0
"47543",2,10,56,0
"47544",1,10,44,0
"47545",2,9,43,0
"47546",1,10,16,0
"47547",2,12,18,0
"47548",3,1,7,1
"47549",NA,0,15,0
"47550",NA,0,35,0
"47551",1,10,83,0
"47552",2,10,83,0
"47553",3,1,74,0
"47554",1,10,71,0
"47555",2,5,66,0
"47556",1,10,42,0
"47557",1,10,30,0
"47558",2,17,37,0
"47559",3,10,30,0
"47560",1,10,15,0
"47561",2,9,14,0
"47562",3,9,14,0
"47563",4,9,14,0
"47564",NA,0,35,0
"47565",1,10,70,0
"47566",2,10,70,0
"47567",3,3,63,0
"47568",1,10,57,0
"47569",2,10,57,0
"47570",3,3,50,0
"47571",1,10,44,0
"47572",1,20,54,0
"47573",NA,0,NA,0
"47574",NA,0,NA,0
"47575",2,10,44,0
"47576",NA,0,NA,0
"47577",3,10,44,0
"47578",NA,0,NA,0
"47579",1,10,29,0
"47580",2,10,29,1
"47581",NA,0,15,0
"47582",NA,0,35,0
"47583",1,10,70,0
"47584",1,10,32,0
"47585",NA,0,NA,NA
"47586",NA,0,35,0
"47587",1,10,75,0
"47588",2,10,75,0
"47589",1,10,17,0
"47590",2,4,11,0
"47591",3,3,10,0
"47592",4,3,10,0
"47593",4,8,15,0
"47594",NA,0,35,0
"47595",1,10,73,0
"47596",2,10,73,0
"47597",1,10,48,0
"47598",2,8,46,0
"47599",3,1,39,0
"47600",1,10,37,0
"47601",2,3,30,0
"47602",1,10,19,0
"47603",2,1,10,1
"47604",NA,0,15,0
"47605",NA,0,35,0
"47606",1,10,65,0
"47607",2,10,65,0
"47608",3,5,60,0
"47609",1,10,36,0
"47610",2,14,40,0
"47611",1,10,62,0
"47612",2,10,62,0
"47613",3,8,60,0
"47614",1,10,41,0
"47615",2,9,40,0
"47616",3,9,40,0
"47617",4,9,40,0
"47618",1,10,85,0
"47619",2,3,78,0
"47620",3,1,76,0
"47621",1,10,74,0
"47622",NA,0,NA,NA
"47623",1,10,62,0
"47624",2,10,62,0
"47625",1,10,16,0
"47626",2,8,14,0
"47627",3,8,14,1
"47628",NA,0,15,0
"47629",NA,0,35,0
"47630",1,10,68,0
"47631",2,10,68,0
"47632",3,7,65,0
"47633",4,7,65,0
"47634",1,10,80,0
"47635",1,10,65,0
"47636",1,10,53,0
"47637",1,10,40,0
"47638",2,4,34,0
"47639",3,1,31,0
"47640",1,10,28,0
"47641",2,10,28,0
"47642",3,5,23,0
"47643",1,10,14,0
"47644",2,10,14,0
"47645",3,8,12,0
"47646",4,8,12,0
"47647",NA,0,35,0
"47648",1,10,73,0
"47649",1,10,62,0
"47650",2,9,61,0
"47651",3,11,63,0
"47652",1,10,38,0
"47653",2,10,38,0
"47654",3,4,32,0
"47655",NA,0,NA,0
"47656",1,10,26,1
"47657",NA,0,15,0
"47658",NA,0,35,0
"47659",1,10,73,0
"47660",NA,0,NA,0
"47661",2,1,64,0
"47662",3,1,64,0
"47663",1,10,59,0
"47664",2,10,59,0
"47665",NA,0,NA,0
"47666",1,10,32,0
"47667",2,10,32,0
"47668",3,10,32,0
"47669",NA,0,NA,0
"47670",4,10,32,0
"47671",NA,0,35,0
"47672",1,10,84,0
"47673",NA,0,NA,NA
"47674",NA,0,35,0
"47675",1,10,72,0
"47676",1,10,61,0
"47677",2,10,61,0
"47678",3,11,62,0
"47679",4,11,62,0
"47680",1,10,93,0
"47681",2,9,92,0
"47682",3,5,88,0
"47683",1,10,75,0
"47684",NA,0,NA,0
"47685",2,7,72,0
"47686",3,7,72,0
"47687",1,10,63,0
"47688",2,11,64,0
"47689",3,11,64,0
"47690",NA,0,NA,0
"47691",1,10,80,0
"47692",2,7,77,0
"47693",1,10,53,0
"47694",NA,0,NA,0
"47695",2,10,53,0
"47696",1,10,36,0
"47697",2,12,38,0
"47698",1,8,8,0
"47699",NA,0,NA,0
"47700",1,5,5,0
"47701",NA,0,NA,NA
"47702",NA,0,NA,NA
"47703",NA,0,35,0
"47704",1,10,65,0
"47705",2,10,65,0
"47706",3,10,65,0
"47707",4,4,59,0
"47708",1,10,74,0
"47709",2,10,74,0
"47710",3,7,71,0
"47711",4,7,71,0
"47712",1,10,66,0
"47713",2,1,57,0
"47714",1,10,37,0
"47715",2,12,39,0
"47716",3,14,41,0
"47717",4,1,28,1
"47718",NA,0,15,0
"47719",NA,0,35,0
"47720",1,10,71,0
"47721",2,8,69,0
"47722",3,8,69,0
"47723",1,10,27,0
"47724",1,15,32,0
"47725",2,6,23,0
"47726",3,6,23,0
"47727",1,6,6,0
"47728",2,6,6,0
"47729",3,1,1,0
"47730",3,6,6,0
"47731",4,6,6,0
"47732",NA,0,35,0
"47733",1,10,78,0
"47734",2,10,78,0
"47735",3,10,78,0
"47736",4,29,97,0
"47737",1,10,47,0
"47738",2,10,47,0
"47739",3,10,47,0
"47740",4,1,38,0
"47741",1,10,36,0
"47742",1,10,82,0
"47743",2,5,77,0
"47744",1,10,27,0
"47745",2,5,22,0
"47746",NA,0,NA,NA
"47747",3,1,18,0
"47748",1,10,16,0
"47749",2,4,10,0
"47750",3,4,10,1
"47751",NA,0,15,0
"47752",NA,0,35,0
"47753",1,10,73,0
"47754",2,10,73,0
"47755",3,7,70,0
"47756",1,10,62,0
"47757",2,9,61,0
"47758",3,9,61,0
"47759",4,9,61,0
"47760",1,10,75,1
"47761",NA,0,15,0
"47762",NA,0,35,0
"47763",1,10,74,0
"47764",2,11,75,0
"47765",1,10,63,0
"47766",2,11,64,0
"47767",1,10,48,0
"47768",2,5,43,0
"47769",3,13,51,0
"47770",4,8,46,0
"47771",1,10,91,0
"47772",2,10,91,0
"47773",3,10,91,0
"47774",4,10,91,0
"47775",1,10,56,0
"47776",2,7,53,0
"47777",1,10,28,0
"47778",2,7,25,0
"47779",1,7,7,1
"47780",NA,0,15,0
"47781",NA,0,35,0
"47782",1,10,76,0
"47783",2,10,76,0
"47784",2,15,81,0
"47785",1,10,61,0
"47786",2,14,65,0
"47787",1,10,49,0
"47788",1,10,52,0
"47789",2,7,49,0
"47790",3,7,49,0
"47791",4,7,49,0
"47792",1,10,90,0
"47793",2,10,90,0
"47794",3,10,90,0
"47795",4,9,89,0
"47796",1,10,45,0
"47797",NA,0,NA,0
"47798",2,19,54,0
"47799",NA,0,NA,0
"47800",3,11,46,0
"47801",4,11,46,0
"47802",NA,0,NA,NA
"47803",NA,0,35,0
"47804",1,10,65,0
"47805",2,8,63,0
"47806",1,10,40,0
"47807",2,6,36,0
"47808",1,10,28,0
"47809",2,3,21,0
"47810",3,1,19,0
"47811",1,10,15,0
"47812",2,2,7,0
"47813",NA,0,NA,0
"47814",3,2,7,0
"47815",4,2,7,0
"47816",NA,0,35,0
"47817",1,10,69,0
"47818",2,5,64,0
"47819",3,6,65,0
"47820",1,10,33,0
"47821",2,18,41,0
"47822",3,6,29,0
"47823",1,10,19,0
"47824",2,8,17,0
"47825",1,10,88,0
"47826",2,12,90,0
"47827",3,8,86,0
"47828",4,7,85,0
"47829",1,10,59,0
"47830",2,7,56,0
"47831",3,7,56,0
"47832",1,10,35,0
"47833",2,10,35,0
"47834",3,13,38,0
"47835",4,8,33,0
"47836",NA,0,35,0
"47837",1,10,71,0
"47838",1,10,57,0
"47839",NA,0,NA,NA
"47840",2,10,57,0
"47841",3,8,55,0
"47842",1,10,38,0
"47843",2,4,32,0
"47844",3,4,32,1
"47845",NA,0,15,0
"47846",NA,0,35,0
"47847",1,10,77,0
"47848",2,6,73,0
"47849",NA,0,NA,0
"47850",3,6,73,0
"47851",4,6,73,0
"47852",1,10,96,0
"47853",2,2,88,0
"47854",1,10,82,0
"47855",2,1,73,0
"47856",1,10,71,0
"47857",2,4,65,0
"47858",3,7,68,0
"47859",1,10,54,0
"47860",2,12,56,0
"47861",3,8,52,0
"47862",4,8,52,0
"47863",1,10,86,0
"47864",2,10,86,0
"47865",3,1,77,0
"47866",1,10,71,0
"47867",2,10,71,0
"47868",3,10,71,0
"47869",4,18,79,0
"47870",1,10,72,0
"47871",NA,0,NA,0
"47872",2,1,63,0
"47873",NA,0,NA,0
"47874",1,10,61,0
"47875",2,10,61,0
"47876",3,10,61,0
"47877",4,10,61,0
"47878",1,10,72,0
"47879",1,10,59,0
"47880",2,4,53,0
"47881",3,4,53,0
"47882",NA,0,NA,0
"47883",4,4,53,0
"47884",1,10,47,0
"47885",2,11,48,0
"47886",NA,0,NA,NA
"47887",NA,0,NA,NA
"47888",NA,0,35,0
"47889",1,10,63,0
"47890",1,10,29,0
"47891",2,4,23,0
"47892",3,4,23,0
"47893",4,2,21,0
"47894",1,10,85,0
"47895",2,10,85,0
"47896",1,10,70,0
"47897",2,10,70,0
"47898",1,10,55,0
"47899",NA,0,NA,0
"47900",2,4,49,0
"47901",3,3,48,0
"47902",1,10,43,0
"47903",2,3,36,0
"47904",1,10,16,0
"47905",2,10,16,0
"47906",3,4,10,0
"47907",1,4,4,0
"47908",2,4,4,1
"47909",NA,0,15,0
"47910",NA,0,35,0
"47911",1,10,80,0
"47912",2,12,82,0
"47913",3,1,71,0
"47914",1,10,69,0
"47915",2,10,69,0
"47916",3,1,60,0
"47917",1,10,47,0
"47918",1,10,24,0
"47919",1,9,9,0
"47920",2,7,7,0
"47921",NA,0,NA,0
"47922",3,3,3,0
"47923",NA,0,NA,NA
"47924",4,3,3,1
"47925",NA,0,15,0
"47926",NA,0,35,0
"47927",1,10,65,0
"47928",2,10,65,0
"47929",3,4,59,0
"47930",4,4,59,0
"47931",1,10,80,0
"47932",2,10,80,0
"47933",3,10,80,0
"47934",4,5,75,0
"47935",1,10,76,0
"47936",2,10,76,0
"47937",3,11,77,0
"47938",1,10,58,0
"47939",2,17,65,0
"47940",3,11,59,0
"47941",4,11,59,0
"47942",1,10,82,0
"47943",2,7,79,0
"47944",3,2,74,0
"47945",1,10,64,0
"47946",2,3,57,0
"47947",1,10,41,0
"47948",2,10,41,0
"47949",3,1,32,0
"47950",4,1,32,0
"47951",1,10,68,0
"47952",2,10,68,0
"47953",1,10,63,0
"47954",2,9,62,0
"47955",3,9,62,0
"47956",4,22,75,0
"47957",1,10,62,0
"47958",1,10,35,0
"47959",2,9,34,0
"47960",3,4,29,0
"47961",4,4,29,0
"47962",NA,0,35,0
"47963",1,10,80,0
"47964",2,3,73,0
"47965",NA,0,NA,0
"47966",1,10,46,0
"47967",NA,0,NA,0
"47968",2,6,42,0
"47969",1,10,14,0
"47970",2,10,14,0
"47971",3,10,14,0
"47972",4,10,14,0
"47973",NA,0,NA,NA
"47974",NA,0,35,0
"47975",1,10,74,0
"47976",2,3,67,0
"47977",1,10,61,0
"47978",2,10,61,0
"47979",3,4,55,0
"47980",4,4,55,0
"47981",1,10,96,0
"47982",2,7,93,0
"47983",3,1,87,0
"47984",1,10,85,0
"47985",2,10,85,0
"47986",3,2,77,0
"47987",1,10,72,0
"47988",2,6,68,0
"47989",3,6,68,0
"47990",4,6,68,0
"47991",1,10,76,0
"47992",2,18,84,0
"47993",3,8,74,0
"47994",4,3,69,0
"47995",1,10,77,0
"47996",2,6,73,0
"47997",1,10,65,0
"47998",2,10,65,0
"47999",2,15,70,0
"48000",1,10,50,0
"48001",2,10,50,0
"48002",3,10,50,0
"48003",4,10,50,0
"48004",1,10,80,0
"48005",2,10,80,0
"48006",3,2,72,0
"48007",1,10,63,0
"48008",2,6,59,0
"48009",3,1,54,0
"48010",NA,0,NA,NA
"48011",4,2,55,0
"48012",1,10,91,0
"48013",2,3,84,0
"48014",1,10,80,0
"48015",2,10,80,0
"48016",1,10,45,0
"48017",2,6,41,0
"48018",3,6,41,0
"48019",1,10,28,0
"48020",2,10,28,0
"48021",1,10,16,0
"48022",2,6,12,0
"48023",3,1,7,0
"48024",4,1,7,0
"48025",1,5,5,1
"48026",NA,0,15,0
"48027",NA,0,35,0
"48028",1,10,63,0
"48029",2,10,63,0
"48030",1,10,37,0
"48031",2,6,33,0
"48032",3,1,28,0
"48033",1,10,27,0
"48034",2,10,27,0
"48035",3,10,27,0
"48036",1,5,5,0
"48037",2,3,3,0
"48038",3,2,2,0
"48039",4,2,2,0
"48040",1,10,98,0
"48041",NA,0,NA,0
"48042",2,8,96,0
"48043",1,10,86,0
"48044",2,12,88,0
"48045",NA,0,NA,0
"48046",3,10,86,0
"48047",4,7,83,0
"48048",1,10,50,0
"48049",2,10,50,0
"48050",1,10,32,0
"48051",1,10,20,0
"48052",2,4,14,0
"48053",3,4,14,0
"48054",NA,0,NA,0
"48055",4,4,14,1
"48056",NA,0,15,0
"48057",NA,0,35,0
"48058",1,10,73,0
"48059",NA,0,NA,NA
"48060",NA,0,35,0
"48061",1,10,73,0
"48062",2,2,65,0
"48063",3,1,64,0
"48064",4,3,66,0
"48065",1,10,84,0
"48066",1,10,72,0
"48067",2,13,75,0
"48068",3,4,66,0
"48069",1,10,62,0
"48070",2,4,56,0
"48071",3,6,58,0
"48072",4,1,53,0
"48073",1,10,50,0
"48074",2,8,48,0
"48075",1,10,78,0
"48076",2,6,74,0
"48077",1,10,59,0
"48078",1,10,47,0
"48079",2,6,43,0
"48080",NA,0,NA,0
"48081",3,6,43,0
"48082",1,10,27,0
"48083",NA,0,NA,0
"48084",2,7,24,0
"48085",3,7,24,0
"48086",4,7,24,0
"48087",NA,0,NA,NA
"48088",NA,0,NA,NA
"48089",NA,0,35,1
"48090",NA,0,7,0
"48091",NA,0,35,0
"48092",1,10,60,0
"48093",2,10,60,0
"48094",3,6,56,0
"48095",1,10,49,0
"48096",2,3,42,0
"48097",3,1,40,0
"48098",NA,0,NA,0
"48099",4,1,40,0
"48100",1,10,57,0
"48101",2,6,53,0
"48102",1,10,45,0
"48103",2,10,45,0
"48104",1,10,30,0
"48105",2,6,26,0
"48106",3,1,21,0
"48107",1,10,19,0
"48108",1,15,24,0
"48109",2,10,19,0
"48110",3,2,11,0
"48111",4,4,13,0
"48112",NA,0,35,0
"48113",1,10,72,0
"48114",2,7,69,0
"48115",1,10,42,0
"48116",2,20,52,0
"48117",1,10,31,0
"48118",2,10,31,0
"48119",1,8,8,0
"48120",2,4,4,1
"48121",NA,0,15,0
"48122",NA,0,35,0
"48123",1,10,65,0
"48124",1,10,54,0
"48125",2,9,53,0
"48126",NA,0,NA,NA
"48127",3,5,49,0
"48128",1,10,39,0
"48129",2,8,37,0
"48130",NA,0,NA,0
"48131",1,10,29,0
"48132",2,10,29,0
"48133",3,10,29,0
"48134",4,3,22,0
"48135",NA,0,35,0
"48136",1,10,63,0
"48137",2,8,61,0
"48138",3,2,55,0
"48139",4,2,55,0
"48140",1,10,95,0
"48141",2,2,87,0
"48142",1,10,84,0
"48143",1,10,69,0
"48144",1,10,53,0
"48145",2,8,51,0
"48146",NA,0,NA,0
"48147",1,10,42,0
"48148",2,9,41,0
"48149",3,6,38,0
"48150",4,6,38,0
"48151",NA,0,35,0
"48152",1,10,80,0
"48153",2,7,77,0
"48154",3,2,72,0
"48155",1,10,66,0
"48156",1,10,36,0
"48157",2,10,36,0
"48158",3,10,36,0
"48159",1,10,20,0
"48160",2,1,11,0
"48161",NA,0,NA,0
"48162",1,7,7,1
"48163",NA,0,15,0
"48164",NA,0,35,0
"48165",1,10,70,0
"48166",2,10,70,0
"48167",NA,0,NA,0
"48168",NA,0,NA,0
"48169",1,10,52,0
"48170",2,10,52,0
"48171",NA,0,NA,NA
"48172",NA,0,35,0
"48173",1,10,72,0
"48174",2,9,71,0
"48175",3,9,71,0
"48176",1,10,52,0
"48177",2,10,52,0
"48178",3,3,45,0
"48179",4,2,44,0
"48180",1,10,42,0
"48181",2,3,35,0
"48182",1,10,24,0
"48183",2,2,16,0
"48184",1,10,14,0
"48185",2,18,22,0
"48186",3,13,17,0
"48187",4,2,6,0
"48188",NA,0,35,0
"48189",1,10,69,0
"48190",1,10,58,0
"48191",1,10,47,0
"48192",2,6,43,0
"48193",3,5,42,0
"48194",1,10,27,0
"48195",2,13,30,0
"48196",NA,0,NA,0
"48197",1,10,15,1
"48198",NA,0,15,0
"48199",NA,0,35,0
"48200",1,10,69,0
"48201",2,12,71,0
"48202",3,3,62,0
"48203",NA,0,NA,0
"48204",4,3,62,0
"48205",1,10,37,0
"48206",NA,0,NA,NA
"48207",1,10,24,0
"48208",1,9,9,0
"48209",2,12,12,0
"48210",3,6,6,1
"48211",NA,0,15,0
"48212",NA,0,35,0
"48213",1,10,65,0
"48214",2,2,57,0
"48215",3,1,56,0
"48216",1,10,53,0
"48217",2,6,49,0
"48218",1,10,42,0
"48219",2,7,39,0
"48220",1,10,59,0
"48221",2,10,59,0
"48222",3,8,57,0
"48223",4,9,58,0
"48224",1,10,81,0
"48225",2,5,76,0
"48226",3,5,76,0
"48227",1,10,69,0
"48228",2,7,66,0
"48229",3,6,65,0
"48230",4,6,65,0
"48231",1,10,86,0
"48232",2,4,80,0
"48233",3,1,77,0
"48234",4,1,77,0
"48235",1,10,79,0
"48236",2,3,72,0
"48237",3,1,70,0
"48238",NA,0,NA,NA
"48239",NA,0,NA,NA
"48240",NA,0,35,0
"48241",1,10,69,0
"48242",2,6,65,0
"48243",3,3,62,0
"48244",4,3,62,0
"48245",1,10,81,0
"48246",2,5,76,0
"48247",3,5,76,0
"48248",1,10,25,0
"48249",1,9,9,0
"48250",2,6,6,0
"48251",3,2,2,1
"48252",NA,0,15,0
"48253",NA,0,35,0
"48254",1,10,73,0
"48255",2,7,70,0
"48256",1,10,26,0
"48257",2,10,26,0
"48258",3,10,26,0
"48259",4,10,26,0
"48260",NA,0,35,0
"48261",1,10,65,0
"48262",2,5,60,0
"48263",1,10,54,0
"48264",2,2,46,0
"48265",1,10,38,0
"48266",1,10,24,0
"48267",2,10,24,0
"48268",3,2,16,0
"48269",1,7,7,0
"48270",2,9,9,0
"48271",2,19,19,0
"48272",3,9,9,0
"48273",4,9,9,0
"48274",NA,0,35,0
"48275",1,10,65,0
"48276",2,6,61,0
"48277",NA,0,50,NA
"48278",1,10,50,0
"48279",2,6,46,0
"48280",1,10,23,0
"48281",2,10,23,0
"48282",3,10,23,0
"48283",4,19,32,0
"48284",NA,0,35,0
"48285",1,10,65,0
"48286",1,10,49,0
"48287",2,19,58,0
"48288",3,27,66,0
"48289",4,24,63,0
"48290",1,10,87,0
"48291",2,2,79,0
"48292",1,10,76,0
"48293",2,5,71,0
"48294",1,10,65,0
"48295",1,10,44,0
"48296",2,10,44,0
"48297",1,10,25,0
"48298",2,8,23,0
"48299",3,1,16,0
"48300",NA,0,NA,0
"48301",1,10,11,0
"48302",2,8,9,1
"48303",NA,0,15,0
"48304",NA,0,35,0
"48305",1,10,65,0
"48306",2,8,63,0
"48307",3,8,63,0
"48308",4,8,63,0
"48309",1,10,72,0
"48310",2,5,67,0
"48311",NA,0,NA,0
"48312",3,5,67,0
"48313",4,5,67,0
"48314",1,10,74,0
"48315",1,10,64,0
"48316",2,10,64,0
"48317",NA,0,NA,0
"48318",1,10,22,0
"48319",NA,0,NA,0
"48320",1,9,9,0
"48321",1,14,14,0
"48322",2,14,14,1
"48323",NA,0,15,0
"48324",NA,0,35,0
"48325",1,10,71,0
"48326",NA,0,NA,0
"48327",NA,0,NA,0
"48328",1,10,59,0
"48329",NA,0,NA,NA
"48330",NA,0,35,0
"48331",1,10,80,0
"48332",2,5,75,0
"48333",1,10,63,0
"48334",2,10,63,0
"48335",3,12,65,0
"48336",4,20,73,0
"48337",1,10,17,1
"48338",NA,0,15,0
"48339",NA,0,35,0
"48340",1,10,75,0
"48341",1,10,35,0
"48342",2,6,31,0
"48343",1,2,2,1
"48344",NA,0,15,0
"48345",NA,0,35,0
"48346",1,10,65,0
"48347",2,7,62,0
"48348",3,9,64,0
"48349",1,10,52,0
"48350",1,10,41,0
"48351",2,1,32,0
"48352",1,10,20,0
"48353",2,3,13,0
"48354",3,3,13,1
"48355",NA,0,15,0
"48356",NA,0,35,0
"48357",1,10,87,0
"48358",1,10,52,0
"48359",1,10,47,0
"48360",2,5,42,0
"48361",2,15,52,0
"48362",3,12,49,0
"48363",1,10,34,1
"48364",NA,0,15,0
"48365",NA,0,35,0
"48366",1,10,73,0
"48367",2,10,73,0
"48368",3,10,73,0
"48369",1,10,63,0
"48370",NA,0,NA,NA
"48371",2,5,58,0
"48372",1,10,44,0
"48373",2,19,53,0
"48374",3,15,49,0
"48375",3,10,44,0
"48376",4,10,44,0
"48377",1,10,90,0
"48378",1,10,79,0
"48379",1,10,64,0
"48380",1,10,51,0
"48381",2,10,51,0
"48382",1,10,35,0
"48383",2,8,33,0
"48384",3,1,26,0
"48385",4,1,26,0
"48386",1,10,23,0
"48387",1,5,18,0
"48388",1,10,12,0
"48389",2,4,6,0
"48390",3,4,6,0
"48391",4,4,6,0
"48392",1,10,94,0
"48393",2,6,90,0
"48394",1,10,75,0
"48395",NA,0,NA,0
"48396",2,7,72,0
"48397",NA,0,NA,0
"48398",3,7,72,0
"48399",NA,0,NA,0
"48400",1,10,65,0
"48401",NA,0,NA,0
"48402",2,10,65,0
"48403",1,10,51,0
"48404",2,7,48,0
"48405",1,10,43,0
"48406",2,4,37,0
"48407",NA,0,NA,0
"48408",3,7,40,0
"48409",4,12,45,0
"48410",1,10,93,0
"48411",1,10,70,0
"48412",NA,0,NA,0
"48413",2,10,70,0
"48414",NA,0,NA,NA
"48415",NA,0,NA,NA
"48416",NA,0,35,0
"48417",1,10,65,0
"48418",2,9,64,0
"48419",3,9,64,0
"48420",4,9,64,0
"48421",1,10,92,0
"48422",2,5,87,0
"48423",3,4,86,0
"48424",4,4,86,0
"48425",1,10,59,0
"48426",2,10,59,0
"48427",3,10,59,0
"48428",NA,0,NA,0
"48429",1,7,7,0
"48430",2,6,6,1
"48431",NA,0,15,0
"48432",NA,0,35,0
"48433",1,10,67,0
"48434",2,4,61,0
"48435",3,1,58,0
"48436",1,10,57,0
"48437",2,12,59,0
"48438",3,12,59,0
"48439",4,9,56,0
"48440",1,10,77,0
"48441",2,1,68,0
"48442",1,10,66,0
"48443",2,2,58,0
"48444",1,10,56,0
"48445",2,9,55,0
"48446",3,9,55,0
"48447",4,9,55,0
"48448",1,10,80,0
"48449",2,6,76,0
"48450",3,15,85,0
"48451",4,15,85,0
"48452",1,10,57,0
"48453",2,7,54,0
"48454",NA,0,NA,NA
"48455",1,10,47,0
"48456",2,8,45,0
"48457",3,3,40,0
"48458",1,10,35,0
"48459",2,1,26,0
"48460",1,10,23,0
"48461",2,8,21,0
"48462",3,6,19,0
"48463",NA,0,NA,0
"48464",4,1,14,0
"48465",1,10,86,0
"48466",2,13,89,0
"48467",3,13,89,0
"48468",1,10,69,0
"48469",2,8,67,0
"48470",3,3,62,0
"48471",4,3,62,0
"48472",1,10,83,0
"48473",2,5,78,0
"48474",3,5,78,0
"48475",1,10,73,0
"48476",2,5,68,0
"48477",3,4,67,0
"48478",1,10,12,0
"48479",2,4,6,1
"48480",NA,0,15,0
"48481",NA,0,35,0
"48482",1,10,65,0
"48483",2,10,65,0
"48484",1,10,55,0
"48485",2,10,55,0
"48486",NA,0,NA,0
"48487",3,18,63,0
"48488",NA,0,NA,0
"48489",4,6,51,0
"48490",1,10,90,0
"48491",2,5,85,0
"48492",3,5,85,0
"48493",NA,0,NA,0
"48494",4,2,82,0
"48495",1,10,51,0
"48496",1,10,40,0
"48497",2,10,40,0
"48498",3,4,34,0
"48499",4,6,36,0
"48500",1,10,56,0
"48501",2,10,56,0
"48502",2,15,61,0
"48503",3,15,61,0
"48504",NA,0,NA,0
"48505",1,10,45,0
"48506",NA,0,NA,NA
"48507",NA,0,35,0
"48508",1,10,69,0
"48509",2,5,64,0
"48510",3,3,62,0
"48511",1,10,59,0
"48512",2,9,58,0
"48513",1,10,46,0
"48514",2,6,42,0
"48515",3,9,45,0
"48516",1,10,17,0
"48517",2,10,17,0
"48518",3,10,17,0
"48519",NA,0,NA,0
"48520",4,1,8,0
"48521",1,7,7,0
"48522",2,2,2,0
"48523",3,3,3,0
"48524",4,5,5,0
"48525",NA,0,35,0
"48526",1,10,77,0
"48527",2,8,75,0
"48528",3,8,75,0
"48529",4,4,71,0
"48530",1,10,79,0
"48531",2,10,79,0
"48532",1,10,66,0
"48533",2,6,62,0
"48534",1,10,31,0
"48535",2,7,28,0
"48536",3,7,28,0
"48537",4,7,28,0
"48538",1,10,63,0
"48539",NA,0,NA,NA
"48540",2,8,61,0
"48541",3,7,60,0
"48542",4,7,60,0
"48543",1,10,80,0
"48544",1,10,69,0
"48545",2,8,67,0
"48546",3,4,63,0
"48547",4,11,70,0
"48548",1,10,70,0
"48549",2,1,61,0
"48550",3,1,61,0
"48551",1,10,57,0
"48552",2,10,57,0
"48553",3,10,57,0
"48554",4,6,53,0
"48555",1,10,92,0
"48556",2,13,95,0
"48557",3,11,93,0
"48558",4,11,93,0
"48559",1,10,33,0
"48560",2,13,36,0
"48561",3,13,36,0
"48562",4,5,28,0
"48563",1,10,64,0
"48564",2,8,62,0
"48565",3,10,64,0
"48566",NA,0,NA,0
"48567",4,9,63,0
"48568",1,10,68,0
"48569",2,9,67,0
"48570",1,10,64,0
"48571",2,6,60,0
"48572",NA,0,NA,0
"48573",3,5,59,0
"48574",1,10,52,0
"48575",1,5,47,0
"48576",2,6,48,0
"48577",3,7,49,0
"48578",NA,0,NA,NA
"48579",NA,0,NA,NA
"48580",NA,0,35,0
"48581",1,10,65,0
"48582",1,10,55,0
"48583",2,10,55,0
"48584",1,10,40,0
"48585",1,10,17,0
"48586",2,10,17,0
"48587",3,7,14,0
"48588",4,7,14,0
"48589",NA,0,35,0
"48590",1,10,72,0
"48591",2,4,66,0
"48592",3,2,64,0
"48593",1,10,57,0
"48594",2,2,49,0
"48595",1,10,45,0
"48596",2,20,55,0
"48597",3,9,44,0
"48598",4,9,44,0
"48599",1,10,90,0
"48600",2,10,90,0
"48601",3,6,86,0
"48602",4,6,86,0
"48603",1,10,64,0
"48604",1,10,43,0
"48605",2,13,46,0
"48606",3,15,48,0
"48607",4,25,58,0
"48608",1,10,87,0
"48609",2,8,85,0
"48610",3,7,84,0
"48611",1,10,72,0
"48612",2,15,77,0
"48613",3,15,77,0
"48614",4,15,77,0
"48615",1,10,68,0
"48616",NA,0,NA,NA
"48617",2,5,63,0
"48618",3,5,63,0
"48619",4,5,63,0
"48620",1,10,76,0
"48621",2,10,76,0
"48622",1,10,46,0
"48623",2,10,46,0
"48624",1,10,17,0
"48625",2,12,19,0
"48626",3,12,19,0
"48627",4,14,21,0
"48628",NA,0,35,0
"48629",1,10,65,0
"48630",2,7,62,0
"48631",3,17,72,0
"48632",4,12,67,0
"48633",1,10,71,0
"48634",2,1,62,0
"48635",1,10,60,0
"48636",2,10,60,0
"48637",3,3,53,0
"48638",1,10,47,0
"48639",2,6,43,0
"48640",3,5,42,0
"48641",4,5,42,0
"48642",1,10,98,0
"48643",NA,0,NA,0
"48644",2,7,95,0
"48645",3,7,95,0
"48646",1,10,86,0
"48647",2,7,83,0
"48648",3,7,83,0
"48649",3,12,88,0
"48650",4,12,88,0
"48651",1,10,57,0
"48652",2,3,50,0
"48653",1,10,43,0
"48654",2,9,42,0
"48655",3,2,35,0
"48656",NA,0,NA,0
"48657",1,10,30,0
"48658",NA,0,NA,0
"48659",2,3,23,0
"48660",NA,0,NA,0
"48661",3,3,23,0
"48662",4,3,23,0
"48663",NA,0,35,0
"48664",1,10,71,0
"48665",NA,0,NA,NA
"48666",NA,0,35,0
"48667",1,10,68,0
"48668",2,10,68,0
"48669",3,3,61,0
"48670",4,3,61,0
"48671",1,10,91,0
"48672",2,8,89,0
"48673",1,10,73,0
"48674",1,10,57,0
"48675",1,10,46,0
"48676",2,7,43,0
"48677",1,10,23,0
"48678",NA,0,NA,0
"48679",2,9,22,0
"48680",3,9,22,0
"48681",4,9,22,0
"48682",NA,0,35,0
"48683",1,10,68,0
"48684",2,1,59,0
"48685",3,1,59,0
"48686",4,1,59,0
"48687",1,10,82,0
"48688",2,18,90,0
"48689",3,14,86,0
"48690",4,8,80,0
"48691",1,10,73,0
"48692",2,12,75,0
"48693",3,4,67,0
"48694",4,4,67,0
"48695",1,10,79,0
"48696",2,12,81,0
"48697",3,12,81,0
"48698",4,4,73,0
"48699",1,10,73,0
"48700",2,7,70,0
"48701",1,10,60,0
"48702",2,10,60,0
"48703",3,6,56,0
"48704",1,10,37,0
"48705",NA,0,NA,NA
"48706",1,10,26,0
"48707",2,9,25,0
"48708",3,9,25,0
"48709",1,10,16,1
"48710",NA,0,15,0
"48711",NA,0,35,0
"48712",1,10,65,0
"48713",2,4,59,0
"48714",1,10,35,1
"48715",NA,0,15,0
"48716",NA,0,35,0
"48717",1,10,69,0
"48718",1,10,58,0
"48719",2,11,59,0
"48720",3,11,59,0
"48721",4,11,59,0
"48722",1,10,96,0
"48723",2,10,96,0
"48724",1,10,83,0
"48725",2,10,83,0
"48726",3,6,79,0
"48727",1,10,63,0
"48728",2,3,56,0
"48729",1,10,38,0
"48730",1,10,24,0
"48731",1,10,14,0
"48732",2,8,12,0
"48733",3,7,11,0
"48734",NA,0,NA,0
"48735",4,4,8,0
"48736",NA,0,35,0
"48737",1,10,62,0
"48738",2,14,66,0
"48739",3,8,60,0
"48740",1,10,44,1
"48741",NA,0,15,0
"48742",NA,0,35,0
"48743",1,10,65,0
"48744",1,10,54,0
"48745",2,2,46,0
"48746",1,10,41,0
"48747",1,20,51,0
"48748",2,13,44,0
"48749",3,2,33,0
"48750",NA,0,NA,0
"48751",1,7,7,0
"48752",2,7,7,1
"48753",NA,0,2,0
"48754",NA,0,NA,0
"48755",NA,0,35,0
"48756",1,10,46,0
"48757",NA,0,NA,0
"48758",2,7,43,0
"48759",NA,0,NA,0
"48760",3,13,49,0
"48761",3,23,59,0
"48762",4,22,58,0
"48763",1,10,94,0
"48764",2,4,88,0
"48765",1,10,83,0
"48766",1,10,72,0
"48767",1,5,67,0
"48768",1,10,62,0
"48769",2,1,53,0
"48770",3,1,53,0
"48771",NA,0,NA,NA
