"Rank","Player Id","Player GSIS","Player College GSIS","Player Sportradar Id","Name","Team","#","POS","REC GRD","KEY","REC SNP","VS PRS","TGT","REC","REC YDS","YPR","REC TD","REC 1D","DP","FUM","FUML","CBL","CTT","CTC","YAC","YAC/REC","ADOT"
"","2973","30842","","9c21e9af-681c-41ef-9b00-fbc9e1668ed1","Marcedes Lewis","Broncos","89","TE","55.7","0","2","0","0","0","0","0.0","0","0","0","0","0","0","0","0","0","0.0","0.0"
"","7808","39973","","5c48ade7-4b9a-4757-9643-87a6e3839e2b","DeAndre Hopkins","Ravens","10","WR","82.3","36","216","111","43","24","358","14.9","2","15","1","0","0","26","19","12","68","2.8","14.5"
"","7816","39983","","de3421f7-2147-4835-89a5-724e87bad463","Zach Ertz","Commanders","86","TE","63.3","68","403","150","80","54","521","9.7","4","25","7","1","0","63","16","11","131","2.4","9.4"
"","7844","40011","","c3859e06-5f23-4302-a71b-04820a899d5f","Travis Kelce","Chiefs","87","TE","74","98","613","242","107","77","853","11.1","5","46","8","1","0","87","9","4","430","5.6","7.1"
"","7857","40024","","5f424505-f29f-433c-b3f2-1a143a04a010","Keenan Allen","Chargers","13","WR","76.1","94","523","228","130","85","833","9.8","4","51","8","2","0","96","27","12","252","3.0","8.7"
"","7912","40078","","67da5b5c-0db9-4fbc-b98d-7eb8e97b69f6","Kyle Juszczyk","49ers","44","FB","66.2","34","253","31","35","29","273","9.4","2","13","0","0","0","30","6","3","150","5.2","4.0"
"","8288","40488","","2fa2b2da-4aa9-44b5-b27e-56876dfe2ad4","Adam Thielen","Steelers","16","WR","57.3","32","277","125","35","22","213","9.7","0","12","3","0","0","27","10","5","55","2.5","8.7"
"","8641","41232","","ee9c975e-68f9-49cc-886d-f1d00286305d","Jake Matthews","Falcons","70","T","42","1","1","1","1","0","0","0.0","0","0","1","0","0","1","0","0","0","0.0","6.0"
"","8642","41233","","c48c21d9-0ae5-478c-ad34-30a660cfa9b8","Mike Evans","Buccaneers","13","WR","71.2","54","252","143","69","32","409","12.8","3","23","4","0","0","39","26","12","36","1.1","14.9"
"","8655","41246","0","b6b954eb-4591-4b7a-86b9-a481f15fdd58","Brandin Cooks","Bills","18","WR","57.2","37","421","152","47","29","357","12.3","0","18","2","0","0","32","17","11","55","1.9","17.0"
"","8688","41282","","e7d6ae25-bf15-4660-8b37-c37716551de3","Davante Adams","Rams","17","WR","83.9","116","539","309","144","74","1015","13.7","15","61","10","0","0","91","38","11","163","2.2","14.3"
"","9025","41563","","4c22d0dd-3f8e-4abf-84ca-7f08c046e3a5","Cornelius Lucas","Browns","71","T","59.7","0","1","1","0","0","0","0.0","0","0","0","0","0","0","0","0","0","0.0","0.0"
"","9434","42344","65024","fb3b36fc-b985-4807-8199-d038d7e62a93","Jameis Winston","Giants","19","QB","99.3","1","1","0","1","1","33","33.0","1","1","0","0","0","1","0","0","18","18.0","15.0"
"","9487","42397","59359","c5e430c5-7a8e-4e29-b30f-1a527f05cb89","Ameer Abdullah","Colts","26","HB","81.7","15","60","1","17","16","99","6.2","0","4","0","0","0","16","1","1","106","6.6","-0.4"
"","9502","42412","58090","dffa69ad-331e-4f09-ae38-40a5a4406be6","Tyler Lockett","Raiders","17","WR","52.8","39","396","150","59","33","297","9.0","1","14","4","0","0","37","12","3","86","2.6","7.5"
"","9579","42489","51209","a1c40664-b265-4083-aad2-54b4c734f2c5","Stefon Diggs","Patriots","08","WR","82.6","97","574","249","127","100","1174","11.7","5","55","3","0","0","105","16","12","410","4.1","9.1"
"","9637","42547","66514","14c97c9f-26e8-4944-9299-f90de6aeada3","Darren Waller","Dolphins","83","TE","87.6","31","170","61","36","25","298","11.9","6","19","0","0","0","26","8","5","69","2.8","11.9"
"","9783","42718","57106","b040e601-ec40-4757-bf3d-71bf64ef99cf","Raheem Mostert","Raiders","31","HB","66.8","10","86","3","12","12","70","5.8","0","6","0","0","0","12","0","0","86","7.2","-1.3"
"","10211","42302","","7c7b5515-7786-4e24-9ce0-34e6a8bd5727","Chris Manhertz","Giants","85","TE","47","0","16","2","2","1","7","7.0","0","0","0","0","0","1","0","0","6","6.0","6.5"
"","10635","43290","127679","aba8f925-ffbf-4654-bfa7-a25d3d237494","Jared Goff","Lions","16","QB","61.7","2","5","0","1","1","1","1.0","0","0","0","0","0","1","1","1","2","2.0","-1.0"
"","10636","43291","67961","e9a5c16b-4472-4be9-8030-3f77be7890cb","Carson Wentz","Vikings","11","QB","56.7","0","2","1","0","0","0","0.0","0","0","0","0","0","0","0","0","0","0.0","0.0"
"","10657","43312","119107","2e0badcd-b78c-40ee-a83b-a1bbb36bc545","Laquon Treadwell","Colts","13","WR","53","0","18","6","0","0","0","0.0","0","0","0","0","0","0","0","0","0","0.0","0.0"
"","10669","43324","115292","705899da-3c20-4bc3-b5d0-2e6e40655131","Hunter Henry","Patriots","85","TE","75.3","93","601","246","105","74","945","12.8","8","46","6","0","0","82","25","13","392","5.3","8.9"
"","10674","43329","51105","1ffc735b-74d8-44d2-ab32-00c5485c799f","Sterling Shepard","Buccaneers","17","WR","62.8","46","379","169","59","40","385","9.6","1","18","1","1","1","42","13","5","157","3.9","9.1"
"","10679","43334","127843","87c481c7-7414-43cc-82df-19ca0c2ae22e","Derrick Henry","Ravens","22","HB","59.1","12","160","7","19","15","150","10.0","0","4","1","0","0","16","0","0","139","9.3","0.9"
"","10715","43370","122658","90c2a93f-d837-4e1b-b57c-56648903a8db","Austin Hooper","Patriots","81","TE","67.3","30","254","75","34","24","287","12.0","2","16","0","0","0","24","6","4","105","4.4","9.3"
"","10728","43383","53554","c731aa8a-778b-4ccd-a19f-517eb66f47b7","Nick Vannett","Rams","38","TE","48.5","0","10","4","0","0","0","0.0","0","0","0","0","0","0","0","0","0","0.0","0.0"
"","10741","43396","72512","0b504d67-639b-4ba8-979a-498a3086257b","Chris Moore","Commanders","19","WR","57.3","26","257","114","23","11","207","18.8","1","10","3","0","0","15","8","3","55","5.0","16.7"
"","10744","43399","72628","0df7912d-9e81-47ea-b4f7-d04986df4ee8","Tyler Higbee","Rams","89","TE","67.1","37","234","67","40","29","365","12.6","3","20","3","0","0","32","7","3","172","5.9","6.8"
"","10760","43415","116856","46b16198-116f-4913-85db-2bc21462bd66","Demarcus Robinson","49ers","05","WR","67.1","35","323","130","40","30","391","13.0","2","20","2","0","0","33","9","7","92","3.1","13.1"
"","10799","43454","175616","01d8aee3-e1c4-4988-970a-8c0c2d08bd83","Tyreek Hill","Dolphins","10","WR","81","25","112","50","31","22","279","12.7","1","17","1","0","0","24","3","3","66","3.0","13.1"
"","11028","43584","","e0a31d02-9d1c-4dab-adb4-a5d9bbee8b36","Kalif Raymond","Lions","11","WR","68.5","25","223","94","30","24","289","12.0","1","14","1","0","0","25","3","3","164","6.8","6.3"
"","11254","43808","61596","e81fb788-1478-4936-ae12-f6ed7ec23476","Robbie Chosen","Commanders","12","WR","62.1","9","48","32","11","5","53","10.6","0","2","0","0","0","5","4","1","6","1.2","16.7"
"","11347","43971","","971fc9e5-bebb-4a2c-a822-8c52f92a3d07","C.J. Ham","Vikings","30","FB","51.9","1","58","4","3","2","11","5.5","0","1","0","0","0","2","0","0","7","3.5","5.7"
"","11763","44820","159105","f96db0af-5e25-42d1-a07a-49b4e065b364","Christian McCaffrey","49ers","23","HB","91.7","105","585","36","136","114","1035","9.1","9","56","5","1","0","121","15","9","788","6.9","2.9"
"","11775","44832","196084","09fab9a8-b0af-4580-bf55-5c9167912f89","Garett Bolles","Broncos","72","T","60","0","1","0","1","0","0","0.0","0","0","0","0","0","0","0","0","0","0.0","8.0"
"","11778","44835","119127","e21365af-8d66-416e-b0a5-8816d18fcfd9","Evan Engram","Broncos","01","TE","57.6","59","420","117","81","55","507","9.2","1","20","4","0","0","62","8","4","318","5.8","4.5"
"","11784","44841","173871","8f86fcea-90e8-49ea-bc78-5c7659313e57","David Njoku","Browns","85","TE","61.6","34","296","85","48","35","308","8.8","4","11","2","1","1","37","12","9","182","5.2","5.6"
"","11792","44849","126624","a28f7368-0306-4d20-855f-285a1a09c09c","Zay Jones","Cardinals","17","WR","57.7","13","190","69","17","12","183","15.3","0","7","1","0","0","13","3","1","33","2.8","13.9"
"","11795","44852","159811","66a21b6d-97e5-4732-8bb0-062145d6bbc6","Curtis Samuel","Bills","01","WR","59.5","10","117","38","12","8","83","10.4","1","5","0","0","0","8","1","1","29","3.6","14.8"
"","11817","44874","159081","9547fbb1-0d4f-4d9e-83b9-e2fa30463bb9","JuJu Smith-Schuster","Chiefs","09","WR","60.5","64","410","202","46","34","359","10.6","1","19","2","0","0","36","8","3","194","5.7","6.0"
"","11822","44879","174231","d9c857b2-97da-4fb8-a527-afbbb2a67413","Alvin Kamara","Saints","41","HB","39.5","36","252","8","41","34","187","5.5","0","7","3","2","1","37","1","0","208","6.1","0.7"
"","11824","44881","60930","2806e915-c46f-492f-8a29-71d3a85e5620","Cooper Kupp","Seahawks","10","WR","73.6","84","530","220","95","64","755","11.8","3","34","4","1","1","68","18","8","322","5.0","8.8"
"","11839","44896","159832","baa61bb5-f8d0-4f90-bbe2-028576b8d33d","Chris Godwin","Buccaneers","14","WR","68.8","43","290","109","51","35","371","10.6","2","21","2","0","0","41","14","7","209","6.0","7.8"
"","11841","44898","126678","0ef0d0ca-2d2d-455b-ab63-a20c01303e37","Kareem Hunt","Chiefs","29","HB","53.2","20","296","16","26","20","164","8.2","1","8","1","0","0","23","1","0","176","8.8","0.0"
"","11855","44912","110021","e4f25a37-74de-4bfb-b6c9-f50a4fab0b87","Jonnu Smith","Steelers","81","TE","49.4","47","340","115","60","40","221","5.5","2","10","2","1","0","44","8","3","185","4.6","4.8"
"","11860","44917","108625","28a084c0-14df-499f-bd1f-b975603626b7","James Conner","Cardinals","06","HB","73.4","8","46","2","9","8","38","4.8","1","4","0","0","0","8","1","0","70","8.8","-0.8"
"","11869","44927","159257","e601812f-ce24-4e99-bee0-e33c1e9014e4","Samaje Perine","Bengals","34","HB","60.3","16","193","20","21","18","92","5.1","0","5","1","0","0","19","1","1","121","6.7","-1.7"
"","11872","44930","158143","682eda79-0026-4ad8-8f45-a61ce42cb908","Josh Reynolds","Jets","83","WR","61.8","16","172","60","23","13","110","8.5","0","4","1","0","0","14","8","2","15","1.1","12.8"
"","11873","44931","65899","93cb5790-1012-4c42-bccb-5748c27ba7d6","Mack Hollins","Patriots","13","WR","71.7","49","414","188","76","53","687","13.0","3","33","0","1","0","54","17","10","133","2.5","14.4"
"","11901","44959","109513","2ada91b0-036e-454f-83c3-6d939ff584a9","George Kittle","49ers","85","TE","91","56","309","74","71","59","640","10.8","7","38","2","0","0","64","15","12","262","4.4","7.2"
"","11917","44975","164135","25cc3585-6194-4786-968a-2600db46b6c6","Jeremy McNichols","Commanders","26","HB","60.5","24","213","9","32","25","196","7.8","0","10","1","0","0","26","2","1","222","8.9","-0.6"
"","11929","44987","68794","582dc00e-e7ec-4ca7-bff0-f7b1d604017b","Eric Saubert","Seahawks","81","TE","57.5","8","88","26","6","5","33","6.6","0","2","0","0","0","5","0","0","16","3.2","5.5"
"","11937","44995","110264","27dd5b6e-ea65-4622-a6b4-460fd144407c","Aaron Jones","Vikings","33","HB","46.1","31","200","11","42","30","218","7.3","1","9","3","2","1","33","3","1","248","8.3","1.1"
"","11972","45030","59313","e5266a8b-b610-4c5e-9bee-7269917ffd6f","Corey Levin","Titans","62","C","54.9","0","2","0","0","0","0","0.0","0","0","0","0","0","0","0","0","0","0.0","0.0"
"","11981","45039","","aecc1809-4628-4c3a-8b2b-c8f2858d2492","David Moore","Panthers","83","WR","49.5","2","41","10","1","1","5","5.0","0","0","0","0","0","1","0","0","0","0.0","5.0"
"","11993","45052","159942","36f62824-1cdb-4e9e-8a11-55df97e562b9","Noah Brown","Commanders","85","WR","61.5","12","77","25","12","6","102","17.0","0","3","1","0","0","8","5","2","24","4.0","15.0"
"","12078","44792","","8809c0dd-786b-4255-a7d0-333c9498c19a","Mo Alie-Cox","Colts","81","TE","58","12","124","21","19","13","117","9.0","1","4","1","0","0","15","4","1","78","6.0","5.5"
"","12087","45267","158188","2a443351-5e63-4a49-819e-912b51a745f2","Tim Patrick","Jaguars","17","WR","62.2","20","182","87","27","16","195","12.2","3","10","3","0","0","19","8","3","64","4.0","11.8"
"","12112","45244","194864","3c8a55dd-20a8-4375-b711-49eb5e6e1d0e","Taysom Hill","Saints","07","TE","50.7","9","88","15","16","12","109","9.1","0","2","3","0","0","15","1","0","94","7.8","2.0"
"","12164","45573","","e5b8c439-a48a-4f83-b63b-1a4d30e04cd3","Austin Ekeler","Commanders","30","HB","59.5","8","42","5","8","6","44","7.3","0","2","0","0","0","6","1","0","57","9.5","1.1"
"","12193","45635","56747","7c9c7800-69d0-459b-812b-a07ac48e9f2a","Robert Tonyan","Chiefs","85","TE","46.9","2","37","10","1","1","1","1.0","0","0","0","0","0","1","0","0","0","0.0","1.0"
"","12206","45094","121244","6414998b-5831-44aa-8bd8-39e42a323c2c","Johnny Mundt","Jaguars","86","TE","46.6","15","148","21","17","9","111","12.3","0","6","3","0","0","12","3","0","76","8.4","6.1"
"","12247","45339","61040","6733b953-de77-44e5-acbf-c2d3a0940243","Pharaoh Brown","Cardinals","49","TE","48.2","2","20","3","2","2","1","0.5","0","0","0","0","0","2","0","0","1","0.5","0.0"
"","12270","45185","116657","5aba3610-ab55-4922-ac46-806ded5eb8bf","Kendrick Bourne","49ers","84","WR","64.1","49","409","167","53","37","551","14.9","0","27","7","0","0","45","13","6","167","4.5","11.3"
"","12307","45721","115306","8106a0d3-1cc9-4038-8c1b-9c7886a6bcba","Dan Skipper","Lions","70","T","34.2","1","4","1","1","0","0","0.0","0","0","1","0","0","1","0","0","0","0.0","-3.0"
"","12329","45719","55557","42b57148-fc06-4aee-b40b-bb941271b5b7","Dare Ogunbowale","Texans","33","HB","46.3","10","68","5","13","10","76","7.6","0","3","1","1","1","11","3","1","57","5.7","1.7"
"","13756","52858","195189","689de342-1d99-4a4d-976d-f6573ef3a8c2","Giovanni Ricci","Lions","88","TE","49.4","0","9","3","1","0","0","0.0","0","0","0","0","0","0","0","0","0","0.0","3.0"
"","20994","46331","130765","70473218-5ae3-47b4-86fd-151e68f1e8b9","Ross Dwelley","Lions","82","TE","46.2","3","36","7","4","2","7","3.5","0","0","0","0","0","2","2","0","7","3.5","1.8"
"","22777","54931","278802","4f2ecf70-d3b2-11ec-96a0-c3471a31202c","Tanner Conner","Dolphins","80","TE","46.3","12","120","30","15","9","91","10.1","0","3","2","0","0","12","2","1","37","4.1","8.4"
"","25276","54723","282907","02c808d8-6074-43db-b0d9-f69fab78f6d9","Samori Toure","Saints","89","WR","66.5","2","8","6","3","1","3","3.0","0","0","0","0","0","1","0","0","0","0.0","12.3"
"","25578","47954","194755","82ed30a5-54a8-4ed0-b040-99c3a78fb055","Darius Slayton","Giants","18","WR","59.3","65","465","235","68","41","681","16.6","1","23","6","1","1","48","12","4","272","6.6","14.9"
"","26104","46992","175076","6f124753-5c6c-454b-97c7-0f9b4d14e7c2","KhaDarel Hodge","Falcons","04","WR","55.8","6","41","20","10","3","31","10.3","0","2","1","0","0","5","2","0","9","3.0","15.0"
"","26394","52523","194657","f58a5899-8b78-46e8-a29a-ba6273b7d872","Harrison Bryant","Texans","88","TE","40.4","5","70","22","10","6","31","5.2","0","2","0","0","0","6","1","0","11","1.8","7.2"
"","27126","47911","194843","33b0227d-4c21-4e71-b4cd-be35f7db9123","Tony Pollard","Titans","20","HB","51.8","28","320","7","43","37","229","6.2","0","11","3","1","1","40","2","2","249","6.7","-0.4"
"","27948","53678","195198","5521ba64-e615-4d50-b9bf-490498571ac7","Ben Skowronek","Steelers","15","WR","61.6","8","60","33","6","4","69","17.3","1","4","0","0","0","4","0","0","25","6.3","11.2"
"","28253","54874","194597","711a03f0-cfea-11ec-8762-8dfa2bbad12c","Brenden Schooler","Patriots","41","S","60","0","1","0","0","0","0","0.0","0","0","0","0","0","0","0","0","0","0.0","0.0"
"","28305","52942","337575","0226b03b-f91d-4223-9813-9fcd2e9c3acc","Juwan Johnson","Saints","83","TE","69.1","82","559","162","101","77","889","11.6","3","41","7","2","2","86","25","14","363","4.7","7.7"
"","29048","46072","194671","13d826c5-9b22-4e0a-a877-02d8c84c546b","Sam Darnold","Seahawks","14","QB","58.9","0","1","0","0","0","0","0.0","0","0","0","0","0","0","0","0","0","0.0","0.0"
"","29049","52442","194669","1aefd5e2-1f85-471a-91a5-4aad4cf6fe6d","Michael Pittman Jr.","Colts","11","WR","70.8","96","574","198","118","86","846","9.8","7","47","5","0","0","93","16","7","290","3.4","8.4"
"","29413","46377","159399","72cf3127-3953-4fd8-8049-3de1b6fa9825","Jeff Wilson Jr.","Dolphins","34","HB","55.6","0","5","0","0","0","0","0.0","0","0","0","0","0","0","0","0","0","0.0","0.0"
"","29573","53485","195180","4a76219c-34b8-4cfe-81ab-2bb011368367","D'Wayne Eskridge","Dolphins","82","WR","65.4","6","61","24","6","4","62","15.5","0","3","0","0","0","4","2","2","8","2.0","13.0"
"","30762","46189","160020","383f4814-6836-4766-a297-fc063e8509cc","Will Dissly","Chargers","89","TE","55.4","12","99","29","15","11","97","8.8","0","5","1","0","0","13","3","0","68","6.2","4.1"
"","32565","47749","160008","12b701c8-7f40-4437-aeef-782fd1d25f2e","Jakob Johnson","Texans","43","FB","48.5","0","11","1","0","0","0","0.0","0","0","0","0","0","0","0","0","0","0.0","0.0"
"","32933","54810","172390","75774350-ce18-11ec-bebb-4fec1e38b0e5","Britain Covey","Eagles","18","WR","57.3","4","28","11","4","2","20","10.0","0","2","1","0","0","3","1","0","19","9.5","2.5"
"","33465","54428","195802","8261c380-132b-11ed-86b5-f9dfd114f830","Maurice Alexander","Bears","13","WR","59.3","0","1","0","0","0","0","0.0","0","0","0","0","0","0","0","0","0","0.0","0.0"
"","34579","48489","187620","97f6c20c-1110-4551-82c1-41d3247397a2","David Sills V","Falcons","87","WR","52.8","27","349","154","38","18","191","10.6","2","9","3","0","0","21","5","2","59","3.3","12.0"
"","34807","45069","64679","8925f38d-5c75-42c7-aa52-e3bcca16a21c","Daniel Brunskill","Dolphins","64","G","49.2","1","10","4","0","0","0","0.0","0","0","0","0","0","0","0","0","0","0.0","0.0"
"","34934","48233","180175","7ade135c-0760-4548-b7d9-cf1174e2be33","Alec Ingold","Dolphins","30","FB","46","22","126","12","11","8","52","6.5","0","4","1","0","0","9","1","0","45","5.6","3.7"
"","35639","53932","278404","e5870f5e-f9b2-48a3-97ec-8d12fbc91f3f","Adam Prentice","Broncos","46","FB","53.6","4","65","11","8","6","53","8.8","0","3","1","0","0","7","0","0","44","7.3","2.0"
"","35883","47879","267761","5fb525c5-4e70-4ede-8c49-94ad0cf66b7d","Dawson Knox","Bills","88","TE","68.4","55","375","121","57","43","480","11.2","4","26","4","0","0","49","11","5","208","4.8","7.5"
"","39395","47789","195393","0042266b-cb28-4012-bfd2-06650badad97","Daniel Jones","Colts","17","QB","58.9","0","1","0","0","0","0","0.0","0","0","0","0","0","0","0","0","0","0.0","0.0"
"","39805","47821","195218","74a588d5-22b6-42da-8d59-c79d4f7634d2","Cody Ford","Bengals","61","T","78.5","1","1","0","1","1","21","21.0","0","1","0","0","0","1","0","0","17","17.0","4.0"
"","40006","52500","259697","d93dbc83-e604-4823-a24e-d162cbd8d4d9","Devin Duvernay","Bears","12","WR","69.4","4","26","11","6","3","30","10.0","0","1","0","0","0","3","3","2","0","0.0","14.2"
"","40399","54715","280563","387c8819-5892-4528-ac33-0ec72b24cc2f","Brittain Brown","Bears","38","HB","52.1","0","9","3","1","0","0","0.0","0","0","0","0","0","0","0","0","0","0.0","4.0"
"","40485","47857","194627","a961b0d4-5d7c-438e-90f0-2e1fa09f6c89","Devin Singletary","Giants","26","HB","58.7","16","126","5","21","20","159","8.0","0","4","1","0","0","21","1","1","169","8.4","-0.6"
"","40547","53548","196570","482c1032-765a-48d3-b46e-b47a809dbee4","Kene Nwangwu","Jets","34","HB","52.1","0","13","1","1","0","0","0.0","0","0","0","0","0","0","0","0","0","0.0","-6.0"
"","40555","47836","194779","ef3ceaf4-b733-4e06-a7f4-a94fc67361c1","Miles Sanders","Cowboys","24","HB","76.3","7","28","0","9","9","34","3.8","0","0","0","0","0","9","0","0","44","4.9","-1.1"
"","40573","54536","279815","318b263d-8910-4e46-afe3-5860092ab260","Velus Jones Jr.","Seahawks","32","HB","59.2","0","2","0","0","0","0","0.0","0","0","0","0","0","0","0","0","0","0.0","0.0"
"","40630","53556","263283","bcc0167c-05fd-4b23-981e-60b8784ceb33","Kylen Granson","Eagles","83","TE","42.9","6","93","27","9","7","40","5.7","0","3","1","0","0","8","1","0","12","1.7","7.6"
"","40693","53041","263288","bba755a2-63b6-4ac1-b806-0609816135de","Rico Dowdle","Panthers","05","HB","55.2","39","289","17","49","41","310","7.6","1","14","2","1","0","42","0","0","373","9.1","-1.1"
"","40912","47791","279646","bd1120b6-38b3-4225-a4b0-20660a149d0d","T.J. Hockenson","Vikings","87","TE","62.6","64","445","134","67","51","438","8.6","3","22","4","0","0","57","7","3","224","4.4","5.3"
"","40951","53079","259490","4475bb8a-b5a6-4527-bfc7-8e7e03900984","Reggie Gilliam","Bills","41","FB","52.3","3","40","4","3","2","24","12.0","0","1","0","0","0","2","0","0","2","1.0","8.0"
"","41372","54683","278770","f96b8338-4ffb-4612-8c29-58dc3b12db69","Ko Kieft","Buccaneers","41","TE","54.6","1","4","1","0","0","0","0.0","0","0","0","0","0","0","0","0","0","0.0","0.0"
"","41668","53646","196701","02af99e0-3c84-4d4e-937a-a9f29a02323b","Khalil Herbert","Jets","31","HB","31.9","2","19","1","3","1","4","4.0","0","0","1","0","0","2","0","0","9","9.0","-4.3"
"","41933","52526","281893","617aee8a-70be-4bdf-9a71-2e2b74e647e6","Albert Okwuegbunam","Raiders","86","TE","72.7","6","25","9","6","5","36","7.2","0","2","0","0","0","5","1","0","34","6.8","3.8"
"","42058","53946","279825","0560d134-d316-4cda-9d48-34d32267af68","Jack Stoll","Saints","88","TE","59","7","50","7","10","6","46","7.7","1","2","0","0","0","6","2","2","18","3.0","4.8"
"","42130","46170","195797","ed8a8fd2-df67-45e7-a34f-984afb82f6ea","Ian Thomas","Raiders","80","TE","67.1","10","90","18","13","13","114","8.8","0","5","0","0","0","13","0","0","76","5.8","2.9"
"","42237","48646","282490","4484c7d1-025a-4f26-8e9b-48503afb0c68","Greg Dortch","Cardinals","04","WR","61.4","25","226","66","36","31","217","7.0","3","10","2","0","0","33","4","2","214","6.9","1.5"
"","42247","48541","259700","b7f930af-ddd2-4a48-9617-96bda81b0334","Lil'Jordan Humphrey","Broncos","17","WR","57.9","33","251","101","31","16","194","12.1","2","11","1","0","0","19","7","2","34","2.1","13.6"
"","42257","52598","195531","527dfee0-a242-4dc7-830a-ab7028308259","Charlie Woerner","Falcons","89","TE","47.6","10","134","28","8","8","48","6.0","0","2","0","0","0","8","1","1","37","4.6","1.4"
"","42266","52934","194449","0f369885-8ecd-4ca0-a3dc-df8530a0db6e","Sean McKeon","Colts","49","TE","54","0","3","0","0","0","0","0.0","0","0","0","0","0","0","0","0","0","0.0","0.0"
"","42275","53553","279874","3208880b-949f-4926-85eb-1940770550ea","John Bates","Commanders","87","TE","55.3","15","141","31","15","11","103","9.4","1","6","1","0","0","12","2","0","69","6.3","4.9"
"","42353","53574","278502","8a1f0e8e-6521-4a94-9934-ad4f76a25fd9","Luke Farrell","49ers","89","TE","46.8","17","157","31","15","12","86","7.2","2","6","1","1","1","13","3","2","56","4.7","2.8"
"","42388","47803","195637","cdc98acc-9eb6-4b44-81bb-61d7b8a3b55f","Noah Fant","Bengals","86","TE","56.6","31","226","71","38","34","288","8.5","3","13","1","3","3","35","4","3","177","5.2","3.7"
"","42683","47839","261193","fe6dc768-d576-476c-b150-53b85af2a1d1","Mecole Hardman Jr.","Bills","16","WR","63.6","3","13","7","3","1","4","4.0","1","1","0","0","0","2","1","0","2","2.0","23.0"
"","43742","47802","259274","dcbe3642-aa52-43e6-8f4c-4b9809377c4d","Jeffery Simmons","Titans","98","DI","81.5","1","1","1","1","1","1","1.0","1","1","0","0","0","1","0","0","0","0.0","9.0"
"","44771","46263","160314","4501e6f4-4683-4357-b241-8b4a0b6aae81","Russell Gage","49ers","14","WR","51.6","0","20","13","1","0","0","0.0","0","0","0","0","0","0","0","0","0","0.0","7.0"
"","44920","48374","173340","d8281390-f081-41e5-b55e-75779536fe94","Olamide Zaccheaus","Bears","14","WR","56.3","48","380","140","69","41","330","8.1","3","16","7","0","0","50","12","8","151","3.7","7.8"
"","45719","47856","196572","1c9e1cd5-8cb1-4a15-a2c8-3a0c0fd5423c","David Montgomery","Lions","05","HB","78.4","22","176","3","26","24","192","8.0","0","11","0","0","0","24","0","0","201","8.4","0.1"
"","45734","47605","159061","f46e812f-14c6-4af8-9316-01a880adebc5","D'Ernest Johnson","Patriots","34","HB","53.2","0","20","2","0","0","0","0.0","0","0","0","0","0","0","0","0","0","0.0","0.0"
"","45769","47969","173301","96e6687b-2b89-4dd9-98df-6e7507cd82cf","Ty Johnson","Bills","26","HB","64.5","33","233","31","32","24","263","11.0","2","13","2","1","0","26","1","0","310","12.9","-1.2"
"","45775","47965","196123","478fcd24-2617-41d5-a900-b272aa6ef515","Trayveon Williams","Browns","38","HB","63.5","5","54","3","8","8","55","6.9","0","2","0","0","0","8","0","0","85","10.6","-3.8"
"","45783","46104","158545","4bd60b33-9fbf-4156-ba2b-8264ac37b418","Nick Chubb","Texans","21","HB","52.1","13","154","4","20","14","80","5.7","0","1","1","0","0","16","2","1","81","5.8","1.0"
"","45791","46071","174233","9811b753-347c-467a-b3cb-85937e71e2b9","Saquon Barkley","Eagles","26","HB","46.8","52","368","29","55","41","309","7.5","2","12","4","1","1","46","2","0","347","8.5","1.1"
"","45851","46203","160485","d8d9b161-7ef4-42bf-89b7-7edf806a0ad1","Chase Edmonds","Commanders","38","HB","60","0","1","0","0","0","0","0.0","0","0","0","0","0","0","0","0","0","0.0","0.0"
"","45859","47987","195679","4afb77d8-4564-469b-be4c-5a8587df8046","Travis Homer","Bears","21","HB","56","0","4","0","0","0","0","0.0","0","0","0","0","0","0","0","0","0","0.0","0.0"
"","45865","47896","195625","528e71ec-8fb3-4928-ace5-fc5ffbf26eb3","Justice Hill","Ravens","43","HB","62.1","21","135","9","27","21","169","8.1","1","6","1","0","0","23","1","1","189","9.0","-0.5"
"","45953","47807","194698","61694ab9-b099-408e-b48d-6a643dd069ec","Josh Jacobs","Packers","08","HB","89.5","28","244","13","47","39","296","7.6","1","8","0","0","0","39","2","2","327","8.4","-0.8"
"","46232","47875","172744","668bbc04-3346-4ba5-b038-9b5485f79d1c","Chuma Edoga","Jaguars","55","T","59.7","0","1","0","0","0","0","0.0","0","0","0","0","0","0","0","0","0","0.0","0.0"
"","46301","48485","174578","e3a0e17e-fb75-4284-b89c-ddbc758f3d20","Blake Hance","Titans","73","G","59.6","0","1","0","0","0","0","0.0","0","0","0","0","0","0","0","0","0","0.0","0.0"
"","46416","46101","173565","e06a9c07-453a-4bb0-a7e9-2c3a64166dad","Lamar Jackson","Ravens","08","QB","58.9","0","1","0","0","0","0","0.0","0","0","0","0","0","0","0","0","0","0.0","0.0"
"","46518","46070","109338","30198d30-9769-4e10-ac86-b4c91d940802","Baker Mayfield","Buccaneers","06","QB","60","0","1","0","0","0","0","0.0","0","0","0","0","0","0","0","0","0","0.0","0.0"
"","46951","48085","172901","95cd7ce9-e92a-40d9-997f-c7b16d0efd83","Fred Johnson","Eagles","74","T","60","0","1","0","0","0","0","0.0","0","0","0","0","0","0","0","0","0","0.0","0.0"
"","47034","52502","195781","7874d188-0fcd-4af9-9289-27c27e2bbd16","Josiah Deguara","Cardinals","45","TE","53.5","1","59","9","4","3","21","7.0","1","2","0","0","0","3","1","0","5","1.7","5.5"
"","47043","47920","177413","9c3a67fd-5c6e-4689-9e08-9ff6d4db6c9a","Foster Moreau","Saints","87","TE","55.5","9","72","19","10","7","59","8.4","0","2","1","0","0","8","0","0","42","6.0","2.6"
"","47083","47852","172804","dc83f7af-7b30-4c4a-9c93-f67bd8db954b","Josh Oliver","Vikings","84","TE","72.9","19","129","30","19","16","160","10.0","4","9","0","0","0","17","2","1","105","6.6","2.6"
"","47121","48096","159407","b556a98d-16aa-4a0d-9134-1b59c46cc640","Andrew Beck","Jets","47","FB","72.5","9","30","4","9","6","45","7.5","2","4","1","0","0","7","2","0","20","3.3","4.7"
"","47124","46226","174199","f0d17dfa-ebf3-416c-a8d2-c6bc30675103","Tyler Conklin","Chargers","83","TE","44.7","10","91","29","12","8","108","13.5","0","3","2","1","0","11","2","0","62","7.8","5.0"
"","47153","46111","159831","1012cbe0-7eba-4169-bfca-183a0204e1a7","Mike Gesicki","Bengals","88","TE","71.7","35","267","99","47","30","322","10.7","2","19","0","0","0","32","12","6","72","2.4","10.2"
"","47257","46192","110525","7e42a22a-c47b-4387-aeeb-2cc2e76dc1d8","Durham Smythe","Bears","81","TE","38.4","5","97","12","9","6","36","6.0","0","1","1","0","0","7","2","0","15","2.5","5.4"
"","47259","47835","167371","15a4f552-ecaf-45bd-9006-aa5dda93bee6","Drew Sample","Bengals","89","TE","45.9","17","236","48","17","15","106","7.1","1","5","0","0","0","16","2","1","106","7.1","-0.1"
"","47272","46118","159389","e8029983-87cf-49a2-bc04-04c8233a0630","Dallas Goedert","Eagles","88","TE","69.1","81","494","191","89","66","652","9.9","12","36","3","0","0","72","9","0","274","4.2","7.5"
"","47304","46206","174531","8caec1b4-e0b6-4a84-b8c8-617d6e91ef6a","Dalton Schultz","Texans","86","TE","76.5","88","577","164","115","91","878","9.7","3","41","2","1","0","96","11","3","414","4.5","6.9"
"","47417","45900","123405","6124c4d4-337b-4926-b3f8-d2feb1c16fa9","River Cracraft","Commanders","88","WR","57.7","0","2","0","0","0","0","0.0","0","0","0","0","0","0","0","0","0","0.0","0.0"
"","47436","46155","164143","0618f387-9b72-4270-8b8f-dec4cccc9e4a","Mark Andrews","Ravens","89","TE","61.6","56","371","136","72","52","455","8.8","5","24","3","1","0","56","13","7","113","2.2","8.3"
"","47447","52465","197331","8e1285f7-6e4c-41e4-aac9-92e09f9f32b2","Van Jefferson","Titans","11","WR","60.5","36","399","198","55","31","388","12.5","1","17","0","0","0","34","11","6","113","3.6","12.5"
"","47468","48097","195864","73e194d1-a4b7-4de4-b1c2-3c24ef502918","Jakobi Meyers","Jaguars","03","WR","73.2","89","594","265","113","76","847","11.1","3","44","4","1","1","83","27","12","290","3.8","9.4"
"","47481","47991","181847","85e18d5f-8a3f-4b6c-88fe-dfdaaed5554e","Scott Miller","Steelers","13","WR","60.6","14","111","55","13","10","88","8.8","0","4","0","0","0","11","1","1","42","4.2","6.4"
"","47509","47932","173540","34c523c7-bc58-49f0-a9cc-f9edd91fe00f","Hunter Renfrow","Panthers","13","WR","57.6","17","165","63","26","15","89","5.9","2","8","1","0","0","16","6","3","21","1.4","9.2"
"","47546","46116","174393","ebcd87ce-218c-4144-810b-921c2f59d6e8","Christian Kirk","Texans","13","WR","61.4","46","370","148","69","39","424","10.9","3","20","4","0","0","44","12","3","179","4.6","8.9"
"","47658","53117","173272","2dfd63d0-0e8a-11ed-a8f4-191ad3c6932a","KaVontae Turpin","Cowboys","09","WR","64.7","40","266","114","41","27","419","15.5","2","16","4","0","0","31","2","1","218","8.1","9.4"
"","47809","46243","108491","e7f0a505-8060-403e-a3b3-9d4e88dda1dc","Marquez Valdes-Scantling","Steelers","11","WR","51.1","29","267","128","33","17","146","8.6","1","7","1","1","0","19","6","1","36","2.1","12.3"
"","47861","53074","172698","5e63e674-adf3-4f4e-929e-4a0ff2cfb1df","Nick Westbrook-Ikhine","Dolphins","18","WR","49.4","20","231","73","22","12","96","8.0","0","8","3","0","0","16","4","1","31","2.6","6.6"
"","47864","47847","259471","754faf0f-40f7-45f0-b23b-6ce990ecaf26","D.K. Metcalf","Steelers","04","WR","73.1","91","531","336","112","66","945","14.3","6","39","6","0","0","73","25","9","455","6.9","11.6"
"","47895","46256","173553","f7ff7599-a175-4a0c-b887-3ae9e596fc64","Ray-Ray McCloud III","Giants","88","WR","53.9","12","140","63","13","7","69","9.9","0","4","1","0","0","8","1","1","43","6.1","6.3"
"","47901","52778","196375","58266b36-fa48-4f51-b41c-909bf82748f3","Andre Baccellia","Cardinals","82","WR","46.2","3","72","24","4","2","8","4.0","0","0","1","0","0","3","0","0","7","3.5","1.5"
"","47961","46279","159157","18f0bd30-1432-4fae-9cb4-c212bad6d0bb","Braxton Berrios","Texans","17","WR","62.8","8","51","10","8","6","37","6.2","0","3","0","0","0","6","1","0","18","3.0","2.9"
"","47996","48765","173532","427038d8-ff50-4d6e-a088-4fdb8bc2f0e3","Alex Bachman","Raiders","81","WR","66.5","2","18","10","3","2","12","6.0","0","2","0","0","0","2","2","1","2","1.0","4.7"
"","48021","46671","157901","18ccb826-5584-4f6a-8434-cf9a3b927b0f","Trent Sherfield","Cardinals","81","WR","49.9","6","84","34","5","3","21","7.0","0","1","0","0","0","3","0","0","13","4.3","8.6"
"","48027","52625","174243","3ae9f0fa-c711-4663-80cf-4707856c07aa","Jauan Jennings","49ers","15","WR","68.9","82","551","259","103","60","723","12.1","9","38","5","1","1","67","38","21","215","3.6","10.5"
"","48037","52609","195670","c65488d4-251e-40fc-9f32-7019bbdaf75e","James Proche II","Titans","13","WR","55.8","10","120","49","13","8","86","10.8","0","2","0","0","0","8","3","2","13","1.6","14.6"
"","48054","52569","195754","93c17735-5275-45cf-b3ef-620351c62313","Tyler Johnson","Jets","16","WR","60","17","174","61","16","12","197","16.4","1","8","2","0","0","14","4","2","66","5.5","13.5"
"","48078","46998","158605","82a7e1ff-019a-4f4b-aeb6-c41420e44891","Malik Turner","49ers","81","WR","43.1","2","9","4","1","0","0","0.0","0","0","1","0","0","1","0","0","0","0.0","7.0"
"","48103","46173","174297","ed5bcd2c-6335-4c0b-93b7-2116684a9b02","Nyheim Miller-Hines","Saints","19","HB","56.4","0","4","2","0","0","0","0.0","0","0","0","0","0","0","0","0","0","0.0","0.0"
"","48113","46113","160019","20d16690-560b-4a01-af20-8870ef07ea70","Dante Pettis","Saints","11","WR","67","10","83","38","12","9","127","14.1","0","4","0","1","1","9","2","0","86","9.6","10.3"
"","48135","46705","158613","6a23db75-021b-4808-99e6-21a33d34202b","Allen Lazard","Jets","10","WR","52","14","171","40","18","10","70","7.0","1","4","0","0","0","11","8","3","36","3.6","11.4"
"","48164","46109","162044","b55ae5ba-593f-4560-9cab-14e10698e01d","Courtland Sutton","Broncos","14","WR","74.2","122","748","406","144","85","1134","13.3","8","56","8","0","0","101","40","19","223","2.6","13.1"
"","48170","46277","197367","a964f59b-af2b-48e1-b64d-c376cc1d8c28","Cedrick Wilson Jr.","Dolphins","19","WR","56.6","13","84","29","10","5","44","8.8","0","3","0","0","0","5","3","1","27","5.4","9.9"
"","48229","47859","177103","7e8c4641-2beb-4213-ba22-69fe0307005f","Terry McLaurin","Commanders","17","WR","87","51","284","124","65","39","612","15.7","3","33","1","0","0","42","17","9","100","2.6","15.0"
"","48236","52581","195836","bafe8df1-66b5-4200-8fb3-ff188c25a4e2","Darnell Mooney","Falcons","01","WR","52.4","55","486","221","77","32","443","13.8","1","25","6","2","0","45","14","2","73","2.3","15.4"
"","48262","46095","172791","926e2674-52d6-4cec-9991-46ee85cc8cfd","Calvin Ridley","Titans","00","WR","66.7","25","171","68","36","17","303","17.8","0","13","3","0","0","22","8","1","86","5.1","13.7"
"","48267","46093","173298","d8202e6d-d03b-4cd1-a793-ff8fd39d9755","DJ Moore","Bears","02","WR","67.9","81","680","270","97","61","798","13.1","8","37","3","1","1","67","15","8","277","4.5","12.3"
"","48274","47819","175166","628a6a0a-4fde-4024-8d7c-28674953d5af","Deebo Samuel","Commanders","01","WR","70.3","77","478","183","110","76","744","9.8","5","32","6","1","0","84","21","10","497","6.5","6.0"
"","48327","47834","197332","a9e580f2-1fbe-46fb-887c-c84089b507e4","A.J. Brown","Eagles","11","WR","83.4","110","555","248","136","84","1052","12.5","7","48","3","0","0","92","39","18","268","3.2","12.6"
"","48341","48051","174109","4a213e4e-b0ba-4124-833e-33c528bd5908","Steven Sims","Cardinals","80","WR","41.2","1","4","0","1","0","0","0.0","0","0","1","0","0","1","0","0","0","0.0","2.0"
"","48862","45268","69257","cb68b95f-ef6f-4e5e-b861-8bfe6cfeacf5","Patrick Ricard","Ravens","42","FB","62.2","2","31","4","1","1","8","8.0","0","0","0","0","0","1","0","0","3","3.0","5.0"
"","51789","54610","306148","650c8ab6-958d-47b6-bdc0-62fe852a4f10","Darian Kinnard","Packers","70","T","29.8","1","3","0","1","1","6","6.0","0","0","0","1","0","1","0","0","11","11.0","-5.0"
"","51837","45355","117283","b0719e3d-199b-46e5-a2b4-1091f6fd5c0d","Anthony Firkser","Lions","86","TE","56.3","7","107","36","9","8","53","6.6","0","4","0","0","0","8","2","2","14","1.8","4.8"
"","52130","52615","278424","1d1c217b-6407-40d7-aebb-ba95fa05d127","Isaiah Hodgins","Giants","89","WR","56.3","16","223","87","20","10","115","11.5","1","6","0","0","0","10","4","2","18","1.8","13.9"
"","52195","54054","278299","c1d52f55-4c65-4b37-8457-f0dc028c85bc","Austin Trammell","Jaguars","81","WR","56.5","6","51","17","9","3","46","15.3","0","2","1","0","0","4","1","1","0","0.0","15.6"
"","52266","52541","278296","1ea7affb-e5e7-491a-aaa3-55e200b2eb48","Colby Parkinson","Rams","84","TE","77.2","64","326","92","74","52","562","10.8","9","31","7","2","1","59","11","4","373","7.2","5.5"
"","52269","53496","308643","7d51fab7-2d52-4d19-a021-19a123af0d10","Davis Mills","Texans","10","QB","58.9","1","1","0","0","0","0","0.0","0","0","0","0","0","0","0","0","0","0.0","0.0"
"","52286","55233","300655","5d01b190-d51e-11ec-8f44-c7121c9cec59","Tucker Fisk","Chargers","42","TE","42","7","64","9","6","5","31","6.2","0","1","1","0","0","6","1","0","27","5.4","1.3"
"","53746","57572","310346","eb055af0-0e1a-11ef-aa6c-9183e6948e0f","Brenden Bates","Browns","82","TE","64.6","4","31","3","5","4","48","12.0","0","3","1","0","0","5","2","1","9","2.3","8.0"
"","54037","56012","305721","601467c7-b593-472d-a147-b8e7bfdbe990","Josh Whyle","Packers","81","TE","54.3","9","93","24","7","6","43","7.2","1","2","0","0","0","6","0","0","26","4.3","3.4"
"","55038","55996","305978","c634c231-61fb-4725-8533-2cce14bfebbf","Charlie Jones","Bengals","15","WR","53.2","2","12","6","1","0","0","0.0","0","0","0","0","0","0","0","0","0","0.0","42.0"
"","55123","56191","300529","3b133980-eb9a-11ed-8b52-a11a185238e2","Zavier Scott","Vikings","36","HB","85","11","62","6","17","15","106","7.1","1","7","0","0","0","15","1","1","116","7.7","1.1"
"","55410","52536","280951","dc397432-7157-4ce4-976d-b9662cc6f551","Gabe Davis","Bills","13","WR","59.2","21","157","84","21","14","143","10.2","1","9","2","0","0","17","7","5","32","2.3","9.4"
"","55632","52552","280370","48ef5bfa-7b91-4ed1-ad12-e94c0bc101c2","DeeJay Dallas","Jaguars","20","HB","30.9","1","13","2","1","0","0","0.0","0","0","1","0","0","1","0","0","0","0.0","-1.0"
"","57120","54563","284014","795f636e-6f7f-4bc7-a346-2862272abead","Brian Robinson","49ers","03","HB","61.5","10","83","5","13","9","28","3.1","0","1","0","0","0","9","3","0","34","3.8","0.2"
"","57121","53453","280004","48ec58c3-ec26-4434-b005-8d34035e6667","Najee Harris","Chargers","22","HB","70.3","3","19","2","3","3","25","8.3","0","1","0","0","0","3","0","0","15","5.0","3.3"
"","57165","52470","281108","e10bfeb8-ea01-47bc-bfa8-45f6dcbf71b3","AJ Dillon","Eagles","29","HB","45.8","3","20","2","3","3","21","7.0","0","0","0","1","1","3","0","0","9","3.0","4.0"
"","57185","53454","279235","970693f0-0af4-4627-ac0c-bf519f7433ee","Travis Etienne Jr.","Jaguars","01","HB","62.1","40","308","5","55","44","344","7.8","7","17","4","2","0","49","2","0","399","9.1","-1.3"
"","57196","55151","282427","7caf1f90-d30d-11ec-8b77-45b1765fd110","Malik Davis","Cowboys","43","HB","43","4","57","3","6","3","30","10.0","0","0","1","0","0","4","1","0","13","4.3","4.2"
"","57206","52460","280030","74980532-8158-4b56-91db-5053878737b4","Cam Akers","Seahawks","30","HB","29.1","1","4","0","1","0","0","0.0","0","0","1","0","0","1","0","0","0","0.0","-6.0"
"","57208","55145","280152","246db560-cb4e-11ec-a667-6354702e3fca","Ronnie Rivers","Rams","20","HB","54.9","1","7","0","1","0","0","0.0","0","0","0","0","0","0","1","0","0","0.0","4.0"
"","57212","52443","280095","cc4b5f58-a11c-4450-a1df-617ad88336e4","D'Andre Swift","Bears","04","HB","64.9","35","359","14","51","40","375","9.4","1","14","3","0","0","43","1","0","430","10.8","-0.5"
"","57272","53623","281690","8ba68abf-e9d2-4927-bf8d-476f271d840c","Elijah Mitchell","Chiefs","25","HB","55.2","0","6","0","1","0","0","0.0","0","0","0","0","0","0","0","0","0","0.0","24.0"
"","57279","52440","279947","8aa01565-4481-443a-9951-642c98ded113","Clyde Edwards-Helaire","Chiefs","26","HB","62","2","10","2","2","2","9","4.5","0","0","0","0","0","2","0","0","14","7.0","-2.5"
"","57301","54673","281849","62e96d7c-e4dd-4a90-8c3a-8017eb69120d","Connor Heyward","Steelers","83","TE","61.1","5","21","6","4","3","21","7.0","1","1","0","0","0","3","1","1","6","2.0","9.8"
"","57337","53536","280163","7f119181-4c9f-4a9f-bccc-357277b64a8d","Michael Carter","Cardinals","22","HB","67.6","29","247","7","42","33","267","8.1","0","12","2","0","0","38","3","1","259","7.8","1.9"
"","57366","52463","278486","a57b9914-4315-4295-98b4-9b348c52d6a1","J.K. Dobbins","Broncos","27","HB","46.6","9","122","4","14","11","37","3.4","0","0","2","0","0","13","1","0","56","5.1","-2.3"
"","57373","53555","304382","32205e74-b23f-420a-b312-465b29260745","Chuba Hubbard","Panthers","30","HB","60","31","251","13","41","33","247","7.5","3","13","4","0","0","39","1","1","323","9.8","-1.3"
"","57486","56209","301882","53cbf000-f01f-11ed-97df-a94b89ac5704","Owen Wright","Buccaneers","49","HB","60","0","1","0","0","0","0","0.0","0","0","0","0","0","0","0","0","0","0.0","0.0"
"","57488","52449","281613","925195a4-06ba-4e37-ae7d-a3d6a5419139","Jonathan Taylor","Colts","28","HB","52.9","37","440","11","57","48","382","8.0","2","15","4","1","0","52","4","1","441","9.2","-0.6"
"","57624","56179","300711","25f0b180-ead8-11ed-86b8-630d0ad2d5af","Andre Szmyt","Browns","25","K","60","0","1","0","0","0","0","0.0","0","0","0","0","0","0","0","0","0","0.0","0.0"
"","58189","53569","280499","11e6adfb-8144-4990-adc2-bfcfe905889b","Buddy Johnson","Colts","59","LB","56.8","0","1","0","0","0","0","0.0","0","0","0","0","0","0","0","0","0","0.0","0.0"
"","59738","56515","282033","9e48c440-f322-11ed-9708-f584d834f6a3","Alex Palczewski","Broncos","63","G","59.6","0","1","0","0","0","0","0.0","0","0","0","0","0","0","0","0","0","0.0","0.0"
"","59869","54998","304414","c3806b80-d2f0-11ec-96a0-c3471a31202c","Ben Brown","Patriots","77","G","59.4","0","1","0","0","0","0","0.0","0","0","0","0","0","0","0","0","0","0.0","0.0"
"","59963","54484","288099","94db0fe8-228c-4650-abd2-38886687f960","Trevor Penning","Chargers","64","G","59.4","0","1","0","1","0","0","0.0","0","0","0","0","0","0","0","0","0","0.0","5.0"
"","60120","53557","282412","6864e643-1085-41bc-99f0-66184fab5487","Dan Moore Jr.","Titans","75","T","58.8","0","1","0","0","0","0","0.0","0","0","0","0","0","0","0","0","0","0.0","0.0"
"","60274","56057","311733","2b18e3fd-9765-4644-9fc8-2f316ceda6d5","Bryce Baringer","Patriots","17","P","60","0","1","0","0","0","0","0.0","0","0","0","0","0","0","0","0","0","0.0","0.0"
"","60326","52413","281476","26ad9c27-de38-495e-913c-6fb2428e76d3","Tua Tagovailoa","Dolphins","01","QB","60","0","1","0","0","0","0","0.0","0","0","0","0","0","0","0","0","0","0.0","0.0"
"","60492","55061","284533","6ee105f0-ca2e-11ec-be96-e90abdfa0fef","Stone Smartt","Jets","84","TE","60.3","7","56","15","9","7","52","7.4","0","3","0","0","0","8","5","3","26","3.7","4.8"
"","60509","54538","304482","321af8f8-b4de-4ed2-a86f-7f97a85a13d4","Jelani Woods","Jets","86","TE","49.7","1","20","6","2","1","4","4.0","0","0","0","0","0","1","1","0","2","2.0","5.0"
"","60742","53537","282283","e2aa4576-83a6-4b81-ab95-49126a0cf1d4","Darren Hall","Cardinals","30","S","58.2","0","1","0","0","0","0","0.0","0","0","0","0","0","0","0","0","0","0.0","0.0"
"","60853","53219","281178","57df4c36-e48c-45a4-a1ae-f6e86bf5d21e","Sal Cannella","Browns","87","TE","51.8","3","21","6","5","2","11","5.5","0","1","1","0","0","3","1","0","5","2.5","11.8"
"","60859","53510","304769","ebc576d0-a98b-4f82-aaf9-901a3911487d","Hunter Long","Jaguars","84","TE","52.2","19","136","42","16","13","109","8.4","2","5","3","1","0","16","1","1","36","2.8","5.3"
"","60864","54784","304505","8d9236c0-ce09-11ec-9598-03840dd5f387","Jake Tonges","49ers","88","TE","75.6","47","289","69","57","41","371","9.1","5","26","2","1","1","46","10","2","182","4.4","7.0"
"","60876","56243","305511","c3c08060-eb74-11ed-aecd-85bc826ed43e","Brady Russell","Seahawks","38","FB","28.7","1","5","0","1","0","0","0.0","0","0","1","0","0","1","0","0","0","0.0","0.0"
"","60878","53591","280584","c97dfcb6-b999-476f-8487-f3848e92df17","Noah Gray","Chiefs","83","TE","52.4","33","275","91","37","23","209","9.1","0","9","2","0","0","28","3","3","120","5.2","6.4"
"","60917","54593","310010","3c048ac9-2c0f-4bf0-9ddc-ce99c9387ac8","Charlie Kolar","Ravens","88","TE","75","9","105","26","14","10","142","14.2","2","9","0","0","0","10","2","1","51","5.1","9.6"
"","60994","53959","279365","8f182089-7730-499e-8f2e-87bda32debfb","Brock Wright","Lions","89","TE","54.2","15","130","33","19","14","108","7.7","2","7","1","0","0","16","1","0","83","5.9","2.4"
"","60995","52451","279363","036feeb6-9a22-43c5-a8e3-7ac611d8ff49","Cole Kmet","Bears","85","TE","61.1","48","416","111","53","35","391","11.2","3","19","2","0","0","39","8","2","170","4.9","8.9"
"","60997","54663","281599","f6988cfa-2dcf-490b-ac80-9af8e4292efa","Grant Calcaterra","Eagles","81","TE","51.5","11","122","34","12","9","76","8.4","1","4","1","0","0","10","2","1","32","3.6","5.9"
"","61004","56207","289381","1d1eb430-f01e-11ed-97df-a94b89ac5704","Travis Vokolek","Cardinals","81","TE","51.4","1","7","2","0","0","0","0.0","0","0","0","0","0","0","0","0","0","0.0","0.0"
"","61071","54571","300837","f23517bd-ae85-484a-8ecb-1f7a2d851e48","Cade Otton","Buccaneers","88","TE","58.1","71","566","150","84","60","601","10.0","1","25","2","0","0","67","22","7","330","5.5","5.4"
"","61081","54594","305484","f46eab3d-d7dd-4420-b3f9-6da9ac1308ab","Jake Ferguson","Cowboys","87","TE","60","84","546","198","104","83","602","7.3","8","30","5","3","2","90","24","13","308","3.7","5.3"
"","61100","53439","280014","3555d07e-57ae-43de-97d5-b1b5bf055f17","DeVonta Smith","Eagles","06","WR","78.9","104","592","274","132","89","1147","12.9","4","46","4","0","0","97","28","11","358","4.0","11.9"
"","61103","52423","280008","eaaa4a61-c2a7-4926-8e9b-3ec71be2f991","Jerry Jeudy","Browns","03","WR","57.9","81","628","298","114","52","627","12.1","2","31","9","1","1","65","24","8","187","3.6","11.9"
"","61107","56369","305274","07eb12f0-f011-11ed-ac82-d7e41925e5ba","Tyrell Shavers","Bills","14","WR","61.3","32","236","92","25","16","259","16.2","1","11","0","0","0","16","3","1","69","4.3","14.3"
"","61182","53855","281756","eab74cbc-ed11-46b3-bd16-1d4c997adc22","Quintin Morris","Jaguars","80","TE","54.3","9","81","20","8","6","55","9.2","1","4","1","0","0","7","0","0","21","3.5","9.8"
"","61211","52441","279228","7963b029-5de4-4541-b00a-44eefe4349af","Tee Higgins","Bengals","05","WR","80.2","76","553","319","103","61","885","14.5","11","41","2","0","0","66","42","19","167","2.7","14.3"
"","61327","53986","282024","c9ef678b-959b-445b-b32a-81c767c8ad65","Brandon Smith","Jets","87","WR","56","0","3","2","0","0","0","0.0","0","0","0","0","0","0","0","0","0","0.0","0.0"
"","61398","52430","279985","4131d4ee-0318-4bb5-832a-4dec80668a4f","Justin Jefferson","Vikings","18","WR","80.2","99","589","304","147","87","1068","12.3","2","47","5","0","0","95","25","11","455","5.2","10.7"
"","61418","54603","305100","a95271f7-6dae-4b43-94fd-3ff04b15d4c4","Calvin Austin III","Steelers","19","WR","55.4","52","351","167","62","34","380","11.2","3","16","3","0","0","39","11","5","132","3.9","11.9"
"","61441","53518","290584","bd56a50c-5fae-4ee2-8363-f74ae07b6887","Nico Collins","Texans","12","WR","85.5","109","544","321","134","78","1187","15.2","6","49","2","1","1","85","37","20","359","4.6","13.0"
"","61448","52793","279975","d25a19a7-7de6-4476-b42a-833c8c3cb208","Cody White","Seahawks","82","WR","67.5","6","47","21","4","3","90","30.0","1","2","0","0","0","3","0","0","57","19.0","10.3"
"","61568","47808","282200","feeee40a-dd63-41a7-89cd-6c95b5456833","Marquise Brown","Chiefs","05","WR","70.4","53","421","192","77","50","601","12.0","5","29","1","1","0","51","12","4","199","4.0","12.9"
"","61570","52425","283741","a72ea15b-5199-4101-a300-846e1c655add","CeeDee Lamb","Cowboys","88","WR","79","93","498","244","130","77","1102","14.3","3","43","8","0","0","88","34","14","320","4.2","13.2"
"","61577","53560","279486","29269863-13cf-4c66-ac3c-5d9a47e2040a","Tylan Wallace","Ravens","16","WR","54.3","9","94","48","9","4","45","11.3","1","3","1","0","0","5","2","0","17","4.3","13.8"
"","61610","54694","279551","36953df8-fbc3-4505-b5b3-dec8433620dc","Bo Melton","Packers","16","WR","60.5","11","52","11","11","4","107","26.8","1","4","2","0","0","6","3","1","6","1.5","18.4"
"","61637","54553","300569","c6fb9f3a-f8ff-4224-a5f6-4d2d09501c9c","Jalen Tolbert","Cowboys","01","WR","61.2","28","284","120","35","20","216","10.8","1","12","1","0","0","21","10","4","49","2.5","12.3"
"","61669","53707","282954","b4dadef6-a938-4b34-b83c-b64d4a297e02","Tim Jones","Jaguars","13","WR","64.6","1","10","5","1","1","15","15.0","0","1","0","0","0","1","0","0","11","11.0","4.0"
"","61811","55112","348606","8d74f600-ca80-11ec-97ae-e1573849d1a6","Tay Martin","Commanders","13","WR","70.2","2","16","7","2","2","23","11.5","0","1","0","0","0","2","0","0","5","2.5","9.0"
"","62942","54634","282443","a0833a94-60ce-4a3a-a32a-d067fe7b253d","Ty Chandler","Vikings","32","HB","67.5","2","17","1","4","3","11","3.7","0","1","0","0","0","3","0","0","27","9.0","-5.0"
"","62946","55113","305046","af9f7390-ca80-11ec-97ae-e1573849d1a6","Jordan Mason","Vikings","27","HB","42","9","166","10","15","14","51","3.6","0","1","0","1","0","14","0","0","104","7.4","-3.7"
"","62979","53506","282452","857fcc59-10e8-4194-bd7d-41bc5f72a47f","Joshua Palmer","Bills","05","WR","61.5","31","256","120","40","22","303","13.8","0","13","1","0","0","23","9","4","54","2.5","12.0"
"","63707","55133","281700","e1ecc660-cc9f-11ec-952e-a10f2c98fc4d","Rashid Shaheed","Seahawks","22","WR","67.6","71","594","241","102","62","765","12.3","2","32","0","1","1","65","17","6","201","3.2","13.2"
"","64818","52421","282573","e39240b4-cac5-453f-b99f-6bbbdd1c9c82","Tristan Wirfs","Buccaneers","78","T","90.4","1","1","0","1","1","2","2.0","1","1","0","0","0","1","0","0","1","1.0","1.0"
"","66272","57186","349613","bae59933-8b94-4837-990e-f0a4ced3cdbb","Malachi Corley","Browns","83","WR","65.1","12","82","20","13","11","79","7.2","0","4","0","0","0","11","1","1","71","6.5","0.4"
"","66578","46163","117449","e1a79497-3e4b-4820-99a6-8ecbfd03995c","Alex Cappa","Raiders","65","C","58.1","0","1","1","1","0","0","0.0","0","0","0","0","0","0","1","0","0","0.0","6.0"
"","66581","54499","308210","47d97f44-b4aa-46d2-816c-5b5a1fe48d46","Christian Watson","Packers","09","WR","83.9","55","296","139","63","39","669","17.1","7","30","1","1","0","45","23","11","147","3.8","17.4"
"","66915","46213","162182","bdb77276-7191-4454-85c2-e1693a33d709","Justin Watson","Texans","84","WR","56.3","4","36","20","5","3","30","10.0","0","1","1","0","0","4","1","1","13","4.3","11.6"
"","66916","46302","","4c01d331-f294-4836-bbfc-3369829d66c8","Jordan Mailata","Eagles","68","T","58.6","0","1","0","0","0","0","0.0","0","0","0","0","0","0","0","0","0","0.0","0.0"
"","66924","46797","107942","2fa75e05-cac4-4b40-8924-dbc9ae0c959c","Tanner Hudson","Bengals","87","TE","73.6","18","115","27","23","19","168","8.8","2","8","0","0","0","19","5","2","85","4.5","6.0"
"","71410","58697","362889","bbfced90-29da-11f0-995e-19a112062a09","Easton Mascarenas-Arnold","Browns","42","LB","57.7","0","1","0","0","0","0","0.0","0","0","0","0","0","0","0","0","0","0.0","0.0"
"","72154","57448","325382","971a3930-0724-11ef-a47d-6f7fe8c7bc97","George Holani","Seahawks","36","HB","82.6","4","37","3","7","6","49","8.2","0","2","0","0","0","6","0","0","42","7.0","1.1"
"","73774","57130","351409","f64694e0-0381-11ef-973d-5176a0ecbee4","Rome Odunze","Bears","15","WR","71","84","519","199","107","50","765","15.3","6","41","5","1","0","58","22","7","219","4.4","14.9"
"","75860","57687","326048","dcb90680-0731-11ef-9d4c-f327158ee94e","Frank Crum","Broncos","73","T","90.1","1","1","0","1","1","7","7.0","1","1","0","0","0","1","0","0","6","6.0","1.0"
"","75916","54520","300413","734d54cc-c869-4e2f-a60f-c59c493f5110","Trey McBride","Cardinals","85","TE","84.8","126","737","250","170","129","1279","9.9","11","63","2","0","0","133","38","22","592","4.6","7.2"
"","77487","57374","326448","79fae1a5-11ce-4756-9fe3-c642b6a6337b","KT Leveston","Browns","72","T","59.9","0","1","0","0","0","0","0.0","0","0","0","0","0","0","0","0","0","0.0","0.0"
"","77672","54727","311703","d5aef708-ad61-4ab8-a637-62ff96e92040","Brock Purdy","49ers","13","QB","57.7","0","1","0","0","0","0","0.0","0","0","0","0","0","0","0","0","0","0.0","0.0"
"","77714","57731","314542","2ef88b80-07cf-11ef-96cf-876a6c13e638","British Brooks","Texans","44","FB","58.1","0","2","0","0","0","0","0.0","0","0","0","0","0","0","0","0","0","0.0","0.0"
"","77737","53579","305125","e2a5882a-dcc1-4800-889f-3b957b21834f","Kenneth Gainwell","Steelers","14","HB","70.5","62","376","38","93","80","525","6.6","3","23","3","1","1","84","5","4","580","7.3","-0.2"
"","77745","53960","305989","82996e3b-b72d-41ca-8eb1-91e462ceff85","Jaret Patterson","Chargers","32","HB","56.8","4","50","1","4","3","8","2.7","0","1","0","0","0","3","0","0","10","3.3","-0.8"
"","77763","56395","301103","44b4cbf0-e8fe-11ed-bc6e-a5c4d3ccbdd1","Emari Demercado","Cardinals","31","HB","54","19","122","2","19","13","101","7.8","1","3","2","0","0","15","2","1","85","6.5","1.4"
"","77787","56028","305573","d74ff06d-905d-4fed-8f98-b5f6d4549333","Chase Brown","Bengals","30","HB","71.9","66","420","29","90","71","451","6.3","5","18","4","1","0","79","8","5","464","6.5","0.5"
"","77803","53464","304549","889dcdc5-3d88-45df-9677-5ad7ff87c011","Javonte Williams","Cowboys","33","HB","45.7","32","367","22","47","36","134","3.7","2","7","1","1","1","37","7","0","207","5.8","-1.2"
"","77881","56400","316838","9a8395a0-e900-11ed-9cad-a989770811a8","Blake Whiteheart","Browns","86","TE","38.8","4","102","36","5","2","4","2.0","0","0","0","1","0","2","2","0","1","0.5","7.4"
"","77885","54642","305843","f461da0c-f764-414c-9e0d-2f02e22a68d8","James Mitchell","Panthers","85","TE","74.2","4","16","5","4","3","28","9.3","0","2","0","0","0","3","1","0","22","7.3","2.5"
"","77888","56027","304372","5d4a5e4f-7c74-4b4c-b8e5-33bb831e3057","Will Mallory","Colts","86","TE","83.9","1","7","0","1","1","16","16.0","0","1","0","0","0","1","1","1","0","0.0","16.0"
"","77892","57789","306403","dad0d560-0c9e-11ef-b2f4-ab1e3a869265","David Martin-Robinson","Titans","88","TE","77.8","4","30","12","5","4","30","7.5","1","3","0","0","0","4","2","1","17","4.3","6.6"
"","77917","56112","304755","733cc366-53e3-4703-a2fc-2aa860272cf3","Brayden Willis","49ers","82","TE","53.4","0","5","3","1","0","0","0.0","0","0","0","0","0","0","1","0","0","0.0","2.0"
"","77918","56529","317571","cef32a80-e761-11ed-ac46-e3b4ebd723e5","Ben Sims","Vikings","89","TE","67.9","5","35","7","5","3","30","10.0","0","2","0","0","0","3","2","1","4","1.3","9.2"
"","77948","54542","306033","b1c31fc7-dd3f-4541-bbaa-df052c7563b0","Bernhard Raimann","Colts","79","T","60","0","1","0","0","0","0","0.0","0","0","0","0","0","0","0","0","0","0.0","0.0"
"","77965","53486","305286","7dc49535-f9dd-44b0-94f2-08ac6470130b","Tutu Atwell","Rams","05","WR","57.3","15","169","55","18","6","192","32.0","1","4","0","0","0","7","7","1","65","10.8","19.8"
"","77986","53511","300612","0fb60ada-bdd3-4d74-8c98-058303a1649a","Dyami Brown","Jaguars","05","WR","58","31","219","81","39","20","227","11.3","1","13","5","0","0","27","8","4","36","1.8","14.5"
"","77997","56471","304349","7d80dd50-e9f5-11ed-9c34-3f26f2e7ed88","Jake Bobo","Seahawks","19","WR","63.6","6","58","23","5","4","53","13.3","1","3","0","0","0","4","1","1","15","3.8","8.4"
"","78038","54518","305713","a67ee8f8-e9de-4fb9-90b6-edca2f83f6d8","Alec Pierce","Colts","14","WR","81","82","506","246","94","50","1043","20.9","6","41","1","0","0","54","36","15","196","3.9","20.2"
"","78050","52474","305129","c0a8a5d0-583f-457a-9d96-70027d3f69e7","Antonio Gibson","Patriots","04","HB","51.9","3","19","3","3","2","6","3.0","0","0","0","0","0","3","1","0","16","8.0","-1.7"
"","78092","54515","305878","74cda487-2026-42e0-ae32-77f3502cfb11","Tyquan Thornton","Chiefs","80","WR","68.4","36","275","136","38","19","438","23.1","3","15","0","0","0","22","11","4","62","3.3","27.7"
"","78171","55915","300715","23a306bc-5f77-4574-a575-bd599f243185","Jayden Reed","Packers","11","WR","70.9","23","155","72","30","24","289","12.0","2","10","2","0","0","26","5","2","102","4.3","10.5"
"","78187","56665","305624","e34c6990-f35c-11ed-ac5f-715e78829103","Dylan Drummond","Falcons","81","WR","50.8","12","82","34","11","7","42","6.0","0","2","1","0","0","9","6","2","17","2.4","7.8"
"","78196","55990","305827","21bf2521-3382-4e62-8249-a083435595b3","Derius Davis","Chargers","12","WR","54","2","60","24","4","3","16","5.3","0","0","0","0","0","3","1","1","8","2.7","10.8"
"","78734","56544","307590","edb7de00-f1b8-11ed-9bf1-7fd77a26dc1f","Ryan Miller","Buccaneers","81","WR","59.7","5","33","16","4","2","34","17.0","1","1","0","0","0","2","1","1","0","0.0","17.8"
"","81707","54576","306187","0c0b4831-15c3-4724-bb26-928a9784a179","Max Mitchell","Jets","61","T","53.5","0","2","0","0","0","0","0.0","0","0","0","0","0","0","0","0","0","0.0","0.0"
"","81719","56116","307876","b358687b-d7f8-4c9b-bdd7-fe5d3b431fc1","Spencer Anderson","Steelers","74","G","46.3","3","12","0","1","1","4","4.0","0","0","0","0","0","1","0","0","3","3.0","1.0"
"","82118","53440","304384","cf15be8f-9117-4531-a517-2b9c7cb3e9e1","Justin Fields","Jets","07","QB","55.2","0","2","0","1","0","0","0.0","0","0","0","0","0","0","1","0","0","0.0","7.0"
"","82482","56065","316848","9cedc261-40ff-4fe3-80e1-e128dcceede0","Scott Matlock","Chargers","44","FB","49.2","4","42","6","4","4","12","3.0","1","1","0","0","0","4","0","0","14","3.5","-0.5"
"","82647","55966","305258","3763a2ec-ee98-4cf4-9aa7-ee626057c56f","Cameron Latu","Eagles","36","TE","47.3","2","19","4","0","0","0","0.0","0","0","0","0","0","0","0","0","0","0.0","0.0"
"","83537","58245","306357","94b8f9e1-3109-4429-8f71-4f79d7588237","Tyler Shough","Saints","06","QB","59","0","1","1","0","0","0","0.0","0","0","0","0","0","0","0","0","0","0.0","0.0"
"","83589","57827","351066","8344b150-0667-11ef-8407-311b2612bbe3","Colson Yankoff","Commanders","80","TE","49.3","6","48","9","2","2","18","9.0","0","2","0","0","0","2","0","0","4","2.0","7.0"
"","83601","54621","305244","cdc61676-6592-43f9-a4a6-d29ce52ac8f4","Jerome Ford","Browns","34","HB","49.4","18","179","11","31","27","111","4.1","0","4","3","0","0","30","3","2","166","6.2","-1.7"
"","83639","54616","313970","f4529909-1a02-4f4b-a1f3-315cad100683","Tyler Allgeier","Falcons","25","HB","56.3","14","114","3","18","15","99","6.6","0","3","1","0","0","16","1","0","121","8.1","-0.2"
"","83644","56375","330896","35a0d440-f017-11ed-bedb-53f19b227cc3","Chris Brooks","Packers","30","HB","52.6","15","122","4","18","14","102","7.3","0","3","2","0","0","16","0","0","109","7.8","0.5"
"","83659","54572","304653","5d4ef6da-a6b5-4d9c-adc0-28dfdbe9315e","Dameon Pierce","Texans","31","HB","27.5","2","7","0","1","0","0","0.0","0","0","1","0","0","1","0","0","0","0.0","-5.0"
"","83665","54587","324973","440d7750-672e-4293-8eb0-89b241a498eb","Zamir White","Raiders","03","HB","58.4","1","35","2","6","4","24","6.0","0","0","0","0","0","4","0","0","28","7.0","-1.5"
"","83666","54528","304350","ce5de0e5-9f76-42ee-b93a-3ef88af9b0a7","James Cook","Bills","04","HB","59.2","35","311","20","47","38","320","8.4","2","12","3","0","0","42","1","0","305","8.0","1.4"
"","83689","56058","308003","ae5c4758-cb53-4f17-8763-b91381036af3","Chris Rodriguez Jr.","Commanders","36","HB","54.5","5","93","5","4","3","30","10.0","0","1","0","0","0","3","0","0","28","9.3","3.8"
"","83701","54596","304390","f3a50b5d-0197-4ae8-b5a5-bb54484b8941","Hassan Haskins","Chargers","28","HB","57.2","4","43","2","4","4","13","3.3","0","0","0","0","0","4","0","0","17","4.3","-1.0"
"","83714","54661","305881","e62678b9-9816-420f-bf86-398e7fea7063","Tyler Badie","Broncos","28","HB","48.6","21","160","6","32","22","163","7.4","0","9","4","0","0","27","0","0","229","10.4","-0.8"
"","83747","54716","300685","3a25c037-fa30-4740-b742-ec8e4f1a2a25","Isiah Pacheco","Chiefs","10","HB","35.6","19","256","16","27","20","116","5.8","1","4","4","0","0","24","1","0","132","6.6","-0.9"
"","83826","56328","308017","7910ad00-e6f7-11ed-88d6-7977d3a68019","Austin Ajiake","Colts","58","LB","56.8","0","1","0","0","0","0","0.0","0","0","0","0","0","0","0","0","0","0.0","0.0"
"","83955","54604","304903","f9279edb-cfa7-4f7d-91df-b81cbf3e133e","Isaiah Likely","Ravens","80","TE","57","26","254","76","36","27","307","11.4","1","11","1","2","1","30","5","2","122","4.5","8.4"
"","83962","55127","304628","767b4820-cc9f-11ec-952e-a10f2c98fc4d","Lucas Krull","Broncos","85","TE","48.5","4","33","8","5","2","15","7.5","0","0","0","0","0","2","1","1","3","1.5","5.8"
"","83964","53433","304654","1f3deb24-9ff8-4769-8f42-825eff7742f6","Kyle Pitts","Falcons","08","TE","82","97","573","167","120","90","967","10.7","5","51","4","0","0","97","21","12","411","4.6","7.7"
"","83974","54678","304392","b221f4da-3c7c-4f51-b3f0-d2c68d5d9369","John FitzPatrick","Packers","86","TE","47.5","18","128","23","18","12","72","6.0","1","4","3","0","0","16","0","0","55","4.6","2.2"
"","84000","54608","305581","14e11f9b-58c8-437f-abc0-a4e4df9a7c47","Chigoziem Okonkwo","Titans","85","TE","67.1","61","452","98","80","59","576","9.8","2","24","3","0","0","64","8","6","346","5.9","5.1"
"","84005","55923","317187","143957a7-4649-4a19-b351-e606edc75ebd","Luke Schoonmaker","Cowboys","86","TE","58.6","17","143","41","24","15","135","9.0","0","7","1","0","0","16","6","2","85","5.7","6.8"
"","84006","57649","305386","efc8d800-072b-11ef-892f-5b772aae3c25","Brevyn Spann-Ford","Cowboys","89","TE","72.4","13","74","20","14","10","128","12.8","1","4","0","0","0","10","4","1","67","6.7","8.8"
"","84025","53512","327781","cbee2fd3-e5f2-4316-bffd-531f1873f032","Tommy Tremble","Panthers","82","TE","55","26","329","71","41","32","319","10.0","2","11","2","0","0","34","2","2","220","6.9","4.2"
"","84029","54566","305732","28f3732b-0910-4d09-9fd4-e43b821dc5bb","Jeremy Ruckert","Jets","89","TE","55","26","195","50","28","23","168","7.3","1","8","2","0","0","26","3","2","92","4.0","3.8"
"","84036","54635","304293","06cb6aff-c81e-4553-95ba-467187f408d4","Teagan Quitoriano","Falcons","85","TE","50.1","0","8","0","0","0","0","0.0","0","0","0","0","0","0","0","0","0","0.0","0.0"
"","84037","56036","317625","c4a8b4c9-5db8-4187-852b-9557bef8724e","Payne Durham","Buccaneers","87","TE","41.1","8","79","14","3","1","11","11.0","0","1","1","0","0","2","0","0","10","10.0","5.7"
"","84041","54577","312957","42a1c03e-790e-46ba-b0d5-d304e44c02c7","Daniel Bellinger","Giants","82","TE","63","31","224","60","28","20","299","14.9","2","14","1","0","0","25","6","2","141","7.0","9.4"
"","84068","54545","317157","b9e4a022-d15c-4cef-9879-170277f17207","Greg Dulcich","Dolphins","85","TE","80.6","31","151","42","34","27","360","13.3","1","14","1","1","1","28","7","5","226","8.4","5.3"
"","84079","57454","324953","22926aa0-0725-11ef-bcfc-752f39cb55fa","Jack Westover","Patriots","37","FB","47","3","72","6","4","2","8","4.0","0","1","1","0","0","3","0","0","2","1.0","5.5"
"","84080","57366","328170","c62dcaf1-79e3-4e15-8fb0-e7cb30a18fe4","Devin Culp","Buccaneers","82","TE","57.4","1","29","7","1","1","6","6.0","1","1","0","0","0","1","0","0","0","0.0","12.0"
"","84085","53484","305270","04f0fefe-9d9d-44f5-94ea-6df2a42df3c6","Pat Freiermuth","Steelers","88","TE","68.5","56","382","130","60","43","509","11.8","4","22","2","0","0","46","9","5","263","6.1","8.1"
"","84088","53435","305280","0ff9a975-669d-4851-a95d-ab28d9fc29c4","Jaylen Waddle","Dolphins","17","WR","85.1","76","442","195","104","67","969","14.5","6","48","4","1","0","72","24","13","234","3.5","13.4"
"","84096","53190","304942","9281d541-8bcb-4785-a02e-76150910898e","Chris Blair","Falcons","19","WR","55.2","0","6","1","0","0","0","0.0","0","0","0","0","0","0","0","0","0","0.0","0.0"
"","84136","56613","305727","4ee53be0-eacb-11ed-bff4-2305d99deffc","Shedrick Jackson","Raiders","04","WR","73.4","3","19","6","5","4","56","14.0","1","2","0","0","0","4","1","0","5","1.3","16.6"
"","84140","54613","300496","0ce9ddce-bdf6-469c-8a32-9cf0ed3714a4","Khalil Shakir","Bills","10","WR","74.3","94","516","171","118","95","880","9.3","4","34","5","1","1","101","18","7","688","7.2","3.3"
"","84150","56271","307946","52b850b0-ec3b-11ed-aeaf-cb0dc6206dc5","Nikko Remigio","Chiefs","81","WR","66.7","1","9","0","1","1","21","21.0","0","1","0","0","0","1","0","0","3","3.0","18.0"
"","84226","57287","308112","fc6c7973-79a9-4974-855e-bc13400fe641","Tyrone Tracy","Giants","29","HB","66","40","284","11","45","38","300","7.9","2","14","2","1","1","41","3","1","345","9.1","0.4"
"","84248","57791","312027","e88c3c70-06fa-11ef-92ba-0de371d8ef1a","Bryce Oliver","Titans","80","WR","52.9","0","22","7","1","1","8","8.0","0","0","0","0","0","1","0","0","2","2.0","6.0"
"","84270","53434","304437","fa99e984-d63b-4ef4-a164-407f68a7eeaf","Ja'Marr Chase","Bengals","01","WR","90.1","151","669","359","195","127","1435","11.3","8","73","6","1","1","141","39","18","654","5.2","9.0"
"","84288","56118","304377","ba06804a-b84c-408a-8ef6-5226d8424479","Ronnie Bell","Saints","85","WR","71.8","2","22","5","4","2","23","11.5","1","1","0","0","0","2","0","0","1","0.5","22.0"
"","84292","54656","304575","3f9e3634-54d7-46a4-bf26-67274500c907","Jalen Nailor","Vikings","01","WR","67.1","42","446","193","54","32","499","15.6","4","23","1","0","0","35","12","9","130","4.1","13.2"
"","84296","53456","300634","d9f8b92b-69d4-4d83-9bf2-106ee523efed","Rashod Bateman","Ravens","07","WR","54.6","25","335","160","36","20","226","11.3","2","12","3","0","0","23","5","2","42","2.1","12.5"
"","84302","53463","304436","b1935e20-6bd6-4863-8d7e-702ec403491f","Elijah Moore","Broncos","81","WR","60.4","18","116","51","18","10","116","11.6","0","4","1","0","0","14","6","2","57","5.7","8.2"
"","84329","54597","305561","5f559fde-3a5f-4df6-99a2-cd1a4b103c68","Romeo Doubs","Packers","87","WR","77.3","91","484","248","101","65","857","13.2","7","48","5","1","0","73","32","13","207","3.2","12.9"
"","84345","54911","306199","3173c5c0-cbb6-11ec-88c8-199e5defa0d2","Kevin Austin Jr.","Saints","81","WR","56.9","24","159","45","25","15","155","10.3","1","7","3","0","0","20","3","0","69","4.6","8.2"
"","84355","54476","305723","2375d572-a36c-4365-bb3f-87e156526e2f","Chris Olave","Saints","12","WR","79.7","115","624","228","162","104","1188","11.4","9","53","4","0","0","114","36","16","301","2.9","12.7"
"","84375","54481","308031","d4a7917d-f327-431b-9b87-83af341c3e21","Jahan Dotson","Eagles","02","WR","53","23","461","209","35","19","267","14.1","1","10","0","0","0","19","7","4","50","2.6","15.5"
"","84423","55959","304535","b91be982-fccd-448e-869b-e9b5148a1730","Michael Wilson","Cardinals","14","WR","76.4","98","674","313","135","85","1126","13.3","7","51","4","0","0","93","37","24","316","3.7","12.5"
"","84424","53608","317197","3860693c-99a2-4484-99db-1d43e3ff7fd4","Simi Fehoko","Cardinals","80","WR","50.7","0","25","11","0","0","0","0.0","0","0","0","0","0","0","0","0","0","0.0","0.0"
"","84425","56560","310602","2a3cbc30-e8ed-11ed-bd02-25f41a9e059e","Brycen Tremayne","Panthers","87","WR","62.1","14","124","45","19","14","160","11.4","0","7","0","1","0","15","2","1","54","3.9","8.7"
"","84434","55939","300862","148330d9-5182-4b58-b695-8067aaba4731","Cedric Tillman","Browns","19","WR","57.4","37","335","143","44","22","306","13.9","2","13","1","0","0","26","8","3","62","2.8","12.8"
"","84470","53541","300614","26ef0447-29b8-4dd1-9831-dcbf8132bb74","Amon-Ra St. Brown","Lions","14","WR","90.6","123","589","252","167","120","1412","11.8","11","71","5","1","0","128","24","10","585","4.9","8.5"
"","84480","55075","300772","4c6f79d0-d3dd-11ec-8afa-57d9afd0ecba","Deven Thompkins","Falcons","83","WR","66.6","3","9","4","3","3","27","9.0","0","1","0","0","0","3","0","0","20","6.7","2.3"
"","86272","58299","325997","299d4fe8-188c-43d1-95d3-8a8f103da5c5","Dillon Gabriel","Browns","08","QB","60","0","1","0","0","0","0","0.0","0","0","0","0","0","0","0","0","0","0.0","0.0"
"","86392","59002","367815","c7483e80-2574-11f0-b082-a1e374c45b00","Corey Kiner","Cardinals","37","HB","33.1","2","15","0","3","2","15","7.5","0","1","1","0","0","3","1","1","5","2.5","4.0"
"","86519","54473","324987","5053f9ae-15d9-4730-833d-484886b6f890","Drake London","Falcons","05","WR","89.9","93","417","193","108","69","921","13.3","7","46","2","1","1","73","31","13","243","3.5","11.0"
"","87625","56502","307308","bcd0ae60-f31c-11ed-819c-fd03d0cc2698","Nate Adkins","Broncos","45","TE","40.2","21","91","13","11","7","49","7.0","1","3","3","0","0","11","1","0","25","3.6","3.7"
"","88664","57328","312163","de5b56bd-33f0-48bc-b1e3-9523bd6bba64","Dylan Laube","Raiders","23","HB","68.1","2","15","3","3","3","18","6.0","0","1","0","0","0","3","0","0","25","8.3","-2.3"
"","88685","56410","309374","516da3c0-f016-11ed-a518-572ef5cb73b6","Julian Hill","Dolphins","89","TE","56.1","22","142","15","21","17","158","9.3","0","6","1","0","0","19","0","0","129","7.6","3.7"
"","91319","56457","328299","58f425d0-f677-11ed-978f-0975e9cb7dba","Hunter Luepke","Cowboys","40","FB","70.6","16","92","13","15","13","109","8.4","1","6","1","0","0","14","1","0","114","8.8","0.1"
"","91479","48118","178575","f374262b-d642-4d05-9584-5955548ee4d1","Ashton Dulin","Colts","16","WR","61.5","10","82","35","11","5","106","21.2","0","4","0","0","0","6","3","1","52","10.4","17.4"
"","91791","55889","308140","b961fa15-0676-4948-b95f-56d06319d40e","Dalton Kincaid","Bills","86","TE","86.1","60","269","100","63","49","684","14.0","7","33","3","1","0","53","15","8","299","6.1","9.3"
"","91824","53244","259815","ec7af934-a7f3-40f5-9fc0-210022dd6180","Michael Bandy","Broncos","83","WR","77.3","3","14","4","4","4","50","12.5","1","3","0","0","0","4","1","1","27","6.8","5.8"
"","94365","48136","0","013477a2-0271-4441-a0af-9bc25924a2f6","Stephen Carlson","Bears","88","TE","53.7","0","6","3","0","0","0","0.0","0","0","0","0","0","0","0","0","0","0.0","0.0"
"","94379","48680","0","dc51b38c-dc82-44ee-a88b-764d681ce58a","Tom Kennedy","Lions","85","WR","66.8","5","31","14","4","4","36","9.0","0","2","0","0","0","4","1","1","4","1.0","8.0"
"","95015","48988","0","625a1777-dd9a-48c6-b512-c450b0914450","Gunner Olszewski","Giants","80","WR","78.2","12","77","31","14","10","145","14.5","1","7","0","0","0","10","2","2","74","7.4","12.2"
"","97078","57263","330388","f1f3f15f-f4a5-4d6e-b075-95f4815a384e","Anthony Gould","Colts","06","WR","51.4","0","31","11","2","2","6","3.0","0","0","0","0","0","2","0","0","8","4.0","-1.0"
"","97108","57304","330335","d7f4fd2c-ba4f-49ca-bd92-443a506e9eb4","Malik Washington","Dolphins","06","WR","62.8","49","384","104","66","50","382","7.6","3","16","1","0","0","52","9","5","322","6.4","5.1"
"","97116","54519","326288","1c8a4510-786c-4bc2-a9e9-e491b688206f","Skyy Moore","49ers","09","WR","62.3","7","83","31","8","5","87","17.4","0","5","0","0","0","5","1","1","27","5.4","15.5"
"","97118","54629","327782","19d44771-8f1d-4127-9b7d-230da137f15d","Kyren Williams","Rams","23","HB","64.4","44","420","21","55","46","363","7.9","5","17","2","0","0","48","7","5","211","4.6","3.0"
"","97156","57565","336471","2ddb2f40-07bc-11ef-82d9-5f86367458d3","Isaiah Williams","Jets","18","WR","61.6","25","218","51","36","26","193","7.4","0","10","1","0","0","27","3","1","122","4.7","3.9"
"","97195","55946","325090","af71f149-7758-40b7-973a-9fe6320cf4f5","Tyjae Spears","Titans","02","HB","90.2","44","226","11","51","46","270","5.9","0","10","1","0","0","47","1","1","383","8.3","-2.7"
"","97199","54506","325723","22ee9bac-a64c-4d44-94fc-51d775465b3b","Kenneth Walker III","Seahawks","09","HB","71.4","42","248","15","47","41","398","9.7","0","19","3","1","0","44","1","0","457","11.2","-1.0"
"","97200","58921","326126","f71d0370-23b2-11f0-b632-8947e146a0ae","Ulysses Bentley IV","Colts","37","HB","59.9","0","1","0","0","0","0","0.0","0","0","0","0","0","0","0","0","0","0.0","0.0"
"","97268","55886","324977","2b6d74b7-10fb-4f17-99c8-9bb557fb475b","Zay Flowers","Ravens","04","WR","81.6","94","511","205","123","88","1256","14.3","5","48","5","3","3","97","15","8","483","5.5","10.3"
"","97273","56459","402746","d67c1e40-f66d-11ed-823b-d335e7ef7897","Jalen Moreno-Cropper","Cowboys","16","WR","59.3","0","1","0","0","0","0","0.0","0","0","0","0","0","0","0","0","0","0.0","0.0"
"","97288","57361","327751","298d990d-9fd4-4cdf-8fcd-a7c3043d17fd","Tahj Washington","Dolphins","84","WR","53.1","5","40","15","6","3","37","12.3","0","1","0","1","1","3","2","1","9","3.0","25.5"
"","97290","57845","326682","48abbb80-075a-11ef-a2f5-8dc558cf6193","Dell Pettus","Patriots","24","S","60","0","1","0","0","0","0","0.0","0","0","0","0","0","0","0","0","0","0.0","0.0"
"","97302","56041","337064","20d82a85-0128-499a-9330-2906af3cbb09","Evan Hull","Saints","34","HB","49.9","0","40","2","1","1","6","6.0","0","0","0","0","0","1","0","0","9","9.0","-3.0"
"","97348","57225","327662","ed59f931-fb26-4809-b862-a29fb7825942","Dadrion Taylor-Demerson","Cardinals","42","S","58.2","0","1","0","0","0","0","0.0","0","0","0","0","0","0","0","0","0","0.0","0.0"
"","97399","57277","330423","1472d4aa-ffbf-4683-aa91-86bc4795b34e","Jamari Thrash","Browns","80","WR","57.7","9","147","75","14","10","107","10.7","0","5","0","0","0","11","1","0","41","4.1","7.8"
"","97400","54509","325509","2995df34-ee81-4320-be1e-1c497b83c927","John Metchie III","Jets","03","WR","58.7","35","263","92","48","33","274","8.3","2","15","4","0","0","38","8","3","144","4.4","5.5"
"","97405","54475","324916","68d72fe0-79b2-4fdb-afd5-6c79676e77f3","Garrett Wilson","Jets","05","WR","72.1","45","242","98","60","39","422","10.8","4","18","3","1","0","46","13","5","107","2.7","9.8"
"","97408","57271","330662","e0eecf78-86b2-4ee8-8ac9-d7713a138765","Spencer Rattler","Saints","02","QB","57.1","0","2","0","1","0","0","0.0","0","0","0","0","0","0","0","0","0","0.0","4.0"
"","97432","54835","326093","53df5e30-d3bd-11ec-96a0-c3471a31202c","Bam Knight","Cardinals","20","HB","67.4","17","139","10","29","22","160","7.3","1","10","1","0","0","23","1","0","156","7.1","0.7"
"","97605","55920","330432","cbd73c09-da07-48b0-a0d6-f248dfa631b6","Rashee Rice","Chiefs","04","WR","77.2","56","287","133","80","55","573","10.4","5","27","6","1","0","63","17","4","430","7.8","5.0"
"","97623","57333","325187","7cc58a3b-157a-4f43-a7de-5bc403f9ce6b","Jordan Whittington","Rams","88","WR","58.3","25","256","100","27","22","242","11.0","0","9","0","0","0","23","1","0","146","6.6","6.5"
"","97630","55917","325313","7d7f1628-85a7-4633-9ffe-d82fc2761b00","Zach Charbonnet","Seahawks","26","HB","56.4","19","213","12","23","20","144","7.2","0","7","1","0","0","21","0","0","122","6.1","1.5"
"","97636","54501","326537","db1053d7-3343-43a3-9aab-8353f10f1221","Breece Hall","Jets","20","HB","75.2","29","268","11","42","37","349","9.4","1","13","2","0","0","41","1","0","328","8.9","0.7"
"","97774","55904","325608","6cf0c82d-87e4-4cfc-8475-77667ed92796","Jonathan Mingo","Cowboys","81","WR","51.5","4","43","17","5","1","25","25.0","0","1","1","0","0","2","1","0","4","4.0","15.8"
"","97790","57133","325262","f056c8ed-6ee5-492c-af11-3f7e3d97195c","Bo Nix","Broncos","10","QB","56.6","0","2","0","1","0","0","0.0","0","0","0","0","0","0","1","0","0","0.0","2.0"
"","98005","58747","330671","277f6ff0-2442-11f0-ac20-e1591f73b631","Theo Wease Jr.","Dolphins","81","WR","79.8","9","41","12","10","6","139","23.2","1","6","0","0","0","6","3","1","60","10.0","14.2"
"","98027","56062","325447","a01b7698-d67f-4b60-b2fb-4c667336b718","Elijah Higgins","Cardinals","84","TE","62.7","40","317","73","39","31","313","10.1","0","15","0","1","1","32","7","2","218","7.0","4.4"
"","98033","59004","340242","bf89ef00-2573-11f0-9c8e-d9b9894b443c","Isaiah Neyor","Packers","80","WR","56.5","0","3","1","0","0","0","0.0","0","0","0","0","0","0","0","0","0","0.0","0.0"
"","98097","57636","338935","07814d30-072a-11ef-ba75-176276cf11f0","Treyton Welch","Saints","82","TE","49.8","0","7","1","0","0","0","0.0","0","0","0","0","0","0","0","0","0","0.0","0.0"
"","98499","55907","325525","77a4fb49-3c6c-4aa1-8a21-20956e2d2240","Luke Musgrave","Packers","88","TE","57.8","28","255","76","36","25","261","10.4","0","11","2","1","0","29","5","1","78","3.1","9.7"
"","98508","57252","325188","a952a370-a43f-45ec-8371-0665f0b9551e","Jared Wiley","Chiefs","12","TE","55.9","3","12","1","1","1","4","4.0","0","1","0","0","0","1","0","0","8","8.0","-4.0"
"","98689","53549","324832","6260e78a-64e2-4f7e-9bf8-39948a17a370","Rhamondre Stevenson","Patriots","38","HB","70.3","40","366","39","54","46","473","10.3","3","17","1","1","1","48","2","1","416","9.0","3.1"
"","98692","54905","325730","7e397190-ca24-11ec-9f1c-b7114d38a85b","Jaylen Warren","Steelers","30","HB","83.6","38","232","9","44","42","342","8.1","2","13","1","0","0","43","0","0","450","10.7","-2.5"
"","99171","58874","349406","bfb346f0-2318-11f0-81b8-b7cb2fd8d89b","Josh Williams","Buccaneers","18","HB","59.7","0","1","0","0","0","0","0.0","0","0","0","0","0","0","0","0","0","0.0","0.0"
"","99197","57153","325560","0bb0c37c-e76b-4529-92b0-b026be4f7d6c","Xavier Legette","Panthers","17","WR","54","54","452","182","68","36","371","10.3","3","18","1","1","0","41","15","6","78","2.2","11.3"
"","99218","54483","326390","45763342-0208-46ab-a5d2-6c6e4ff66b66","Treylon Burks","Commanders","13","WR","64.6","17","167","76","25","11","146","13.3","1","7","0","0","0","11","7","3","36","3.3","15.9"
"","99229","54517","324960","018e8f25-54e5-44f1-967a-7ff237f1c52f","George Pickens","Cowboys","03","WR","87.2","115","661","345","145","98","1477","15.1","9","73","5","4","0","103","45","24","498","5.1","12.9"
"","99467","55980","325162","e3c414c0-be8c-4807-af9c-f91d89c83e60","Roschon Johnson","Bears","23","HB","59.9","0","1","0","0","0","0","0.0","0","0","0","0","0","0","0","0","0","0.0","0.0"
"","99595","57325","368473","d3ddb80f-6f08-4594-be42-4c2f0716f4ef","Jawhar Jordan","Texans","26","HB","74.5","6","27","1","7","7","34","4.9","0","2","0","0","0","7","0","0","41","5.9","-1.0"
"","99622","58265","349107","fc6dbb83-b2b1-4962-b793-e79b2378b525","RJ Harvey","Broncos","12","HB","69.3","61","318","26","71","58","442","7.6","5","21","5","0","0","64","1","0","458","7.9","0.8"
"","99674","56034","336415","eefb94f0-fa64-4b02-93dd-ba7a992760a3","Asim Richards","Saints","72","T","58.8","0","1","0","0","0","0","0.0","0","0","0","0","0","0","0","0","0","0.0","0.0"
"","99691","56418","328187","28c09980-e6ea-11ed-8605-b736dbb934f2","Jared Wayne","Texans","89","WR","63.2","2","15","9","2","2","20","10.0","0","1","0","0","0","2","0","0","2","1.0","9.0"
"","99697","56040","324807","02a77d8c-3b89-4a61-86a2-0c005c1e589a","Davis Allen","Rams","87","TE","56.9","31","234","69","36","26","219","8.4","3","12","2","0","0","29","5","1","139","5.3","4.6"
"","99711","56024","325925","ea3d1393-8c3b-4e81-a519-f636d28d692e","Dontayvion Wicks","Packers","13","WR","71.2","43","249","101","45","31","344","11.1","2","21","3","0","0","34","11","7","82","2.6","11.3"
"","100632","56042","324921","111be44d-7bc2-4cad-934d-c9e946293b2f","Puka Nacua","Rams","12","WR","96.2","170","599","277","206","157","2163","13.8","12","97","5","1","1","166","53","34","782","5.0","10.2"
"","100637","57355","340254","2a638f35-a80a-46db-9722-12b49d45ab52","Devaughn Vele","Saints","14","WR","74.3","34","262","101","42","27","321","11.9","2","19","0","0","0","30","13","10","38","1.4","12.2"
"","100660","57152","324835","aca4c1b8-915f-4295-92e4-05b51feee6b1","Ricky Pearsall","49ers","01","WR","73.2","44","331","148","60","36","528","14.7","0","27","1","0","0","39","12","9","78","2.2","14.3"
"","101072","57249","325240","a856dd59-ed95-471a-bfb9-fbd0566bd1a9","Ray Davis","Bills","22","HB","66","17","99","8","16","12","119","9.9","2","9","1","0","0","14","2","0","141","11.8","-0.1"
"","101106","55965","324800","9beb72c5-5a81-413c-ada3-ff4854c95cf4","Tre Tucker","Raiders","01","WR","65.7","74","618","229","97","59","746","12.6","5","32","5","0","0","66","15","5","320","5.4","10.9"
"","101130","57639","326303","ffd59710-0582-11ef-823c-c3942ac17525","Xavier Weaver","Cardinals","89","WR","49.8","12","211","92","14","8","74","9.3","0","2","1","0","0","9","3","1","22","2.8","15.5"
"","101486","57244","327788","559d5222-0403-4a14-94c7-c7bd5072c939","Cade Stover","Texans","87","TE","52.6","17","112","15","21","15","91","6.1","0","4","2","0","0","20","4","3","62","4.1","2.1"
"","101634","57221","337560","5cfd82f8-9e73-48d7-914e-9051ff52d67d","Luke McCaffrey","Commanders","11","WR","72.2","16","119","48","18","14","230","16.4","3","6","0","0","0","14","2","2","78","5.6","14.2"
"","101659","54798","326004","3fec8370-ca72-11ec-a83a-8732d3d5a7e3","Tyler Goodson","Colts","31","HB","53.3","0","23","1","3","2","8","4.0","0","0","0","0","0","2","0","0","11","5.5","-1.0"
"","101679","58503","350385","b312a490-2791-11f0-b675-0178dd6a62e2","Nick Kallerup","Seahawks","89","TE","47.6","1","10","2","1","0","0","0.0","0","0","0","0","0","0","1","0","0","0.0","7.0"
"","101680","57604","350646","4fb37ab0-0efa-11ef-842a-77fe9b74fabd","Hayden Rucci","Dolphins","87","TE","51.9","0","6","0","0","0","0","0.0","0","0","0","0","0","0","0","0","0","0.0","0.0"
"","101690","55899","326009","3059f1e5-1871-4458-9e90-9b9917874c61","Sam LaPorta","Lions","87","TE","83.2","40","254","79","45","40","489","12.2","3","23","0","0","0","41","7","7","273","6.8","5.7"
"","101694","55926","325356","94f135f7-9d54-4cbd-b560-fcaf83d414b0","Brenton Strange","Jaguars","85","TE","75.6","55","364","97","68","50","570","11.4","3","28","3","0","0","55","11","7","280","5.6","6.9"
"","101701","54477","324915","590adb00-5598-47ad-b6d4-16a6c5519847","Jameson Williams","Lions","01","WR","76.7","83","626","264","102","67","1167","17.4","7","49","9","0","0","78","11","6","485","7.2","12.7"
"","101710","57307","326531","98b9b952-b31f-47c4-9fac-9d7516af34df","Casey Washington","Falcons","82","WR","57.2","12","109","61","14","6","94","15.7","0","6","1","0","0","9","4","1","12","2.0","17.8"
"","101711","59084","326524","10e1f570-2f6d-11f0-83ff-1b0af9d7582e","Dalevon Campbell","Panthers","81","WR","54.5","0","6","2","0","0","0","0.0","0","0","0","0","0","0","0","0","0","0.0","0.0"
"","101735","54508","325050","582dfe0e-98f3-48a5-8a2d-a52baa926b05","Wan'Dale Robinson","Giants","17","WR","69.8","97","587","212","143","96","1035","10.8","4","39","3","2","1","105","26","9","401","4.2","9.2"
"","102382","58450","448335","202b8be6-40d2-49ed-b256-312ac45ec70f","Jacory Croskey-Merritt","Commanders","22","HB","52.8","6","151","9","12","10","81","8.1","0","3","0","0","0","10","1","1","79","7.9","-0.2"
"","102408","57841","327360","e6fc9a80-1168-11ef-8e6a-d7d3a1fb0861","Terrell Jennings","Patriots","26","HB","75.6","1","4","0","1","1","9","9.0","0","0","0","0","0","1","0","0","7","7.0","2.0"
"","102578","58829","339752","544fef60-250e-11f0-857f-bb5e18a396f3","Jakobie Keeney-James","Packers","84","WR","55.2","2","17","6","2","2","15","7.5","0","0","0","0","0","2","1","1","0","0.0","7.5"
"","102585","56130","309348","98b88de0-e8e5-11ed-ad77-290d92d9e505","Xavier Smith","Rams","19","WR","68.1","24","190","65","23","18","303","16.8","0","11","0","0","0","18","1","0","108","6.0","17.1"
"","102933","58876","348258","01503bc0-247e-11f0-b5b5-5dec6993a22b","Dalen Cambre","Giants","83","WR","56.8","0","6","2","0","0","0","0.0","0","0","0","0","0","0","0","0","0","0.0","0.0"
"","104034","55943","338134","3a084c5f-6b9f-4703-a0c7-1566bc4b1129","Tucker Kraft","Packers","85","TE","82.9","40","222","56","44","33","493","14.9","6","22","4","0","0","37","3","1","350","10.6","5.1"
"","104136","56252","326155","840a7940-ebaa-11ed-a11b-41cbcb1c4445","Xavier Gipson","Eagles","87","WR","59","1","4","0","2","2","6","3.0","0","0","0","0","0","2","0","0","14","7.0","-4.0"
"","104155","56075","326655","962496d4-9ffa-471b-8dd2-fc5e60fee84b","Demario Douglas","Patriots","03","WR","78.6","41","311","117","60","43","620","14.4","4","20","2","0","0","47","7","4","327","7.6","10.0"
"","104969","58788","328156","a9afb800-23ba-11f0-aa7d-833b948e6c02","Coleman Owen","Colts","09","WR","59.4","0","1","1","1","0","0","0.0","0","0","0","0","0","1","0","0","0","0.0","3.0"
"","108389","54704","285658","f3bceab4-444c-44aa-ba89-3df6bbc78eba","Rodney Thomas II","Colts","25","S","56.8","0","1","0","0","0","0","0.0","0","0","0","0","0","0","0","0","0","0.0","0.0"
"","109239","55182","301702","873860f0-cca2-11ec-9e80-cff885fdbae7","Julius Chestnut","Titans","36","HB","52.2","1","19","2","2","0","0","0.0","0","0","0","0","0","1","0","0","0","0.0","9.0"
"","109374","58378","371979","87304bcd-83f1-4e59-b9cb-6474f7e0dc01","Jackson Hawes","Bills","85","TE","81.8","18","111","28","19","16","187","11.7","3","13","1","0","0","17","3","2","92","5.8","7.2"
"","109617","57751","336627","91918b20-0572-11ef-96c1-f73e6ad39631","Mason Tipton","Saints","15","WR","54.2","8","186","65","19","12","89","7.4","0","4","0","0","0","12","3","0","46","3.8","9.6"
"","109795","52513","261713","4e14183b-f974-4745-9d7f-8f5eb2a92a7d","Adam Trautman","Broncos","82","TE","57.2","46","255","56","25","20","195","9.8","1","11","1","0","0","22","1","1","102","5.1","5.4"
"","109811","56071","336873","30c0df5e-bb77-4eee-8390-8fc13844e1c3","Andrei Iosivas","Bengals","80","WR","53.8","52","581","281","59","34","444","13.1","2","24","5","0","0","44","16","3","103","3.0","10.6"
"","109834","56254","285812","626a1dd0-ebab-11ed-bb4c-e536974648f2","E.J. Jenkins","Eagles","84","TE","59.6","0","1","0","0","0","0","0.0","0","0","0","0","0","0","0","0","0","0.0","0.0"
"","111284","56109","316293","66f7bbe1-eb89-4b48-83db-d947b04ff1fd","Jalen Brooks","Cardinals","86","WR","59.6","4","77","27","6","3","51","17.0","0","3","1","0","0","4","1","1","18","6.0","10.8"
"","111900","54698","286524","2da144c9-7845-4199-bcc1-48405c14d436","Dareke Young","Seahawks","83","WR","67.7","3","22","8","3","2","48","24.0","0","2","0","0","0","2","2","1","1","0.5","18.7"
"","115664","53068","270547","4d14a6cd-273f-4cf4-aac0-7fe041b6c650","Mason Kinsey","Titans","12","WR","60.2","3","46","16","4","2","48","24.0","0","2","0","0","0","2","1","1","3","1.5","22.5"
"","121451","56248","347702","f286b160-eba8-11ed-87ba-cb97497fad29","Jason Brownlee","Chiefs","89","WR","52.6","0","18","7","1","0","0","0.0","0","0","0","0","0","0","0","0","0","0.0","14.0"
"","121457","57585","347705","cd4c8e90-06f7-11ef-a3ab-0317e25dec4e","Frank Gore Jr.","Bills","20","HB","60.9","0","2","0","1","1","6","6.0","0","0","0","0","0","1","0","0","4","4.0","2.0"
"","121717","57286","349908","9aeb79b0-e55b-4341-8c6b-233971b667a7","Rasheen Ali","Ravens","26","HB","58.2","8","76","10","13","10","74","7.4","1","2","1","0","0","11","0","0","88","8.8","0.4"
"","121811","58333","347829","2ec24c7a-8d5d-453a-b45d-03eb27c645d0","Jaylin Lane","Commanders","83","WR","59.7","24","222","94","32","17","257","15.1","0","10","3","0","0","20","8","3","40","2.4","15.4"
"","122220","58968","347818","3ac9d7c0-2560-11f0-af22-1731557928d7","Xavier Restrepo","Titans","87","WR","70.9","5","24","9","8","5","50","10.0","0","3","0","0","0","5","2","0","22","4.4","9.4"
"","122264","59083","350505","7afbcb90-2f70-11f0-8052-89a0c8fe065f","Drake Dabney","Packers","49","TE","53.6","1","10","3","2","1","3","3.0","0","0","0","0","0","1","1","1","0","0.0","5.5"
"","122474","55876","348476","fef9457e-6497-47de-9bf2-cc3b95929375","Jahmyr Gibbs","Lions","00","HB","90.3","71","382","25","93","77","616","8.0","5","28","4","0","0","81","2","1","626","8.1","0.5"
"","122518","56070","348204","aed98af2-b228-4b74-a804-2d210bd11122","Xavier Hutchinson","Texans","19","WR","62.3","52","504","226","75","42","505","12.0","3","22","2","0","0","44","13","3","168","4.0","10.8"
"","122579","58847","362248","ee038220-24a0-11f0-a252-fd4c4ee58846","Quentin Skinner","Jets","88","WR","81.9","2","10","3","2","2","12","6.0","0","1","0","0","0","2","1","1","6","3.0","6.5"
"","122616","57174","377657","b5c717af-9116-483c-9ab3-c9db0a988ab8","Ben Sinnott","Commanders","82","TE","62.9","15","113","27","14","11","114","10.4","1","5","0","0","0","11","1","1","63","5.7","7.4"
"","122676","58260","349693","a45328a1-7d0e-451a-8176-ea30f0e1c86f","Tre Harris","Chargers","09","WR","66.6","46","326","146","46","32","344","10.8","1","20","1","0","0","35","8","6","151","4.7","9.7"
"","122730","58343","348439","bd65c350-6044-415a-8749-e70a3b8f86e2","Jordan Watkins","49ers","17","WR","60.8","2","15","7","3","2","26","13.0","0","1","1","0","0","3","1","1","1","0.5","14.3"
"","122832","55944","348144","dd227f4a-0785-482d-a28b-f231c7f3b73f","Josh Downs","Colts","02","WR","77.4","65","405","120","88","61","595","9.8","4","36","3","0","0","67","15","5","156","2.6","8.2"
"","122906","55900","348567","31f4645a-7ccb-4633-8580-2fca361beb4f","Michael Mayer","Raiders","87","TE","69.8","40","238","65","48","36","335","9.3","1","18","2","1","0","39","7","2","204","5.7","4.8"
"","122937","55928","348058","fcd780e6-6d43-4c2e-b740-59ae09911345","Marvin Mims Jr.","Broncos","19","WR","67.6","46","357","120","68","50","483","9.7","2","21","1","0","0","52","5","3","299","6.0","10.0"
"","123000","55887","348039","63fdd64e-1a23-4b77-9536-b1609f3a708c","Jordan Addison","Vikings","03","WR","61.7","46","473","206","75","42","610","14.5","3","26","7","0","0","51","13","6","135","3.2","14.8"
"","123056","56663","348720","6d616c10-f35e-11ed-b721-9b68b08a2e09","Sean Tucker","Buccaneers","44","HB","50.3","8","60","4","12","9","38","4.2","1","1","1","0","0","11","1","0","50","5.6","-0.4"
"","123068","57188","349436","5f09acba-b99f-4669-a8ea-bf2a7a7bd0fe","Brandon Coleman","Commanders","74","T","60","0","1","1","0","0","0","0.0","0","0","0","0","0","0","0","0","0","0.0","0.0"
"","123085","55885","349451","e648bc98-bc81-44d0-8d4b-b9223c497ff4","Quentin Johnston","Chargers","01","WR","66.9","65","550","286","88","55","778","14.2","8","26","4","1","1","61","24","11","238","4.3","13.6"
"","123091","55936","349454","66627686-34fe-4599-84ac-e436fd7d798a","Kendre Miller","Saints","05","HB","72.9","5","35","2","6","6","33","5.5","0","1","0","0","0","6","1","1","37","6.2","-0.7"
"","123101","58292","349466","06fb642c-b10b-4b23-966a-13668a7c4426","Savion Williams","Packers","83","WR","62.5","9","44","12","10","10","78","7.8","1","3","0","1","1","10","1","1","66","6.6","1.2"
"","123126","55872","348288","f78d68c2-f9da-48e7-b954-26b69efd828d","Bijan Robinson","Falcons","07","HB","88.1","80","460","35","102","81","832","10.3","4","34","3","1","1","85","5","3","879","10.8","0.7"
"","123133","58398","348245","8d50af87-f6dc-42cb-a7e7-11716667a1dc","Tahj Brooks","Bengals","25","HB","59.6","4","20","0","2","1","9","9.0","0","0","0","0","0","1","0","0","11","11.0","-2.0"
"","123155","58952","349140","c17f53c0-25de-11f0-b2c4-1fd68bf02b2c","Myles Price","Vikings","04","WR","55.4","0","3","1","0","0","0","0.0","0","0","0","0","0","0","0","0","0","0.0","0.0"
"","123406","58980","348736","11cb1f60-2519-11f0-8e0d-19c15eb22c2e","Ke'Shawn Williams","Bengals","12","WR","53.9","0","13","5","1","1","5","5.0","0","0","0","0","0","1","0","0","1","1.0","4.0"
"","123470","56559","348304","0ac39560-e760-11ed-ad1e-4d786886cff5","Mitchell Tinsley","Bengals","82","WR","56.7","18","156","67","24","8","116","14.5","2","6","3","0","0","12","9","3","15","1.9","16.3"
"","123552","58261","360975","7b656870-9a01-46dc-8319-662333d74463","Ozzy Trapilo","Bears","75","T","59.9","0","1","0","0","0","0","0.0","0","0","0","0","0","0","0","0","0","0.0","0.0"
"","123616","58408","349639","f4e1d4de-95e9-452e-95ab-3555989d90bb","LaJohntay Wester","Ravens","83","WR","52.2","0","27","10","0","0","0","0.0","0","0","0","0","0","0","0","0","0","0.0","0.0"
"","123709","58440","348797","ad756d40-39a0-4f5c-bbf5-f31f4c3ee0a6","Tez Johnson","Buccaneers","15","WR","64.3","42","317","125","44","28","322","11.5","5","16","2","0","0","32","6","4","107","3.8","12.3"
"","123727","57301","348804","ed923635-f021-4b76-9dbb-9f1901eeaab9","Kimani Vidal","Chargers","30","HB","61.4","21","253","19","23","18","156","8.7","1","6","0","0","0","18","0","0","186","10.3","0.5"
"","123826","56205","349023","16341d80-f01f-11ed-97df-a94b89ac5704","Keaton Mitchell","Ravens","34","HB","53.4","8","51","3","13","9","63","7.0","0","2","2","0","0","11","0","0","87","9.7","-1.2"
"","123928","58335","349216","469e4a2a-d6f0-49fc-bd82-42e88356530a","Malachi Moore","Jets","27","S","90.3","1","1","0","1","1","3","3.0","0","1","0","0","0","1","1","1","0","0.0","3.0"
"","123974","55953","349243","2034916c-8062-46e3-8d0c-d0dec694e2d1","Tank Bigsby","Eagles","37","HB","46.3","4","55","2","4","3","32","10.7","0","1","1","0","0","4","0","0","39","13.0","-1.5"
"","124030","57155","361947","473bc7e5-c393-4f21-9e49-3ffc16711238","Ladd McConkey","Chargers","15","WR","68","87","635","284","111","71","836","11.8","6","37","4","0","0","78","14","3","324","4.6","10.7"
"","124039","58315","351005","8c7c7f4c-f8cc-4e02-aa0f-f794a1afd6ae","Arian Smith","Jets","82","WR","48.8","14","257","83","16","8","61","7.6","0","4","0","0","0","9","6","1","40","5.0","13.7"
"","124044","55958","349091","1984b8b5-d206-4d6a-8204-c5dd0160e9f5","Darnell Washington","Steelers","80","TE","65.1","45","224","57","46","32","366","11.4","1","16","4","2","1","38","7","3","228","7.1","5.2"
"","124087","56052","349396","9c054866-5e6c-460b-9af3-ebf91e7d0a3e","Kayshon Boutte","Patriots","09","WR","71.7","65","521","293","71","44","732","16.6","7","33","1","0","0","47","15","7","93","2.1","17.4"
"","124173","56220","349412","c0fccfb0-e907-11ed-8194-c7505aa5766b","Malik Heath","Packers","18","WR","61","14","105","40","7","6","86","14.3","0","4","1","0","0","7","1","1","29","4.8","9.3"
"","124179","58321","349415","b900661b-b5df-47c8-819d-bb13b106a60b","Woody Marks","Texans","27","HB","59.1","28","304","18","41","27","235","8.7","3","8","1","0","0","32","5","0","253","9.4","2.1"
"","124281","58593","349039","b60ec2f0-2ac5-11f0-b8db-bf17bad874d7","Jimmy Holiday","Chiefs","82","WR","59.8","0","1","1","0","0","0","0.0","0","0","0","0","0","0","0","0","0","0.0","0.0"
"","124282","55938","349040","e5f9d339-a89f-4e47-9a84-b89f14550c05","Jalin Hyatt","Giants","13","WR","47.3","10","118","39","15","5","35","7.0","0","2","1","0","0","6","5","1","2","0.4","20.6"
"","124305","55949","349294","a4ef921b-8767-4b4f-a651-7675c00f9af0","De'Von Achane","Dolphins","28","HB","74.9","67","395","22","88","70","529","7.6","4","23","4","0","0","76","7","2","602","8.6","0.5"
"","125155","58284","366996","c4bab22e-a89a-41f6-b03a-07073a72f41b","Jaylin Noel","Texans","14","WR","69","26","221","81","37","26","292","11.2","2","13","1","0","0","28","3","1","100","3.9","10.9"
"","128232","58371","350584","66dd47a3-fb5d-434f-a580-b2069e2904f8","Tory Horton","Seahawks","15","WR","69.1","21","148","69","25","15","178","11.9","5","7","0","0","0","16","7","2","36","2.4","16.7"
"","128374","58274","350804","3aa9330e-5201-4e99-ba55-0102f76bfe05","Kyle Williams","Patriots","18","WR","58.5","21","239","140","30","12","223","18.6","3","8","2","0","0","16","8","1","78","6.5","20.0"
"","129423","57203","350636","44767e85-080f-4212-b2f2-cba160c81a9f","Tip Reiman","Cardinals","87","TE","44.4","4","38","9","5","3","18","6.0","0","1","1","0","0","4","2","0","9","3.0","4.8"
"","129433","57242","350253","e96127b4-d381-43d4-b0ae-8790c706756f","AJ Barner","Seahawks","88","TE","72.7","59","460","114","74","60","596","9.9","7","31","2","3","0","63","9","6","308","5.1","5.6"
"","129574","57204","350298","93ba1da2-3679-4ddc-9687-0802349f9ee2","Blake Corum","Rams","22","HB","36.9","14","157","10","19","13","73","5.6","0","3","3","0","0","16","0","0","64","4.9","1.6"
"","129590","58393","350331","9983d47b-c955-4546-882f-4bd2a2a5ad42","Kalel Mullings","Titans","31","HB","57","0","3","0","0","0","0","0.0","0","0","0","0","0","0","0","0","0","0.0","0.0"
"","129604","57205","350358","43563ab6-46b9-44d3-aaf2-bc1eb4d1f8d1","Roman Wilson","Steelers","10","WR","58.7","12","164","80","21","13","179","13.8","2","7","0","1","1","13","4","1","67","5.2","13.8"
"","129746","58823","359820","4c94b640-2322-11f0-b7ba-bd45e49b4e1c","Josh Fryar","Cardinals","78","T","53.4","1","3","1","0","0","0","0.0","0","0","0","0","0","0","0","0","0","0.0","0.0"
"","129758","55884","350245","6215db71-1e13-4c62-8f14-2005d33dee47","Jaxon Smith-Njigba","Seahawks","11","WR","93.2","157","614","297","194","136","1992","14.7","12","90","4","3","1","144","37","17","596","4.4","12.0"
"","129764","56055","350250","7cac36f0-0048-422e-930a-a9800037181a","Luke Wypler","Browns","56","C","54.9","0","2","0","0","0","0","0.0","0","0","0","0","0","0","0","0","0","0.0","0.0"
"","129787","57228","351111","a5d4bb1d-c130-47c2-808a-2dd1f85005fb","Theo Johnson","Giants","84","TE","62","67","463","163","78","46","543","11.8","5","24","8","0","0","57","21","12","195","4.2","9.6"
"","129789","58363","350271","2f6580d2-6f19-4a03-99e8-4dbd9ebf2a73","KeAndre Lambert-Smith","Chargers","84","WR","58.6","8","79","46","13","5","51","10.2","1","3","1","0","0","6","1","1","21","4.2","19.6"
"","129798","58216","351638","c8fe3913-1210-4142-b9c1-c119ef702ca5","Tyler Warren","Colts","84","TE","72","89","535","165","113","79","843","10.7","4","42","5","0","0","85","25","10","502","6.3","6.0"
"","129799","56050","350276","c05863ec-3414-4ae6-a8d2-830aed99b6d3","Parker Washington","Jaguars","11","WR","85.1","81","469","187","108","69","996","14.4","6","42","6","0","0","75","32","19","316","4.6","13.0"
"","129891","58438","351360","6edec23b-f938-40f7-a151-1db5374880dd","Kyle Monangai","Bears","25","HB","44.4","24","271","14","37","24","223","9.3","0","10","4","0","0","28","2","0","235","9.8","0.1"
"","129918","58308","350641","1e95c7fc-ecf7-4fcb-82d8-d77e2b6872d5","Chimere Dike","Titans","17","WR","65.1","63","441","139","80","52","452","8.7","4","20","2","0","0","54","3","1","239","4.6","8.5"
"","130493","58691","351214","eef59fe0-2317-11f0-9f5e-95c7a639db29","Adin Huntington","Browns","98","DI","60","1","1","0","0","0","0","0.0","0","0","0","0","0","0","0","0","0","0.0","0.0"
"","131633","54556","350983","4d3f2f57-215c-4cb4-bf75-a7ecdcdded70","Rachaad White","Buccaneers","01","HB","67.1","38","328","26","46","43","249","5.8","0","10","0","0","0","43","0","0","368","8.6","-2.1"
"","131705","57187","362852","0c1253f2-1822-445d-8590-fea6fd32703f","Trey Benson","Cardinals","33","HB","62.7","12","77","5","14","13","64","4.9","0","2","0","0","0","13","0","0","72","5.5","0.3"
"","131786","58955","351143","1f3d48b0-2629-11f0-9dca-47cf7c5385b0","Benjamin Yurosek","Vikings","85","TE","56","2","25","9","3","2","14","7.0","0","1","0","0","0","2","0","0","8","4.0","4.0"
"","131905","57213","351407","c2b25795-8c63-425a-8790-f6d626dbf0d3","Jalen McMillan","Buccaneers","11","WR","67.5","16","86","21","15","12","178","14.8","0","8","2","0","0","14","2","2","58","4.8","11.8"
"","134552","57772","311444","8e6c6eb0-0725-11ef-b490-715b3492492e","Cam Grandy","Bengals","85","TE","28.2","2","5","1","2","2","7","3.5","0","0","0","1","0","2","0","0","13","6.5","-3.0"
"","136866","58469","353003","2aa4ddb0-2775-11f0-9d31-3b5afe6c6d5f","Darius Cooper","Eagles","80","WR","64.6","17","115","42","13","10","101","10.1","0","7","0","0","0","10","2","1","24","2.4","10.3"
"","138299","57294","352642","849789be-b8f0-4d97-a777-2fcf336efa6a","Isaiah Davis","Jets","32","HB","72","19","165","5","29","23","193","8.4","0","8","1","0","0","25","4","2","201","8.7","1.1"
"","138346","56513","303996","60b4ded0-f321-11ed-ab27-e38fa04fd6c0","Jaleel McLaughlin","Broncos","38","HB","40.9","6","41","0","7","5","29","5.8","0","2","2","0","0","7","0","0","48","9.6","-3.3"
"","138351","54657","266184","59f460a8-b5af-40e6-840c-429762b278b3","Andrew Ogletree","Colts","85","TE","55.5","4","59","6","7","4","27","6.8","1","2","0","0","0","5","2","1","8","2.0","9.1"
"","141521","59023","352880","6704a490-2534-11f0-a084-3df705a62310","Efton Chism III","Patriots","86","WR","73.2","4","44","24","5","4","95","23.8","1","4","0","0","0","4","1","1","44","11.0","14.8"
"","143066","58400","354742","dc9f346f-cb89-4c68-b6f8-ab7f0e971224","Luke Newman","Bears","65","G","60","0","1","1","0","0","0","0.0","0","0","0","0","0","0","0","0","0","0.0","0.0"
"","143068","57606","356720","67977ab0-070b-11ef-978d-05d80704d329","Jalen Coker","Panthers","18","WR","75.3","46","346","153","59","43","530","12.3","4","27","1","1","1","44","11","9","149","3.5","11.0"
"","143786","53739","0","0cafaac9-20fb-4e5a-9362-158d8a4e7904","Shane Zylstra","Lions","84","TE","49.7","3","85","20","5","3","20","6.7","0","1","0","0","0","3","2","2","2","0.7","8.2"
"","143933","58255","361648","98bc7c8c-e6e4-4694-a0ef-d3f25274223e","Elijah Arroyo","Seahawks","18","TE","51.8","23","176","64","26","15","179","11.9","1","7","0","1","1","16","7","4","66","4.4","9.3"
"","143951","58433","361655","3170164a-1718-4a39-9ef2-e18104e35fef","Brashard Smith","Chiefs","24","HB","76.4","20","112","10","33","25","172","6.9","1","7","2","0","0","27","0","0","236","9.4","-1.4"
"","143969","57124","362390","d0c0630e-8925-4b81-a32b-e4146d95f01f","Drake Maye","Patriots","10","QB","60","0","1","0","1","0","0","0.0","0","0","0","0","0","0","0","0","0","0.0","11.0"
"","144046","58370","362658","6af50530-145a-4b34-946d-ce1a7f7d3166","Oronde Gadsden II","Chargers","86","TE","71.1","57","442","168","76","54","715","13.2","3","30","6","1","1","61","13","9","235","4.3","9.4"
"","144112","58877","368319","24597d60-247a-11f0-8324-3170fad3f2ab","Beaux Collins","Giants","81","WR","50.3","5","56","20","7","2","25","12.5","0","1","0","0","0","2","1","0","7","3.5","16.4"
"","144123","58444","367025","54b97d06-1639-46a3-9dcc-67320687281d","Phil Mafah","Cowboys","37","HB","79.9","1","3","0","2","2","11","5.5","0","1","0","0","0","2","0","0","22","11.0","-5.5"
"","144138","57248","361794","796e223d-e8d5-42ab-afb4-557fa6183357","Will Shipley","Eagles","28","HB","63.1","11","83","7","11","10","62","6.2","0","2","1","0","0","11","0","0","67","6.7","-0.1"
"","144483","58413","360225","f15872a6-7bc1-41e4-a2cd-0a2fbc432bf7","Jimmy Horn Jr.","Panthers","15","WR","60","14","102","27","16","12","108","9.0","0","4","2","0","0","14","0","0","75","6.3","7.1"
"","144558","58389","368897","4ef874c1-50c3-4120-9199-0d5a4ae7c6dd","Devin Neal","Saints","24","HB","58.8","13","147","4","20","18","104","5.8","0","4","1","0","0","19","2","1","139","7.7","-2.0"
"","144595","58356","362450","73ffa6e6-7fb3-4f34-a856-38bfd62cca15","DJ Giddens","Colts","21","HB","30.4","1","24","1","2","0","0","0.0","0","0","1","0","0","1","0","0","0","0.0","-3.0"
"","144622","57122","362088","49d4b627-3f19-49a8-ae33-f539e0fb1f88","Caleb Williams","Bears","18","QB","89.3","2","4","0","2","2","22","11.0","1","2","0","0","0","2","0","0","25","12.5","-1.0"
"","144717","57222","362615","ffd2ff3f-4b56-4232-be8e-bf163c29f406","Ja'Tavion Sanders","Panthers","00","TE","50.2","24","242","89","37","29","190","6.5","1","8","3","0","0","34","3","1","85","2.9","6.3"
"","144718","57149","367525","52e049b1-0a7a-4e7f-9866-d2848e9cc478","Xavier Worthy","Chiefs","01","WR","66.3","56","455","214","80","45","541","12.0","1","22","2","0","0","48","11","4","219","4.9","13.3"
"","144726","58325","363779","beb69cba-f240-43ed-88d3-50d066cf55d4","Gunnar Helm","Titans","84","TE","69.3","42","253","59","55","44","357","8.1","2","17","3","0","0","50","14","9","164","3.7","5.8"
"","144800","58279","368432","2858209e-4aa7-4539-9901-99a4d881229c","Pat Bryant","Broncos","13","WR","66.6","50","333","125","54","37","428","11.6","1","25","3","0","0","42","16","10","167","4.5","9.4"
"","144886","58307","378659","1eeea030-3313-4aab-b33c-9f836710354a","Tai Felton","Vikings","13","WR","59.3","4","23","8","5","3","25","8.3","0","2","1","0","0","4","1","0","14","4.7","10.0"
"","144888","59026","361772","e98ccf30-2531-11f0-b18c-b9f05412231c","CJ Dippre","Patriots","82","TE","51.8","0","5","0","0","0","0","0.0","0","0","0","0","0","0","0","0","0","0.0","0.0"
"","144918","57131","361859","587cc3c3-aeda-4ac7-8803-a7e4db195534","J.J. McCarthy","Vikings","09","QB","60","1","1","0","0","0","0","0.0","0","0","0","0","0","0","0","0","0","0.0","0.0"
"","144949","57154","361976","6752915f-efe5-473d-a520-78cadfab6dda","Keon Coleman","Bills","00","WR","64","60","377","195","72","42","468","11.1","5","26","5","1","1","49","19","6","111","2.6","12.3"
"","144970","57246","359801","c5249c6f-bd1b-4352-8228-de2bd499ca0d","Bucky Irving","Buccaneers","07","HB","68.2","35","204","4","38","34","283","8.3","3","11","2","0","0","36","4","2","380","11.2","-2.2"
"","144997","58424","361606","0e21445d-6318-43ce-ba78-310ee648b602","Thomas Fidone II","Giants","86","TE","51.2","0","11","1","0","0","0","0.0","0","0","0","0","0","0","0","0","0","0.0","0.0"
"","145055","58221","359810","00cea287-1fa0-4584-803f-59f546ef8722","Emeka Egbuka","Buccaneers","02","WR","68.5","84","581","272","134","67","974","14.5","6","34","8","0","0","78","28","8","343","5.1","13.2"
"","145056","57125","359824","e8da21a8-796d-48a2-b644-57d08983ae01","Marvin Harrison Jr.","Cardinals","18","WR","67.6","56","412","222","79","42","610","14.5","4","30","5","0","0","50","24","10","118","2.8","14.5"
"","145059","58243","359827","0d9788e6-03ee-416d-8ba2-deb57037d209","TreVeyon Henderson","Patriots","32","HB","58.3","32","289","16","47","40","254","6.3","1","8","2","0","0","43","1","0","285","7.1","0.1"
"","145113","58359","385030","ad2c13a0-d062-4c5a-a54e-065be6e9b0d7","Marcus Mbow","Giants","71","T","59.6","0","1","0","0","0","0","0.0","0","0","0","0","0","0","0","0","0","0.0","0.0"
"","145159","57255","361682","d7f72deb-c1e2-47a2-b651-887f0e33dc44","Braelon Allen","Jets","00","HB","41.9","2","22","3","3","2","17","8.5","0","1","1","0","0","3","0","0","9","4.5","2.7"
"","145197","54923","286750","faaf7f80-d307-11ec-8b77-45b1765fd110","Zaire Mitchell-Paden","Saints","84","TE","73.4","3","12","2","3","2","17","8.5","0","1","0","0","0","2","2","1","5","2.5","6.7"
"","145443","57311","360413","99345c7e-a544-477c-8b57-a4a2b8bcce27","Tejhaun Palmer","Cardinals","83","WR","59.8","0","1","1","0","0","0","0.0","0","0","0","0","0","0","0","0","0","0.0","0.0"
"","145598","58447","360774","ccb6d700-ac74-4f6b-9f86-d1aa74d0c318","Konata Mumpfield","Rams","15","WR","54.8","21","229","119","29","13","114","8.8","1","8","0","0","0","13","7","1","40","3.1","13.1"
"","145773","57234","362749","b5d1ed29-c72a-45ff-ae60-337e13728b2f","Devontez Walker","Ravens","81","WR","77.6","9","67","34","8","6","136","22.7","3","5","0","0","0","6","1","0","23","3.8","27.0"
"","146291","58799","372715","839e8540-2308-11f0-aa64-8d9c47758cf0","Keleki Latu","Bills","83","TE","65.3","4","39","10","4","4","35","8.8","0","3","0","0","0","4","1","1","24","6.0","2.8"
"","146409","58227","361994","53848cba-bcad-4cd0-bb35-0a1f6ed111d1","Jaxson Dart","Giants","06","QB","60","0","2","0","0","0","0","0.0","0","0","0","0","0","0","0","0","0","0.0","0.0"
"","146547","58313","362153","483606b2-c0c9-4da2-8fcf-73d2615756c7","Dont'e Thornton Jr.","Raiders","10","WR","52.7","25","267","141","33","12","160","13.3","0","7","2","0","0","14","16","3","39","3.3","18.0"
"","146561","58453","362140","140c137e-69f7-40a9-a92c-42e331b04109","Moliki Matavao","Saints","80","TE","50.1","1","24","6","2","2","10","5.0","0","0","0","0","0","2","0","0","5","2.5","2.5"
"","146563","58251","362130","fdfc7b8e-a202-4459-91f8-be6e053e5d29","Terrance Ferguson","Rams","18","TE","61.2","28","218","119","35","13","251","19.3","3","10","1","0","0","14","9","1","41","3.1","16.9"
"","146567","57223","362134","765dffd8-8112-4078-86a1-924ccebf1069","Troy Franklin","Broncos","11","WR","63.6","77","528","198","108","69","739","10.7","6","32","9","1","1","80","18","9","299","4.3","12.8"
"","146587","58751","361664","0ed739f0-29de-11f0-9cc3-6301091945e0","Ja'Corey Brooks","Commanders","88","WR","57.1","0","3","1","0","0","0","0.0","0","0","0","0","0","0","0","0","0","0.0","0.0"
"","146594","58380","370538","fc472cd5-1a00-4bd9-ab41-6eb7e50f0d21","Robbie Ouzts","Seahawks","40","FB","36.7","2","39","8","1","0","0","0.0","0","0","1","0","0","1","0","0","0","0.0","0.0"
"","146626","58911","361761","09b7c5d0-23ca-11f0-97f8-1902f784caec","Raheim Sanders","Browns","35","HB","74","2","20","1","4","3","21","7.0","0","0","0","0","0","3","0","0","13","4.3","2.8"
"","146712","57173","361953","190dbc97-2b7c-4023-b6b0-5729b854b60b","Adonai Mitchell","Jets","15","WR","59.9","45","323","140","73","33","453","13.7","2","15","6","1","1","40","12","5","87","2.6","15.8"
"","146715","57134","361925","ad9fc7e3-0a6d-4e41-84c2-cf43b71aee13","Brock Bowers","Raiders","89","TE","82.2","71","423","148","89","66","690","10.4","7","36","4","0","0","71","24","15","302","4.6","7.5"
"","146759","57127","367812","55ef2022-50c2-465b-839e-c0f4c9e7c55c","Malik Nabers","Giants","01","WR","71.4","20","145","78","34","18","271","15.1","2","11","2","0","0","20","9","3","51","2.8","19.1"
"","146760","57144","363185","271a233e-68b3-4261-a3aa-7667eaf9d3cc","Brian Thomas Jr.","Jaguars","07","WR","66.6","82","532","292","97","52","800","15.4","3","35","8","0","0","68","33","12","180","3.5","15.3"
"","146771","58263","362543","01079767-a3a3-437d-b935-ea0ecb1fe68b","Jack Bech","Raiders","18","WR","61.2","25","207","108","30","20","224","11.2","0","11","1","0","0","21","9","5","68","3.4","9.3"
"","146934","57241","361638","ba9e1390-028b-47c9-8710-84cee3fa25de","Jaylen Wright","Dolphins","05","HB","39.5","4","43","2","8","5","44","8.8","0","2","2","0","0","7","1","0","59","11.8","-3.3"
"","147476","57268","366797","3b86dd7c-0b21-448d-a662-5675e87fd0da","Audric Estime","Saints","30","HB","69.2","12","102","0","13","12","103","8.6","0","3","0","0","0","12","0","0","108","9.0","-0.1"
"","147486","58368","362995","788b494d-d624-46ae-a956-81bd10f6a044","Mitchell Evans","Panthers","84","TE","64.8","20","151","38","22","19","171","9.0","2","9","1","0","0","20","0","0","107","5.6","4.0"
"","147787","58310","367806","e1f0c72d-f4d0-4c24-93a4-8a12b9a2efd2","Cam Skattebo","Giants","44","HB","82.7","27","143","7","30","24","207","8.6","2","11","1","0","0","25","2","0","207","8.6","0.3"
"","148220","58484","361743","9ec3d420-250a-11f0-aaad-b190600d09cf","Amar Johnson","Chargers","34","HB","58.5","0","2","0","0","0","0","0.0","0","0","0","0","0","0","0","0","0","0.0","0.0"
"","148361","58828","366838","9c616fe0-2617-11f0-99ad-71dad835e87c","Zach Horton","Lions","40","TE","60","1","1","0","0","0","0","0.0","0","0","0","0","0","0","0","0","0","0.0","0.0"
"","150169","58695","363295","a514f5d0-260d-11f0-81c1-eb0abefb169c","Gage Larvadain","Browns","84","WR","52.3","11","136","43","14","7","71","10.1","0","3","2","0","0","9","2","0","30","4.3","8.1"
"","150240","58239","368750","f55444a9-ccad-4343-bb03-caca6ea3de99","Jayden Higgins","Texans","81","WR","71.9","64","454","246","85","51","649","12.7","6","33","1","0","0","57","20","8","136","2.7","12.8"
"","150568","58309","363250","26d4b13e-a555-4519-9356-cd16c65384e7","Bhayshul Tuten","Jaguars","33","HB","59.1","10","99","4","14","11","80","7.3","2","3","0","0","0","12","3","1","83","7.5","0.2"
"","154173","56516","329033","05266280-f323-11ed-bd27-0bcbcaae8d67","Emanuel Wilson","Packers","23","HB","37","19","147","8","20","16","101","6.3","0","5","2","1","0","18","0","0","136","8.5","-2.1"
"","156165","58225","386665","d1963360-c011-4764-9a36-9e627073f68f","Matthew Golden","Packers","00","WR","72.7","39","309","114","48","33","445","13.5","1","20","1","0","0","34","8","4","146","4.4","14.0"
"","156419","58288","386314","9738de9a-7626-460f-a786-28433ef70a1f","Kaleb Johnson","Steelers","20","HB","38.9","2","16","0","2","1","9","9.0","0","0","1","0","0","2","0","0","14","14.0","-4.0"
"","157122","58247","388806","07d2be51-73c2-4f26-81d5-bc6e9b88bff2","Mason Taylor","Jets","85","TE","60","49","374","86","65","45","371","8.2","1","23","5","0","0","51","15","12","136","3.0","5.9"
"","157128","58241","385908","268c6ae2-278b-49f8-b7cd-b367944412f3","Quinshon Judkins","Browns","10","HB","64.2","28","169","8","36","28","177","6.3","0","7","1","0","0","32","5","3","193","6.9","-0.4"
"","157170","58244","386146","a4c21977-c9d1-40f8-abee-0862dfab9195","Luther Burden III","Bears","10","WR","77.7","55","321","121","74","53","718","13.6","2","30","6","0","0","59","2","0","383","7.2","8.7"
"","157196","58208","387238","320fc4b7-76c7-43af-bbfd-1a22ba8f78cb","Ashton Jeanty","Raiders","02","HB","66.7","57","378","15","68","55","346","6.3","5","13","4","1","0","60","4","0","461","8.4","-1.6"
"","157263","58341","406571","6c773a16-1a93-4845-a519-d56c85e0090f","Elic Ayomanor","Titans","05","WR","63.4","80","533","241","90","41","515","12.6","4","30","4","0","0","52","25","13","121","3.0","12.8"
"","157303","58354","387196","f5e6eb8e-2c76-4bf9-b47f-57c62659341d","Jaydon Blue","Cowboys","23","HB","52.5","0","25","1","1","1","5","5.0","0","0","0","0","0","1","0","0","10","10.0","-5.0"
"","157518","58753","387005","8f191b60-2628-11f0-a704-37f5177ae09e","Jacoby Jones","Commanders","84","WR","88.1","1","3","0","1","1","25","25.0","0","1","0","0","0","1","0","0","22","22.0","3.0"
"","157730","58319","386980","39e2d13c-0fb7-465f-ad8b-0b4bb73e1124","Trevor Etienne","Panthers","23","HB","54.1","2","22","3","3","3","13","4.3","0","1","0","0","0","3","0","0","11","3.7","0.7"
"","157792","58384","386007","42753bb4-a416-4d40-bf81-f20d2181be2f","Ollie Gordon II","Dolphins","31","HB","53","11","96","0","9","7","32","4.6","1","1","0","0","0","7","0","0","55","7.9","-2.4"
"","158290","58441","385903","14aedd06-41a6-41db-8c5e-05483f91570d","LeQuint Allen","Jaguars","36","HB","50.2","6","163","21","13","11","63","5.7","0","0","0","0","0","11","0","0","72","6.5","-0.5"
"","158540","58212","386481","62cd2cd5-8b40-4ee6-bfb8-0083edd105a2","Colston Loveland","Bears","84","TE","86.2","83","484","161","111","73","927","12.7","6","44","2","0","0","79","23","9","320","4.4","9.8"
"","158735","58210","386384","874de000-586c-4999-ac12-02766563e200","Tetairoa McMillan","Panthers","04","WR","79.2","106","633","329","135","77","1143","14.8","7","60","8","1","1","91","27","9","298","3.9","12.6"
"","159617","57336","340747","ebf6bc25-5e74-4588-86d6-5dadba3f9bcd","Ryan Flournoy","Cowboys","19","WR","78.8","42","292","107","56","42","503","12.0","4","29","1","0","0","45","12","5","218","5.2","10.1"
"","160766","58204","392018","4a975d4c-d7cd-45ef-b258-db45187140eb","Travis Hunter","Jaguars","12","WR","62.7","26","238","64","45","29","299","10.3","1","12","2","1","0","31","8","4","143","4.9","8.1"
"","162750","58224","385612","3e1b7908-79ee-4a23-97b9-5190725a2e5e","Omarion Hampton","Chargers","08","HB","67.7","33","195","8","35","33","192","5.8","1","7","0","1","0","33","4","3","252","7.6","-1.6"
"","163104","58272","389066","8bdf2df7-b51c-4404-b153-8dc62b1e0845","Harold Fannin Jr.","Browns","44","TE","76.4","88","465","158","109","76","764","10.1","6","32","5","0","0","83","23","11","379","5.0","6.0"
"","163295","58352","386764","c16040c3-7534-4eeb-956c-8ed3be9972ec","Jordan James","49ers","29","HB","58.3","0","6","0","1","1","7","7.0","0","1","0","0","0","1","0","0","4","4.0","3.0"
"","163442","58338","385496","0ef78810-a38b-4444-b3b9-fb8b293c567d","Jalen Royals","Chiefs","11","WR","52.5","3","38","18","3","2","4","2.0","0","0","0","0","0","2","1","1","4","2.0","7.0"
"","163586","59278","386930","6ceb1330-795d-11f0-aadf-fbc926339e02","Isaiah Bond","Browns","16","WR","57.3","30","367","130","44","19","344","18.1","0","12","1","0","0","22","12","6","95","5.0","16.4"
"","163772","58331","386097","6ea71d26-623a-4178-a93a-215678244902","Dylan Sampson","Browns","22","HB","80.6","31","155","8","35","33","271","8.2","2","8","1","1","1","34","0","0","324","9.8","-1.3"
"","163839","58211","387195","09d0e95b-d1b4-4068-9074-db8a06d1dd12","Kelvin Banks Jr.","Saints","71","T","59.8","0","1","0","0","0","0","0.0","0","0","0","0","0","0","0","0","0","0.0","0.0"
"","165866","57709","355762","94c41960-0712-11ef-b01e-875e1e5d6ffb","Kameron Johnson","Buccaneers","19","WR","55.8","5","44","22","6","4","64","16.0","1","3","1","0","0","5","0","0","19","4.8","11.7"
"","169632","57573","400664","869c1100-07d8-11ef-8879-2d52fbcc0113","Theo Benedet","Bears","79","T","30.2","1","6","0","1","0","0","0.0","0","0","1","0","0","1","0","0","0","0.0","4.0"
"","172430","58275","357686","41e5e4a9-f04c-462e-a1d1-e35a8115b974","Isaac TeSlaa","Lions","18","WR","63.3","24","311","123","28","16","239","14.9","6","14","0","0","0","17","9","5","55","3.4","15.4"
"","175944","58713","382826","46352a70-25f5-11f0-83f2-77ca9eeac893","Jahdae Walker","Bears","20","WR","66.7","8","67","32","10","6","87","14.5","2","4","1","0","0","7","1","0","9","1.5","14.2"
"","177002","58933","372061","a4af6950-2625-11f0-be8a-29068ea3d60c","Carter Runyon","Raiders","46","TE","54.6","1","8","4","1","1","3","3.0","0","0","0","0","0","1","0","0","6","6.0","-3.0"